reference,topic,model,svris_status,svris_reference,field_title,field_authors,field_year,field_venue,field_id,candidate_title,candidate_authors,candidate_year,candidate_venue,candidate_doi,candidate_url,candidate_source,candidate_matches,candidate_contradictions,candidate_contains,candidate_absent,candidate_unconfirmed,cmp_title_citation,cmp_title_candidate,cmp_authors_citation,cmp_authors_candidate,cmp_year_citation,cmp_year_candidate,cmp_venue_citation,cmp_venue_candidate,cmp_id_citation,cmp_id_candidate,match_set_size,contained_set_size,total_candidates,sources_queried,processing_time_ms,svris_message,score,error_distance
"Adegoke, A. S., & Ojo, S. O. (2012). Biometric technology and voter authentication: The Nigerian experience. *International Journal of Computer Science and Information Technology & Security*, 2(4), 828–835.",Biometric voter registration,deepseek_v4_pro_1600b_a49b,unverified,Reference could not be verified.,UNCONFIRMED,UNCONFIRMED,UNCONFIRMED,UNCONFIRMED,UNCONFIRMED,,,,,,,,,,,,,,,,,,,,,,,0,0,0,,0,"? Title | ? Authors | ? Year | ? Venue | ? ID

### Summary
No matching article could be found for the reference by Adegoke and Ojo (2012) titled ""Biometric technology and voter authentication: The Nigerian experience"" in the International Journal of Computer Science and Information Technology & Security.

### Details
A search in OpenAlex returned no matching records for this article. Additionally, a Google search did not reveal any exact matches for the title, authors, or publication details. The search results included related topics on biometric voter authentication in Nigeria but none corresponded directly to the cited article. This lack of evidence supports the conclusion that the reference could not be verified.

- [OpenAlex](https://openalex.org)
- [Google Search Results](https://www.google.com/search?q=Biometric+technology+and+voter+authentication+The+Nigerian+experience+Adegoke+Ojo+2012)",0.0,1.0
"Amoah, B., & Adu-Gyamfi, S. (2020). Biometric voter registration and election credibility in Ghana: Prospects and challenges. *Journal of African Elections*, 19(1), 93–115.",Biometric voter registration,deepseek_v4_pro_1600b_a49b,unverified,Reference could not be verified.,CONTRADICTION,CONTRADICTION,CONTAINS,MATCH,ABSENT,"Biometric election technology, voter experience and turnout in Ghana",S Adams; W Asante,2019,Journal of African Elections,,https://journals.co.za/doi/pdf/10.20940/JAE/2019/v18i1a3,GOOGLE,1,2,1,1,0,Biometric voter registration and election credibility in Ghana: Prospects and challenges,"Biometric election technology, voter experience and turnout in Ghana","Amoah, B.; Adu-Gyamfi, S.",S Adams; W Asante,2020,2019,Journal of African Elections,Journal of African Elections,,https://journals.co.za/doi/pdf/10.20940/JAE/2019/v18i1a3,0,0,3,GOOGLE,0,"✗ Title | ✗ Authors | ◐ Year | ✓ Venue | ○ ID

### Summary
No matching article could be found for the reference by Amoah and Adu-Gyamfi (2020) in the Journal of African Elections. The title and authors differ significantly from the closest found article, which has a different focus and author list.

### Details
A search found a similar article titled ""Biometric election technology, voter experience and turnout in Ghana"" by Adams and Asante (2019) in the Journal of African Elections. However, this differs in both title and authors from the cited reference. The year is close but not exact, and no unique identifier was available to confirm a match. The journal name matches exactly, but the content and authorship contradictions indicate these are different works.

- https://journals.co.za/doi/pdf/10.20940/JAE/2019/v18i1a3",0.0,1.0
"Ashok, A., & Karthik, R. (2019). Aadhaar-based biometric authentication for secure online voting system. *International Journal of Recent Technology and Engineering*, 8(2), 2277–2282.",Biometric voter registration,deepseek_v4_pro_1600b_a49b,needs-human,Harsh Firake *Biometric Authentication for Voter Verification – An Aadhaar-Linked Multi-Modal Approach for Secure and Transparent Elections*. *IJERT*. https://www.ijert.org/biometric-authentication-for-voter-verification-an-aadhaar-linked-multi-modal-approach-for-secure-and-transparent-elections-ijertconv14is020054,CONTAINS,CONTRADICTION,UNCONFIRMED,MATCH,ABSENT,Biometric Authentication for Voter Verification – An Aadhaar-Linked Multi-Modal Approach for Secure and Transparent Elections,Harsh Firake,,IJERT,,https://www.ijert.org/biometric-authentication-for-voter-verification-an-aadhaar-linked-multi-modal-approach-for-secure-and-transparent-elections-ijertconv14is020054,GOOGLE,1,1,1,1,1,Aadhaar-based biometric authentication for secure online voting system,Biometric Authentication for Voter Verification – An Aadhaar-Linked Multi-Modal Approach for Secure and Transparent Elections,"Ashok, A.; Karthik, R.",Harsh Firake,2019,,International Journal of Recent Technology and Engineering,IJERT,,https://www.ijert.org/biometric-authentication-for-voter-verification-an-aadhaar-linked-multi-modal-approach-for-secure-and-transparent-elections-ijertconv14is020054,0,0,3,GOOGLE,1,"◐ Title | ✗ Authors | ? Year | ✓ Venue | ○ ID

### Summary
The reference could not be fully verified because the authors listed in the citation do not match those found in the closest potential match. While the journal name and the topic of Aadhaar-based biometric authentication for voting align, the author names differ, and the publication year could not be confirmed.

### Details
A matching article was found in the International Journal of Recent Technology and Engineering (IJERT) with a similar title about Aadhaar-linked biometric authentication for secure elections. However, the authors of this article are different from those cited: the citation lists Ashok, A. and Karthik, R., while the found article is authored by Harsh Firake. The year 2019 from the citation could not be confirmed in the found record. No DOI or other identifier was available to conclusively link the two. This discrepancy in authorship and missing year information means human review is needed to confirm if these references refer to the same work.

- https://www.ijert.org/biometric-authentication-for-voter-verification-an-aadhaar-linked-multi-modal-approach-for-secure-and-transparent-elections-ijertconv14is020054",0.1,0.9
"Gelb, A., & Clark, J. (2013). Identification for development: The biometrics revolution. *Center for Global Development Working Paper*, No. 315.",Biometric voter registration,deepseek_v4_pro_1600b_a49b,verified,"Gelb, A., & Clark, J. (2013). Identification for development: The biometrics revolution. *Center for Global Development Working Paper*, No. 315. https://www.cgdev.org/publication/identification-development-biometrics-revolution-working-paper-315",MATCH,MATCH,MATCH,MATCH,ABSENT,Identification for Development: The Biometrics Revolution,Alan Gelb; Julia Clark,2013,"Center for Global Development Working Paper, No. 315",,https://www.cgdev.org/publication/identification-development-biometrics-revolution-working-paper-315,GOOGLE,4,0,0,1,0,Identification for development: The biometrics revolution,Identification for Development: The Biometrics Revolution,"Gelb, A.; Clark, J.",Alan Gelb; Julia Clark,2013,2013,Center for Global Development,"Center for Global Development Working Paper, No. 315",,https://www.cgdev.org/publication/identification-development-biometrics-revolution-working-paper-315,1,1,1,GOOGLE,0,"✓ Title | ✓ Authors | ✓ Year | ✓ Venue | ○ ID

### Summary
This working paper was confirmed from the Center for Global Development with matching authors Alan Gelb and Julia Clark, the exact title ""Identification for Development: The Biometrics Revolution,"" and the year 2013.

### Details
A matching record was found with the exact title and author names, where the citation used initials and the evidence used full names, but both clearly refer to the same authors. The year 2013 matched exactly, and the venue was confirmed as the Center for Global Development Working Paper No. 315. Although no DOI was present, multiple sources including the official Center for Global Development website confirm this reference.

- https://www.cgdev.org/publication/identification-development-biometrics-revolution-working-paper-315",1.0,0.0
"Goldsmith, B. (2011). Electronic voting and biometric systems: The good, the bad and the unverifiable. *Journal of Information Technology & Politics*, 8(2), 145–162.",Biometric voter registration,deepseek_v4_pro_1600b_a49b,unverified,Reference could not be verified.,UNCONFIRMED,UNCONFIRMED,UNCONFIRMED,UNCONFIRMED,UNCONFIRMED,,,,,,,,,,,,,,,,,,,,,,,0,0,0,,0,"? Title | ? Authors | ? Year | ? Venue | ? ID

### Summary
No matching article could be found for the reference by Goldsmith (2011) titled ""Electronic voting and biometric systems: The good, the bad and the unverifiable"" in the Journal of Information Technology & Politics.

### Details
A search in OpenAlex returned no matching records for this work. Additionally, a scholar search did not find any article with the exact title, author, or year. The closest results were unrelated articles by a different author named Marlow from 2016 and 2017, which do not match the given reference details.

- https://heinonline.org/hol-cgi-bin/get_pdf.cgi?handle=hein.journals/intpl24&section=20
- https://digitalcommons.law.uga.edu/cgi/viewcontent.cgi?article=1415&context=jipl",0.0,1.0
"Krishnamurthy, A., & Kumar, S. S. (2015). Biometric voter registration and authentication for electoral integrity in India. *International Journal of Engineering Research & Technology*, 4(5), 112–116.",Biometric voter registration,deepseek_v4_pro_1600b_a49b,unverified,Reference could not be verified.,UNCONFIRMED,UNCONFIRMED,UNCONFIRMED,UNCONFIRMED,UNCONFIRMED,,,,,,,,,,,,,,,,,,,,,,,0,0,0,,0,"? Title | ? Authors | ? Year | ? Venue | ? ID

### Summary
No matching article could be found for the reference by Krishnamurthy and Kumar (2015) titled ""Biometric voter registration and authentication for electoral integrity in India"" in the International Journal of Engineering Research & Technology.

### Details
A search in OpenAlex and other scholarly databases did not find any record matching the title, authors, year, or journal of the given reference. The year 2015 and the exact title were not confirmed, and no potential matches were identified. Several related articles on biometric voting and electoral integrity were found, but none matched the specific details of this reference.

- https://ieeexplore.ieee.org/
- https://papers.ssrn.com/
- https://link.springer.com/
- https://www.mdpi.com/",0.0,1.0
"Micheni, E. M., & Murumba, J. W. (2018). The role of biometric technology in enhancing the integrity of the electoral process in Kenya. *International Journal of Computer Applications*, 181(15), 25–31.",Biometric voter registration,deepseek_v4_pro_1600b_a49b,unverified,Reference could not be verified.,CONTRADICTION,MATCH,MATCH,CONTRADICTION,ABSENT,The role of ICT in electoral processes: Case of Kenya,E Micheni; J Murumba,2018,IST-Africa Week Conference (IST …),,https://ieeexplore.ieee.org/abstract/document/8417188/,GOOGLE,2,2,0,1,0,The role of biometric technology in enhancing the integrity of the electoral process in Kenya,The role of ICT in electoral processes: Case of Kenya,"Micheni, E. M.; Murumba, J. W.",E Micheni; J Murumba,2018,2018,International Journal of Computer Applications,IST-Africa Week Conference (IST …),,https://ieeexplore.ieee.org/abstract/document/8417188/,0,0,1,GOOGLE,0,"✗ Title | ✓ Authors | ✓ Year | ✗ Venue | ○ ID

### Summary
The reference could not be verified because the title and venue do not match any found records, even though the authors and year are the same. The original citation's focus on biometric technology differs from the found document's focus on ICT in electoral processes.

### Details
A matching record was found with the same authors (E. Micheni and J. Murumba) and year (2018), but the title was ""The role of ICT in electoral processes: Case of Kenya"" and the venue was the IST-Africa Week Conference, which differs from the cited ""International Journal of Computer Applications."" The difference in title focus and venue indicates these are likely different works. No identifier was available to confirm the citation.

- https://ieeexplore.ieee.org/abstract/document/8417188/",0.0,1.0
"Noor, M. M., & Haneef, M. A. (2017). Biometric voter registration in developing countries: A case study of Bangladesh. *Journal of Governance and Development*, 13(2), 45–62.",Biometric voter registration,deepseek_v4_pro_1600b_a49b,unverified,Reference could not be verified.,UNCONFIRMED,UNCONFIRMED,UNCONFIRMED,UNCONFIRMED,UNCONFIRMED,,,,,,,,,,,,,,,,,,,,,,,0,0,0,,0,"? Title | ? Authors | ? Year | ? Venue | ? ID

### Summary
No matching article could be found for the reference titled ""Biometric voter registration in developing countries: A case study of Bangladesh"" by Noor and Haneef from 2017 in the Journal of Governance and Development.

### Details
A search in OpenAlex and a general Google search did not return any records matching the title, authors, year, or journal. There were no potential matches found to confirm any part of the reference.

- [OpenAlex](https://openalex.org)
- [Google Search](https://www.google.com)",0.0,1.0
"Piccolino, G. (2016). Infrastructural state capacity for democratization? Voter registration and identification in Côte d'Ivoire and Ghana compared. *Democratization*, 23(3), 498–519.",Biometric voter registration,deepseek_v4_pro_1600b_a49b,verified,"Piccolino, G. (2015). Infrastructural state capacity for democratization? Voter registration and identification in Côte d'Ivoire and Ghana compared. *Democratization*, 23(3), 498-519. https://doi.org/10.1080/13510347.2014.983906",MATCH,MATCH,CONTAINS,MATCH,ABSENT,Infrastructural state capacity for democratization? Voter registration and identification in Côte d'Ivoire and Ghana compared,Giulia Piccolino,2015,Democratization,10.1080/13510347.2014.983906,https://doi.org/10.1080/13510347.2014.983906,GOOGLE,3,0,1,1,0,Infrastructural state capacity for democratization? Voter registration and identification in Côte d'Ivoire and Ghana compared.,Infrastructural state capacity for democratization? Voter registration and identification in Côte d'Ivoire and Ghana compared,"Piccolino, G.",Giulia Piccolino,2016,2015,Democratization,Democratization,,10.1080/13510347.2014.983906,1,1,1,GOOGLE,0,"✓ Title | ✓ Authors | ◐ Year | ✓ Venue | ○ ID

### Summary
This article was confirmed in the journal Democratization with matching title, author, and journal details. The year in the citation is 2016, while the evidence shows 2015, which is within an acceptable range.

### Details
A matching record was found with the exact title ""Infrastructural state capacity for democratization? Voter registration and identification in Côte d'Ivoire and Ghana compared"". The author Giulia Piccolino matches the cited Piccolino, G. The journal Democratization matches exactly. The year differs slightly, with the citation showing 2016 and the evidence 2015, but this is considered a minor discrepancy. The article is published in volume 23, issue 3, pages 498-519. The DOI is 10.1080/13510347.2014.983906.

- [DOI link](https://doi.org/10.1080/13510347.2014.983906)",0.9,0.1
"Wolf, P. (2017). Introducing biometric technology in elections. *International Institute for Democracy and Electoral Assistance (International IDEA) Technical Report*.",Biometric voter registration,deepseek_v4_pro_1600b_a49b,verified-with-error,Introducing Biometric Technology in Elections. (n.d.). *International Institute for Democracy and Electoral Assistance (International IDEA) Technical Report*. International Institute for Democracy and Electoral Assistance (International IDEA). https://www.idea.int/sites/default/files/publications/introducing-biometric-technology-in-elections-reissue.pdf,MATCH,UNCONFIRMED,UNCONFIRMED,MATCH,ABSENT,Introducing Biometric Technology in Elections,,,International Institute for Democracy and Electoral Assistance (International IDEA) Technical Report,,https://www.idea.int/sites/default/files/publications/introducing-biometric-technology-in-elections-reissue.pdf,GOOGLE,2,0,0,1,2,Introducing biometric technology in elections.,Introducing Biometric Technology in Elections,"Wolf, P.",,2017,,International Institute for Democracy and Electoral Assistance (International IDEA),International Institute for Democracy and Electoral Assistance (International IDEA) Technical Report,,https://www.idea.int/sites/default/files/publications/introducing-biometric-technology-in-elections-reissue.pdf,1,1,1,GOOGLE,0,"✓ Title | ? Authors | ? Year | ✓ Venue | ○ ID

### Summary
This technical report titled ""Introducing Biometric Technology in Elections"" was confirmed as published by the International Institute for Democracy and Electoral Assistance (International IDEA). However, the author and year details could not be fully confirmed from the available sources.

### Details
A matching document with the exact title and venue was found on the International IDEA website. The report is accessible via a direct PDF link, confirming the publication by the stated institute. The author ""Wolf, P."" and the year ""2017"" were not explicitly confirmed in the found record, leading to minor uncertainties. No DOI or other unique identifier was available to verify these fields conclusively.

- [PDF of the report](https://www.idea.int/sites/default/files/publications/introducing-biometric-technology-in-elections-reissue.pdf)
- [Publication page on International IDEA](https://www.idea.int/publications/catalogue/introducing-biometric-technology-elections)",0.533,0.467
"Hansen, J., Sato, M., Hearty, P., Ruedy, R., Kelley, M., Masson-Delmotte, V., Russell, G., Tselioudis, G., Cao, J., Rignot, E., Velicogna, I., Tormey, B., Donovan, B., Kandiano, E., von Schuckmann, K., Kharecha, P., Legrande, A. N., Bauer, M., & Lo, K.-W. (2016). Ice melt, sea level rise and superstorms: Evidence from paleoclimate data, climate modeling, and modern observations that 2 °C global warming could be dangerous. *Atmospheric Chemistry and Physics, 16*(6), 3761–3812.",Climate change,deepseek_v4_pro_1600b_a49b,verified,"Hansen, J. E., Sato, M., Hearty, P. J., Rüedy, R., Kelley, M., Masson‑Delmotte, V., Russell, G. L., Tselioudis, G., Cao, J., Rignot, E., Velicogna, I., Tormey, B., Donovan, B. G., Kandiano, E. S., von Schuckmann, K., Kharecha, P., LeGrande, A. N., Bauer, M., & Lo, K.-W. (2016). Ice melt, sea level rise and superstorms: Evidence from paleoclimate data, climate modeling, and modern observations that 2 °C global warming could be dangerous. *Atmospheric Chemistry and Physics*, *16*(6), 3761-3812. https://doi.org/10.5194/acp-16-3761-2016",MATCH,MATCH,MATCH,MATCH,ABSENT,"Ice melt, sea level rise and superstorms: evidence from paleoclimate data, climate modeling, and modern observations that 2 °C global warming could be dangerous",James E. Hansen; Makiko Sato; Paul J. Hearty; Reto Rüedy; Maxwell Kelley; Valérie Masson‐Delmotte; Gary L. Russell; George Tselioudis; Junji Cao; Eric Rignot; I. Velicogna; Blair Tormey; Bailey G. Donovan; Evgenia S Kandiano; Karina von Schuckmann; Pushker Kharecha; Allegra N. LeGrande; Michael Bauer; Kwok-Wai Lo,2016,Atmospheric chemistry and physics,10.5194/acp-16-3761-2016,https://doi.org/10.5194/acp-16-3761-2016,GOOGLE,4,0,0,1,0,"Ice melt, sea level rise and superstorms: Evidence from paleoclimate data, climate modeling, and modern observations that 2 °C global warming could be dangerous.","Ice melt, sea level rise and superstorms: evidence from paleoclimate data, climate modeling, and modern observations that 2 °C global warming could be dangerous","Hansen, J.; Sato, M.; Hearty, P.; Ruedy, R.; Kelley, M.; Masson-Delmotte, V.; Russell, G.; Tselioudis, G.; Cao, J.; Rignot, E.; Velicogna, I.; Tormey, B.; Donovan, B.; Kandiano, E.; von Schuckmann, K.; Kharecha, P.; Legrande, A. N.; Bauer, M.; Lo, K.-W.",James E. Hansen; Makiko Sato; Paul J. Hearty; Reto Rüedy; Maxwell Kelley; Valérie Masson‐Delmotte; Gary L. Russell; George Tselioudis; Junji Cao; Eric Rignot; I. Velicogna; Blair Tormey; Bailey G. Donovan; Evgenia S Kandiano; Karina von Schuckmann; Pushker Kharecha; Allegra N. LeGrande; Michael Bauer; Kwok-Wai Lo,2016,2016,Atmospheric Chemistry and Physics,Atmospheric chemistry and physics,,10.5194/acp-16-3761-2016,1,1,1,GOOGLE,0,"✓ Title | ✓ Authors | ✓ Year | ✓ Venue | ○ ID

### Summary
This article was confirmed in the journal Atmospheric Chemistry and Physics with matching authors and year. The title, author list, publication year, and journal name all matched exactly, confirming the reference's accuracy.

### Details
A matching record was found with the exact title ""Ice melt, sea level rise and superstorms: evidence from paleoclimate data, climate modeling, and modern observations that 2 °C global warming could be dangerous."" The author list corresponds fully, accounting for minor differences in name formatting and transliteration. The year 2016 and the journal Atmospheric Chemistry and Physics matched exactly. The article is accessible via DOI https://doi.org/10.5194/acp-16-3761-2016.

- https://doi.org/10.5194/acp-16-3761-2016",1.0,0.0
"IPCC. (2021). Summary for policymakers. In V. Masson-Delmotte, P. Zhai, A. Pirani, S. L. Connors, C. Péan, S. Berger, N. Caud, Y. Chen, L. Goldfarb, M. I. Gomis, M. Huang, K. Leitzell, E. Lonnoy, J. B. R. Matthews, T. K. Maycock, T. Waterfield, O. Yelekçi, R. Yu, & B. Zhou (Eds.), *Climate Change 2021: The Physical Science Basis. Contribution of Working Group I to the Sixth Assessment Report of the Intergovernmental Panel on Climate Change*. Cambridge University Press.",Climate change,deepseek_v4_pro_1600b_a49b,verified,"Intergovernmental Panel on Climate Change. (2021). Summary for policymakers. In V. Masson-Delmotte, P. Zhai, A. Pirani, S. L. Connors, C. Péan, S. Berger, N. Caud, Y. Chen, L. Goldfarb, M. I. Gomis, M. Huang, K. Leitzell, E. Lonnoy, J. B. R. Matthews, T. K. Maycock, T. Waterfield, O. Yelekçi, R. Yu, & B. Zhou (Eds.), *Climate Change 2021: The Physical Science Basis. Contribution of Working Group I to the Sixth Assessment Report of the Intergovernmental Panel on Climate Change*. Cambridge University Press. https://www.ipcc.ch/report/ar6/wg1/downloads/report/IPCC_AR6_WGI_SummaryVolume.pdf",MATCH,CONTAINS,MATCH,MATCH,ABSENT,Summary for Policymakers,Intergovernmental Panel on Climate Change; Valérie Masson-Delmotte; Panmao Zhai; Anna Pirani; Sarah L. Connors; Clotilde Péan; Sophie Berger; Nada Caud; Ying Chen; Leah Goldfarb; Melissa I. Gomis; Mengtian Huang; Katherine Leitzell; Elisabeth Lonnoy; J.B.R. Matthews; Thomas K. Maycock; Tim Waterfield; Ozge Yelekçi; Rong Yu; Baiquan Zhou,2021,Cambridge University Press,,https://www.ipcc.ch/report/ar6/wg1/downloads/report/IPCC_AR6_WGI_SummaryVolume.pdf,GOOGLE,3,0,1,1,0,Summary for policymakers.,Summary for Policymakers,IPCC,Intergovernmental Panel on Climate Change; Valérie Masson-Delmotte; Panmao Zhai; Anna Pirani; Sarah L. Connors; Clotilde Péan; Sophie Berger; Nada Caud; Ying Chen; Leah Goldfarb; Melissa I. Gomis; Mengtian Huang; Katherine Leitzell; Elisabeth Lonnoy; J.B.R. Matthews; Thomas K. Maycock; Tim Waterfield; Ozge Yelekçi; Rong Yu; Baiquan Zhou,2021,2021,Cambridge University Press,Cambridge University Press,,https://www.ipcc.ch/report/ar6/wg1/downloads/report/IPCC_AR6_WGI_SummaryVolume.pdf,1,1,1,GOOGLE,5,"✓ Title | ◐ Authors | ✓ Year | ✓ Venue | ○ ID

### Summary
This reference was confirmed as the official ""Summary for Policymakers"" from the IPCC's 2021 report titled *Climate Change 2021: The Physical Science Basis*. The authors include the Intergovernmental Panel on Climate Change and the listed editors, and the publication year and publisher (Cambridge University Press) match exactly.

### Details
A matching record was found with the exact title ""Summary for Policymakers"" and the year 2021. The citation includes the IPCC as an organizational author, which is present in the evidence along with the full list of editors. The publisher, Cambridge University Press, also matches perfectly. Although no DOI was provided in the citation, the official IPCC report PDF is available at the IPCC website, confirming the source.

- [IPCC AR6 WGI Summary Volume PDF](https://www.ipcc.ch/report/ar6/wg1/downloads/report/IPCC_AR6_WGI_SummaryVolume.pdf)
- [IPCC Sixth Assessment Report Working Group I](https://www.ipcc.ch/report/ar6/wg1/)",0.867,0.133
"Lenton, T. M., Held, H., Kriegler, E., Hall, J. W., Lucht, W., Rahmstorf, S., & Schellnhuber, H. J. (2008). Tipping elements in the Earth’s climate system. *Proceedings of the National Academy of Sciences, 105*(6), 1786–1793.",Climate change,deepseek_v4_pro_1600b_a49b,verified,"Lenton, T. M., Held, H., Kriegler, E., Hall, J. W., & Lucht, W. (2008). Tipping elements in the Earth's climate system. *Proceedings of the National Academy of Sciences*, https://doi.org/10.1073/pnas.0705414105",MATCH,CONTAINS,MATCH,MATCH,ABSENT,Tipping elements in the Earth's climate system,T M Lenton; H Held; E Kriegler; JW Hall; W Lucht,2008,Proceedings of the …,10.1073/pnas.0705414105,https://www.pnas.org/doi/abs/10.1073/pnas.0705414105,GOOGLE,3,0,1,1,0,Tipping elements in the Earth’s climate system.,Tipping elements in the Earth's climate system,"Lenton, T. M.; Held, H.; Kriegler, E.; Hall, J. W.; Lucht, W.; Rahmstorf, S.; Schellnhuber, H. J.",T M Lenton; H Held; E Kriegler; JW Hall; W Lucht,2008,2008,Proceedings of the National Academy of Sciences,Proceedings of the …,,10.1073/pnas.0705414105,1,1,1,GOOGLE,1,"✓ Title | ◐ Authors | ✓ Year | ✓ Venue | ○ ID

### Summary
This article was confirmed in the Proceedings of the National Academy of Sciences with matching title, year, and a subset of the original authors. The core details align well with the original reference.

### Details
A matching record was found with the exact title ""Tipping elements in the Earth's climate system"" and the year 2008. The authors in the evidence include five of the seven original authors, which is a proper subset of the citation's author list. The venue name matches as the candidate venue is a truncated form of the full journal name. No identifier was present in the original citation. The article is accessible via the DOI link: https://doi.org/10.1073/pnas.0705414105.

- https://www.pnas.org/doi/abs/10.1073/pnas.0705414105",0.867,0.133
"Mann, M. E., Bradley, R. S., & Hughes, M. K. (1999). Northern hemisphere temperatures during the past millennium: Inferences, uncertainties, and limitations. *Geophysical Research Letters, 26*(6), 759–762.",Climate change,deepseek_v4_pro_1600b_a49b,verified,"Mann, M. E., Bradley, R. S., & Hughes, M. K. (1999). Northern hemisphere temperatures during the past millennium: Inferences, uncertainties, and limitations. *Geophysical Research Letters*, *26*(6), 759-762. https://doi.org/10.1029/1999gl900070",MATCH,MATCH,MATCH,MATCH,ABSENT,"Northern hemisphere temperatures during the past millennium: Inferences, uncertainties, and limitations",Michael Mann; Raymond S. Bradley; Malcolm K. Hughes,1999,Geophysical Research Letters,10.1029/1999gl900070,https://doi.org/10.1029/1999gl900070,GOOGLE,4,0,0,1,0,"Northern hemisphere temperatures during the past millennium: Inferences, uncertainties, and limitations","Northern hemisphere temperatures during the past millennium: Inferences, uncertainties, and limitations","Mann, M. E.; Bradley, R. S.; Hughes, M. K.",Michael Mann; Raymond S. Bradley; Malcolm K. Hughes,1999,1999,Geophysical Research Letters,Geophysical Research Letters,,10.1029/1999gl900070,1,1,1,GOOGLE,0,"✓ Title | ✓ Authors | ✓ Year | ✓ Venue | ○ ID

### Summary
This article was confirmed in Geophysical Research Letters with matching authors Michael Mann, Raymond S. Bradley, and Malcolm K. Hughes, and the year 1999. The title and journal details matched exactly.

### Details
A matching record was found with the exact title ""Northern hemisphere temperatures during the past millennium: Inferences, uncertainties, and limitations."" The authors matched fully, though the citation used initials while the evidence listed full names. The year 1999 and the journal Geophysical Research Letters matched exactly. The article's DOI is 10.1029/1999gl900070.

- [DOI link](https://doi.org/10.1029/1999gl900070)",1.0,0.0
"Marcott, S. A., Shakun, J. D., Clark, P. U., & Mix, A. C. (2013). A reconstruction of regional and global temperature for the past 11,300 years. *Science, 339*(6124), 1198–1201.",Climate change,deepseek_v4_pro_1600b_a49b,verified,"Marcott, S. A., Shakun, J. D., Clark, P. U., & Mix, A. C. (2013). A reconstruction of regional and global temperature for the past 11,300 years. *Science*, *339*(6124), 1198-1201. https://doi.org/10.1126/science.1228026",MATCH,MATCH,MATCH,MATCH,ABSENT,"A Reconstruction of Regional and Global Temperature for the Past 11,300 Years",Shaun A. Marcott; Jeremy D. Shakun; Peter U. Clark; Alan C Mix,2013,Science,10.1126/science.1228026,https://doi.org/10.1126/science.1228026,GOOGLE,4,0,0,1,0,"A reconstruction of regional and global temperature for the past 11,300 years","A Reconstruction of Regional and Global Temperature for the Past 11,300 Years","Marcott, S. A.; Shakun, J. D.; Clark, P. U.; Mix, A. C.",Shaun A. Marcott; Jeremy D. Shakun; Peter U. Clark; Alan C Mix,2013,2013,Science,Science,,10.1126/science.1228026,1,1,1,GOOGLE,0,"✓ Title | ✓ Authors | ✓ Year | ✓ Venue | ○ ID

### Summary
This article was confirmed in the journal Science with matching authors and year. The title ""A Reconstruction of Regional and Global Temperature for the Past 11,300 Years"" was verified exactly, and all four authors were matched correctly.

### Details
A matching record was found with the exact title and year 2013. The authors Shaun A. Marcott, Jeremy D. Shakun, Peter U. Clark, and Alan C Mix correspond exactly to the citation, though the citation uses initials. The journal Science was confirmed as the publication venue. No identifier was present in the citation, but the DOI 10.1126/science.1228026 was found in the evidence.

- https://doi.org/10.1126/science.1228026",1.0,0.0
"Nordhaus, W. D. (2017). Revisiting the social cost of carbon. *Proceedings of the National Academy of Sciences, 114*(7), 1518–1523.",Climate change,deepseek_v4_pro_1600b_a49b,verified,"Nordhaus, W. D. (2017). Revisiting the social cost of carbon. *Proceedings of the National Academy of Sciences*, *114*(7), 1518-1523. https://doi.org/10.1073/pnas.1609244114",MATCH,MATCH,MATCH,MATCH,ABSENT,Revisiting the social cost of carbon,William D. Nordhaus,2017,Proceedings of the National Academy of Sciences,10.1073/pnas.1609244114,https://doi.org/10.1073/pnas.1609244114,GOOGLE,4,0,0,1,0,Revisiting the social cost of carbon.,Revisiting the social cost of carbon,"Nordhaus, W. D.",William D. Nordhaus,2017,2017,Proceedings of the National Academy of Sciences,Proceedings of the National Academy of Sciences,,10.1073/pnas.1609244114,1,1,1,GOOGLE,1,"✓ Title | ✓ Authors | ✓ Year | ✓ Venue | ○ ID

### Summary
This article was confirmed in the Proceedings of the National Academy of Sciences with matching author William D. Nordhaus and the year 2017. The title ""Revisiting the social cost of carbon"" was exactly matched.

### Details
A matching record was found with the exact title ""Revisiting the social cost of carbon"" published in 2017. The author William D. Nordhaus corresponds to the citation author initials W. D. Nordhaus. The journal name also matched exactly. Although no identifier was provided in the citation, the evidence includes a DOI: 10.1073/pnas.1609244114.

- https://doi.org/10.1073/pnas.1609244114",1.0,0.0
"Oreskes, N. (2004). The scientific consensus on climate change. *Science, 306*(5702), 1686–1686.",Climate change,deepseek_v4_pro_1600b_a49b,verified,"Орескес, Н. (2004). The Scientific Consensus on Climate Change. *Science*, 306(5702), 1686. https://doi.org/10.1126/science.1103618",MATCH,UNCONFIRMED,MATCH,MATCH,ABSENT,The Scientific Consensus on Climate Change,Наоми Орескес,2004,Science,10.1126/science.1103618,https://doi.org/10.1126/science.1103618,GOOGLE,3,0,0,1,1,The scientific consensus on climate change.,The Scientific Consensus on Climate Change,"Oreskes, N.",Наоми Орескес,2004,2004,Science,Science,,10.1126/science.1103618,1,1,1,GOOGLE,0,"✓ Title | ? Authors | ✓ Year | ✓ Venue | ○ ID

### Summary
This article was confirmed in the journal Science with a matching title and year. Although the author name was not fully confirmed due to language differences, the other key details align perfectly.

### Details
A matching record was found with the exact title ""The Scientific Consensus on Climate Change"" published in 2004 in Science. The volume (306), issue (5702), and page number (1686) also matched exactly. The author listed in the evidence is ""Наоми Орескес,"" which corresponds to Naomi Oreskes, confirming the authorship despite the language variation. The article's DOI is 10.1126/science.1103618, providing a direct link to the source.

- [DOI link](https://doi.org/10.1126/science.1103618)",0.733,0.267
"Rogelj, J., den Elzen, M., Höhne, N., Fransen, T., Fekete, H., Winkler, H., Schaeffer, R., Sha, F., Riahi, K., & Meinshausen, M. (2016). Paris Agreement climate proposals need a boost to keep warming well below 2 °C. *Nature, 534*(7609), 631–639.",Climate change,deepseek_v4_pro_1600b_a49b,verified,"Rogelj, J., den Elzen, M., Höhne, N., Fransen, T., Fekete, H., Winkler, H., Schaeffer, R., Sha, F., Riahi, K., & Meinshausen, M. (2016). Paris Agreement climate proposals need a boost to keep warming well below 2°C. *Nature*, *534*(7609), 631-639. https://doi.org/10.1038/nature18307",MATCH,MATCH,MATCH,MATCH,ABSENT,Paris Agreement climate proposals need a boost to keep warming well below 2 C,Joeri Rogelj; Michel den Elzen; Niklas Höhne; Taryn Fransen; Hanna Fekete; Harald Winkler; Roberto Schaeffer; Fu Sha; Keywan Riahi; Malte Meinshausen,2016,Nature,10.1038/nature18307,https://doi.org/10.1038/nature18307,GOOGLE,4,0,0,1,0,Paris Agreement climate proposals need a boost to keep warming well below 2 °C.,Paris Agreement climate proposals need a boost to keep warming well below 2 C,"Rogelj, J.; den Elzen, M.; Höhne, N.; Fransen, T.; Fekete, H.; Winkler, H.; Schaeffer, R.; Sha, F.; Riahi, K.; Meinshausen, M.",Joeri Rogelj; Michel den Elzen; Niklas Höhne; Taryn Fransen; Hanna Fekete; Harald Winkler; Roberto Schaeffer; Fu Sha; Keywan Riahi; Malte Meinshausen,2016,2016,Nature,Nature,,10.1038/nature18307,1,1,1,GOOGLE,1,"✓ Title | ✓ Authors | ✓ Year | ✓ Venue | ○ ID

### Summary
This article was confirmed in Nature with matching authors and year. The title, author list, publication year, and journal all align exactly with the reference provided.

### Details
A matching record was found in OpenAlex with the exact title ""Paris Agreement climate proposals need a boost to keep warming well below 2 °C."" All ten authors correspond one-to-one, with full names matching the initials in the citation. The year 2016 and the journal Nature also matched exactly. The article's DOI is 10.1038/nature18307, and the volume, issue, and page numbers correspond perfectly.

- https://doi.org/10.1038/nature18307",1.0,0.0
"Stern, N. (2008). The economics of climate change. *American Economic Review, 98*(2), 1–37.",Climate change,deepseek_v4_pro_1600b_a49b,verified,"Stern, N. (2008). The economics of climate change. *American Economic Review*, *98*(2), 1-37. https://doi.org/10.1257/aer.98.2.1",MATCH,MATCH,MATCH,MATCH,ABSENT,The economics of climate change,Nicholas Stern,2008,American Economic Review,10.1257/aer.98.2.1,https://www.aeaweb.org/articles?id=10.1257/aer.98.2.1,GOOGLE,4,0,0,1,0,The economics of climate change.,The economics of climate change,"Stern, N.",Nicholas Stern,2008,2008,American Economic Review,American Economic Review,,10.1257/aer.98.2.1,1,1,1,GOOGLE,0,"✓ Title | ✓ Authors | ✓ Year | ✓ Venue | ○ ID

### Summary
This article was confirmed in the American Economic Review with matching authors and year. The title ""The economics of climate change"" and the author Nicholas Stern were verified exactly as cited, along with the publication year 2008 and the journal name.

### Details
A matching record was found with the exact title ""The economics of climate change"" and author Nicholas Stern, confirming the citation's accuracy. The year 2008 and the journal American Economic Review also matched perfectly. Although no identifier was provided in the citation, the DOI 10.1257/aer.98.2.1 corresponds to the article, accessible at the American Economic Association website.

- https://www.aeaweb.org/articles?id=10.1257/aer.98.2.1
- https://pubs.aeaweb.org/doi/abs/10.1257/aer.98.2.1
- https://www.jstor.org/stable/pdf/29729990.pdf",1.0,0.0
"Stocker, T. F., Qin, D., Plattner, G.-K., Tignor, M., Allen, S. K., Boschung, J., Nauels, A., Xia, Y., Bex, V., & Midgley, P. M. (Eds.). (2013). *Climate Change 2013: The Physical Science Basis. Contribution of Working Group I to the Fifth Assessment Report of the Intergovernmental Panel on Climate Change*. Cambridge University Press.",Climate change,deepseek_v4_pro_1600b_a49b,verified,"Stocker, T. F., Qin, D., Plattner, G.-K., Tignor, M., Allen, S. K., Boschung, J., Nauels, A., Xia, Y., Bex, V., & Midgley, P. M. (Eds.). (2013). *Climate Change 2013: The Physical Science Basis. Contribution of Working Group I to the Fifth Assessment Report of the Intergovernmental Panel on Climate Change*. Cambridge University Press. https://www.researchgate.net/publication/266208027_Climate_change_2013_The_physical_science_basis_in_contribution_of_Working_Group_I_WGI_to_the_Fifth_Assessment_Report_AR5_of_the_Intergovernmental_Panel_on_Climate_Change_IPCC",MATCH,MATCH,MATCH,MATCH,ABSENT,Climate Change 2013: The Physical Science Basis. Contribution of Working Group I to the Fifth Assessment Report of the Intergovernmental Panel on Climate Change,T. F. Stocker; D. Qin; G.-K. Plattner; M. Tignor; S. K. Allen; J. Boschung; A. Nauels; Y. Xia; V. Bex; P. M. Midgley,2013,Cambridge University Press,,https://www.researchgate.net/publication/266208027_Climate_change_2013_The_physical_science_basis_in_contribution_of_Working_Group_I_WGI_to_the_Fifth_Assessment_Report_AR5_of_the_Intergovernmental_Panel_on_Climate_Change_IPCC,GOOGLE,4,0,0,1,0,Climate Change 2013: The Physical Science Basis. Contribution of Working Group I to the Fifth Assessment Report of the Intergovernmental Panel on Climate Change,Climate Change 2013: The Physical Science Basis. Contribution of Working Group I to the Fifth Assessment Report of the Intergovernmental Panel on Climate Change,"Stocker, T. F.; Qin, D.; Plattner, G.-K.; Tignor, M.; Allen, S. K.; Boschung, J.; Nauels, A.; Xia, Y.; Bex, V.; Midgley, P. M.",T. F. Stocker; D. Qin; G.-K. Plattner; M. Tignor; S. K. Allen; J. Boschung; A. Nauels; Y. Xia; V. Bex; P. M. Midgley,2013,2013,Cambridge University Press,Cambridge University Press,,https://www.researchgate.net/publication/266208027_Climate_change_2013_The_physical_science_basis_in_contribution_of_Working_Group_I_WGI_to_the_Fifth_Assessment_Report_AR5_of_the_Intergovernmental_Panel_on_Climate_Change_IPCC,1,1,1,GOOGLE,0,"✓ Title | ✓ Authors | ✓ Year | ✓ Venue | ○ ID

### Summary
This book was confirmed as published by Cambridge University Press in 2013 with the exact title ""Climate Change 2013: The Physical Science Basis. Contribution of Working Group I to the Fifth Assessment Report of the Intergovernmental Panel on Climate Change."" The full set of editors listed in the citation was found with matching names.

### Details
A matching record was found with the exact title and year 2013. The authors/editors matched perfectly, with only formatting differences in name order but no missing or extra names. The publisher Cambridge University Press also matched exactly. No identifier such as a DOI was present in the citation. Relevant sources include a ResearchGate publication link and Google Scholar results confirming the book's existence and details.

- https://www.researchgate.net/publication/266208027_Climate_change_2013_The_physical_science_basis_in_contribution_of_Working_Group_I_WGI_to_the_Fifth_Assessment_Report_AR5_of_the_Intergovernmental_Panel_on_Climate_Change_IPCC
- https://cir.nii.ac.jp/crid/1371413280484207233",1.0,0.0
"Smit, B., & Skinner, M. W. (2002). Adaptation options in agriculture to climate change: A typology. *Mitigation and Adaptation Strategies for Global Change*, 7(1), 85–114.",Climate change adaptation in agriculture,deepseek_v4_pro_1600b_a49b,verified,"Smit, B., & Skinner, M. W. (2002). Adaptation options in agriculture to climate change: a typology. *Mitigation and Adaptation Strategies for Global Change*, 7(1), 85-114. https://doi.org/10.1023/a:1015862228270",MATCH,MATCH,MATCH,MATCH,ABSENT,Adaptation options in agriculture to climate change: a typology,Barry Smit; Mark W. Skinner,2002,Mitigation and Adaptation Strategies for Global Change,10.1023/a:1015862228270,https://doi.org/10.1023/a:1015862228270,GOOGLE,4,0,0,1,0,Adaptation options in agriculture to climate change: A typology,Adaptation options in agriculture to climate change: a typology,"Smit, B.; Skinner, M. W.",Barry Smit; Mark W. Skinner,2002,2002,Mitigation and Adaptation Strategies for Global Change,Mitigation and Adaptation Strategies for Global Change,,10.1023/a:1015862228270,1,1,1,GOOGLE,1,"✓ Title | ✓ Authors | ✓ Year | ✓ Venue | ○ ID

### Summary
This article was confirmed in the journal Mitigation and Adaptation Strategies for Global Change with matching authors Barry Smit and Mark W. Skinner, and the year 2002. The title and journal details matched exactly.

### Details
A matching record was found with the exact title ""Adaptation options in agriculture to climate change: a typology."" The authors Barry Smit and Mark W. Skinner correspond to the citation's abbreviated names. The year 2002 and the journal name also matched exactly. Although no identifier was provided in the citation, the article's DOI is 10.1023/a:1015862228270, confirming the reference.

- https://doi.org/10.1023/a:1015862228270",1.0,0.0
"Howden, S. M., Soussana, J.-F., Tubiello, F. N., Chhetri, N., Dunlop, M., & Meinke, H. (2007). Adapting agriculture to climate change. *Proceedings of the National Academy of Sciences*, 104(50), 19691–19696.",Climate change adaptation in agriculture,deepseek_v4_pro_1600b_a49b,verified,"Howden, M., Soussana, J.-François, Tubiello, F. N., Chhetri, N., Dunlop, M., & Meinke, H. (2007). Adapting agriculture to climate change. *Proceedings of the National Academy of Sciences*, 104(50), 19691-19696. https://doi.org/10.1073/pnas.0701890104",MATCH,MATCH,MATCH,MATCH,ABSENT,Adapting agriculture to climate change,Mark Howden; Jean‐François Soussana; Francesco N. Tubiello; Netra Chhetri; Michael Dunlop; Holger Meinke,2007,Proceedings of the National Academy of Sciences,10.1073/pnas.0701890104,https://doi.org/10.1073/pnas.0701890104,GOOGLE,4,0,0,1,0,Adapting agriculture to climate change,Adapting agriculture to climate change,"Howden, S. M.; Soussana, J.-F.; Tubiello, F. N.; Chhetri, N.; Dunlop, M.; Meinke, H.",Mark Howden; Jean‐François Soussana; Francesco N. Tubiello; Netra Chhetri; Michael Dunlop; Holger Meinke,2007,2007,Proceedings of the National Academy of Sciences,Proceedings of the National Academy of Sciences,,10.1073/pnas.0701890104,1,1,1,GOOGLE,0,"✓ Title | ✓ Authors | ✓ Year | ✓ Venue | ○ ID

### Summary
This article was confirmed in the Proceedings of the National Academy of Sciences with matching authors and year. The title ""Adapting agriculture to climate change"" was verified exactly as cited.

### Details
A matching record was found with the exact title, year 2007, and the same group of authors including Mark Howden, Jean-François Soussana, and others. The journal name also matched perfectly. Although no identifier was provided in the citation, the article corresponds to DOI 10.1073/pnas.0701890104, confirming the reference's accuracy.

- https://doi.org/10.1073/pnas.0701890104",1.0,0.0
"Lobell, D. B., Burke, M. B., Tebaldi, C., Mastrandrea, M. D., Falcon, W. P., & Naylor, R. L. (2008). Prioritizing climate change adaptation needs for food security in 2030. *Science*, 319(5863), 607–610.",Climate change adaptation in agriculture,deepseek_v4_pro_1600b_a49b,verified,"Lobell, D. B., Burke, M. B., Tebaldi, C., Mastrandrea, M. D., Falcon, W. P., & Naylor, R. L. (2008). Prioritizing climate change adaptation needs for food security in 2030. *Science*, 319(5863), 607–610. https://doi.org/10.1126/science.1152339",MATCH,MATCH,MATCH,MATCH,ABSENT,Prioritizing Climate Change Adaptation Needs for Food Security in 2030,David B. Lobell; Marshall Burke; Claudia Tebaldi; Michael D. Mastrandrea; Walter P. Falcon; Rosamond L. Naylor,2008,Science,10.1126/science.1152339,https://doi.org/10.1126/science.1152339,GOOGLE,4,0,0,1,0,Prioritizing climate change adaptation needs for food security in 2030,Prioritizing Climate Change Adaptation Needs for Food Security in 2030,"Lobell, D. B.; Burke, M. B.; Tebaldi, C.; Mastrandrea, M. D.; Falcon, W. P.; Naylor, R. L.",David B. Lobell; Marshall Burke; Claudia Tebaldi; Michael D. Mastrandrea; Walter P. Falcon; Rosamond L. Naylor,2008,2008,Science,Science,,10.1126/science.1152339,1,1,1,GOOGLE,0,"✓ Title | ✓ Authors | ✓ Year | ✓ Venue | ○ ID

### Summary
This article was confirmed in the journal Science with matching authors and year. The title ""Prioritizing Climate Change Adaptation Needs for Food Security in 2030"" was verified exactly, and all six authors correspond perfectly with the citation.

### Details
A matching record was found with the exact title and year 2008. The authors David B. Lobell, Marshall Burke, Claudia Tebaldi, Michael D. Mastrandrea, Walter P. Falcon, and Rosamond L. Naylor were all confirmed, matching the citation's author list. The article was published in Science, volume 319, issue 5863, pages 607-610. The DOI 10.1126/science.1152339 provides a direct link to the source.

- https://doi.org/10.1126/science.1152339",1.0,0.0
"Olesen, J. E., Trnka, M., Kersebaum, K. C., Skjelvåg, A. O., Seguin, B., Peltonen-Sainio, P., Rossi, F., Kozyra, J., & Micale, F. (2011). Impacts and adaptation of European crop production systems to climate change. *European Journal of Agronomy*, 34(2), 96–112.",Climate change adaptation in agriculture,deepseek_v4_pro_1600b_a49b,verified,"Olesen, J. E., Trnka, M., Kersebaum, K. C., Skjelvåg, A. O., Séguin, B., Peltonen‐Sainio, P., Rossi, F., Kozyra, J., & Micale, F. (2010). Impacts and adaptation of European crop production systems to climate change. *European Journal of Agronomy*, 34(2), 96-112. https://doi.org/10.1016/j.eja.2010.11.003",MATCH,MATCH,CONTAINS,MATCH,ABSENT,Impacts and adaptation of European crop production systems to climate change,Jørgen E. Olesen; Miroslav Trnka; Kurt Christian Kersebaum; A. O. Skjelvåg; Bernard Séguin; Pirjo Peltonen‐Sainio; Federica Rossi; Jerzy Kozyra; Fabio Micale,2010,European Journal of Agronomy,10.1016/j.eja.2010.11.003,https://doi.org/10.1016/j.eja.2010.11.003,GOOGLE,3,0,1,1,0,Impacts and adaptation of European crop production systems to climate change,Impacts and adaptation of European crop production systems to climate change,"Olesen, J. E.; Trnka, M.; Kersebaum, K. C.; Skjelvåg, A. O.; Seguin, B.; Peltonen-Sainio, P.; Rossi, F.; Kozyra, J.; Micale, F.",Jørgen E. Olesen; Miroslav Trnka; Kurt Christian Kersebaum; A. O. Skjelvåg; Bernard Séguin; Pirjo Peltonen‐Sainio; Federica Rossi; Jerzy Kozyra; Fabio Micale,2011,2010,European Journal of Agronomy,European Journal of Agronomy,,10.1016/j.eja.2010.11.003,1,1,1,GOOGLE,1,"✓ Title | ✓ Authors | ◐ Year | ✓ Venue | ○ ID

### Summary
This article was confirmed in the European Journal of Agronomy with matching authors and title. The publication year differs slightly, with the reference listing 2011 and the verified source showing 2010, but this minor discrepancy does not affect the overall match.

### Details
A matching record was found with the exact title ""Impacts and adaptation of European crop production systems to climate change"". The author list matches fully, including all nine authors with consistent names despite minor formatting differences. The journal name ""European Journal of Agronomy"" matches exactly. The year in the verified source is 2010, which is within one year of the cited 2011, a common variation in publication dates. No DOI was provided in the original citation, but the verified record includes DOI 10.1016/j.eja.2010.11.003.

- https://doi.org/10.1016/j.eja.2010.11.003",0.9,0.1
"Di Falco, S., Veronesi, M., & Yesuf, M. (2011). Does adaptation to climate change provide food security? A micro-perspective from Ethiopia. *American Journal of Agricultural Economics*, 93(3), 829–846.",Climate change adaptation in agriculture,deepseek_v4_pro_1600b_a49b,verified,"Di Falco, S., Veronesi, M., & Yesuf, M. (2011). Does Adaptation to Climate Change Provide Food Security? A Micro‐Perspective from Ethiopia. *American Journal of Agricultural Economics*, *93*(3), 829-846. https://doi.org/10.1093/ajae/aar006",MATCH,MATCH,MATCH,MATCH,ABSENT,Does Adaptation to Climate Change Provide Food Security? A Micro‐Perspective from Ethiopia,Salvatore Di Falco; Marcella Veronesi; Mahmud Yesuf,2011,American Journal of Agricultural Economics,10.1093/ajae/aar006,https://doi.org/10.1093/ajae/aar006,GOOGLE,4,0,0,1,0,Does adaptation to climate change provide food security? A micro-perspective from Ethiopia,Does Adaptation to Climate Change Provide Food Security? A Micro‐Perspective from Ethiopia,"Di Falco, S.; Veronesi, M.; Yesuf, M.",Salvatore Di Falco; Marcella Veronesi; Mahmud Yesuf,2011,2011,American Journal of Agricultural Economics,American Journal of Agricultural Economics,,10.1093/ajae/aar006,1,1,1,GOOGLE,0,"✓ Title | ✓ Authors | ✓ Year | ✓ Venue | ○ ID

### Summary
This article was confirmed in the American Journal of Agricultural Economics with matching authors Salvatore Di Falco, Marcella Veronesi, and Mahmud Yesuf, and the year 2011. The title and journal details matched exactly.

### Details
A matching record was found with the exact title ""Does Adaptation to Climate Change Provide Food Security? A Micro‐Perspective from Ethiopia."" The authors correspond fully despite differences in name formatting, and the publication year 2011 matched exactly. The article appears in volume 93, issue 3, pages 829-846 of the American Journal of Agricultural Economics. The DOI 10.1093/ajae/aar006 confirms the source.

- https://doi.org/10.1093/ajae/aar006",1.0,0.0
"Vermeulen, S. J., Aggarwal, P. K., Ainslie, A., Angelone, C., Campbell, B. M., Challinor, A. J., Hansen, J. W., Ingram, J. S. I., Jarvis, A., Kristjanson, P., Lau, C., Nelson, G. C., Thornton, P. K., & Wollenberg, E. (2012). Options for support to agriculture and food security under climate change. *Environmental Science & Policy*, 15(1), 136–144.",Climate change adaptation in agriculture,deepseek_v4_pro_1600b_a49b,verified,"Vermeulen, S. J., Aggarwal, P. K., Ainslie, A., Angelone, C., Campbell, B. M., Challinor, A. J., Hansen, J. W., Ingram, J. S. I., Jarvis, A., Kristjanson, P., Lau, C., Nelson, G. C., Thornton, P. K., & Wollenberg, E. (2011). Options for support to agriculture and food security under climate change. *Environmental Science & Policy*, 15(1), 136-144. https://doi.org/10.1016/j.envsci.2011.09.003",MATCH,MATCH,CONTAINS,MATCH,ABSENT,Options for support to agriculture and food security under climate change,S. Vermeulen; Pramod Aggarwal; Andrew Ainslie; Chiara Angelone; Bruce Campbell; Andrew J. Challinor; James Hansen; John Ingram; Andy Jarvis; Patti Kristjanson; Charlotte Lau; Gerald C. Nelson; Philip K. Thornton; Eva Wollenberg,2011,Environmental Science & Policy,10.1016/j.envsci.2011.09.003,https://doi.org/10.1016/j.envsci.2011.09.003,GOOGLE,3,0,1,1,0,Options for support to agriculture and food security under climate change.,Options for support to agriculture and food security under climate change,"Vermeulen, S. J.; Aggarwal, P. K.; Ainslie, A.; Angelone, C.; Campbell, B. M.; Challinor, A. J.; Hansen, J. W.; Ingram, J. S. I.; Jarvis, A.; Kristjanson, P.; Lau, C.; Nelson, G. C.; Thornton, P. K.; Wollenberg, E.",S. Vermeulen; Pramod Aggarwal; Andrew Ainslie; Chiara Angelone; Bruce Campbell; Andrew J. Challinor; James Hansen; John Ingram; Andy Jarvis; Patti Kristjanson; Charlotte Lau; Gerald C. Nelson; Philip K. Thornton; Eva Wollenberg,2012,2011,Environmental Science & Policy,Environmental Science & Policy,,10.1016/j.envsci.2011.09.003,1,1,1,GOOGLE,0,"✓ Title | ✓ Authors | ◐ Year | ✓ Venue | ○ ID

### Summary
This article was confirmed in Environmental Science & Policy with matching authors and title. The publication year differs slightly, with the reference listing 2012 and the evidence showing 2011, but this minor discrepancy does not affect the overall match.

### Details
A matching record was found with the exact title ""Options for support to agriculture and food security under climate change"". All authors correspond exactly, though the citation uses initials and the evidence uses full names. The journal name matches perfectly. The year in the evidence is 2011, which is one year earlier than the cited 2012, a minor difference often seen in publication dates. No DOI was provided in the citation, but the evidence includes DOI 10.1016/j.envsci.2011.09.003.

- https://doi.org/10.1016/j.envsci.2011.09.003",0.9,0.1
"Challinor, A. J., Watson, J., Lobell, D. B., Howden, S. M., Smith, D. R., & Chhetri, N. (2014). A meta-analysis of crop yield under climate change and adaptation. *Nature Climate Change*, 4(4), 287–291.",Climate change adaptation in agriculture,deepseek_v4_pro_1600b_a49b,verified,"Challinor, A. J., Watson, J., Lobell, D. B., Howden, M., Smith, D. R., & Chhetri, N. (2014). A meta-analysis of crop yield under climate change and adaptation. *Nature Climate Change*, 4(4), 287-291. https://doi.org/10.1038/nclimate2153",MATCH,MATCH,MATCH,MATCH,ABSENT,A meta-analysis of crop yield under climate change and adaptation,Andrew J. Challinor; James Watson; David B. Lobell; Mark Howden; Daniel R. Smith; Netra Chhetri,2014,Nature Climate Change,10.1038/nclimate2153,https://doi.org/10.1038/nclimate2153,GOOGLE,4,0,0,1,0,A meta-analysis of crop yield under climate change and adaptation,A meta-analysis of crop yield under climate change and adaptation,"Challinor, A. J.; Watson, J.; Lobell, D. B.; Howden, S. M.; Smith, D. R.; Chhetri, N.",Andrew J. Challinor; James Watson; David B. Lobell; Mark Howden; Daniel R. Smith; Netra Chhetri,2014,2014,Nature Climate Change,Nature Climate Change,,10.1038/nclimate2153,1,1,1,GOOGLE,0,"✓ Title | ✓ Authors | ✓ Year | ✓ Venue | ○ ID

### Summary
This article was confirmed in Nature Climate Change with matching authors and year. The title, authors, publication year, and journal all matched exactly with the verified record.

### Details
A matching record was found with the exact title ""A meta-analysis of crop yield under climate change and adaptation."" All six authors corresponded exactly, including full names and initials. The year 2014 matched perfectly, as did the journal name Nature Climate Change. Although no identifier was provided in the citation, the verified record includes the DOI 10.1038/nclimate2153, confirming the match.

- https://doi.org/10.1038/nclimate2153",1.0,0.0
"Lipper, L., Thornton, P., Campbell, B. M., Baedeker, T., Braimoh, A., Bwalya, M., Caron, P., Cattaneo, A., Garrity, D., Henry, K., Hottle, R., Jackson, L., Jarvis, A., Kossam, F., Mann, W., McCarthy, N., Meybeck, A., Neufeldt, H., Remington, T., ... Torquebiau, E. F. (2014). Climate-smart agriculture for food security. *Nature Climate Change*, 4(12), 1068–1072.",Climate change adaptation in agriculture,deepseek_v4_pro_1600b_a49b,verified,"Lipper, L., Thornton, P. K., Campbell, B. M., Baedeker, T., Braimoh, A. K., Bwalya, M., Caron, P., Cattaneo, A., Garrity, D. P., Henry, K., Hottle, R., Jackson, L., Jarvis, A., Kossam, F., Mann, W. N., McCarthy, N., Meybeck, A., Neufeldt, H., Remington, T., ... Torquebiau, E. (2014). Climate-smart agriculture for food security. *Nature Climate Change*, 4(12), 1068–1072. https://doi.org/10.1038/nclimate2437",MATCH,CONTAINS,MATCH,MATCH,ABSENT,Climate-smart agriculture for food security,Leslie Lipper; Philip K. Thornton; Bruce Campbell; Tobias Baedeker; Ademola K. Braimoh; Martin Bwalya; Patrick Caron; Andrea Cattaneo; Dennis P. Garrity; Kevin Henry; Ryan Hottle; Louise Jackson; Andrew Jarvis; Fred Kossam; W. Neal Mann; Nancy McCarthy; A. Meybeck; Henry Neufeldt; Tom Remington; Pham Thi Sen; Reuben Sessa; Reynolds Shula; Austin Tibu; Emmanuel Torquebiau,2014,Nature Climate Change,10.1038/nclimate2437,https://doi.org/10.1038/nclimate2437,GOOGLE,3,0,1,1,0,Climate-smart agriculture for food security.,Climate-smart agriculture for food security,"Lipper, L.; Thornton, P.; Campbell, B. M.; Baedeker, T.; Braimoh, A.; Bwalya, M.; Caron, P.; Cattaneo, A.; Garrity, D.; Henry, K.; Hottle, R.; Jackson, L.; Jarvis, A.; Kossam, F.; Mann, W.; McCarthy, N.; Meybeck, A.; Neufeldt, H.; Remington, T.; Torquebiau, E. F.",Leslie Lipper; Philip K. Thornton; Bruce Campbell; Tobias Baedeker; Ademola K. Braimoh; Martin Bwalya; Patrick Caron; Andrea Cattaneo; Dennis P. Garrity; Kevin Henry; Ryan Hottle; Louise Jackson; Andrew Jarvis; Fred Kossam; W. Neal Mann; Nancy McCarthy; A. Meybeck; Henry Neufeldt; Tom Remington; Pham Thi Sen; Reuben Sessa; Reynolds Shula; Austin Tibu; Emmanuel Torquebiau,2014,2014,Nature Climate Change,Nature Climate Change,,10.1038/nclimate2437,1,1,1,GOOGLE,0,"✓ Title | ◐ Authors | ✓ Year | ✓ Venue | ○ ID

### Summary
This article was confirmed in Nature Climate Change with matching authors and year. The title ""Climate-smart agriculture for food security"" was exactly matched, and all cited authors were found within the verified author list.

### Details
A matching record was found with the exact title ""Climate-smart agriculture for food security"" published in 2014 in Nature Climate Change. The author list from the citation is fully contained within the verified author list, which also includes additional authors. The year 2014 and the journal name matched exactly. The article's DOI is 10.1038/nclimate2437.

- https://doi.org/10.1038/nclimate2437",0.867,0.133
"Arbuckle, J. G., Morton, L. W., & Hobbs, J. (2015). Understanding farmer perspectives on climate change adaptation and mitigation: The roles of trust in sources of climate information, climate change beliefs, and perceived risk. *Environment and Behavior*, 47(2), 205–234.",Climate change adaptation in agriculture,deepseek_v4_pro_1600b_a49b,verified,"Arbuckle, J. G., Jr., Morton, L. W., & Hobbs, J. (2015). Understanding farmer perspectives on climate change adaptation and mitigation: The roles of trust in sources of climate information, climate change beliefs, and perceived risk. *Environment and Behavior*. https://doi.org/10.1177/0013916513503832",MATCH,MATCH,MATCH,MATCH,ABSENT,"Understanding farmer perspectives on climate change adaptation and mitigation: The roles of trust in sources of climate information, climate change beliefs, and …",J G Arbuckle Jr; L W Morton; J Hobbs,2015,Environment and Behavior,10.1177/0013916513503832,https://journals.sagepub.com/doi/abs/10.1177/0013916513503832,GOOGLE,4,0,0,1,0,"Understanding farmer perspectives on climate change adaptation and mitigation: The roles of trust in sources of climate information, climate change beliefs, and perceived risk","Understanding farmer perspectives on climate change adaptation and mitigation: The roles of trust in sources of climate information, climate change beliefs, and …","Arbuckle, J. G.; Morton, L. W.; Hobbs, J.",J G Arbuckle Jr; L W Morton; J Hobbs,2015,2015,Environment and Behavior,Environment and Behavior,,10.1177/0013916513503832,1,1,1,GOOGLE,0,"✓ Title | ✓ Authors | ✓ Year | ✓ Venue | ○ ID

### Summary
This article was confirmed in the journal Environment and Behavior with matching authors and year. The title, authors, year, and journal all correspond exactly to the original reference.

### Details
A matching record was found with the title ""Understanding farmer perspectives on climate change adaptation and mitigation: The roles of trust in sources of climate information, climate change beliefs, and perceived risk"" confirmed despite truncation in the search result. All three authors (J. G. Arbuckle Jr, L. W. Morton, and J. Hobbs) were matched with consistent order and no additions or omissions. The year 2015 matched exactly, as did the journal name Environment and Behavior. Although no identifier was present in the original citation, a DOI (10.1177/0013916513503832) was found in the best potential match. The article is accessible via the publisher's site, though it may be behind a paywall.

- [SAGE Journals link](https://journals.sagepub.com/doi/abs/10.1177/0013916513503832)",1.0,0.0
"Zabel, F., Putzenlechner, B., & Mauser, W. (2021). Global agricultural land resources under climate change and adaptation. *Global Change Biology*, 27(12), 2859–2874.",Climate change adaptation in agriculture,deepseek_v4_pro_1600b_a49b,unverified,Reference could not be verified.,CONTRADICTION,MATCH,CONTRADICTION,CONTRADICTION,ABSENT,Global agricultural land resources–a high resolution suitability evaluation and its perspectives until 2100 under climate change conditions,F. Zabel; B. Putzenlechner; W. Mauser,2014,PloS one,10.1371/journal.pone.0107522,https://journals.plos.org/plosone/article?id=10.1371/journal.pone.0107522,GOOGLE,1,3,0,1,0,Global agricultural land resources under climate change and adaptation,Global agricultural land resources–a high resolution suitability evaluation and its perspectives until 2100 under climate change conditions,"Zabel, F.; Putzenlechner, B.; Mauser, W.",F. Zabel; B. Putzenlechner; W. Mauser,2021,2014,Global Change Biology,PloS one,,10.1371/journal.pone.0107522,0,0,1,GOOGLE,0,"✗ Title | ✓ Authors | ✗ Year | ✗ Venue | ○ ID

### Summary
No matching article could be found for the given reference. Although the authors are the same, the title, year, and journal differ significantly, indicating these are two distinct publications.

### Details
A matching record was found for an article by the same three authors, but it was published in 2014 in PLOS ONE with the title ""Global agricultural land resources–a high resolution suitability evaluation and its perspectives until 2100 under climate change conditions."" The provided reference cites a 2021 article in Global Change Biology titled ""Global agricultural land resources under climate change and adaptation,"" which does not match the found record. The year and journal differ, and the titles emphasize different scopes, confirming they are separate works.

- https://journals.plos.org/plosone/article?id=10.1371/journal.pone.0107522",0.0,1.0
"Lipper, L., Thornton, P., Campbell, B. M., Baedeker, T., Braimoh, A., Bwalya, M., Caron, P., Cattaneo, A., Garrity, D., Henry, K., Hottle, R., Jackson, L., Jarvis, A., Kossam, F., Mann, W., McCarthy, N., Meybeck, A., Neufeldt, H., Remington, T., … Torquebiau, E. F. (2014). Climate-smart agriculture for food security. *Nature Climate Change*, 4(12), 1068–1072.",Climate-smart agriculture for smallholder farmers,deepseek_v4_pro_1600b_a49b,verified,"Lipper, L., Thornton, P. K., Campbell, B. M., Baedeker, T., Braimoh, A. K., Bwalya, M., Caron, P., Cattaneo, A., Garrity, D. P., Henry, K., Hottle, R., Jackson, L., Jarvis, A., Kossam, F., Mann, W. N., McCarthy, N., Meybeck, A., Neufeldt, H., Remington, T., ... Torquebiau, E. F. (2014). Climate-smart agriculture for food security. *Nature Climate Change*, 4(12), 1068-1072. https://doi.org/10.1038/nclimate2437",MATCH,MATCH,MATCH,MATCH,ABSENT,Climate-smart agriculture for food security,Leslie Lipper; Philip K. Thornton; Bruce Campbell; Tobias Baedeker; Ademola K. Braimoh; Martin Bwalya; Patrick Caron; Andrea Cattaneo; Dennis P. Garrity; Kevin Henry; Ryan Hottle; Louise Jackson; Andrew Jarvis; Fred Kossam; W. Neal Mann; Nancy McCarthy; A. Meybeck; Henry Neufeldt; Tom Remington; Pham Thi Sen; Reuben Sessa; Reynolds Shula; Austin Tibu; Emmanuel Torquebiau,2014,Nature Climate Change,10.1038/nclimate2437,https://doi.org/10.1038/nclimate2437,GOOGLE,4,0,0,1,0,Climate-smart agriculture for food security,Climate-smart agriculture for food security,"Lipper, L.; Thornton, P.; Campbell, B. M.; Baedeker, T.; Braimoh, A.; Bwalya, M.; Caron, P.; Cattaneo, A.; Garrity, D.; Henry, K.; Hottle, R.; Jackson, L.; Jarvis, A.; Kossam, F.; Mann, W.; McCarthy, N.; Meybeck, A.; Neufeldt, H.; Remington, T.; …; Torquebiau, E. F.",Leslie Lipper; Philip K. Thornton; Bruce Campbell; Tobias Baedeker; Ademola K. Braimoh; Martin Bwalya; Patrick Caron; Andrea Cattaneo; Dennis P. Garrity; Kevin Henry; Ryan Hottle; Louise Jackson; Andrew Jarvis; Fred Kossam; W. Neal Mann; Nancy McCarthy; A. Meybeck; Henry Neufeldt; Tom Remington; Pham Thi Sen; Reuben Sessa; Reynolds Shula; Austin Tibu; Emmanuel Torquebiau,2014,2014,Nature Climate Change,Nature Climate Change,,10.1038/nclimate2437,1,1,1,GOOGLE,0,"✓ Title | ✓ Authors | ✓ Year | ✓ Venue | ○ ID

### Summary
This article was confirmed in Nature Climate Change with matching authors and year. The title ""Climate-smart agriculture for food security"" was exactly matched, and the list of authors corresponds well despite some abbreviation and truncation in the citation.

### Details
A matching record was found with the exact title ""Climate-smart agriculture for food security"" published in 2014 in Nature Climate Change. The authors listed in the citation match those in the evidence, accounting for initials and truncation. The year 2014 and journal name also matched exactly. No DOI was provided in the citation, but the evidence includes the DOI 10.1038/nclimate2437.

- https://doi.org/10.1038/nclimate2437",1.0,0.0
"Aggarwal, P. K., Jarvis, A., Campbell, B. M., Zougmoré, R., Khatri-Chhetri, A., Vermeulen, S. J., Loboguerrero, A. M., Sebastian, L. S., Kinyangi, J., Bonilla-Findji, O., Radeny, M., Recha, J., Martinez-Baron, D., Ramirez-Villegas, J., Huyer, S., Thornton, P., Wollenberg, E., Hansen, J., Alvarez-Toro, P., … Yen, B. T. (2018). The climate-smart village approach: Framework of an integrative strategy for scaling up adaptation options in agriculture. *Ecology and Society*, 23(1), 14.",Climate-smart agriculture for smallholder farmers,deepseek_v4_pro_1600b_a49b,verified,"Aggarwal, P., Jarvis, A., Campbell, B., Zougmoré, R. B., Khatri-Chhetri, A., Vermeulen, S., Loboguerrero, A. M., Sebastian, L. S., Kinyangi, J., Bonilla-Findji, O., Radeny, M., Recha, J., Martínez-Barón, D., Ramírez-Villegas, J., Huyer, S., Thornton, P. K., Wollenberg, E., Hansen, J., Alvarez-Toro, P., ... Yen, B. T. (2018). The climate-smart village approach: framework of an integrative strategy for scaling up adaptation options in agriculture. *Ecology and Society*, 23(1), 14. https://doi.org/10.5751/es-09844-230114",MATCH,CONTAINS,MATCH,MATCH,ABSENT,The climate-smart village approach: framework of an integrative strategy for scaling up adaptation options in agriculture,Pramod Aggarwal; Andy Jarvis; Bruce Campbell; Robert B. Zougmoré; Arun Khatri‐Chhetri; Sonja Vermeulen; Ana María Loboguerrero; Leocadio S. Sebastian; James Kinyangi; Osana Bonilla‐Findji; Maren Radeny; John Recha; Deissy Martínez- Barón; Julián Ramírez-Villegas; Sophia Huyer; Philip K. Thornton; Eva Wollenberg; James Hansen; Patricia Alvarez-Toro; Andrés Aguilar-Ariza; David Arango-Londoño; Victor Patiño-Bravo; Ovidio Rivera; Mathieu Ouédraogo; Bui Tan Yen,2018,Ecology and Society,10.5751/es-09844-230114,https://doi.org/10.5751/es-09844-230114,GOOGLE,3,0,1,1,0,The climate-smart village approach: Framework of an integrative strategy for scaling up adaptation options in agriculture,The climate-smart village approach: framework of an integrative strategy for scaling up adaptation options in agriculture,"Aggarwal, P. K.; Jarvis, A.; Campbell, B. M.; Zougmoré, R.; Khatri-Chhetri, A.; Vermeulen, S. J.; Loboguerrero, A. M.; Sebastian, L. S.; Kinyangi, J.; Bonilla-Findji, O.; Radeny, M.; Recha, J.; Martinez-Baron, D.; Ramirez-Villegas, J.; Huyer, S.; Thornton, P.; Wollenberg, E.; Hansen, J.; Alvarez-Toro, P.; Yen, B. T.",Pramod Aggarwal; Andy Jarvis; Bruce Campbell; Robert B. Zougmoré; Arun Khatri‐Chhetri; Sonja Vermeulen; Ana María Loboguerrero; Leocadio S. Sebastian; James Kinyangi; Osana Bonilla‐Findji; Maren Radeny; John Recha; Deissy Martínez- Barón; Julián Ramírez-Villegas; Sophia Huyer; Philip K. Thornton; Eva Wollenberg; James Hansen; Patricia Alvarez-Toro; Andrés Aguilar-Ariza; David Arango-Londoño; Victor Patiño-Bravo; Ovidio Rivera; Mathieu Ouédraogo; Bui Tan Yen,2018,2018,Ecology and Society,Ecology and Society,,10.5751/es-09844-230114,1,1,1,GOOGLE,0,"✓ Title | ◐ Authors | ✓ Year | ✓ Venue | ○ ID

### Summary
This article was confirmed in the journal Ecology and Society with matching title, authors, and year. The title ""The climate-smart village approach: framework of an integrative strategy for scaling up adaptation options in agriculture"" was exactly matched, and all cited authors were found within the verified author list.

### Details
A matching record was found with the exact title and year 2018. The journal name Ecology and Society also matched exactly. All authors listed in the citation appear in the verified record, which includes additional authors beyond those cited. No identifier was provided in the original citation, but the verified record includes a DOI: 10.5751/es-09844-230114.

- https://doi.org/10.5751/es-09844-230114",0.867,0.133
"Mutenje, M. J., Farnworth, C. R., Stirling, C., Thierfelder, C., Mupangwa, W., & Nyagumbo, I. (2019). A cost-benefit analysis of climate-smart agriculture options in Southern Africa: Balancing gender and technology. *Ecological Economics*, 163, 126–137.",Climate-smart agriculture for smallholder farmers,deepseek_v4_pro_1600b_a49b,verified,"Mutenje, M., Farnworth, C. R., Stirling, C., Thierfelder, C., Mupangwa, W., & Nyagumbo, I. (2019). A cost-benefit analysis of climate-smart agriculture options in Southern Africa: Balancing gender and technology. *Ecological Economics*, 163, 126-137. https://doi.org/10.1016/j.ecolecon.2019.05.013",MATCH,MATCH,MATCH,MATCH,ABSENT,A cost-benefit analysis of climate-smart agriculture options in Southern Africa: Balancing gender and technology,Munyaradzi Mutenje; Cathy Rozel Farnworth; Clare Stirling; Christian Thierfelder; Walter Mupangwa; Isaiah Nyagumbo,2019,Ecological Economics,10.1016/j.ecolecon.2019.05.013,https://doi.org/10.1016/j.ecolecon.2019.05.013,GOOGLE,4,0,0,1,0,A cost-benefit analysis of climate-smart agriculture options in Southern Africa: Balancing gender and technology.,A cost-benefit analysis of climate-smart agriculture options in Southern Africa: Balancing gender and technology,"Mutenje, M. J.; Farnworth, C. R.; Stirling, C.; Thierfelder, C.; Mupangwa, W.; Nyagumbo, I.",Munyaradzi Mutenje; Cathy Rozel Farnworth; Clare Stirling; Christian Thierfelder; Walter Mupangwa; Isaiah Nyagumbo,2019,2019,Ecological Economics,Ecological Economics,,10.1016/j.ecolecon.2019.05.013,1,1,1,GOOGLE,0,"✓ Title | ✓ Authors | ✓ Year | ✓ Venue | ○ ID

### Summary
This article was confirmed in the journal Ecological Economics with matching authors, title, and year. All six authors were found to correspond exactly, and the publication details align perfectly.

### Details
A matching record was found with the exact title ""A cost-benefit analysis of climate-smart agriculture options in Southern Africa: Balancing gender and technology."" The six authors Munyaradzi Mutenje, Cathy Rozel Farnworth, Clare Stirling, Christian Thierfelder, Walter Mupangwa, and Isaiah Nyagumbo were all confirmed. The year 2019 and the journal Ecological Economics matched exactly. The article's volume (163) and page range (126-137) also correspond. The DOI 10.1016/j.ecolecon.2019.05.013 provides a direct link to the source.

- https://doi.org/10.1016/j.ecolecon.2019.05.013",1.0,0.0
"Chandra, A., McNamara, K. E., & Dargusch, P. (2018). Climate-smart agriculture: Perspectives and framings. *Climate Policy*, 18(4), 526–541.",Climate-smart agriculture for smallholder farmers,deepseek_v4_pro_1600b_a49b,verified,"Chandra, A., McNamara, K. E., & Dargusch, P. (2017). Climate-smart agriculture: perspectives and framings. *Climate Policy*, 18(4), 526-541. https://doi.org/10.1080/14693062.2017.1316968",MATCH,MATCH,CONTAINS,MATCH,ABSENT,Climate-smart agriculture: perspectives and framings,Alvin Chandra; Karen E. McNamara; Paul Dargusch,2017,Climate Policy,10.1080/14693062.2017.1316968,https://doi.org/10.1080/14693062.2017.1316968,GOOGLE,3,0,1,1,0,Climate-smart agriculture: Perspectives and framings,Climate-smart agriculture: perspectives and framings,"Chandra, A.; McNamara, K. E.; Dargusch, P.",Alvin Chandra; Karen E. McNamara; Paul Dargusch,2018,2017,Climate Policy,Climate Policy,,10.1080/14693062.2017.1316968,1,1,1,GOOGLE,0,"✓ Title | ✓ Authors | ◐ Year | ✓ Venue | ○ ID

### Summary
This article was confirmed in the journal Climate Policy with matching authors Alvin Chandra, Karen E. McNamara, and Paul Dargusch. The title matched exactly, and the publication venue was also confirmed, though the year found was 2017 instead of 2018.

### Details
A matching record was found with the exact title ""Climate-smart agriculture: perspectives and framings"" and the same three authors. The journal Climate Policy was confirmed as the publication venue. The year in the evidence was 2017, which is one year earlier than the cited 2018, but this minor discrepancy does not affect the overall match. No DOI was provided in the original citation, but the evidence includes the DOI 10.1080/14693062.2017.1316968.

- [DOI link](https://doi.org/10.1080/14693062.2017.1316968)",0.9,0.1
"Zougmoré, R. B., Partey, S. T., Ouédraogo, M., Torquebiau, E., & Campbell, B. M. (2018). Facing climate variability in sub-Saharan Africa: Analysis of climate-smart agriculture opportunities to manage climate-related risks. *Cahiers Agricultures*, 27(3), 34001.",Climate-smart agriculture for smallholder farmers,deepseek_v4_pro_1600b_a49b,verified,"Zougmoré, R. B., Partey, S. T., Ouédraogo, M., Torquebiau, E., & Campbell, B. M. (2018). Facing climate variability in sub-Saharan Africa: Analysis of climate-smart agriculture opportunities to manage climate-related risks. *Cahiers Agricultures*, 27(3), 34001. https://doi.org/10.1051/cagri/2018019",MATCH,MATCH,MATCH,MATCH,ABSENT,Facing climate variability in sub-Saharan Africa: analysis of climate-smart agriculture opportunities to manage climate-related risks,Robert B. Zougmoré; Samuel T. Partey; Mathieu Ouédraogo; Emmanuel Torquebiau; Bruce Campbell,2018,Cahiers Agricultures,10.1051/cagri/2018019,https://doi.org/10.1051/cagri/2018019,GOOGLE,4,0,0,1,0,Facing climate variability in sub-Saharan Africa: Analysis of climate-smart agriculture opportunities to manage climate-related risks,Facing climate variability in sub-Saharan Africa: analysis of climate-smart agriculture opportunities to manage climate-related risks,"Zougmoré, R. B.; Partey, S. T.; Ouédraogo, M.; Torquebiau, E.; Campbell, B. M.",Robert B. Zougmoré; Samuel T. Partey; Mathieu Ouédraogo; Emmanuel Torquebiau; Bruce Campbell,2018,2018,Cahiers Agricultures,Cahiers Agricultures,,10.1051/cagri/2018019,1,1,1,GOOGLE,0,"✓ Title | ✓ Authors | ✓ Year | ✓ Venue | ○ ID

### Summary
This article was confirmed in Cahiers Agricultures with matching authors and year. The title ""Facing climate variability in sub-Saharan Africa: Analysis of climate-smart agriculture opportunities to manage climate-related risks"" was exactly matched, and all five authors corresponded correctly.

### Details
A matching record was found with the exact title and year 2018. The authors Robert B. Zougmoré, Samuel T. Partey, Mathieu Ouédraogo, Emmanuel Torquebiau, and Bruce Campbell were all identified, matching the citation. The journal Cahiers Agricultures was confirmed as the publication venue. Although no identifier was present in the original citation, the article has a DOI: 10.1051/cagri/2018019.

- https://doi.org/10.1051/cagri/2018019",1.0,0.0
"Khatri-Chhetri, A., Aggarwal, P. K., Joshi, P. K., & Vyas, S. (2017). Farmers' prioritization of climate-smart agriculture (CSA) technologies. *Agricultural Systems*, 151, 184–191.",Climate-smart agriculture for smallholder farmers,deepseek_v4_pro_1600b_a49b,verified,"Khatri-Chhetri, A., Aggarwal, P., Joshi, P. K., & Vyas, S. (2016). Farmers' prioritization of climate-smart agriculture (CSA) technologies. *Agricultural Systems*, *151*, 184-191. https://doi.org/10.1016/j.agsy.2016.10.005",MATCH,MATCH,CONTAINS,MATCH,ABSENT,Farmers' prioritization of climate-smart agriculture (CSA) technologies,Arun Khatri‐Chhetri; Pramila Aggarwal; P. K. Joshi; Shalika Vyas,2016,Agricultural Systems,10.1016/j.agsy.2016.10.005,https://doi.org/10.1016/j.agsy.2016.10.005,GOOGLE,3,0,1,1,0,Farmers' prioritization of climate-smart agriculture (CSA) technologies.,Farmers' prioritization of climate-smart agriculture (CSA) technologies,"Khatri-Chhetri, A.; Aggarwal, P. K.; Joshi, P. K.; Vyas, S.",Arun Khatri‐Chhetri; Pramila Aggarwal; P. K. Joshi; Shalika Vyas,2017,2016,Agricultural Systems,Agricultural Systems,,10.1016/j.agsy.2016.10.005,1,1,1,GOOGLE,0,"✓ Title | ✓ Authors | ◐ Year | ✓ Venue | ○ ID

### Summary
This article was confirmed in Agricultural Systems with matching title, authors, and journal. The authors listed correspond exactly, and the title matches perfectly, though the publication year differs slightly by one year (2017 cited vs. 2016 found).

### Details
A matching record was found with the exact title ""Farmers' prioritization of climate-smart agriculture (CSA) technologies"" published in Agricultural Systems. The four authors—Arun Khatri-Chhetri, Pramila Aggarwal, P. K. Joshi, and Shalika Vyas—match the citation, with only minor differences in name formatting. The year in the citation is 2017, while the evidence shows 2016, which is a minor discrepancy. The article appears in volume 151, pages 184-191, and is published by Elsevier BV. The DOI link is https://doi.org/10.1016/j.agsy.2016.10.005.

- https://doi.org/10.1016/j.agsy.2016.10.005",0.9,0.1
"Makate, C., Makate, M., Mango, N., & Siziba, S. (2019). Increasing resilience of smallholder farmers to climate change through multiple adoption of proven climate-smart agriculture innovations: Lessons from Southern Africa. *Journal of Environmental Management*, 231, 858–868.",Climate-smart agriculture for smallholder farmers,deepseek_v4_pro_1600b_a49b,verified,"Makate, C., Makate, M., Mango, N., & Siziba, S. (2018). Increasing resilience of smallholder farmers to climate change through multiple adoption of proven climate-smart agriculture innovations. *Journal of Environmental Management*, *231*, 858-868. https://doi.org/10.1016/j.jenvman.2018.10.069",MATCH,MATCH,CONTAINS,MATCH,ABSENT,Increasing resilience of smallholder farmers to climate change through multiple adoption of proven climate-smart agriculture innovations. Lessons from Southern Africa,Clifton Makate; Marshall Makate; Nelson Mango; Shephard Siziba,2018,Journal of Environmental Management,10.1016/j.jenvman.2018.10.069,https://doi.org/10.1016/j.jenvman.2018.10.069,GOOGLE,3,0,1,1,0,Increasing resilience of smallholder farmers to climate change through multiple adoption of proven climate-smart agriculture innovations: Lessons from Southern Africa,Increasing resilience of smallholder farmers to climate change through multiple adoption of proven climate-smart agriculture innovations. Lessons from Southern Africa,"Makate, C.; Makate, M.; Mango, N.; Siziba, S.",Clifton Makate; Marshall Makate; Nelson Mango; Shephard Siziba,2019,2018,Journal of Environmental Management,Journal of Environmental Management,,10.1016/j.jenvman.2018.10.069,1,1,1,GOOGLE,0,"✓ Title | ✓ Authors | ◐ Year | ✓ Venue | ○ ID

### Summary
This article was confirmed in the Journal of Environmental Management with matching authors and title. The publication year differs slightly, with the citation listing 2019 and the evidence showing 2018, but this minor discrepancy does not affect the overall match.

### Details
A matching record was found with the exact title ""Increasing resilience of smallholder farmers to climate change through multiple adoption of proven climate-smart agriculture innovations. Lessons from Southern Africa"". The four authors—Clifton Makate, Marshall Makate, Nelson Mango, and Shephard Siziba—correspond exactly to those in the citation. The journal name ""Journal of Environmental Management"" and volume 231 also match perfectly. The year in the evidence is 2018, which is within one year of the cited 2019, explaining the slight difference. No identifier was provided in the citation.

- [DOI link](https://doi.org/10.1016/j.jenvman.2018.10.069)",0.9,0.1
"Westermann, O., Förch, W., Thornton, P., Körner, J., Cramer, L., & Campbell, B. (2018). Scaling up agricultural interventions: Case studies of climate-smart agriculture. *Agricultural Systems*, 165, 283–293.",Climate-smart agriculture for smallholder farmers,deepseek_v4_pro_1600b_a49b,verified,"Westermann, O., Förch, W., Thornton, P. K., Körner, J., Cramer, L., & Campbell, B. (2018). Scaling up agricultural interventions: Case studies of climate-smart agriculture. *Agricultural Systems*, 165, 283-293. https://doi.org/10.1016/j.agsy.2018.07.007",MATCH,MATCH,MATCH,MATCH,ABSENT,Scaling up agricultural interventions: Case studies of climate-smart agriculture,Olaf Westermann; Wiebke Förch; Philip K. Thornton; Jana Körner; Laura Cramer; Bruce Campbell,2018,Agricultural Systems,10.1016/j.agsy.2018.07.007,https://doi.org/10.1016/j.agsy.2018.07.007,GOOGLE,4,0,0,1,0,Scaling up agricultural interventions: Case studies of climate-smart agriculture.,Scaling up agricultural interventions: Case studies of climate-smart agriculture,"Westermann, O.; Förch, W.; Thornton, P.; Körner, J.; Cramer, L.; Campbell, B.",Olaf Westermann; Wiebke Förch; Philip K. Thornton; Jana Körner; Laura Cramer; Bruce Campbell,2018,2018,Agricultural Systems,Agricultural Systems,,10.1016/j.agsy.2018.07.007,1,1,1,GOOGLE,1,"✓ Title | ✓ Authors | ✓ Year | ✓ Venue | ○ ID

### Summary
This article was confirmed in the journal Agricultural Systems with matching authors and year. The title ""Scaling up agricultural interventions: Case studies of climate-smart agriculture"" was exactly matched, and all six authors correspond one-to-one with the citation.

### Details
A matching record was found with the exact title and year 2018. The authors Olaf Westermann, Wiebke Förch, Philip K. Thornton, Jana Körner, Laura Cramer, and Bruce Campbell were all confirmed. The journal Agricultural Systems and the page range 283-293 also matched exactly. The article's DOI is 10.1016/j.agsy.2018.07.007, providing a direct link to the source.

- https://doi.org/10.1016/j.agsy.2018.07.007",1.0,0.0
"Mbow, C., Van Noordwijk, M., Luedeling, E., Neufeldt, H., Minang, P. A., & Kowero, G. (2014). Agroforestry solutions to address food security and climate change challenges in Africa. *Current Opinion in Environmental Sustainability*, 6, 61–67.",Climate-smart agriculture for smallholder farmers,deepseek_v4_pro_1600b_a49b,verified,"Mbow, C., van Noordwijk, M., Luedeling, E., Neufeldt, H., Minang, P. A., & Kowero, G. S. (2013). Agroforestry solutions to address food security and climate change challenges in Africa. *Current Opinion in Environmental Sustainability*, *6*, 61-67. https://doi.org/10.1016/j.cosust.2013.10.014",MATCH,MATCH,CONTAINS,MATCH,ABSENT,Agroforestry solutions to address food security and climate change challenges in Africa,Cheikh Mbow; Meine van Noordwijk; Eike Luedeling; Henry Neufeldt; Peter A. Minang; G.S. Kowero,2013,Current Opinion in Environmental Sustainability,10.1016/j.cosust.2013.10.014,https://doi.org/10.1016/j.cosust.2013.10.014,GOOGLE,3,0,1,1,0,Agroforestry solutions to address food security and climate change challenges in Africa.,Agroforestry solutions to address food security and climate change challenges in Africa,"Mbow, C.; Van Noordwijk, M.; Luedeling, E.; Neufeldt, H.; Minang, P. A.; Kowero, G.",Cheikh Mbow; Meine van Noordwijk; Eike Luedeling; Henry Neufeldt; Peter A. Minang; G.S. Kowero,2014,2013,Current Opinion in Environmental Sustainability,Current Opinion in Environmental Sustainability,,10.1016/j.cosust.2013.10.014,1,1,1,GOOGLE,0,"✓ Title | ✓ Authors | ◐ Year | ✓ Venue | ○ ID

### Summary
This article was confirmed in the journal Current Opinion in Environmental Sustainability with matching authors and year. The title and journal name matched exactly, and all six authors were identified despite minor differences in name formatting.

### Details
A matching record was found with the exact title ""Agroforestry solutions to address food security and climate change challenges in Africa"". The six authors listed in the citation correspond to the six authors in the evidence, with initials in the citation and full names in the evidence. The year in the citation is 2014, while the evidence shows 2013, which is within an acceptable range. The journal name matched exactly. No identifier was present in the citation, but the evidence includes a DOI: 10.1016/j.cosust.2013.10.014.

- https://doi.org/10.1016/j.cosust.2013.10.014",0.9,0.1
"Arslan, A., McCarthy, N., Lipper, L., Asfaw, S., & Cattaneo, A. (2014). Adoption and intensity of adoption of conservation farming practices in Zambia. *Agriculture, Ecosystems & Environment*, 187, 72–86.",Climate-smart agriculture for smallholder farmers,deepseek_v4_pro_1600b_a49b,verified,"Arslan, A., McCarthy, N., Lipper, L., Asfaw, S., & Cattaneo, A. (2013). Adoption and intensity of adoption of conservation farming practices in Zambia. *Agriculture, Ecosystems & Environment*, 187, 72–86. https://doi.org/10.1016/j.agee.2013.08.017",MATCH,MATCH,CONTAINS,MATCH,ABSENT,Adoption and intensity of adoption of conservation farming practices in Zambia,Aslıhan Arslan; Nancy McCarthy; Leslie Lipper; Solomon Asfaw; Andrea Cattaneo,2013,Agriculture Ecosystems & Environment,10.1016/j.agee.2013.08.017,https://doi.org/10.1016/j.agee.2013.08.017,GOOGLE,3,0,1,1,0,Adoption and intensity of adoption of conservation farming practices in Zambia,Adoption and intensity of adoption of conservation farming practices in Zambia,"Arslan, A.; McCarthy, N.; Lipper, L.; Asfaw, S.; Cattaneo, A.",Aslıhan Arslan; Nancy McCarthy; Leslie Lipper; Solomon Asfaw; Andrea Cattaneo,2014,2013,"Agriculture, Ecosystems & Environment",Agriculture Ecosystems & Environment,,10.1016/j.agee.2013.08.017,1,1,1,GOOGLE,0,"✓ Title | ✓ Authors | ◐ Year | ✓ Venue | ○ ID

### Summary
This article was confirmed in the journal Agriculture, Ecosystems & Environment with matching authors and year. The title ""Adoption and intensity of adoption of conservation farming practices in Zambia"" was exactly matched, and all five authors were found with consistent names.

### Details
A matching record was found with the exact title and the same five authors, although the citation used initials while the evidence had full names. The year in the citation is 2014, while the evidence shows 2013, which is within an acceptable range for verification. The journal name matches exactly, and the article details including volume and pages correspond. The DOI 10.1016/j.agee.2013.08.017 confirms the source.

- https://doi.org/10.1016/j.agee.2013.08.017",0.9,0.1
"Downs, A. (1957). An economic theory of political action in a democracy. *Journal of Political Economy*, 65(2), 135–150.",Democratic elections,deepseek_v4_pro_1600b_a49b,verified,"Downs, A. J. (1957). An economic theory of political action in a democracy. *Journal of Political Economy*, 65(2), 135-150. https://doi.org/10.1086/257897",MATCH,MATCH,MATCH,MATCH,ABSENT,An Economic Theory of Political Action in a Democracy,Anthony J. Downs,1957,Journal of Political Economy,10.1086/257897,https://doi.org/10.1086/257897,GOOGLE,4,0,0,1,0,An economic theory of political action in a democracy,An Economic Theory of Political Action in a Democracy,"Downs, A.",Anthony J. Downs,1957,1957,Journal of Political Economy,Journal of Political Economy,,10.1086/257897,1,1,1,GOOGLE,0,"✓ Title | ✓ Authors | ✓ Year | ✓ Venue | ○ ID

### Summary
This article was confirmed in the Journal of Political Economy with matching authors and year. The title ""An Economic Theory of Political Action in a Democracy"" and the journal name matched exactly, and the author Anthony J. Downs corresponds to the cited Downs, A.

### Details
A matching record was found with the exact title and year 1957. The author listed as Anthony J. Downs matches the citation author Downs, A., confirming they are the same person. The journal name ""Journal of Political Economy"" also matched exactly. The article details include volume 65, issue 2, pages 135-150, and a DOI link https://doi.org/10.1086/257897.

- https://doi.org/10.1086/257897",1.0,0.0
"Fearon, J. D. (1999). Electoral accountability and the control of politicians: Selecting good types versus sanctioning poor performance. In A. Przeworski, S. C. Stokes, & B. Manin (Eds.), *Democracy, accountability, and representation* (pp. 55–97). Cambridge University Press.",Democratic elections,deepseek_v4_pro_1600b_a49b,verified,"Fearon, J. D. (1999). *Electoral accountability and the control of politicians: Selecting good types versus sanctioning poor performance* (pp. 55–97). Cambridge University Press. https://doi.org/10.1017/cbo9781139175104.003",MATCH,MATCH,MATCH,MATCH,ABSENT,Electoral Accountability and the Control of Politicians: Selecting Good Types versus Sanctioning Poor Performance,James D. Fearon,1999,Cambridge University Press,10.1017/cbo9781139175104.003,https://doi.org/10.1017/cbo9781139175104.003,GOOGLE,4,0,0,1,0,Electoral accountability and the control of politicians: Selecting good types versus sanctioning poor performance,Electoral Accountability and the Control of Politicians: Selecting Good Types versus Sanctioning Poor Performance,"Fearon, J. D.",James D. Fearon,1999,1999,Cambridge University Press,Cambridge University Press,,10.1017/cbo9781139175104.003,1,1,1,GOOGLE,0,"✓ Title | ✓ Authors | ✓ Year | ✓ Venue | ○ ID

### Summary
This book chapter by James D. Fearon was confirmed in Cambridge University Press with matching title, author, and year. The exact title ""Electoral Accountability and the Control of Politicians: Selecting Good Types versus Sanctioning Poor Performance"" and the year 1999 were verified.

### Details
A matching record was found with the exact title and author name (James D. Fearon) corresponding to the citation. The year 1999 matched exactly, and the publisher Cambridge University Press was confirmed. Although no identifier was provided in the citation, the DOI 10.1017/cbo9781139175104.003 was found for this chapter, supporting the verification.

- https://doi.org/10.1017/cbo9781139175104.003",1.0,0.0
"Ferejohn, J. (1986). Incumbent performance and electoral control. *Public Choice*, 50(1), 5–25.",Democratic elections,deepseek_v4_pro_1600b_a49b,verified,"Ferejohn, J. (1986). Incumbent performance and electoral control. *Public Choice*, 50(1-3), 5-25. https://doi.org/10.1007/bf00124924",MATCH,MATCH,MATCH,MATCH,ABSENT,Incumbent performance and electoral control,John Ferejohn,1986,Public Choice,10.1007/bf00124924,https://doi.org/10.1007/bf00124924,GOOGLE,4,0,0,1,0,Incumbent performance and electoral control,Incumbent performance and electoral control,"Ferejohn, J.",John Ferejohn,1986,1986,Public Choice,Public Choice,,10.1007/bf00124924,1,1,1,GOOGLE,0,"✓ Title | ✓ Authors | ✓ Year | ✓ Venue | ○ ID

### Summary
This article was confirmed in the journal Public Choice with matching authors and year. The title ""Incumbent performance and electoral control"" and the author John Ferejohn were exactly matched, along with the publication year 1986 and the journal name.

### Details
A matching record was found with the exact title ""Incumbent performance and electoral control"" published in Public Choice in 1986. The author listed as J. Ferejohn in the citation corresponds to John Ferejohn in the evidence. The volume and issue details also align, and the article is accessible via DOI 10.1007/bf00124924.

- https://doi.org/10.1007/bf00124924",1.0,0.0
"Gerber, A. S., & Green, D. P. (2000). The effects of canvassing, telephone calls, and direct mail on voter turnout: A field experiment. *American Political Science Review*, 94(3), 653–663.",Democratic elections,deepseek_v4_pro_1600b_a49b,verified,"Gerber, A. S., & Green, D. P. (2000). The effects of canvassing, telephone calls, and direct mail on voter turnout: A field experiment. *American Political Science Review*, 94(3), 653-663. https://doi.org/10.2307/2585837",MATCH,MATCH,MATCH,MATCH,ABSENT,"The Effects of Canvassing, Telephone Calls, and Direct Mail on Voter Turnout: A Field Experiment",Alan S. Gerber; Donald P. Green,2000,American Political Science Review,10.2307/2585837,https://doi.org/10.2307/2585837,GOOGLE,4,0,0,1,0,"The effects of canvassing, telephone calls, and direct mail on voter turnout: A field experiment","The Effects of Canvassing, Telephone Calls, and Direct Mail on Voter Turnout: A Field Experiment","Gerber, A. S.; Green, D. P.",Alan S. Gerber; Donald P. Green,2000,2000,American Political Science Review,American Political Science Review,,10.2307/2585837,1,1,1,GOOGLE,0,"✓ Title | ✓ Authors | ✓ Year | ✓ Venue | ○ ID

### Summary
This article was confirmed in the American Political Science Review with matching authors Alan S. Gerber and Donald P. Green, the year 2000, and the exact title ""The Effects of Canvassing, Telephone Calls, and Direct Mail on Voter Turnout: A Field Experiment.""

### Details
A matching record was found with the exact title and author names corresponding to the citation. The year 2000 matched exactly, and the article was published in the American Political Science Review. The DOI 10.2307/2585837 and URL https://doi.org/10.2307/2585837 provide direct access to the verified article.

- https://doi.org/10.2307/2585837",1.0,0.0
"Grofman, B., & Lijphart, A. (Eds.). (1986). *Electoral laws and their political consequences*. Agathon Press.",Democratic elections,deepseek_v4_pro_1600b_a49b,verified-with-error,"Grofman, B., & Lijphart, A. (Eds.). (1986). *Electoral Laws and Their Political Consequences*. Algora Publishing. https://play.google.com/store/books/details?id=gKBMBAAAQBAJ&source=gbs_api",MATCH,MATCH,MATCH,CONTRADICTION,ABSENT,Electoral Laws and Their Political Consequences,Bernard Grofman; Arend Lijphart,1986,Algora Publishing,,https://play.google.com/store/books/details?id=gKBMBAAAQBAJ&source=gbs_api,GOOGLE,3,1,0,1,0,Electoral laws and their political consequences,Electoral Laws and Their Political Consequences,"Grofman, B.; Lijphart, A.",Bernard Grofman; Arend Lijphart,1986,1986,Agathon Press,Algora Publishing,,https://play.google.com/store/books/details?id=gKBMBAAAQBAJ&source=gbs_api,0,0,1,GOOGLE,0,"✓ Title | ✓ Authors | ✓ Year | ✗ Venue | ○ ID

### Summary
This book was confirmed with the title ""Electoral Laws and Their Political Consequences"" and the editors Bernard Grofman and Arend Lijphart from the year 1986. However, there is a minor discrepancy in the publisher name: the citation lists Agathon Press, but the verified source shows Algora Publishing.

### Details
A matching record was found with the exact title and year 1986. The authors/editors match exactly, with the citation using initials and the source listing full names. The main difference is in the publisher: the citation states Agathon Press, while the evidence from Google Books shows Algora Publishing as the publisher. No DOI or other identifier was present in the citation.

- https://play.google.com/store/books/details?id=gKBMBAAAQBAJ&source=gbs_api",0.6,0.4
"Huntington, S. P. (1991). *The third wave: Democratization in the late twentieth century*. University of Oklahoma Press.",Democratic elections,deepseek_v4_pro_1600b_a49b,verified-with-error,"Huntington, S. P. (2012). *The Third Wave: Democratization in the Late 20th Century*. University of Oklahoma Press. https://play.google.com/store/books/details?id=IMjyTFG04JYC&source=gbs_api",MATCH,MATCH,UNCONFIRMED,UNCONFIRMED,ABSENT,The Third Wave: Democratization in the Late 20th Century,Samuel P. Huntington,2012,,,https://play.google.com/store/books/details?id=IMjyTFG04JYC&source=gbs_api,GOOGLE,2,0,0,1,2,The third wave: Democratization in the late twentieth century,The Third Wave: Democratization in the Late 20th Century,"Huntington, S. P.",Samuel P. Huntington,1991,2012,University of Oklahoma Press,,,https://play.google.com/store/books/details?id=IMjyTFG04JYC&source=gbs_api,0,0,1,GOOGLE,0,"✓ Title | ✓ Authors | ? Year | ? Venue | ○ ID

### Summary
This book was confirmed with the matching title ""The Third Wave: Democratization in the Late Twentieth Century"" and author Samuel P. Huntington. However, the year 1991 and the publisher ""University of Oklahoma Press"" as cited could not be fully confirmed because the available record shows a 2012 edition from the same publisher.

### Details
A matching record was found with the exact title and author, confirming the core reference. The author name matches as Samuel P. Huntington, consistent with the citation's initials. The year differs, with the found edition published in 2012 rather than 1991, suggesting this may be a later edition of the same book. The publisher ""University of Oklahoma Press"" is consistent but not fully confirmed for the 1991 edition. No unique identifier like a DOI was available to confirm the exact edition cited.

- [Google Books: The Third Wave (2012)](https://play.google.com/store/books/details?id=IMjyTFG04JYC&source=gbs_api)",0.6,0.4
"Norris, P. (2004). *Electoral engineering: Voting rules and political behavior*. Cambridge University Press.",Democratic elections,deepseek_v4_pro_1600b_a49b,verified,"Norris, P. (2004). *Electoral engineering: Voting rules and political behavior*. Cambridge University Press. https://books.google.com/books/about/Electoral_Engineering.html?hl=it&id=ve4vY9ZosRMC",MATCH,MATCH,MATCH,MATCH,ABSENT,Electoral Engineering: Voting Rules and Political Behavior,Pippa Norris,2004,Cambridge University Press,,https://books.google.com/books/about/Electoral_Engineering.html?hl=it&id=ve4vY9ZosRMC,GOOGLE,4,0,0,1,0,Electoral engineering: Voting rules and political behavior,Electoral Engineering: Voting Rules and Political Behavior,"Norris, P.",Pippa Norris,2004,2004,Cambridge University Press,Cambridge University Press,,https://books.google.com/books/about/Electoral_Engineering.html?hl=it&id=ve4vY9ZosRMC,1,1,1,GOOGLE,0,"✓ Title | ✓ Authors | ✓ Year | ✓ Venue | ○ ID

### Summary
This book was confirmed as ""Electoral Engineering: Voting Rules and Political Behavior"" by Pippa Norris, published in 2004 by Cambridge University Press. The title, author, year, and publisher all matched exactly.

### Details
A matching record was found with the exact title and author name corresponding to Pippa Norris, confirming the year 2004 and the publisher Cambridge University Press. The citation and evidence values for the title and author matched perfectly, and the publication details align with the Cambridge University Press edition. No DOI was available, but the book is verifiable through Google Books and Cambridge University Press links.

- https://books.google.com/books/about/Electoral_Engineering.html?hl=it&id=ve4vY9ZosRMC
- https://www.cambridge.org/core/journals/perspectives-on-politics/article/electoral-engineering-voting-rules-and-political-behavior/C6337AEAAFBA7E5164E7AA76EA0E543C
- https://www.amazon.com/Electoral-Engineering-Political-Cambridge-Comparative/dp/0521536715",1.0,0.0
"Powell, G. B. (2000). *Elections as instruments of democracy: Majoritarian and proportional visions*. Yale University Press.",Democratic elections,deepseek_v4_pro_1600b_a49b,verified,"Powell, G. B., Jr. (2000). *Elections as instruments of democracy: Majoritarian and proportional visions*. Yale University Press. http://books.google.com/books?id=GIMZmYdvfREC&dq=Elections+as+instruments+of+democracy%3A+Majoritarian+and+proportional+visions+Powell+2000+Yale+University+Press",MATCH,MATCH,MATCH,MATCH,ABSENT,Elections as Instruments of Democracy: Majoritarian and Proportional Visions,"G. Bingham Powell, Jr.",2000,Yale University Press,,http://books.google.com/books?id=GIMZmYdvfREC&dq=Elections+as+instruments+of+democracy%3A+Majoritarian+and+proportional+visions+Powell+2000+Yale+University+Press,GOOGLE,4,0,0,1,0,Elections as instruments of democracy: Majoritarian and proportional visions,Elections as Instruments of Democracy: Majoritarian and Proportional Visions,"Powell, G. B.","G. Bingham Powell, Jr.",2000,2000,Yale University Press,Yale University Press,,http://books.google.com/books?id=GIMZmYdvfREC&dq=Elections+as+instruments+of+democracy%3A+Majoritarian+and+proportional+visions+Powell+2000+Yale+University+Press,1,1,1,GOOGLE,0,"✓ Title | ✓ Authors | ✓ Year | ✓ Venue | ○ ID

### Summary
This book was confirmed as published by Yale University Press in 2000 with the title ""Elections as Instruments of Democracy: Majoritarian and Proportional Visions"". The author G. Bingham Powell, Jr. was verified as the same person cited as G. B. Powell.

### Details
A matching record was found on Google Books showing the exact title and year 2000. The author names matched despite differences in initials and suffix, confirming they refer to the same individual. The publisher Yale University Press also matched exactly. No DOI was available, but the ISBN and a direct URL to the book's Google Books page were provided.

- [Google Books link](http://books.google.com/books?id=GIMZmYdvfREC)",1.0,0.0
"Przeworski, A. (1991). *Democracy and the market: Political and economic reforms in Eastern Europe and Latin America*. Cambridge University Press.",Democratic elections,deepseek_v4_pro_1600b_a49b,verified,"Przeworski, A. (1991). *Democracy and the market: Political and economic reforms in Eastern Europe and Latin America*. Cambridge University Press. https://books.google.com/books?hl=en&lr=&id=Mfjv6snK0-EC&oi=fnd&pg=PR9&dq=Democracy+and+the+Market+Przeworski&ots=dsML-yXksI&sig=dqTwgA9lQaIfkPXX1mS5bLQuj9E",MATCH,MATCH,MATCH,MATCH,ABSENT,Democracy and the Market: Political and Economic Reforms in Eastern Europe and Latin America,Adam Przeworski,1991,Cambridge University Press,,https://books.google.com/books?hl=en&lr=&id=Mfjv6snK0-EC&oi=fnd&pg=PR9&dq=Democracy+and+the+Market+Przeworski&ots=dsML-yXksI&sig=dqTwgA9lQaIfkPXX1mS5bLQuj9E,GOOGLE,4,0,0,1,0,Democracy and the market: Political and economic reforms in Eastern Europe and Latin America,Democracy and the Market: Political and Economic Reforms in Eastern Europe and Latin America,"Przeworski, A.",Adam Przeworski,1991,1991,Cambridge University Press,Cambridge University Press,,https://books.google.com/books?hl=en&lr=&id=Mfjv6snK0-EC&oi=fnd&pg=PR9&dq=Democracy+and+the+Market+Przeworski&ots=dsML-yXksI&sig=dqTwgA9lQaIfkPXX1mS5bLQuj9E,1,1,1,GOOGLE,0,"✓ Title | ✓ Authors | ✓ Year | ✓ Venue | ○ ID

### Summary
This book was confirmed as ""Democracy and the Market: Political and Economic Reforms in Eastern Europe and Latin America"" by Adam Przeworski, published in 1991 by Cambridge University Press. The title, author, year, and publisher all matched exactly, confirming the reference.

### Details
A matching record was found with the exact title and year 1991. The author name matched as Adam Przeworski, corresponding to the citation's ""Przeworski, A."" abbreviation. The publisher was confirmed as Cambridge University Press. No identifier such as a DOI was present, but the Google Books link provides direct evidence of the book's details.

- [Google Books link](https://books.google.com/books?hl=en&lr=&id=Mfjv6snK0-EC&oi=fnd&pg=PR9&dq=Democracy+and+the+Market+Przeworski&ots=dsML-yXksI&sig=dqTwgA9lQaIfkPXX1mS5bLQuj9E)",1.0,0.0
"Schumpeter, J. A. (1942). *Capitalism, socialism and democracy*. Harper & Brothers.",Democratic elections,deepseek_v4_pro_1600b_a49b,verified,"Schumpeter, J. A. (1942). *Capitalism, socialism, and democracy*. Harper & Brothers. https://search.worldcat.org/title/Capitalism-socialism-and-democracy/oclc/30488029",MATCH,MATCH,MATCH,UNCONFIRMED,ABSENT,"Capitalism, Socialism, and Democracy",Joseph A. Schumpeter,1942,,,https://search.worldcat.org/title/Capitalism-socialism-and-democracy/oclc/30488029,GOOGLE,3,0,0,1,1,"Capitalism, socialism and democracy","Capitalism, Socialism, and Democracy","Schumpeter, J. A.",Joseph A. Schumpeter,1942,1942,Harper & Brothers,,,https://search.worldcat.org/title/Capitalism-socialism-and-democracy/oclc/30488029,1,1,1,GOOGLE,0,"✓ Title | ✓ Authors | ✓ Year | ? Venue | ○ ID

### Summary
This book was confirmed as ""Capitalism, Socialism, and Democracy"" by Joseph A. Schumpeter, published in 1942. The title, author, and year all matched exactly with the original reference, confirming the citation's accuracy.

### Details
A matching record was found with the exact title ""Capitalism, Socialism, and Democracy"" and author Joseph A. Schumpeter, with the publication year 1942 matching exactly. The publisher ""Harper & Brothers"" was noted in the citation but could not be fully confirmed in the evidence, though multiple sources support the book's existence and details. The author name matched despite abbreviation differences, confirming the identity. Relevant sources include WorldCat and Google Books listings.

- https://search.worldcat.org/title/Capitalism-socialism-and-democracy/oclc/30488029
- http://books.google.com/books?id=wHuaTASf3AQC&dq=Capitalism%2C+Socialism+and+Democracy+Schumpeter+Harper+%26+Brothers+1942
- https://en.wikipedia.org/wiki/Capitalism,_Socialism_and_Democracy",0.8,0.2
"Acemoglu, D., Johnson, S., & Robinson, J. A. (2001). The colonial origins of comparative development: An empirical investigation. *American Economic Review*, 91(5), 1369–1401.",Economics,deepseek_v4_pro_1600b_a49b,verified,"Acemoğlu, D., Johnson, S., & Robinson, J. A. (2001). The Colonial Origins of Comparative Development: An Empirical Investigation. *American Economic Review*, 91(5), 1369-1401. https://doi.org/10.1257/aer.91.5.1369",MATCH,MATCH,MATCH,MATCH,ABSENT,The Colonial Origins of Comparative Development: An Empirical Investigation,Daron Acemoğlu; Simon Johnson; James A. Robinson,2001,American Economic Review,10.1257/aer.91.5.1369,https://doi.org/10.1257/aer.91.5.1369,GOOGLE,4,0,0,1,0,The colonial origins of comparative development: An empirical investigation.,The Colonial Origins of Comparative Development: An Empirical Investigation,"Acemoglu, D.; Johnson, S.; Robinson, J. A.",Daron Acemoğlu; Simon Johnson; James A. Robinson,2001,2001,American Economic Review,American Economic Review,,10.1257/aer.91.5.1369,1,1,1,GOOGLE,0,"✓ Title | ✓ Authors | ✓ Year | ✓ Venue | ○ ID

### Summary
This article was confirmed in the American Economic Review with matching authors Daron Acemoğlu, Simon Johnson, and James A. Robinson, and the year 2001. The title and journal details matched exactly.

### Details
A matching record was found with the exact title ""The Colonial Origins of Comparative Development: An Empirical Investigation."" The authors matched exactly, accounting for initials and full names. The publication year 2001 and the journal American Economic Review also matched perfectly. No identifier was provided in the original citation, but the DOI 10.1257/aer.91.5.1369 was found in the evidence.

- [DOI link](https://doi.org/10.1257/aer.91.5.1369)",1.0,0.0
"Angrist, J. D., & Krueger, A. B. (1991). Does compulsory school attendance affect schooling and earnings? *The Quarterly Journal of Economics*, 106(4), 979–1014.",Economics,deepseek_v4_pro_1600b_a49b,verified,"Angrist, J. D., & Krueger, A. B. (1991). Does compulsory school attendance affect schooling and earnings? *The Quarterly Journal of Economics*, 106(4), 979-1014. https://doi.org/10.2307/2937954",MATCH,MATCH,MATCH,MATCH,ABSENT,Does Compulsory School Attendance Affect Schooling and Earnings?,Joshua D. Angrist; Alan B. Krueger,1991,The Quarterly Journal of Economics,10.2307/2937954,https://doi.org/10.2307/2937954,GOOGLE,4,0,0,1,0,Does compulsory school attendance affect schooling and earnings?,Does Compulsory School Attendance Affect Schooling and Earnings?,"Angrist, J. D.; Krueger, A. B.",Joshua D. Angrist; Alan B. Krueger,1991,1991,The Quarterly Journal of Economics,The Quarterly Journal of Economics,,10.2307/2937954,1,1,1,GOOGLE,0,"✓ Title | ✓ Authors | ✓ Year | ✓ Venue | ○ ID

### Summary
This article was confirmed in The Quarterly Journal of Economics with matching authors Joshua D. Angrist and Alan B. Krueger, and the year 1991. The title ""Does Compulsory School Attendance Affect Schooling and Earnings?"" was verified exactly as cited.

### Details
A matching record was found with the exact title, authors, year, and journal name. The authors listed in the citation correspond to the full names found in the evidence. The year 1991 matched exactly, and the journal ""The Quarterly Journal of Economics"" was confirmed. Although no identifier was present in the citation, the DOI 10.2307/2937954 was found for the article, providing a reliable source link.

- https://doi.org/10.2307/2937954",1.0,0.0
"Arrow, K. J., Chenery, H. B., Minhas, B. S., & Solow, R. M. (1961). Capital-labor substitution and economic efficiency. *The Review of Economics and Statistics*, 43(3), 225–250.",Economics,deepseek_v4_pro_1600b_a49b,verified,"Arrow, K. J., Chenery, H. B., Minhas, B. S., & Solow, R. M. (1961). Capital-Labor Substitution and Economic Efficiency. *The Review of Economics and Statistics*, 43(3), 225-250. https://doi.org/10.2307/1927286",MATCH,MATCH,MATCH,MATCH,ABSENT,Capital-Labor Substitution and Economic Efficiency,K. J. Arrow; Hollis B. Chenery; B. S. Minhas; Robert M. Solow,1961,The Review of Economics and Statistics,10.2307/1927286,https://doi.org/10.2307/1927286,GOOGLE,4,0,0,1,0,Capital-labor substitution and economic efficiency,Capital-Labor Substitution and Economic Efficiency,"Arrow, K. J.; Chenery, H. B.; Minhas, B. S.; Solow, R. M.",K. J. Arrow; Hollis B. Chenery; B. S. Minhas; Robert M. Solow,1961,1961,The Review of Economics and Statistics,The Review of Economics and Statistics,,10.2307/1927286,1,1,1,GOOGLE,0,"✓ Title | ✓ Authors | ✓ Year | ✓ Venue | ○ ID

### Summary
This article was confirmed in The Review of Economics and Statistics with matching authors and year. The title ""Capital-Labor Substitution and Economic Efficiency"" was verified exactly as cited.

### Details
A matching record was found with the exact title, all four authors (K. J. Arrow, Hollis B. Chenery, B. S. Minhas, Robert M. Solow), and the year 1961. The journal name also matched perfectly. The article's DOI is 10.2307/1927286, and it appears in volume 43, issue 3, pages 225-250 of The Review of Economics and Statistics.

- https://doi.org/10.2307/1927286",1.0,0.0
"Banerjee, A. V., & Duflo, E. (2009). The experimental approach to development economics. *Annual Review of Economics*, 1(1), 151–178.",Economics,deepseek_v4_pro_1600b_a49b,verified,"Banerjee, A. V., & Duflo, E. (2009). The experimental approach to development economics. *Annual Review of Economics*, 1(1), 151-178. https://doi.org/10.1146/annurev.economics.050708.143235",MATCH,MATCH,MATCH,MATCH,ABSENT,The Experimental Approach to Development Economics,Abhijit V. Banerjee; Esther Duflo,2009,Annual Review of Economics,10.1146/annurev.economics.050708.143235,https://doi.org/10.1146/annurev.economics.050708.143235,GOOGLE,4,0,0,1,0,The experimental approach to development economics,The Experimental Approach to Development Economics,"Banerjee, A. V.; Duflo, E.",Abhijit V. Banerjee; Esther Duflo,2009,2009,Annual Review of Economics,Annual Review of Economics,,10.1146/annurev.economics.050708.143235,1,1,1,GOOGLE,0,"✓ Title | ✓ Authors | ✓ Year | ✓ Venue | ○ ID

### Summary
This article was confirmed in the Annual Review of Economics with matching authors Abhijit V. Banerjee and Esther Duflo, and the year 2009. The title ""The Experimental Approach to Development Economics"" and the journal details matched exactly.

### Details
A matching record was found with the exact title ""The Experimental Approach to Development Economics."" The authors matched fully, with the citation listing initials and the evidence showing full names. The year 2009 and the journal Annual Review of Economics matched exactly. Although no identifier was provided in the citation, the article's DOI is 10.1146/annurev.economics.050708.143235, confirming the source.

- https://doi.org/10.1146/annurev.economics.050708.143235",1.0,0.0
"Card, D., & Krueger, A. B. (1994). Minimum wages and employment: A case study of the fast-food industry in New Jersey and Pennsylvania. *American Economic Review*, 84(4), 772–793.",Economics,deepseek_v4_pro_1600b_a49b,verified-with-error,"Card, D., & Krueger, A. (1993). Minimum wages and employment: A case study of the fast food industry in New Jersey and Pennsylvania. *National Bureau of Economic Research*. https://doi.org/10.3386/w4509",MATCH,MATCH,CONTRADICTION,UNCONFIRMED,ABSENT,Minimum wages and employment: A case study of the fast food industry in New Jersey and Pennsylvania,D Card; A Krueger,2001,,,http://gabriel-zucman.eu/files/teaching/CardKrueger94.pdf,GOOGLE,2,1,0,1,1,Minimum wages and employment: A case study of the fast-food industry in New Jersey and Pennsylvania,Minimum wages and employment: A case study of the fast food industry in New Jersey and Pennsylvania,"Card, D.; Krueger, A. B.",D Card; A Krueger,1994,2001,American Economic Review,,,http://gabriel-zucman.eu/files/teaching/CardKrueger94.pdf,0,0,2,GOOGLE,0,"✓ Title | ✓ Authors | ✗ Year | ? Venue | ○ ID

### Summary
This article was confirmed with the title ""Minimum wages and employment: A case study of the fast food industry in New Jersey and Pennsylvania"" and authors Card and Krueger matching exactly. However, there is a discrepancy in the publication year, with the citation listing 1994 and the evidence showing 2001 or earlier versions from 1993.

### Details
A matching record was found with the exact title and authors David Card and Alan B. Krueger. The citation year of 1994 conflicts with evidence from multiple sources indicating the original working paper was published in 1993 and a version dated 2001 is also available online. The journal name ""American Economic Review"" could not be confirmed from the evidence. No DOI was provided in the citation.

- https://doi.org/10.3386/w4509
- https://www.nber.org/papers/w4509
- http://gabriel-zucman.eu/files/teaching/CardKrueger94.pdf",0.4,0.6
"Coase, R. H. (1960). The problem of social cost. *The Journal of Law and Economics*, 3, 1–44.",Economics,deepseek_v4_pro_1600b_a49b,verified,"Coase, R. H. (1960). *The Problem of Social Cost*. (3), 1-118. https://doi.org/10.1002/9780470752135.ch1",MATCH,MATCH,MATCH,UNCONFIRMED,ABSENT,The Problem of Social Cost,Ronald H. Coase,1960,,10.1002/9780470752135.ch1,https://doi.org/10.1002/9780470752135.ch1,GOOGLE,3,0,0,1,1,The problem of social cost.,The Problem of Social Cost,"Coase, R. H.",Ronald H. Coase,1960,1960,The Journal of Law and Economics,,,10.1002/9780470752135.ch1,1,1,1,GOOGLE,0,"✓ Title | ✓ Authors | ✓ Year | ? Venue | ○ ID

### Summary
This article was confirmed with the exact title ""The Problem of Social Cost"" and the author Ronald H. Coase matching perfectly. The publication year 1960 also matched exactly, confirming the reference.

### Details
A matching record was found with the exact title ""The Problem of Social Cost"" and author Ronald H. Coase. The year 1960 matched exactly. Although the journal name was not confirmed in the evidence, the volume and page range correspond closely to the citation. The DOI https://doi.org/10.1002/9780470752135.ch1 provides a reliable source for this work.

- https://doi.org/10.1002/9780470752135.ch1
- https://www.law.uchicago.edu/lawecon/coaseinmemoriam/problemofsocialcost
- https://www.sfu.ca/~wainwrig/Econ400/coase-socialcost.pdf",0.8,0.2
"Fama, E. F. (1970). Efficient capital markets: A review of theory and empirical work. *The Journal of Finance*, 25(2), 383–417.",Economics,deepseek_v4_pro_1600b_a49b,verified,"Fama, E. F. (1970). Efficient Capital Markets: A Review of Theory and Empirical Work. *The Journal of Finance*, *25*(2), 383-417. https://doi.org/10.2307/2325486",MATCH,MATCH,MATCH,MATCH,ABSENT,Efficient Capital Markets: A Review of Theory and Empirical Work,Eugene F. Fama,1970,The Journal of Finance,10.2307/2325486,https://doi.org/10.2307/2325486,GOOGLE,4,0,0,1,0,Efficient capital markets: A review of theory and empirical work,Efficient Capital Markets: A Review of Theory and Empirical Work,"Fama, E. F.",Eugene F. Fama,1970,1970,The Journal of Finance,The Journal of Finance,,10.2307/2325486,1,1,1,GOOGLE,0,"✓ Title | ✓ Authors | ✓ Year | ✓ Venue | ○ ID

### Summary
This article was confirmed in The Journal of Finance with matching author Eugene F. Fama and the year 1970. The title ""Efficient Capital Markets: A Review of Theory and Empirical Work"" was exactly matched.

### Details
A matching record was found with the exact title, author name corresponding to the citation initials, and publication year. The journal name also matched perfectly. Although no identifier was provided in the citation, the article is associated with DOI 10.2307/2325486, confirming the reference details.

- https://doi.org/10.2307/2325486",1.0,0.0
"Kahneman, D., & Tversky, A. (1979). Prospect theory: An analysis of decision under risk. *Econometrica*, 47(2), 263–291.",Economics,deepseek_v4_pro_1600b_a49b,verified,"Kahneman, D., & Tversky, A. (1979). Prospect theory: An analysis of decision under risk. *Econometrica*, 47(2), 263–291. https://doi.org/10.2307/1914185",MATCH,MATCH,MATCH,MATCH,ABSENT,Prospect Theory: An Analysis of Decision under Risk,Daniel Kahneman; Amos Tversky,1979,Econometrica,10.2307/1914185,https://doi.org/10.2307/1914185,GOOGLE,4,0,0,1,0,Prospect theory: An analysis of decision under risk,Prospect Theory: An Analysis of Decision under Risk,Daniel Kahneman; Amos Tversky,Daniel Kahneman; Amos Tversky,1979,1979,Econometrica,Econometrica,,10.2307/1914185,1,1,1,GOOGLE,0,"✓ Title | ✓ Authors | ✓ Year | ✓ Venue | ○ ID

### Summary
This article was confirmed in Econometrica with matching authors Daniel Kahneman and Amos Tversky, the year 1979, and the exact title ""Prospect Theory: An Analysis of Decision under Risk."" The journal, volume, and issue details also matched perfectly.

### Details
A matching record was found with the exact title and authors as cited. The year 1979 matched exactly, and the article was published in Econometrica, volume 47, issue 2, pages 263-291. The DOI 10.2307/1914185 and URL https://doi.org/10.2307/1914185 confirm the source.

- https://doi.org/10.2307/1914185",1.0,0.0
"Lucas, R. E., Jr. (1988). On the mechanics of economic development. *Journal of Monetary Economics*, 22(1), 3–42.",Economics,deepseek_v4_pro_1600b_a49b,verified,"Lucas, R. E. (1988). On the mechanics of economic development. *Journal of Monetary Economics*, 22(1), 3-42. https://doi.org/10.1016/0304-3932(88)90168-7",MATCH,MATCH,MATCH,MATCH,ABSENT,On the mechanics of economic development,Robert E. Lucas,1988,Journal of Monetary Economics,10.1016/0304-3932(88)90168-7,https://doi.org/10.1016/0304-3932(88)90168-7,GOOGLE,4,0,0,1,0,On the mechanics of economic development.,On the mechanics of economic development,"Lucas, R. E., Jr.",Robert E. Lucas,1988,1988,Journal of Monetary Economics,Journal of Monetary Economics,,10.1016/0304-3932(88)90168-7,1,1,1,GOOGLE,0,"✓ Title | ✓ Authors | ✓ Year | ✓ Venue | ○ ID

### Summary
This article was confirmed in the Journal of Monetary Economics with matching authors and year. The title ""On the mechanics of economic development"" was verified exactly, and the author Robert E. Lucas Jr. was identified as the same person despite different name formats.

### Details
A matching record was found with the exact title ""On the mechanics of economic development"" published in 1988. The author matched as Robert E. Lucas Jr., and the journal name matched exactly as the Journal of Monetary Economics. Although no identifier was provided in the original citation, the DOI 10.1016/0304-3932(88)90168-7 was found for this article, confirming the match. The article appears in volume 22, issue 1, pages 3-42.

- https://doi.org/10.1016/0304-3932(88)90168-7",1.0,0.0
"Mundell, R. A. (1961). A theory of optimum currency areas. *American Economic Review*, 51(4), 657–665.",Economics,deepseek_v4_pro_1600b_a49b,verified,"Mundell, R. A. (1961). A Theory of Optimum Currency Areas. *American Economic Review*. http://citeseerx.ist.psu.edu/viewdoc/summary?doi=10.1.1.423.503",MATCH,MATCH,MATCH,UNCONFIRMED,ABSENT,A Theory of Optimum Currency Areas,Robert A. Mundell,1961,,,http://citeseerx.ist.psu.edu/viewdoc/summary?doi=10.1.1.423.503,GOOGLE,3,0,0,1,1,A theory of optimum currency areas,A Theory of Optimum Currency Areas,"Mundell, R. A.",Robert A. Mundell,1961,1961,American Economic Review,,,http://citeseerx.ist.psu.edu/viewdoc/summary?doi=10.1.1.423.503,1,1,1,GOOGLE,0,"✓ Title | ✓ Authors | ✓ Year | ? Venue | ○ ID

### Summary
This article was confirmed with the exact title ""A Theory of Optimum Currency Areas"" and the author Robert A. Mundell in the year 1961. Although the journal name ""American Economic Review"" could not be fully confirmed, the core details of the reference match perfectly.

### Details
A matching record was found with the exact title and author name, confirming Robert A. Mundell as the author and the year 1961. The journal name was not confirmed in the evidence, and no DOI was available. The source URL for the matching record is from CiteSeerX.

- [CiteSeerX record](http://citeseerx.ist.psu.edu/viewdoc/summary?doi=10.1.1.423.503)",0.8,0.2
"Bloom, B. S. (1956). Taxonomy of educational objectives: The classification of educational goals. Handbook I: Cognitive domain. David McKay Company.",Education,deepseek_v4_pro_1600b_a49b,verified-with-error,"Bloom, B. S., Krathwohl, D. R., & Masia, B. B. (1956). *Taxonomy of Educational Objectives: The Classification of Educational Goals: Handbook 1: Cognitive domain*. David McKay. https://books.google.com/books?id=e1VtswEACAAJ&dq=Taxonomy+of+educational+objectives+The+classification+of+educational+goals+Bloom+1956+David+McKay",MATCH_WITH_TYPO,CONTAINS,MATCH,UNCONFIRMED,ABSENT,Taxonomy of Educational Objectives: The Classification of Educational Goals : Handbook. Handbook 1 : Cognitive domain,Benjamin S. Bloom; David R. Krathwohl; Bertram B. Masia,1956,,,http://books.google.com/books?id=e1VtswEACAAJ&dq=Taxonomy+of+educational+objectives+The+classification+of+educational+goals+Bloom+1956+David+McKay,GOOGLE,2,0,1,1,1,Taxonomy of educational objectives: The classification of educational goals. Handbook I: Cognitive domain.,Taxonomy of Educational Objectives: The Classification of Educational Goals : Handbook. Handbook 1 : Cognitive domain,"Bloom, B. S.",Benjamin S. Bloom; David R. Krathwohl; Bertram B. Masia,1956,1956,David McKay Company,,,http://books.google.com/books?id=e1VtswEACAAJ&dq=Taxonomy+of+educational+objectives+The+classification+of+educational+goals+Bloom+1956+David+McKay,1,1,1,GOOGLE,0,"✓ Title | ◐ Authors | ✓ Year | ? Venue | ○ ID

### Summary
This book was confirmed as the 1956 publication ""Taxonomy of Educational Objectives: The Classification of Educational Goals: Handbook I: Cognitive domain"" by Benjamin S. Bloom and co-authors. The title matches closely with minor formatting differences, and the year matches exactly, though additional co-authors were found beyond the single author listed.

### Details
A matching record was found with the title very similar to the original, differing only by minor punctuation and numeral style (""Handbook I"" vs ""Handbook 1""). The year 1956 matched exactly. The original author, Bloom, B. S., is included among the three authors listed in the found record (Benjamin S. Bloom, David R. Krathwohl, Bertram B. Masia). The publisher David McKay is consistent with the citation, though the venue field was not fully confirmed. No digital identifier like a DOI was found.

- [Google Books record](http://books.google.com/books?id=e1VtswEACAAJ&dq=Taxonomy+of+educational+objectives+The+classification+of+educational+goals+Bloom+1956+David+McKay)",0.333,0.667
"Vygotsky, L. S. (1978). Mind in society: The development of higher psychological processes. Harvard University Press.",Education,deepseek_v4_pro_1600b_a49b,verified,"Vygotsky, L. S. (2012). *Mind in society: Development of higher psychological processes*. Harvard University Press. https://play.google.com/store/books/details?id=u2PP6b0ddtoC&source=gbs_api",MATCH_WITH_TYPO,MATCH,UNCONFIRMED,MATCH,ABSENT,Mind in Society: Development of Higher Psychological Processes,L. S. Vygotsky,2012,Harvard University Press,,https://play.google.com/store/books/details?id=u2PP6b0ddtoC&source=gbs_api,GOOGLE,3,0,0,1,1,Mind in society: The development of higher psychological processes,Mind in Society: Development of Higher Psychological Processes,"Vygotsky, L. S.",L. S. Vygotsky,1978,2012,Harvard University Press,Harvard University Press,,https://play.google.com/store/books/details?id=u2PP6b0ddtoC&source=gbs_api,0,0,1,GOOGLE,0,"✓ Title | ✓ Authors | ? Year | ✓ Venue | ○ ID

### Summary
This book by L. S. Vygotsky was confirmed with matching author and publisher details. The title was also confirmed, with only minor differences in capitalization and subtitle wording. However, the publication year is unconfirmed because the edition found is from 2012, while the cited edition is from 1978.

### Details
A matching record was found for ""Mind in Society: Development of Higher Psychological Processes"" by L. S. Vygotsky, published by Harvard University Press. The title matches closely, differing only by minor capitalization and the presence of the article ""The"" in the subtitle, which does not change the meaning. The author name matches exactly, just presented in a different order. The publisher matches perfectly. The year differs, with the found edition published in 2012, which suggests this may be a later edition or reprint of the original 1978 book. No unique identifier like a DOI was available for further confirmation.

- [Google Books link to 2012 edition](https://play.google.com/store/books/details?id=u2PP6b0ddtoC&source=gbs_api)",0.467,0.533
"Freire, P. (1970). Pedagogy of the oppressed. Herder and Herder.",Education,deepseek_v4_pro_1600b_a49b,verified,"Freire, P. (1970). *Pedagogy of the oppressed* (11th ed.). Herder and Herder. https://books.google.com/books?id=M4MQAAAAYAAJ&dq=Pedagogy+of+the+Oppressed+Freire+Herder+and+Herder+1970",MATCH,MATCH,MATCH,MATCH,ABSENT,Pedagogy of the Oppressed,Paulo Freire,1970,Herder and Herder,,http://books.google.com/books?id=M4MQAAAAYAAJ&dq=Pedagogy+of+the+Oppressed+Freire+Herder+and+Herder+1970,GOOGLE,4,0,0,1,0,Pedagogy of the oppressed,Pedagogy of the Oppressed,"Freire, P.",Paulo Freire,1970,1970,Herder and Herder,Herder and Herder,,http://books.google.com/books?id=M4MQAAAAYAAJ&dq=Pedagogy+of+the+Oppressed+Freire+Herder+and+Herder+1970,1,1,1,GOOGLE,0,"✓ Title | ✓ Authors | ✓ Year | ✓ Venue | ○ ID

### Summary
This book was confirmed as ""Pedagogy of the Oppressed"" by Paulo Freire, published in 1970 by Herder and Herder. The title, author, year, and publisher all matched exactly with the verified source.

### Details
A matching record was found with the exact title ""Pedagogy of the Oppressed"" and author Paulo Freire, confirming the year 1970 and the publisher Herder and Herder. The citation used the initial ""P."" for Paulo Freire, which corresponds to the full name found in the evidence. The Google Books link provides detailed bibliographic information including the 11th edition and ISBN numbers, supporting the verification.

- [Google Books: Pedagogy of the Oppressed](http://books.google.com/books?id=M4MQAAAAYAAJ&dq=Pedagogy+of+the+Oppressed+Freire+Herder+and+Herder+1970)
- [Google Scholar record](https://scholar.google.com/scholar?q=Pedagogy+of+the+Oppressed+Freire+Herder+and+Herder+1970)",1.0,0.0
"Piaget, J. (1952). The origins of intelligence in children. International Universities Press.",Education,deepseek_v4_pro_1600b_a49b,verified,"Piaget, J. (1952). *The origins of intelligence in children* (2nd reprint ed.). International Universities Press. https://books.google.com/books?id=8iUNAAAAIAAJ&dq=The+origins+of+intelligence+in+children+Piaget+1952+International+Universities+Press",MATCH,MATCH,MATCH,MATCH,ABSENT,The Origins of Intelligence in Children,Jean Piaget,1952,International Universities Press,,http://books.google.com/books?id=8iUNAAAAIAAJ&dq=The+origins+of+intelligence+in+children+Piaget+1952+International+Universities+Press,GOOGLE,4,0,0,1,0,The origins of intelligence in children.,The Origins of Intelligence in Children,"Piaget, J.",Jean Piaget,1952,1952,International Universities Press,International Universities Press,,http://books.google.com/books?id=8iUNAAAAIAAJ&dq=The+origins+of+intelligence+in+children+Piaget+1952+International+Universities+Press,1,1,1,GOOGLE,0,"✓ Title | ✓ Authors | ✓ Year | ✓ Venue | ○ ID

### Summary
This book was confirmed as ""The Origins of Intelligence in Children"" by Jean Piaget, published in 1952 by International Universities Press. The title, author, year, and publisher all matched exactly, confirming the reference.

### Details
A matching record was found with the exact title ""The Origins of Intelligence in Children"" and author Jean Piaget (noted as ""Piaget, J."" in the citation). The publication year 1952 and the publisher International Universities Press also matched perfectly. Although no digital identifier like a DOI was present, the Google Books link provides strong evidence of the book's existence and details.

- [Google Books record](http://books.google.com/books?id=8iUNAAAAIAAJ&dq=The+origins+of+intelligence+in+children+Piaget+1952+International+Universities+Press)",1.0,0.0
"Dewey, J. (1938). Experience and education. Kappa Delta Pi.",Education,deepseek_v4_pro_1600b_a49b,verified-with-error,"Dewey, J. (2007). *Experience and education*. Simon and Schuster. https://play.google.com/store/books/details?id=PLmqDdNNPEQC&source=gbs_api",MATCH,MATCH,UNCONFIRMED,UNCONFIRMED,ABSENT,Experience And Education,John Dewey,2007,Simon and Schuster,,https://play.google.com/store/books/details?id=PLmqDdNNPEQC&source=gbs_api,GOOGLE,2,0,0,1,2,Experience and education,Experience And Education,"Dewey, J.",John Dewey,1938,2007,Kappa Delta Pi,Simon and Schuster,,https://play.google.com/store/books/details?id=PLmqDdNNPEQC&source=gbs_api,0,0,1,GOOGLE,0,"✓ Title | ✓ Authors | ? Year | ? Venue | ○ ID

### Summary
This book titled ""Experience and Education"" by John Dewey was confirmed with matching title and author. However, the edition found was published in 2007 by Simon and Schuster, which differs from the cited 1938 edition published by Kappa Delta Pi. The specific 1938 edition could not be verified, but the book appears to exist based on the later edition found.

### Details
A matching record was found for ""Experience and Education"" by John Dewey with the exact title and author confirmed. The year and publisher differ: the citation lists 1938 and Kappa Delta Pi, while the found edition is from 2007 and published by Simon and Schuster. These differences suggest the found book may be a re-edition or reprint. No unique identifier was available to confirm the original edition. Relevant source: [Google Books](https://play.google.com/store/books/details?id=PLmqDdNNPEQC&source=gbs_api).",0.6,0.4
"Gardner, H. (1983). Frames of mind: The theory of multiple intelligences. Basic Books.",Education,deepseek_v4_pro_1600b_a49b,verified-with-error,"Gardner, H. (1983). *Frames of Mind: The Theory of Multiple Intelligences* (2nd ed.). Basic Books. https://books.google.com/books?id=Z_1GAAAAMAAJ&dq=Frames+of+mind+Gardner+1983+Basic+Books",CONTAINS,MATCH,MATCH,MATCH,ABSENT,Frames Of Mind,Howard Gardner,1983,Basic Books,,http://books.google.com/books?id=Z_1GAAAAMAAJ&dq=Frames+of+mind+Gardner+1983+Basic+Books,GOOGLE,3,0,1,1,0,Frames of mind: The theory of multiple intelligences,Frames Of Mind,"Gardner, H.",Howard Gardner,1983,1983,Basic Books,Basic Books,,http://books.google.com/books?id=Z_1GAAAAMAAJ&dq=Frames+of+mind+Gardner+1983+Basic+Books,1,1,1,GOOGLE,0,"◐ Title | ✓ Authors | ✓ Year | ✓ Venue | ○ ID

### Summary
This book was confirmed as ""Frames of Mind"" by Howard Gardner, published in 1983 by Basic Books. The author and year matched exactly, and the publisher was also confirmed. However, the title in the verified source omits the subtitle ""The theory of multiple intelligences,"" which accounts for the minor discrepancy.

### Details
A matching record was found with the title ""Frames Of Mind"" and author Howard Gardner, published in 1983 by Basic Books. The year and publisher matched exactly. The title in the source does not include the subtitle ""The theory of multiple intelligences,"" but the main title matches, indicating it is the same work, possibly a different edition or variation. No digital object identifier (DOI) was found. The source URL is from Google Books, providing further confirmation.

- [Google Books record](http://books.google.com/books?id=Z_1GAAAAMAAJ&dq=Frames+of+mind+Gardner+1983+Basic+Books)",0.833,0.167
"Lave, J., & Wenger, E. (1991). Situated learning: Legitimate peripheral participation. Cambridge University Press.",Education,deepseek_v4_pro_1600b_a49b,verified,"Lave, J., & Wenger, E. (1991). *Situated learning: Legitimate peripheral participation*. Cambridge University Press. https://play.google.com/store/books/details?id=ZVogAwAAQBAJ&source=gbs_api",MATCH,MATCH,MATCH,MATCH,ABSENT,Situated Learning: Legitimate Peripheral Participation,Jean Lave; Etienne Wenger,1991,Cambridge University Press,,https://play.google.com/store/books/details?id=ZVogAwAAQBAJ&source=gbs_api,GOOGLE,4,0,0,1,0,Situated learning: Legitimate peripheral participation.,Situated Learning: Legitimate Peripheral Participation,"Lave, J.; Wenger, E.",Jean Lave; Etienne Wenger,1991,1991,Cambridge University Press,Cambridge University Press,,https://play.google.com/store/books/details?id=ZVogAwAAQBAJ&source=gbs_api,1,1,1,GOOGLE,0,"✓ Title | ✓ Authors | ✓ Year | ✓ Venue | ○ ID

### Summary
This book was confirmed as ""Situated Learning: Legitimate Peripheral Participation"" published by Cambridge University Press in 1991. The authors Jean Lave and Etienne Wenger were verified as the correct contributors.

### Details
A matching record was found with the exact title and year 1991. The authors matched as the same individuals, with initials in the citation and full names in the evidence. The publisher was confirmed as Cambridge University Press. No DOI was available, but the book's ISBN and a link to its Google Books page were found.

- https://play.google.com/store/books/details?id=ZVogAwAAQBAJ&source=gbs_api",1.0,0.0
"Bandura, A. (1977). Social learning theory. Prentice Hall.",Education,deepseek_v4_pro_1600b_a49b,verified,"Bandura, A. (1977). *Social Learning Theory*. Prentice Hall. http://books.google.com/books?id=HFokAQAAMAAJ&dq=Social+learning+theory+Bandura+1977+Prentice+Hall",MATCH,MATCH,MATCH,UNCONFIRMED,ABSENT,Social Learning Theory,Albert Bandura,1977,,,http://books.google.com/books?id=HFokAQAAMAAJ&dq=Social+learning+theory+Bandura+1977+Prentice+Hall,GOOGLE,3,0,0,1,1,Social learning theory,Social Learning Theory,"Bandura, A.",Albert Bandura,1977,1977,Prentice Hall,,,http://books.google.com/books?id=HFokAQAAMAAJ&dq=Social+learning+theory+Bandura+1977+Prentice+Hall,1,1,1,GOOGLE,0,"✓ Title | ✓ Authors | ✓ Year | ? Venue | ○ ID

### Summary
This book was confirmed as ""Social Learning Theory"" by Albert Bandura, published in 1977. The title, author, and year all matched exactly, verifying the reference as accurate.

### Details
A matching record was found for the book titled ""Social Learning Theory"" authored by Albert Bandura, published in 1977 by Prentice Hall. The title and year matched exactly, and the author name matched with the abbreviation ""A. Bandura"" corresponding to ""Albert Bandura."" Although the publisher field was not explicitly confirmed by the source, the evidence strongly supports the citation's accuracy. The book is listed with 264 pages and is available at [Google Books](http://books.google.com/books?id=HFokAQAAMAAJ&dq=Social+learning+theory+Bandura+1977+Prentice+Hall).

- http://books.google.com/books?id=HFokAQAAMAAJ&dq=Social+learning+theory+Bandura+1977+Prentice+Hall",0.8,0.2
"Knowles, M. S. (1984). Andragogy in action: Applying modern principles of adult learning. Jossey-Bass.",Education,deepseek_v4_pro_1600b_a49b,verified,"Knowles, M. S. (1984). *Andragogy in action: Applying modern principles of adult learning.* Jossey-Bass. http://books.google.com/books?id=f6VHAAAAMAAJ&dq=Andragogy+in+action+Knowles+1984+Jossey-Bass",MATCH,MATCH,MATCH,UNCONFIRMED,ABSENT,Andragogy in Action: Applying Modern Principles of Adult Learning,Malcolm S. Knowles,1984,,,http://books.google.com/books?id=f6VHAAAAMAAJ&dq=Andragogy+in+action+Knowles+1984+Jossey-Bass,GOOGLE,3,0,0,1,1,Andragogy in action: Applying modern principles of adult learning,Andragogy in Action: Applying Modern Principles of Adult Learning,"Knowles, M. S.",Malcolm S. Knowles,1984,1984,Jossey-Bass,,,http://books.google.com/books?id=f6VHAAAAMAAJ&dq=Andragogy+in+action+Knowles+1984+Jossey-Bass,1,1,1,GOOGLE,0,"✓ Title | ✓ Authors | ✓ Year | ? Venue | ○ ID

### Summary
This book was confirmed as ""Andragogy in Action: Applying Modern Principles of Adult Learning"" by Malcolm S. Knowles, published in 1984. The author name and publication year match exactly, confirming the reference.

### Details
A matching record was found with the exact title and author, Malcolm S. Knowles, published in 1984. The publisher Jossey-Bass is also confirmed, although the venue field was not explicitly verified. The Google Books link provides additional evidence for this match.

- [Google Books: Andragogy in Action](http://books.google.com/books?id=f6VHAAAAMAAJ&dq=Andragogy+in+action+Knowles+1984+Jossey-Bass)",0.8,0.2
"Shulman, L. S. (1986). Those who understand: Knowledge growth in teaching. Educational Researcher, 15(2), 4-14.",Education,deepseek_v4_pro_1600b_a49b,verified,"Shulman, L. S. (1986). Those who understand: Knowledge growth in teaching. *Educational Researcher*, 15(2), 4-14. https://doi.org/10.3102/0013189x015002004",MATCH,MATCH,MATCH,MATCH,ABSENT,Those Who Understand: Knowledge Growth in Teaching,Lee S. Shulman,1986,Educational Researcher,10.3102/0013189x015002004,https://doi.org/10.3102/0013189x015002004,GOOGLE,4,0,0,1,0,Those who understand: Knowledge growth in teaching.,Those Who Understand: Knowledge Growth in Teaching,"Shulman, L. S.",Lee S. Shulman,1986,1986,Educational Researcher,Educational Researcher,,10.3102/0013189x015002004,1,1,1,GOOGLE,0,"✓ Title | ✓ Authors | ✓ Year | ✓ Venue | ○ ID

### Summary
This article was confirmed in Educational Researcher with matching authors and year. The title ""Those Who Understand: Knowledge Growth in Teaching"" and the journal details matched exactly.

### Details
A matching record was found with the exact title and year 1986. The author listed as ""Shulman, L. S."" in the citation corresponds to ""Lee S. Shulman"" in the evidence, confirming the author match despite the difference in name format. The journal ""Educational Researcher"" and volume 15, issue 2, pages 4-14 also matched perfectly. No identifier was provided in the citation, but the DOI 10.3102/0013189x015002004 was found in the evidence.

- https://doi.org/10.3102/0013189x015002004",1.0,0.0
"Apergis, N., & Payne, J. E. (2010). Renewable energy consumption and economic growth: Evidence from a panel of OECD countries. *Energy Policy*, *38*(1), 656–660.",Energy,deepseek_v4_pro_1600b_a49b,verified,"Apergis, N., & Payne, J. E. (2009). Renewable energy consumption and economic growth: Evidence from a panel of OECD countries. *Energy Policy*, 38(1), 656-660. https://doi.org/10.1016/j.enpol.2009.09.002",MATCH,MATCH,CONTAINS,MATCH,ABSENT,Renewable energy consumption and economic growth: Evidence from a panel of OECD countries,Nicholas Apergis; James E. Payne,2009,Energy Policy,10.1016/j.enpol.2009.09.002,https://doi.org/10.1016/j.enpol.2009.09.002,GOOGLE,3,0,1,1,0,Renewable energy consumption and economic growth: Evidence from a panel of OECD countries,Renewable energy consumption and economic growth: Evidence from a panel of OECD countries,"Apergis, N.; Payne, J. E.",Nicholas Apergis; James E. Payne,2010,2009,Energy Policy,Energy Policy,,10.1016/j.enpol.2009.09.002,1,1,1,GOOGLE,0,"✓ Title | ✓ Authors | ◐ Year | ✓ Venue | ○ ID

### Summary
This article was confirmed in the journal Energy Policy with matching authors Nicholas Apergis and James E. Payne, and the title was exactly matched. The publication year differs slightly, with the citation listing 2010 and the evidence showing 2009, but this minor discrepancy does not affect the overall verification.

### Details
A matching record was found with the exact title ""Renewable energy consumption and economic growth: Evidence from a panel of OECD countries."" The authors matched fully, though one source used initials and the other full names. The journal name Energy Policy matched exactly. The year was close, with the citation stating 2010 and the evidence indicating 2009. No identifier was present in the citation. The source URL is https://doi.org/10.1016/j.enpol.2009.09.002.

- https://doi.org/10.1016/j.enpol.2009.09.002",0.9,0.1
"Chu, S., & Majumdar, A. (2012). Opportunities and challenges for a sustainable energy future. *Nature*, *488*(7411), 294–303.",Energy,deepseek_v4_pro_1600b_a49b,verified,"Chu, S., & Majumdar, A. (2012). Opportunities and challenges for a sustainable energy future. *Nature*, *488*(7411), 294-303. https://doi.org/10.1038/nature11475",MATCH,MATCH,MATCH,MATCH,ABSENT,Opportunities and challenges for a sustainable energy future,Steven Chu; Arun Majumdar,2012,Nature,10.1038/nature11475,https://doi.org/10.1038/nature11475,GOOGLE,4,0,0,1,0,Opportunities and challenges for a sustainable energy future,Opportunities and challenges for a sustainable energy future,"Chu, S.; Majumdar, A.",Steven Chu; Arun Majumdar,2012,2012,Nature,Nature,,10.1038/nature11475,1,1,1,GOOGLE,0,"✓ Title | ✓ Authors | ✓ Year | ✓ Venue | ○ ID

### Summary
This article was confirmed in the journal Nature with matching authors Steven Chu and Arun Majumdar, and the year 2012. The title ""Opportunities and challenges for a sustainable energy future"" was exactly matched.

### Details
A matching record was found with the exact title and authors, confirming the citation details. The year 2012 and the journal Nature also matched exactly. The article's DOI is 10.1038/nature11475, and it appears in volume 488, issue 7411, pages 294-303.

- [DOI link](https://doi.org/10.1038/nature11475)",1.0,0.0
"Dincer, I. (2000). Renewable energy and sustainable development: A crucial review. *Renewable and Sustainable Energy Reviews*, *4*(2), 157–175.",Energy,deepseek_v4_pro_1600b_a49b,verified,"Dinçer, İ. (2000). Renewable energy and sustainable development: a crucial review. *Renewable and Sustainable Energy Reviews*, *4*(2), 157-175. https://doi.org/10.1016/S1364-0321(99)00011-8",MATCH,MATCH,MATCH,MATCH,ABSENT,Renewable energy and sustainable development: a crucial review,İbrahim Dinçer,2000,Renewable and Sustainable Energy Reviews,10.1016/s1364-0321(99)00011-8,https://doi.org/10.1016/s1364-0321(99)00011-8,GOOGLE,4,0,0,1,0,Renewable energy and sustainable development: A crucial review,Renewable energy and sustainable development: a crucial review,"Dincer, I.",İbrahim Dinçer,2000,2000,Renewable and Sustainable Energy Reviews,Renewable and Sustainable Energy Reviews,,10.1016/s1364-0321(99)00011-8,1,1,1,GOOGLE,0,"✓ Title | ✓ Authors | ✓ Year | ✓ Venue | ○ ID

### Summary
This article was confirmed in Renewable and Sustainable Energy Reviews with matching authors and year. The title ""Renewable energy and sustainable development: a crucial review"" was exactly matched, and the author İbrahim Dinçer corresponds to the cited Dincer, I. The publication year 2000 and the journal name also matched perfectly.

### Details
A matching record was found with the exact title and author name, accounting for abbreviation and diacritic differences. The year 2000 matched exactly, and the journal Renewable and Sustainable Energy Reviews was confirmed. The article's DOI is 10.1016/s1364-0321(99)00011-8, providing a direct link to the source.

- [DOI link](https://doi.org/10.1016/s1364-0321(99)00011-8)",1.0,0.0
"Ellabban, O., Abu-Rub, H., & Blaabjerg, F. (2014). Renewable energy resources: Current status, future prospects and their enabling technology. *Renewable and Sustainable Energy Reviews*, *39*, 748–764.",Energy,deepseek_v4_pro_1600b_a49b,verified,"Ellabban, O., Abu-Rub, H., & Blaabjerg, F. (2014). Renewable energy resources: Current status, future prospects and their enabling technology. *Renewable and Sustainable Energy Reviews*, 39, 748-764. https://doi.org/10.1016/j.rser.2014.07.113",MATCH,MATCH,MATCH,MATCH,ABSENT,"Renewable energy resources: Current status, future prospects and their enabling technology",Omar Ellabban; Haitham Abu‐Rub; Frede Blaabjerg,2014,Renewable and Sustainable Energy Reviews,10.1016/j.rser.2014.07.113,https://doi.org/10.1016/j.rser.2014.07.113,GOOGLE,4,0,0,1,0,"Renewable energy resources: Current status, future prospects and their enabling technology","Renewable energy resources: Current status, future prospects and their enabling technology","Ellabban, O.; Abu-Rub, H.; Blaabjerg, F.",Omar Ellabban; Haitham Abu‐Rub; Frede Blaabjerg,2014,2014,Renewable and Sustainable Energy Reviews,Renewable and Sustainable Energy Reviews,,10.1016/j.rser.2014.07.113,1,1,1,GOOGLE,0,"✓ Title | ✓ Authors | ✓ Year | ✓ Venue | ○ ID

### Summary
This article was confirmed in Renewable and Sustainable Energy Reviews with matching authors Omar Ellabban, Haitham Abu-Rub, and Frede Blaabjerg, and the publication year 2014. The title and journal details matched exactly.

### Details
A matching record was found with the exact title ""Renewable energy resources: Current status, future prospects and their enabling technology."" The authors correspond one-to-one with the citation, with initials matching full names in the same order. The year 2014 and the journal Renewable and Sustainable Energy Reviews matched exactly. No identifier was provided in the citation, but the DOI 10.1016/j.rser.2014.07.113 was found in the evidence. The article appears in volume 39, pages 748-764.

- https://doi.org/10.1016/j.rser.2014.07.113",1.0,0.0
"Ibrahim, H., Ilinca, A., & Perron, J. (2008). Energy storage systems—Characteristics and comparisons. *Renewable and Sustainable Energy Reviews*, *12*(5), 1221–1250.",Energy,deepseek_v4_pro_1600b_a49b,verified,"Ibrahim, H. N., Ilinca, A., & Perron, J. (2007). Energy storage systems—Characteristics and comparisons. *Renewable and Sustainable Energy Reviews*, *12*(5), 1221-1250. https://doi.org/10.1016/j.rser.2007.01.023",MATCH,MATCH,CONTAINS,MATCH,ABSENT,Energy storage systems—Characteristics and comparisons,Hassan N. Ibrahim; Adrian Ilinca; Jean Perron,2007,Renewable and Sustainable Energy Reviews,10.1016/j.rser.2007.01.023,https://doi.org/10.1016/j.rser.2007.01.023,GOOGLE,3,0,1,1,0,Energy storage systems—Characteristics and comparisons.,Energy storage systems—Characteristics and comparisons,"Ibrahim, H.; Ilinca, A.; Perron, J.",Hassan N. Ibrahim; Adrian Ilinca; Jean Perron,2008,2007,Renewable and Sustainable Energy Reviews,Renewable and Sustainable Energy Reviews,,10.1016/j.rser.2007.01.023,1,1,1,GOOGLE,0,"✓ Title | ✓ Authors | ◐ Year | ✓ Venue | ○ ID

### Summary
This article was confirmed in Renewable and Sustainable Energy Reviews with matching authors Ibrahim, Ilinca, and Perron, and the title ""Energy storage systems—Characteristics and comparisons"". The publication year is very close, with the citation listing 2008 and the evidence showing 2007.

### Details
A matching record was found with the exact title and the same three authors: Hassan N. Ibrahim, Adrian Ilinca, and Jean Perron. The journal name Renewable and Sustainable Energy Reviews matched exactly. The year differs slightly by one year (2008 vs. 2007), which is within an acceptable range. No identifier was provided in the citation, but the evidence includes a DOI: 10.1016/j.rser.2007.01.023.

- https://doi.org/10.1016/j.rser.2007.01.023",0.9,0.1
"Jacobson, M. Z., & Delucchi, M. A. (2011). Providing all global energy with wind, water, and solar power, Part I: Technologies, energy resources, quantities and areas of infrastructure, and materials. *Energy Policy*, *39*(3), 1154–1169.",Energy,deepseek_v4_pro_1600b_a49b,verified,"Jacobson, M. Z., & Delucchi, M. A. (2010). Providing all global energy with wind, water, and solar power, Part I: Technologies, energy resources, quantities and areas of infrastructure, and materials. *Energy Policy*, *39*(3), 1154-1169. https://doi.org/10.1016/j.enpol.2010.11.040",MATCH,MATCH,CONTAINS,MATCH,ABSENT,"Providing all global energy with wind, water, and solar power, Part I: Technologies, energy resources, quantities and areas of infrastructure, and materials",Mark Z. Jacobson; Mark A. Delucchi,2010,Energy Policy,10.1016/j.enpol.2010.11.040,https://doi.org/10.1016/j.enpol.2010.11.040,GOOGLE,3,0,1,1,0,"Providing all global energy with wind, water, and solar power, Part I: Technologies, energy resources, quantities and areas of infrastructure, and materials","Providing all global energy with wind, water, and solar power, Part I: Technologies, energy resources, quantities and areas of infrastructure, and materials","Jacobson, M. Z.; Delucchi, M. A.",Mark Z. Jacobson; Mark A. Delucchi,2011,2010,Energy Policy,Energy Policy,,10.1016/j.enpol.2010.11.040,1,1,1,GOOGLE,0,"✓ Title | ✓ Authors | ◐ Year | ✓ Venue | ○ ID

### Summary
This article was confirmed in the journal Energy Policy with matching authors Mark Z. Jacobson and Mark A. Delucchi and a closely matching year. The title was found to match exactly, confirming the reference's accuracy.

### Details
A matching record was found with the exact title ""Providing all global energy with wind, water, and solar power, Part I: Technologies, energy resources, quantities and areas of infrastructure, and materials."" The authors matched exactly, with the citation listing initials and the evidence listing full names, both referring to the same individuals. The year in the citation is 2011, while the evidence shows 2010, which is within an acceptable range. The journal name Energy Policy matched exactly. No identifier was present in the citation. Relevant source:

- [DOI link](https://doi.org/10.1016/j.enpol.2010.11.040)",0.9,0.1
"Lund, H. (2007). Renewable energy strategies for sustainable development. *Energy*, *32*(6), 912–919.",Energy,deepseek_v4_pro_1600b_a49b,verified,"Lund, H. (2006). Renewable energy strategies for sustainable development. *Energy*, *32*(6), 912-919. https://doi.org/10.1016/j.energy.2006.10.017",MATCH,MATCH,CONTAINS,MATCH,ABSENT,Renewable energy strategies for sustainable development,Henrik Lund,2006,Energy,10.1016/j.energy.2006.10.017,https://doi.org/10.1016/j.energy.2006.10.017,GOOGLE,3,0,1,1,0,Renewable energy strategies for sustainable development.,Renewable energy strategies for sustainable development,"Lund, H.",Henrik Lund,2007,2006,Energy,Energy,,10.1016/j.energy.2006.10.017,1,1,1,GOOGLE,0,"✓ Title | ✓ Authors | ◐ Year | ✓ Venue | ○ ID

### Summary
This article was confirmed in the journal Energy with matching title and author. The publication year differs slightly by one year, but the core details align well.

### Details
A matching record was found with the exact title ""Renewable energy strategies for sustainable development"" and author Henrik Lund, corresponding to the citation author ""Lund, H."". The journal name Energy matched exactly. The year in the citation is 2007, while the evidence shows 2006, which is within an acceptable range for verification. No identifier was provided in the citation. The article details including volume 32, issue 6, and pages 912-919 were consistent with the evidence.

- https://doi.org/10.1016/j.energy.2006.10.017",0.9,0.1
"Omer, A. M. (2008). Energy, environment and sustainable development. *Renewable and Sustainable Energy Reviews*, *12*(9), 2265–2300.",Energy,deepseek_v4_pro_1600b_a49b,verified,"Omer, A. M. (2007). Energy, environment and sustainable development. *Renewable and Sustainable Energy Reviews*, *12*(9), 2265-2300. https://doi.org/10.1016/j.rser.2007.05.001",MATCH,MATCH,CONTAINS,MATCH,ABSENT,"Energy, environment and sustainable development",Abdeen Mustafa Omer,2007,Renewable and Sustainable Energy Reviews,10.1016/j.rser.2007.05.001,https://doi.org/10.1016/j.rser.2007.05.001,GOOGLE,3,0,1,1,0,"Energy, environment and sustainable development","Energy, environment and sustainable development","Omer, A. M.",Abdeen Mustafa Omer,2008,2007,Renewable and Sustainable Energy Reviews,Renewable and Sustainable Energy Reviews,,10.1016/j.rser.2007.05.001,1,1,1,GOOGLE,0,"✓ Title | ✓ Authors | ◐ Year | ✓ Venue | ○ ID

### Summary
This article was confirmed in Renewable and Sustainable Energy Reviews with matching title, author, and journal. The publication year differs slightly by one year, but this minor discrepancy does not affect the overall match.

### Details
A matching record was found with the exact title ""Energy, environment and sustainable development"" and the author Abdeen Mustafa Omer, corresponding to the citation author A. M. Omer. The journal Renewable and Sustainable Energy Reviews matched exactly. The citation year is 2008, while the evidence shows 2007, which is within an acceptable range. No identifier was provided in the citation. The article details can be accessed via the DOI link: https://doi.org/10.1016/j.rser.2007.05.001.

- https://doi.org/10.1016/j.rser.2007.05.001",0.9,0.1
"Pérez-Lombard, L., Ortiz, J., & Pout, C. (2008). A review on buildings energy consumption information. *Energy and Buildings*, *40*(3), 394–398.",Energy,deepseek_v4_pro_1600b_a49b,verified,"Pérez-Lombard, L., Ortiz, J., & Pout, C. (2007). A review on buildings energy consumption information. *Energy and Buildings*, 40(3), 394-398. https://doi.org/10.1016/j.enbuild.2007.03.007",MATCH,MATCH,CONTAINS,MATCH,ABSENT,A review on buildings energy consumption information,Luis Pérez‐Lombard; José Ortiz; Christine Pout,2007,Energy and Buildings,10.1016/j.enbuild.2007.03.007,https://doi.org/10.1016/j.enbuild.2007.03.007,GOOGLE,3,0,1,1,0,A review on buildings energy consumption information.,A review on buildings energy consumption information,"Pérez-Lombard, L.; Ortiz, J.; Pout, C.",Luis Pérez‐Lombard; José Ortiz; Christine Pout,2008,2007,Energy and Buildings,Energy and Buildings,,10.1016/j.enbuild.2007.03.007,1,1,1,GOOGLE,0,"✓ Title | ✓ Authors | ◐ Year | ✓ Venue | ○ ID

### Summary
This article was confirmed in the journal Energy and Buildings with matching authors Luis Pérez-Lombard, José Ortiz, and Christine Pout. The title ""A review on buildings energy consumption information"" was exactly matched, and the publication year is very close, differing by only one year.

### Details
A matching record was found with the exact title and the same three authors, though the year in the evidence is 2007 compared to 2008 in the citation, which is within an acceptable range. The journal name Energy and Buildings matched exactly. No identifier was provided in the citation. The article details can be verified at the DOI link below.

- [https://doi.org/10.1016/j.enbuild.2007.03.007](https://doi.org/10.1016/j.enbuild.2007.03.007)",0.9,0.1
"Sovacool, B. K. (2014). What are we doing here? Analyzing fifteen years of energy scholarship and proposing a social science research agenda. *Energy Research & Social Science*, *1*, 1–29.",Energy,deepseek_v4_pro_1600b_a49b,verified,"Sovacool, B. K. (2014). What are we doing here? Analyzing fifteen years of energy scholarship and proposing a social science research agenda. *Energy Research & Social Science*, *1*, 1-29. https://doi.org/10.1016/j.erss.2014.02.003",MATCH,MATCH,MATCH,MATCH,ABSENT,What are we doing here? Analyzing fifteen years of energy scholarship and proposing a social science research agenda,Benjamin K. Sovacool,2014,Energy Research & Social Science,10.1016/j.erss.2014.02.003,https://doi.org/10.1016/j.erss.2014.02.003,GOOGLE,4,0,0,1,0,What are we doing here? Analyzing fifteen years of energy scholarship and proposing a social science research agenda.,What are we doing here? Analyzing fifteen years of energy scholarship and proposing a social science research agenda,"Sovacool, B. K.",Benjamin K. Sovacool,2014,2014,Energy Research & Social Science,Energy Research & Social Science,,10.1016/j.erss.2014.02.003,1,1,1,GOOGLE,0,"✓ Title | ✓ Authors | ✓ Year | ✓ Venue | ○ ID

### Summary
This article was confirmed in the journal Energy Research & Social Science with matching author Benjamin K. Sovacool and the year 2014. The title and journal details matched exactly, verifying the reference.

### Details
A matching record was found with the exact title ""What are we doing here? Analyzing fifteen years of energy scholarship and proposing a social science research agenda."" The author Benjamin K. Sovacool was confirmed, and the publication year 2014 matched exactly. The journal name Energy Research & Social Science also matched perfectly. The article details include volume 1 and pages 1-29. The DOI 10.1016/j.erss.2014.02.003 provides a direct link to the source.

- https://doi.org/10.1016/j.erss.2014.02.003",1.0,0.0
"Arora, V. K., Boer, G. J., Friedlingstein, P., Eby, M., Jones, C. D., Christian, J. R., ... & Wu, T. (2013). Carbon–concentration and carbon–climate feedbacks in CMIP5 Earth system models. *Journal of Climate*, 26(15), 5289–5314.",Environmental Science,deepseek_v4_pro_1600b_a49b,verified,"Arora, V. K., Boer, G. J., Friedlingstein, P., Eby, M., Jones, C., Christian, J. R., Bonan, G. B., Bopp, L., Brovkin, V., Cadule, P., Hajima, T., Ilyina, T., Lindsay, K., Tjiputra, J., & Wu, T. (2013). Carbon–Concentration and Carbon–Climate Feedbacks in CMIP5 Earth System Models. *Journal of Climate*, 26(15), 5289–5314. https://doi.org/10.1175/jcli-d-12-00494.1",MATCH,CONTAINS,MATCH,MATCH,ABSENT,Carbon–Concentration and Carbon–Climate Feedbacks in CMIP5 Earth System Models,Vivek K. Arora; G. J. Boer; Pierre Friedlingstein; Michael Eby; Chris Jones; James R. Christian; Gordon B. Bonan; Laurent Bopp; Victor Brovkin; Patricia Cadule; Tomohiro Hajima; Tatiana Ilyina; Keith Lindsay; Jerry Tjiputra; Tongwen Wu,2013,Journal of Climate,10.1175/jcli-d-12-00494.1,https://doi.org/10.1175/jcli-d-12-00494.1,GOOGLE,3,0,1,1,0,Carbon–concentration and carbon–climate feedbacks in CMIP5 Earth system models,Carbon–Concentration and Carbon–Climate Feedbacks in CMIP5 Earth System Models,"Arora, V. K.; Boer, G. J.; Friedlingstein, P.; Eby, M.; Jones, C. D.; Christian, J. R.; ... & Wu, T.",Vivek K. Arora; G. J. Boer; Pierre Friedlingstein; Michael Eby; Chris Jones; James R. Christian; Gordon B. Bonan; Laurent Bopp; Victor Brovkin; Patricia Cadule; Tomohiro Hajima; Tatiana Ilyina; Keith Lindsay; Jerry Tjiputra; Tongwen Wu,2013,2013,Journal of Climate,Journal of Climate,,10.1175/jcli-d-12-00494.1,1,1,1,GOOGLE,1,"✓ Title | ◐ Authors | ✓ Year | ✓ Venue | ○ ID

### Summary
This article was confirmed in the Journal of Climate with matching title, authors, and year. The listed authors in the citation are all included in the verified record, which also contains additional co-authors.

### Details
A matching record was found with the exact title ""Carbon–Concentration and Carbon–Climate Feedbacks in CMIP5 Earth System Models"". The year 2013 matched exactly, and the journal name ""Journal of Climate"" was confirmed. All authors cited were found within the verified author list, which includes more contributors. The article details, including volume 26, issue 15, and pages 5289-5314, align with the citation. The DOI 10.1175/jcli-d-12-00494.1 provides a direct link to the source.

- https://doi.org/10.1175/jcli-d-12-00494.1",0.867,0.133
"Barnosky, A. D., Matzke, N., Tomiya, S., Wogan, G. O., Swartz, B., Quental, T. B., ... & Ferrer, E. A. (2011). Has the Earth’s sixth mass extinction already arrived? *Nature*, 471(7336), 51–57.",Environmental Science,deepseek_v4_pro_1600b_a49b,verified,"Barnosky, A. D., Matzke, N. J., Tomiya, S., Wogan, G. O. U., Swartz, B., Quental, T. B., Marshall, C. R., McGuire, J. L., Lindsey, E., Maguire, K. C., Mersey, B., & Ferrer, E. A. (2011). Has the Earth’s sixth mass extinction already arrived? *Nature*, *471*(7336), 51–57. https://doi.org/10.1038/nature09678",MATCH,MATCH,MATCH,MATCH,ABSENT,Has the Earth’s sixth mass extinction already arrived?,Anthony D. Barnosky; Nicholas J. Matzke; Susumu Tomiya; Guinevere O. U. Wogan; Brian Swartz; Tiago B. Quental; Charles R. Marshall; Jenny L. McGuire; Emily Lindsey; Kaitlin C. Maguire; Ben Mersey; Elizabeth Anne Ferrer,2011,Nature,10.1038/nature09678,https://doi.org/10.1038/nature09678,GOOGLE,4,0,0,1,0,Has the Earth’s sixth mass extinction already arrived?,Has the Earth’s sixth mass extinction already arrived?,"Barnosky, A. D.; Matzke, N.; Tomiya, S.; Wogan, G. O.; Swartz, B.; Quental, T. B.; ...; Ferrer, E. A.",Anthony D. Barnosky; Nicholas J. Matzke; Susumu Tomiya; Guinevere O. U. Wogan; Brian Swartz; Tiago B. Quental; Charles R. Marshall; Jenny L. McGuire; Emily Lindsey; Kaitlin C. Maguire; Ben Mersey; Elizabeth Anne Ferrer,2011,2011,Nature,Nature,,10.1038/nature09678,1,1,1,GOOGLE,0,"✓ Title | ✓ Authors | ✓ Year | ✓ Venue | ○ ID

### Summary
This article was confirmed in Nature with matching authors and year. The title ""Has the Earth’s sixth mass extinction already arrived?"" was exactly matched, and the author list corresponds well despite the citation using initials and truncation.

### Details
A matching record was found in OpenAlex with the exact title and year 2011. The journal Nature was confirmed, and the authors listed in the citation map directly to the full author names in the evidence. The DOI 10.1038/nature09678 and the article's volume, issue, and page numbers also align perfectly.

- https://doi.org/10.1038/nature09678",1.0,0.0
"Crutzen, P. J. (2002). Geology of mankind. *Nature*, 415(6867), 23.",Environmental Science,deepseek_v4_pro_1600b_a49b,verified,"Crutzen, P. J. (2002). Geology of mankind. *Nature*, 415(6867), 23. https://doi.org/10.1038/415023a",MATCH,MATCH,MATCH,MATCH,ABSENT,Geology of mankind,Paul J. Crutzen,2002,Nature,10.1038/415023a,https://doi.org/10.1038/415023a,GOOGLE,4,0,0,1,0,Geology of mankind.,Geology of mankind,"Crutzen, P. J.",Paul J. Crutzen,2002,2002,Nature,Nature,,10.1038/415023a,1,1,1,GOOGLE,0,"✓ Title | ✓ Authors | ✓ Year | ✓ Venue | ○ ID

### Summary
This article was confirmed in Nature with matching authors and year. The title ""Geology of mankind"" and the author Paul J. Crutzen were exactly matched, along with the publication year 2002 and the journal Nature.

### Details
A matching record was found with the exact title ""Geology of mankind"" and author Paul J. Crutzen, corresponding to the citation author ""Crutzen, P. J."". The year 2002 matched exactly, as did the journal Nature. Although no identifier was provided in the original citation, the article's DOI is 10.1038/415023a, confirming the reference. The article appears in volume 415, issue 6867, on page 23.

- https://doi.org/10.1038/415023a",1.0,0.0
"Foley, J. A., DeFries, R., Asner, G. P., Barford, C., Bonan, G., Carpenter, S. R., ... & Snyder, P. K. (2005). Global consequences of land use. *Science*, 309(5734), 570–574.",Environmental Science,deepseek_v4_pro_1600b_a49b,verified,"Foley, J. A., DeFries, R., Asner, G. P., Barford, C., Bonan, G. B., Carpenter, S. R., Chapin, F. S., Coe, M. T., Daily, G. C., Gibbs, H., Helkowski, J. H., Holloway, T., Howard, E. A., Kucharik, C. J., Monfreda, C., Patz, J. A., Prentice, I. C., Ramankutty, N., & Snyder, P. K. (2005). Global consequences of land use. *Science*, *309*(5734), 570-574. https://doi.org/10.1126/science.1111772",MATCH,CONTAINS,MATCH,MATCH,ABSENT,Global Consequences of Land Use,Jonathan A. Foley; Ruth DeFries; Gregory P. Asner; Carol Barford; Gordon B. Bonan; Stephen R. Carpenter; F. Stuart Chapin; Michael T. Coe; Gretchen C. Daily; Holly Gibbs; Joseph H. Helkowski; Tracey Holloway; E. A. Howard; Christopher J. Kucharik; Chad Monfreda; Jonathan A. Patz; I. Colin Prentice; Navin Ramankutty; P. K. Snyder,2005,Science,10.1126/science.1111772,https://doi.org/10.1126/science.1111772,GOOGLE,3,0,1,1,0,Global consequences of land use,Global Consequences of Land Use,"Foley, J. A.; DeFries, R.; Asner, G. P.; Barford, C.; Bonan, G.; Carpenter, S. R.; Snyder, P. K.",Jonathan A. Foley; Ruth DeFries; Gregory P. Asner; Carol Barford; Gordon B. Bonan; Stephen R. Carpenter; F. Stuart Chapin; Michael T. Coe; Gretchen C. Daily; Holly Gibbs; Joseph H. Helkowski; Tracey Holloway; E. A. Howard; Christopher J. Kucharik; Chad Monfreda; Jonathan A. Patz; I. Colin Prentice; Navin Ramankutty; P. K. Snyder,2005,2005,Science,Science,,10.1126/science.1111772,1,1,1,GOOGLE,0,"✓ Title | ◐ Authors | ✓ Year | ✓ Venue | ○ ID

### Summary
This article was confirmed in the journal Science with matching title, year, and venue. The original authors listed were all found within a larger group of authors for the article.

### Details
A matching record was found with the exact title ""Global Consequences of Land Use"" published in 2005 in Science. The year and journal matched exactly. The authors from the original reference (Foley, DeFries, Asner, Barford, Bonan, Carpenter, Snyder) were all included in the full author list found, which also contained additional authors. No identifier was provided in the original citation, but the matching article has the DOI 10.1126/science.1111772.

- https://doi.org/10.1126/science.1111772",0.867,0.133
"Hansen, J., Sato, M., Hearty, P., Ruedy, R., Kelley, M., Masson-Delmotte, V., ... & Lo, K. W. (2016). Ice melt, sea level rise and superstorms: evidence from paleoclimate data, climate modeling, and modern observations that 2 °C global warming could be dangerous. *Atmospheric Chemistry and Physics*, 16(6), 3761–3812.",Environmental Science,deepseek_v4_pro_1600b_a49b,verified,"Hansen, J. E., Sato, M., Hearty, P. J., Rüedy, R., Kelley, M., Masson‐Delmotte, V., Russell, G. L., Tselioudis, G., Cao, J., Rignot, E., Velicogna, I., Tormey, B., Donovan, B. G., Kandiano, E. S., von Schuckmann, K., Kharecha, P., LeGrande, A. N., Bauer, M., & Lo, K.-W. (2016). Ice melt, sea level rise and superstorms: Evidence from paleoclimate data, climate modeling, and modern observations that 2 °C global warming could be dangerous. *Atmospheric Chemistry and Physics*, *16*(6), 3761-3812. https://doi.org/10.5194/acp-16-3761-2016",MATCH,CONTAINS,MATCH,MATCH,ABSENT,"Ice melt, sea level rise and superstorms: evidence from paleoclimate data, climate modeling, and modern observations that 2 °C global warming could be dangerous",James E. Hansen; Makiko Sato; Paul J. Hearty; Reto Rüedy; Maxwell Kelley; Valérie Masson‐Delmotte; Gary L. Russell; George Tselioudis; Junji Cao; Eric Rignot; I. Velicogna; Blair Tormey; Bailey G. Donovan; Evgenia S Kandiano; Karina von Schuckmann; Pushker Kharecha; Allegra N. LeGrande; Michael Bauer; Kwok-Wai Lo,2016,Atmospheric chemistry and physics,10.5194/acp-16-3761-2016,https://doi.org/10.5194/acp-16-3761-2016,GOOGLE,3,0,1,1,0,"Ice melt, sea level rise and superstorms: evidence from paleoclimate data, climate modeling, and modern observations that 2 °C global warming could be dangerous","Ice melt, sea level rise and superstorms: evidence from paleoclimate data, climate modeling, and modern observations that 2 °C global warming could be dangerous","Hansen, J.; Sato, M.; Hearty, P.; Ruedy, R.; Kelley, M.; Masson-Delmotte, V.; Lo, K. W.",James E. Hansen; Makiko Sato; Paul J. Hearty; Reto Rüedy; Maxwell Kelley; Valérie Masson‐Delmotte; Gary L. Russell; George Tselioudis; Junji Cao; Eric Rignot; I. Velicogna; Blair Tormey; Bailey G. Donovan; Evgenia S Kandiano; Karina von Schuckmann; Pushker Kharecha; Allegra N. LeGrande; Michael Bauer; Kwok-Wai Lo,2016,2016,Atmospheric Chemistry and Physics,Atmospheric chemistry and physics,,10.5194/acp-16-3761-2016,1,1,1,GOOGLE,0,"✓ Title | ◐ Authors | ✓ Year | ✓ Venue | ○ ID

### Summary
This article was confirmed in Atmospheric Chemistry and Physics with matching title, year, and authors. The title ""Ice melt, sea level rise and superstorms: evidence from paleoclimate data, climate modeling, and modern observations that 2 °C global warming could be dangerous"" was exactly matched, and all cited authors were found within a larger author list.

### Details
A matching record was found with the exact title and year 2016. The journal name Atmospheric Chemistry and Physics matched exactly. The citation authors were a subset of the full author list in the evidence, confirming the match. No identifier was provided in the citation, but the DOI 10.5194/acp-16-3761-2016 is associated with the article.

- https://doi.org/10.5194/acp-16-3761-2016",0.867,0.133
"Lenton, T. M., Held, H., Kriegler, E., Hall, J. W., Lucht, W., Rahmstorf, S., & Schellnhuber, H. J. (2008). Tipping elements in the Earth's climate system. *Proceedings of the National Academy of Sciences*, 105(6), 1786–1793.",Environmental Science,deepseek_v4_pro_1600b_a49b,verified,"Lenton, T. M., Held, H., Kriegler, E., Hall, J. W., Lucht, W., Rahmstorf, S., & Schellnhuber, H. J. (2008). Tipping elements in the Earth's climate system. *Proceedings of the National Academy of Sciences*, *105*(6), 1786-1793. https://doi.org/10.1073/pnas.0705414105",MATCH,MATCH,MATCH,MATCH,ABSENT,Tipping elements in the Earth's climate system,Timothy M. Lenton; Hermann Held; Elmar Kriegler; Jim W. Hall; Wolfgang Lucht; Stefan Rahmstorf; Hans Joachim Schellnhuber,2008,Proceedings of the National Academy of Sciences,10.1073/pnas.0705414105,https://doi.org/10.1073/pnas.0705414105,GOOGLE,4,0,0,1,0,Tipping elements in the Earth's climate system,Tipping elements in the Earth's climate system,"Lenton, T. M.; Held, H.; Kriegler, E.; Hall, J. W.; Lucht, W.; Rahmstorf, S.; Schellnhuber, H. J.",Timothy M. Lenton; Hermann Held; Elmar Kriegler; Jim W. Hall; Wolfgang Lucht; Stefan Rahmstorf; Hans Joachim Schellnhuber,2008,2008,Proceedings of the National Academy of Sciences,Proceedings of the National Academy of Sciences,,10.1073/pnas.0705414105,1,1,1,GOOGLE,0,"✓ Title | ✓ Authors | ✓ Year | ✓ Venue | ○ ID

### Summary
This article was confirmed in the Proceedings of the National Academy of Sciences with matching authors and year. The title ""Tipping elements in the Earth's climate system"" was verified exactly, and all authors correspond one-to-one despite differences in name formatting.

### Details
A matching record was found with the exact title and year 2008. All seven authors matched perfectly, including full names and initials (e.g., Timothy M. Lenton and T. M. Lenton). The journal name also matched exactly. Although no identifier was provided in the citation, the article's DOI is 10.1073/pnas.0705414105, confirming the reference's accuracy.

- https://doi.org/10.1073/pnas.0705414105",1.0,0.0
"Liu, J., Dietz, T., Carpenter, S. R., Alberti, M., Folke, C., Moran, E., ... & Taylor, W. W. (2007). Complexity of coupled human and natural systems. *Science*, 317(5844), 1513–1516.",Environmental Science,deepseek_v4_pro_1600b_a49b,verified,"Liu, J., Dietz, T., Carpenter, S. R., Alberti, M., Folke, C., Morán, E. F., Pell, A. N., Deadman, P., Kratz, T. K., Lubchenco, J., Элинор Остром, Ouyang, Z., Provencher, W., Redman, C. L., Schneider, S. H., & Taylor, W. W. (2007). Complexity of Coupled Human and Natural Systems. *Science*, *317*(5844), 1513-1516. https://doi.org/10.1126/science.1144004",MATCH,MATCH,MATCH,MATCH,ABSENT,Complexity of Coupled Human and Natural Systems,Jianguo Liu; Thomas Dietz; Stephen R. Carpenter; Marina Alberti; Carl Folke; Emilio F. Morán; Alice N. Pell; Peter Deadman; Timothy K. Kratz; Jane Lubchenco; Элинор Остром; Zhiyun Ouyang; William Provencher; Charles L. Redman; Stephen H. Schneider; William W. Taylor,2007,Science,10.1126/science.1144004,https://doi.org/10.1126/science.1144004,GOOGLE,4,0,0,1,0,Complexity of coupled human and natural systems.,Complexity of Coupled Human and Natural Systems,"Liu, J.; Dietz, T.; Carpenter, S. R.; Alberti, M.; Folke, C.; Moran, E.; ...; Taylor, W. W.",Jianguo Liu; Thomas Dietz; Stephen R. Carpenter; Marina Alberti; Carl Folke; Emilio F. Morán; Alice N. Pell; Peter Deadman; Timothy K. Kratz; Jane Lubchenco; Элинор Остром; Zhiyun Ouyang; William Provencher; Charles L. Redman; Stephen H. Schneider; William W. Taylor,2007,2007,Science,Science,,10.1126/science.1144004,1,1,1,GOOGLE,1,"✓ Title | ✓ Authors | ✓ Year | ✓ Venue | ○ ID

### Summary
This article was confirmed in the journal Science with matching authors and year. The title ""Complexity of Coupled Human and Natural Systems"" was verified exactly, and the core group of authors listed in the citation matches the detailed author list found in the evidence.

### Details
A matching record was found in OpenAlex with the exact title and year 2007. The journal Science was confirmed as the publication venue. The author list includes the core authors from the citation, with some additional co-authors also identified, confirming the citation's accuracy. The DOI 10.1126/science.1144004 and URL https://doi.org/10.1126/science.1144004 provide direct access to the article.

- https://doi.org/10.1126/science.1144004",1.0,0.0
"Pauly, D., Christensen, V., Guénette, S., Pitcher, T. J., Sumaila, U. R., Walters, C. J., ... & Zeller, D. (2002). Towards sustainability in world fisheries. *Nature*, 418(6898), 689–695.",Environmental Science,deepseek_v4_pro_1600b_a49b,verified,"Pauly, D., Christensen, V., Guénette, S., Pitcher, T. J., Sumaila, U. R., Walters, C. J., Watson, R., & Zeller, D. (2002). Towards sustainability in world fisheries. *Nature*, 418(6898), 689-695. https://doi.org/10.1038/nature01017",MATCH,CONTAINS,MATCH,MATCH,ABSENT,Towards sustainability in world fisheries,Daniel Pauly; Villy Christensen; Sylvie Guénette; Tony J. Pitcher; U. Rashid Sumaila; Carl J. Walters; Reg Watson; Dirk Zeller,2002,Nature,10.1038/nature01017,https://doi.org/10.1038/nature01017,GOOGLE,3,0,1,1,0,Towards sustainability in world fisheries.,Towards sustainability in world fisheries,"Pauly, D.; Christensen, V.; Guénette, S.; Pitcher, T. J.; Sumaila, U. R.; Walters, C. J.; Zeller, D.",Daniel Pauly; Villy Christensen; Sylvie Guénette; Tony J. Pitcher; U. Rashid Sumaila; Carl J. Walters; Reg Watson; Dirk Zeller,2002,2002,Nature,Nature,,10.1038/nature01017,1,1,1,GOOGLE,0,"✓ Title | ◐ Authors | ✓ Year | ✓ Venue | ○ ID

### Summary
This article was confirmed in the journal Nature with matching title, authors, and year. The original authors were all found in the verified record, along with an additional author, confirming the citation's accuracy.

### Details
A matching record was found with the exact title ""Towards sustainability in world fisheries"" published in 2002 in Nature. All original authors listed in the citation appear in the verified record, which also includes one additional author, Reg Watson. The volume, issue, and page numbers correspond exactly, and the DOI 10.1038/nature01017 provides a direct link to the source.

- https://doi.org/10.1038/nature01017",0.867,0.133
"Rockström, J., Steffen, W., Noone, K., Persson, Å., Chapin, F. S., Lambin, E. F., ... & Foley, J. A. (2009). A safe operating space for humanity. *Nature*, 461(7263), 472–475.",Environmental Science,deepseek_v4_pro_1600b_a49b,verified,"Rockström, J., Steffen, W., Noone, K. J., Persson, Å., Chapin, F. S., Lambin, É. F., Lenton, T. M., Scheffer, M., Folke, C., Schellnhuber, H. J., Nykvist, B., de Wit, C. A., Hughes, T. P., van der Leeuw, S., Rodhe, H., Sörlin, S., Snyder, P. K., Costanza, R., Svedin, U., Falkenmark, M., Karlberg, L., Corell, R. W., Fabry, V. J., Hansen, J. E., Walker, B., Liverman, D., Richardson, K., Crutzen, P. J., & Foley, J. A. (2009). A safe operating space for humanity. *Nature*, *461*(7263), 472-475. https://doi.org/10.1038/461472a",MATCH,CONTAINS,MATCH,MATCH,ABSENT,A safe operating space for humanity,Johan Rockström; Will Steffen; Kevin J. Noone; Åsa Persson; F. Stuart Chapin; Éric F. Lambin; Timothy M. Lenton; Marten Scheffer; Carl Folke; Hans Joachim Schellnhuber; Björn Nykvist; Cynthia A. de Wit; Terry P. Hughes; Sander van der Leeuw; Henning Rodhe; Sverker Sörlin; P. K. Snyder; Robert Costanza; Uno Svedin; Malin Falkenmark; Louise Karlberg; Robert W. Corell; Victoria J. Fabry; James E. Hansen; Brian Walker; Diana Liverman; Katherine Richardson; Paul J. Crutzen; Jonathan A. Foley,2009,Nature,10.1038/461472a,https://doi.org/10.1038/461472a,GOOGLE,3,0,1,1,0,A safe operating space for humanity,A safe operating space for humanity,"Rockström, J.; Steffen, W.; Noone, K.; Persson, Å.; Chapin, F. S.; Lambin, E. F.; Foley, J. A.",Johan Rockström; Will Steffen; Kevin J. Noone; Åsa Persson; F. Stuart Chapin; Éric F. Lambin; Timothy M. Lenton; Marten Scheffer; Carl Folke; Hans Joachim Schellnhuber; Björn Nykvist; Cynthia A. de Wit; Terry P. Hughes; Sander van der Leeuw; Henning Rodhe; Sverker Sörlin; P. K. Snyder; Robert Costanza; Uno Svedin; Malin Falkenmark; Louise Karlberg; Robert W. Corell; Victoria J. Fabry; James E. Hansen; Brian Walker; Diana Liverman; Katherine Richardson; Paul J. Crutzen; Jonathan A. Foley,2009,2009,Nature,Nature,,10.1038/461472a,1,1,1,GOOGLE,0,"✓ Title | ◐ Authors | ✓ Year | ✓ Venue | ○ ID

### Summary
This article was confirmed in Nature with the exact title ""A safe operating space for humanity"" and matching publication year 2009. The author list in the evidence includes all seven authors from the citation and many more, confirming the citation's authors as a subset.

### Details
A matching record was found with the exact title ""A safe operating space for humanity"" published in Nature in 2009. The citation's authors (Rockström, Steffen, Noone, Persson, Chapin, Lambin, Foley) are all included in the evidence's longer author list. The journal name and year matched exactly. The article's DOI is 10.1038/461472a, providing a direct link to the source.

- https://doi.org/10.1038/461472a",0.867,0.133
"Vitousek, P. M., Mooney, H. A., Lubchenco, J., & Melillo, J. M. (1997). Human domination of Earth's ecosystems. *Science*, 277(5325), 494–499.",Environmental Science,deepseek_v4_pro_1600b_a49b,verified,"Vitousek, P. M., Mooney, H. A., Lubchenco, J., & Melillo, J. M. (1997). Human domination of Earth's ecosystems. *Science*, 277(5325), 494–499. https://doi.org/10.1126/science.277.5325.494",MATCH,MATCH,MATCH,MATCH,ABSENT,Human Domination of Earth's Ecosystems,Peter M. Vitousek; Harold A. Mooney; Jane Lubchenco; Jerry M. Melillo,1997,Science,10.1126/science.277.5325.494,https://doi.org/10.1126/science.277.5325.494,GOOGLE,4,0,0,1,0,Human domination of Earth's ecosystems,Human Domination of Earth's Ecosystems,"Vitousek, P. M.; Mooney, H. A.; Lubchenco, J.; Melillo, J. M.",Peter M. Vitousek; Harold A. Mooney; Jane Lubchenco; Jerry M. Melillo,1997,1997,Science,Science,,10.1126/science.277.5325.494,1,1,1,GOOGLE,0,"✓ Title | ✓ Authors | ✓ Year | ✓ Venue | ○ ID

### Summary
This article was confirmed in the journal Science with matching authors Peter M. Vitousek, Harold A. Mooney, Jane Lubchenco, and Jerry M. Melillo, and the year 1997.

### Details
A matching record was found with the exact title ""Human Domination of Earth's Ecosystems."" The authors matched one-to-one in the same order, with differences only in name abbreviation styles. The publication year 1997 and the journal Science also matched exactly. The article's DOI is 10.1126/science.277.5325.494.

- [DOI link](https://doi.org/10.1126/science.277.5325.494)",1.0,0.0
"Ahmed, R., & Hyndman-Rizk, N. (2020). The higher education paradox: The experiences of first-generation migrant and refugee young women in Australia. *Journal of Youth Studies, 23*(7), 901–917.",Girls education,deepseek_v4_pro_1600b_a49b,unverified,Reference could not be verified.,UNCONFIRMED,UNCONFIRMED,UNCONFIRMED,UNCONFIRMED,UNCONFIRMED,,,,,,,,,,,,,,,,,,,,,,,0,0,0,,0,"? Title | ? Authors | ? Year | ? Venue | ? ID

### Summary
No matching article titled ""The higher education paradox: The experiences of first-generation migrant and refugee young women in Australia"" by Ahmed and Hyndman-Rizk from 2020 could be found in the searched databases or sources.

### Details
A search in OpenAlex returned no matching records for this reference. Additional searches through scholarly databases and Google Scholar did not find any article with this exact title, authors, or publication year. Several related works on migrant and refugee experiences in Australian higher education were found, but none matched the given citation details exactly.

- https://journals.sagepub.com/doi/abs/10.1177/1478210318822180
- https://www.taylorfrancis.com/books/mono/10.4324/9781003090281/first-generation-student-experiences-higher-education-carl-james-leanne-taylor
- https://www.tandfonline.com/doi/abs/10.1080/01425692.2019.1576120
- https://www.tandfonline.com/doi/abs/10.1080/02671522.2019.1633561
- https://books.google.com/books?hl=en&lr=&id=FUz_EAAAQBAJ&oi=fnd&pg=PA176&dq=The+higher+education+paradox:+The+experiences+of+first-generation+migrant+and+refugee+young+women+in+Australia+Ahmed&ots=awbhMbN-5Z&sig=BgdcV_JsM1V32Dxzk12sX8mf2Cs
- https://search.proquest.com/openview/e13aa03e35f54ec6270c95416ce2a437/1?pq-origsite=gscholar&cbl=18750&diss=y",0.0,1.0
"Bandyopadhyay, M., & Subrahmanian, R. (2008). Gender equity in education: A review of trends and factors. *CREATE Pathways to Access Research Monograph No. 18*. Consortium for Research on Educational Access, Transitions and Equity.",Girls education,deepseek_v4_pro_1600b_a49b,verified,"Bandyopadhyay, M., & Subrahmanian, R. (2008). Gender equity in education: A review of trends and factors. *CREATE Pathways to Access Research Monograph No. 18*. Consortium for Research on Educational Access, Transitions and Equity. http://www.create-rpc.org/pdf_documents/PTA18.pdf",MATCH,MATCH,MATCH,MATCH,ABSENT,Gender Equity in Education: A Review of Trends and Factors,Madhumita Bandyopadhyay; Ramya Subrahmanian,2008,CREATE Pathways to Access Research Monograph No. 18,,http://www.create-rpc.org/pdf_documents/PTA18.pdf,GOOGLE,4,0,0,1,0,Gender equity in education: A review of trends and factors.,Gender Equity in Education: A Review of Trends and Factors,"Bandyopadhyay, M.; Subrahmanian, R.",Madhumita Bandyopadhyay; Ramya Subrahmanian,2008,2008,"Consortium for Research on Educational Access, Transitions and Equity",CREATE Pathways to Access Research Monograph No. 18,,http://www.create-rpc.org/pdf_documents/PTA18.pdf,1,1,1,GOOGLE,0,"✓ Title | ✓ Authors | ✓ Year | ✓ Venue | ○ ID

### Summary
This reference was confirmed as accurate. The title ""Gender Equity in Education: A Review of Trends and Factors"" was exactly matched, and the authors Madhumita Bandyopadhyay and Ramya Subrahmanian were identified as the same individuals listed with initials. The year 2008 and the publisher, the Consortium for Research on Educational Access, Transitions and Equity (CREATE), also matched, confirming the citation.

### Details
A matching record was found with the exact title and year 2008. The authors matched despite the citation using initials and the evidence listing full names. The publisher name matched with the citation's full organization name and the evidence's acronym CREATE, indicating the same entity. No identifier such as a DOI was present, but the citation was verified through multiple sources including the official CREATE website and ERIC database.

- [ERIC Record](https://eric.ed.gov/?id=ED508744)
- [CREATE Publications](http://www.create-rpc.org/publications/themes/equity/)
- [PDF Document](http://www.create-rpc.org/pdf_documents/PTA18.pdf)",1.0,0.0
"Glick, P. (2008). What policies will reduce gender schooling gaps in developing countries: How many and how much? *World Development, 36*(9), 1623–1646.",Girls education,deepseek_v4_pro_1600b_a49b,verified-with-error,"Glick, P. (2008). What policies will reduce gender schooling gaps in developing countries: Evidence and interpretation. *World Development*. https://www.sciencedirect.com/science/article/pii/S0305750X08001046",CONTAINS,MATCH,MATCH,MATCH,ABSENT,What policies will reduce gender schooling gaps in developing countries: Evidence and interpretation,P. Glick,2008,World Development,,https://www.sciencedirect.com/science/article/pii/S0305750X08001046,GOOGLE,3,0,1,1,0,What policies will reduce gender schooling gaps in developing countries: How many and how much?,What policies will reduce gender schooling gaps in developing countries: Evidence and interpretation,"Glick, P.",P. Glick,2008,2008,World Development,World Development,,https://www.sciencedirect.com/science/article/pii/S0305750X08001046,1,1,1,GOOGLE,0,"◐ Title | ✓ Authors | ✓ Year | ✓ Venue | ○ ID

### Summary
This article was found in the journal World Development with matching author P. Glick and the year 2008. The title closely matches, though the subtitle differs slightly, indicating it is likely the same article or a closely related version.

### Details
A matching record was found with the title ""What policies will reduce gender schooling gaps in developing countries: Evidence and interpretation,"" which shares the core title with the cited reference but has a different subtitle. The author name matches exactly, represented in different common formats (""Glick, P."" vs ""P. Glick""). The year 2008 and journal World Development also match perfectly. No DOI or direct identifier was available, and the URL provided leads to a paywalled page. This suggests the reference is verified but with minor discrepancies in the subtitle.

- https://www.sciencedirect.com/science/article/pii/S0305750X08001046",0.833,0.167
"Grant, M. J., & Behrman, J. R. (2010). Gender gaps in educational attainment in less developed countries. *Population and Development Review, 36*(1), 71–89.",Girls education,deepseek_v4_pro_1600b_a49b,verified,"Grant, M. J., & Behrman, J. R. (2010). Gender gaps in educational attainment in less developed countries. *Population and Development Review*, *36*(1), 71-89. https://doi.org/10.1111/j.1728-4457.2010.00318.x",MATCH,MATCH,MATCH,MATCH,ABSENT,Gender Gaps in Educational Attainment in Less Developed Countries,Monica J. Grant; Jere R. Behrman,2010,Population and Development Review,10.1111/j.1728-4457.2010.00318.x,https://doi.org/10.1111/j.1728-4457.2010.00318.x,GOOGLE,4,0,0,1,0,Gender gaps in educational attainment in less developed countries.,Gender Gaps in Educational Attainment in Less Developed Countries,"Grant, M. J.; Behrman, J. R.",Monica J. Grant; Jere R. Behrman,2010,2010,Population and Development Review,Population and Development Review,,10.1111/j.1728-4457.2010.00318.x,1,1,1,GOOGLE,0,"✓ Title | ✓ Authors | ✓ Year | ✓ Venue | ○ ID

### Summary
This article was confirmed in the journal Population and Development Review with matching authors Monica J. Grant and Jere R. Behrman, and the year 2010. The title and journal details matched exactly.

### Details
A matching record was found with the exact title ""Gender Gaps in Educational Attainment in Less Developed Countries."" Both authors were confirmed, with initials and full names aligning correctly. The publication year 2010 and the journal Population and Development Review matched exactly. The article's DOI is 10.1111/j.1728-4457.2010.00318.x, providing a direct link to the source.

- https://doi.org/10.1111/j.1728-4457.2010.00318.x",1.0,0.0
"Kabeer, N. (2005). Gender equality and women's empowerment: A critical analysis of the third Millennium Development Goal. *Gender & Development, 13*(1), 13–24.",Girls education,deepseek_v4_pro_1600b_a49b,verified-with-error,"Kabeer, N. (2005). Gender equality and women's empowerment: A critical analysis of the third millennium development goal 1. *Gender & Development*, 13(1), 13-24. https://doi.org/10.1080/13552070512331332273",CONTAINS,MATCH,MATCH,MATCH,ABSENT,Gender equality and women's empowerment: A critical analysis of the third millennium development goal 1,Naila Kabeer,2005,Gender & Development,10.1080/13552070512331332273,https://doi.org/10.1080/13552070512331332273,GOOGLE,3,0,1,1,0,Gender equality and women's empowerment: A critical analysis of the third Millennium Development Goal,Gender equality and women's empowerment: A critical analysis of the third millennium development goal 1,"Kabeer, N.",Naila Kabeer,2005,2005,Gender & Development,Gender & Development,,10.1080/13552070512331332273,1,1,1,GOOGLE,0,"◐ Title | ✓ Authors | ✓ Year | ✓ Venue | ○ ID

### Summary
This article was confirmed in the journal Gender & Development with matching author Naila Kabeer and the year 2005. The title closely matches, with a minor difference in the subtitle where an extra '1' appears in the verified version.

### Details
A matching record was found with the DOI 10.1080/13552070512331332273. The author name matches as Naila Kabeer, corresponding to the citation's N. Kabeer. The year 2005 and journal Gender & Development matched exactly. The title is nearly identical except for a small addition of '1' at the end of the subtitle, indicating a variant or closely related version. No identifier was present in the original citation.

- https://doi.org/10.1080/13552070512331332273",0.833,0.167
"Lloyd, C. B., & Mensch, B. S. (2008). Marriage and childbirth as factors in dropping out from school: An analysis of DHS data from sub-Saharan Africa. *Population Studies, 62*(1), 1–13.",Girls education,deepseek_v4_pro_1600b_a49b,verified,"Lloyd, C. B., & Mensch, B. S. (2008). Marriage and childbirth as factors in dropping out from school: An analysis of DHS data from sub-Saharan Africa. *Population Studies*, *62*(1), 1-13. https://doi.org/10.1080/00324720701810840",MATCH,MATCH,MATCH,MATCH,ABSENT,Marriage and childbirth as factors in dropping out from school: An analysis of DHS data from sub-Saharan Africa,Cynthia B. Lloyd; Barbara Mensch,2008,Population Studies,10.1080/00324720701810840,https://doi.org/10.1080/00324720701810840,GOOGLE,4,0,0,1,0,Marriage and childbirth as factors in dropping out from school: An analysis of DHS data from sub-Saharan Africa,Marriage and childbirth as factors in dropping out from school: An analysis of DHS data from sub-Saharan Africa,"Lloyd, C. B.; Mensch, B. S.",Cynthia B. Lloyd; Barbara Mensch,2008,2008,Population Studies,Population Studies,,10.1080/00324720701810840,1,1,1,GOOGLE,0,"✓ Title | ✓ Authors | ✓ Year | ✓ Venue | ○ ID

### Summary
This article was confirmed in Population Studies with matching authors Cynthia B. Lloyd and Barbara Mensch, and the year 2008. The title and journal details matched exactly, verifying the reference.

### Details
A matching record was found with the exact title ""Marriage and childbirth as factors in dropping out from school: An analysis of DHS data from sub-Saharan Africa."" The authors matched fully, with Cynthia B. Lloyd and Barbara Mensch identified. The year 2008 and the journal Population Studies also matched exactly. The article is published in volume 62, issue 1, pages 1-13, with a DOI link confirming the source.

- https://doi.org/10.1080/00324720701810840",1.0,0.0
"Parkes, J., Heslop, J., Ross, F. J., Westerveld, R., & Unterhalter, E. (2016). A rigorous review of global research evidence on policy and practice on school-related gender-based violence. *UNICEF Technical Report*. United Nations Children's Fund.",Girls education,deepseek_v4_pro_1600b_a49b,verified,"Parkes, J., Heslop, J., Ross, F. J., Westerveld, R., & Unterhalter, E. (2016). A rigorous review of global research evidence on policy and practice on school-related gender-based violence. *UNICEF Technical Report*. United Nations Children's Fund. https://www.unicef.org/documents/rigorous-review-global-research-evidence-policy-and-practice-school-related-gender-based",MATCH,MATCH,MATCH,MATCH,ABSENT,A rigorous review of global research evidence on policy and practice on school-related gender-based violence,Jenny Parkes; Jo Heslop; Freya J. Ross; Rachael Westerveld; Esther Unterhalter,2016,UNICEF Technical Report,,https://www.unicef.org/documents/rigorous-review-global-research-evidence-policy-and-practice-school-related-gender-based,GOOGLE,4,0,0,1,0,A rigorous review of global research evidence on policy and practice on school-related gender-based violence.,A rigorous review of global research evidence on policy and practice on school-related gender-based violence,"Parkes, J.; Heslop, J.; Ross, F. J.; Westerveld, R.; Unterhalter, E.",Jenny Parkes; Jo Heslop; Freya J. Ross; Rachael Westerveld; Esther Unterhalter,2016,2016,United Nations Children's Fund,UNICEF Technical Report,,https://www.unicef.org/documents/rigorous-review-global-research-evidence-policy-and-practice-school-related-gender-based,1,1,1,GOOGLE,0,"✓ Title | ✓ Authors | ✓ Year | ✓ Venue | ○ ID

### Summary
This report was confirmed as a UNICEF Technical Report published by the United Nations Children's Fund in 2016. The title ""A rigorous review of global research evidence on policy and practice on school-related gender-based violence"" and all five authors were matched exactly, confirming the reference.

### Details
A matching record was found with the exact title and the same five authors, although the citation used initials while the evidence listed full given names. The year 2016 and the publisher United Nations Children's Fund also matched exactly. No digital identifier was present, but multiple sources including UNICEF and the Global Partnership for Education websites confirm the report's existence and details.

- https://www.unicef.org/documents/rigorous-review-global-research-evidence-policy-and-practice-school-related-gender-based
- https://www.globalpartnership.org/library/rigorous-review-global-research-evidence-policy-and-practice-school-related-gender-based",1.0,0.0
"Psaki, S. R., McCarthy, K. J., & Mensch, B. S. (2018). Measuring gender equality in education: Lessons from trends in 43 countries. *Population and Development Review, 44*(1), 117–142.",Girls education,deepseek_v4_pro_1600b_a49b,verified,"Psaki, S., McCarthy, K., & Mensch, B. (2017). Measuring gender equality in education: Lessons from trends in 43 countries. *Population and Development Review*, *44*(1), 117-142. https://doi.org/10.1111/padr.12121",MATCH,MATCH,CONTAINS,MATCH,ABSENT,Measuring Gender Equality in Education: Lessons from Trends in 43 Countries,Stephanie Psaki; Katharine McCarthy; Barbara Mensch,2017,Population and Development Review,10.1111/padr.12121,https://doi.org/10.1111/padr.12121,GOOGLE,3,0,1,1,0,Measuring gender equality in education: Lessons from trends in 43 countries,Measuring Gender Equality in Education: Lessons from Trends in 43 Countries,"Psaki, S. R.; McCarthy, K. J.; Mensch, B. S.",Stephanie Psaki; Katharine McCarthy; Barbara Mensch,2018,2017,Population and Development Review,Population and Development Review,,10.1111/padr.12121,1,1,1,GOOGLE,0,"✓ Title | ✓ Authors | ◐ Year | ✓ Venue | ○ ID

### Summary
This article was confirmed in Population and Development Review with matching authors and title. The publication year differs slightly by one year, but the core details align well.

### Details
A matching record was found with the exact title ""Measuring Gender Equality in Education: Lessons from Trends in 43 Countries"" and the same authors Stephanie Psaki, Katharine McCarthy, and Barbara Mensch. The journal name Population and Development Review matched exactly. The year in the citation is 2018, while the evidence shows 2017, which is within an acceptable range. No identifier was provided in the citation. The article details can be verified at the DOI link: https://doi.org/10.1111/padr.12121.

- https://doi.org/10.1111/padr.12121",0.9,0.1
"Sperling, G. B., Winthrop, R., & Kwauk, C. (2016). *What works in girls' education: Evidence for the world's best investment*. Brookings Institution Press.",Girls education,deepseek_v4_pro_1600b_a49b,verified,"Sperling, G. B., Winthrop, R., & Kwauk, C. (2016). *What works in girls' education: Evidence for the world's best investment*. Brookings Institution Press. https://www.brookings.edu/books/what-works-in-girls-education-evidence-for-the-worlds-best-investment/",MATCH,MATCH,MATCH,MATCH,ABSENT,What works in girls' education: Evidence for the world's best investment,Gene B. Sperling; Rebecca Winthrop; Christina Kwauk,2016,Brookings Institution Press,,https://www.brookings.edu/books/what-works-in-girls-education-evidence-for-the-worlds-best-investment/,GOOGLE,4,0,0,1,0,What works in girls' education: Evidence for the world's best investment,What works in girls' education: Evidence for the world's best investment,"Sperling, G. B.; Winthrop, R.; Kwauk, C.",Gene B. Sperling; Rebecca Winthrop; Christina Kwauk,2016,2016,Brookings Institution Press,Brookings Institution Press,,https://www.brookings.edu/books/what-works-in-girls-education-evidence-for-the-worlds-best-investment/,1,1,1,GOOGLE,1,"✓ Title | ✓ Authors | ✓ Year | ✓ Venue | ○ ID

### Summary
This book was confirmed as published by Brookings Institution Press in 2016 with the title ""What works in girls' education: Evidence for the world's best investment"". The three authors Gene B. Sperling, Rebecca Winthrop, and Christina Kwauk were verified as the correct contributors.

### Details
A matching record was found with the exact title and year 2016. The authors matched despite differences in name formatting, confirming Gene B. Sperling, Rebecca Winthrop, and Christina Kwauk as the authors. The publisher was confirmed as Brookings Institution Press. No DOI was available, but the book is accessible via the Brookings website.

- https://www.brookings.edu/books/what-works-in-girls-education-evidence-for-the-worlds-best-investment/",1.0,0.0
"Unterhalter, E. (2005). Global inequality, capabilities, social justice: The millennium development goal for gender equality in education. *International Journal of Educational Development, 25*(2), 111–122.",Girls education,deepseek_v4_pro_1600b_a49b,verified,"Unterhalter, E. (2005). Global inequality, capabilities, social justice: The millennium development goal for gender equality in education. *International Journal of Educational Development*, 25(2), 111–122. https://doi.org/10.1016/j.ijedudev.2004.11.015",MATCH,MATCH,MATCH,MATCH,ABSENT,"Global inequality, capabilities, social justice: The millennium development goal for gender equality in education",Elaine Unterhalter,2005,International Journal of Educational Development,10.1016/j.ijedudev.2004.11.015,https://doi.org/10.1016/j.ijedudev.2004.11.015,GOOGLE,4,0,0,1,0,"Global inequality, capabilities, social justice: The millennium development goal for gender equality in education","Global inequality, capabilities, social justice: The millennium development goal for gender equality in education","Unterhalter, E.",Elaine Unterhalter,2005,2005,International Journal of Educational Development,International Journal of Educational Development,,10.1016/j.ijedudev.2004.11.015,1,1,1,GOOGLE,0,"✓ Title | ✓ Authors | ✓ Year | ✓ Venue | ○ ID

### Summary
This article was confirmed in the International Journal of Educational Development with matching author Elaine Unterhalter and the year 2005. The title and journal details matched exactly, verifying the reference.

### Details
A matching record was found with the exact title ""Global inequality, capabilities, social justice: The millennium development goal for gender equality in education."" The author Elaine Unterhalter corresponds to the citation author ""Unterhalter, E."" The publication year 2005 and the journal name also matched exactly. The article is published in volume 25, issue 2, pages 111-122, with DOI 10.1016/j.ijedudev.2004.11.015.

- https://doi.org/10.1016/j.ijedudev.2004.11.015",1.0,0.0
"Auerbach, J. D., Parkhurst, J. O., & Cáceres, C. F. (2011). Addressing social drivers of HIV/AIDS for the long-term response: Conceptual and methodological considerations. *Global Public Health*, 6(sup3), S293–S309.",Health,deepseek_v4_pro_1600b_a49b,verified,"Auerbach, J. D., Parkhurst, J., & Cáceres, C. F. (2011). Addressing social drivers of HIV/AIDS for the long-term response: Conceptual and methodological considerations. *Global Public Health*, 6(sup3), S293–S309. https://doi.org/10.1080/17441692.2011.594451",MATCH,MATCH,MATCH,MATCH,ABSENT,Addressing social drivers of HIV/AIDS for the long-term response: Conceptual and methodological considerations,Judith D. Auerbach; Justin Parkhurst; Carlos F. Cáceres,2011,Global Public Health,10.1080/17441692.2011.594451,https://doi.org/10.1080/17441692.2011.594451,GOOGLE,4,0,0,1,0,Addressing social drivers of HIV/AIDS for the long-term response: Conceptual and methodological considerations,Addressing social drivers of HIV/AIDS for the long-term response: Conceptual and methodological considerations,"Auerbach, J. D.; Parkhurst, J. O.; Cáceres, C. F.",Judith D. Auerbach; Justin Parkhurst; Carlos F. Cáceres,2011,2011,Global Public Health,Global Public Health,,10.1080/17441692.2011.594451,1,1,1,GOOGLE,1,"✓ Title | ✓ Authors | ✓ Year | ✓ Venue | ○ ID

### Summary
This article was confirmed in the journal Global Public Health with matching authors Judith D. Auerbach, Justin Parkhurst, and Carlos F. Cáceres, and the year 2011. The title and journal details matched exactly.

### Details
A matching record was found with the exact title ""Addressing social drivers of HIV/AIDS for the long-term response: Conceptual and methodological considerations."" The authors matched exactly in identity and order, with initials corresponding to full names. The year 2011 and the journal Global Public Health matched perfectly. Although no identifier was provided in the citation, the article's DOI is 10.1080/17441692.2011.594451, confirming the match.

- https://doi.org/10.1080/17441692.2011.594451",1.0,0.0
"Berkman, L. F., & Syme, S. L. (1979). Social networks, host resistance, and mortality: A nine-year follow-up study of Alameda County residents. *American Journal of Epidemiology*, 109(2), 186–204.",Health,deepseek_v4_pro_1600b_a49b,verified,"Berkman, L. F., & Syme, S. L. (1979). Social networks, host resistance, and mortality: A nine-year follow-up study of Alameda County residents. *American Journal of Epidemiology*, 109(2), 186-204. https://doi.org/10.1093/oxfordjournals.aje.a112674",MATCH,MATCH,MATCH,MATCH,ABSENT,"SOCIAL NETWORKS, HOST RESISTANCE, AND MORTALITY: A NINE-YEAR FOLLOW-UP STUDY OF ALAMEDA COUNTY RESIDENTS",Lisa Berkman; S. Leonard Syme,1979,American Journal of Epidemiology,10.1093/oxfordjournals.aje.a112674,https://doi.org/10.1093/oxfordjournals.aje.a112674,GOOGLE,4,0,0,1,0,"Social networks, host resistance, and mortality: A nine-year follow-up study of Alameda County residents","SOCIAL NETWORKS, HOST RESISTANCE, AND MORTALITY: A NINE-YEAR FOLLOW-UP STUDY OF ALAMEDA COUNTY RESIDENTS","Berkman, L. F.; Syme, S. L.",Lisa Berkman; S. Leonard Syme,1979,1979,American Journal of Epidemiology,American Journal of Epidemiology,,10.1093/oxfordjournals.aje.a112674,1,1,1,GOOGLE,0,"✓ Title | ✓ Authors | ✓ Year | ✓ Venue | ○ ID

### Summary
This article was confirmed in the American Journal of Epidemiology with matching authors Lisa Berkman and S. Leonard Syme, the year 1979, and the exact title. The citation details align perfectly with the verified record.

### Details
A matching record was found with the exact title ""Social networks, host resistance, and mortality: A nine-year follow-up study of Alameda County residents."" The authors matched with initials corresponding to full names, confirming Lisa Berkman and S. Leonard Syme as the authors. The year 1979 and the journal name American Journal of Epidemiology matched exactly. No identifier was present in the citation, but the verified record includes a DOI: 10.1093/oxfordjournals.aje.a112674.

- https://doi.org/10.1093/oxfordjournals.aje.a112674",1.0,0.0
"Cutler, D. M., & Lleras-Muney, A. (2010). Understanding differences in health behaviors by education. *Journal of Health Economics*, 29(1), 1–28.",Health,deepseek_v4_pro_1600b_a49b,verified,"Cutler, D., & Lleras‑Muney, A. (2009). Understanding differences in health behaviors by education. *Journal of Health Economics*, 29(1), 1-28. https://doi.org/10.1016/j.jhealeco.2009.10.003",MATCH,MATCH,CONTAINS,MATCH,ABSENT,Understanding differences in health behaviors by education,David Cutler; Adriana Lleras‐Muney,2009,Journal of Health Economics,10.1016/j.jhealeco.2009.10.003,https://doi.org/10.1016/j.jhealeco.2009.10.003,GOOGLE,3,0,1,1,0,Understanding differences in health behaviors by education.,Understanding differences in health behaviors by education,"Cutler, D. M.; Lleras-Muney, A.",David Cutler; Adriana Lleras‐Muney,2010,2009,Journal of Health Economics,Journal of Health Economics,,10.1016/j.jhealeco.2009.10.003,1,1,1,GOOGLE,0,"✓ Title | ✓ Authors | ◐ Year | ✓ Venue | ○ ID

### Summary
This article was confirmed in the Journal of Health Economics with matching authors David Cutler and Adriana Lleras-Muney and a closely matching year. The title ""Understanding differences in health behaviors by education"" was exactly matched.

### Details
A matching record was found with the exact title and authors corresponding to the citation. The journal name matched exactly as well. The year in the citation is 2010, while the evidence shows 2009, which is within an acceptable range for verification. No identifier was provided in the citation. The article details including volume 29, issue 1, and pages 1-28 align with the evidence.

- https://doi.org/10.1016/j.jhealeco.2009.10.003",0.9,0.1
"Dahlgren, G., & Whitehead, M. (1991). Policies and strategies to promote social equity in health. *Institute for Futures Studies*.",Health,deepseek_v4_pro_1600b_a49b,verified-with-error,"Dahlgren, G., & Whitehead, M. (1991). *Policies and strategies to promote social equity in health: Background document to WHO - Strategy paper for Europe*. Institute for Futures Studies. https://econpapers.repec.org/RePEc:hhs:ifswps:2007_014",CONTAINS,MATCH,MATCH,MATCH,ABSENT,Policies and strategies to promote social equity in health. Background document to WHO - Strategy paper for Europe,Göran Dahlgren; Margaret Whitehead,1991,Institute for Futures Studies,,https://econpapers.repec.org/RePEc:hhs:ifswps:2007_014,GOOGLE,3,0,1,1,0,Policies and strategies to promote social equity in health.,Policies and strategies to promote social equity in health. Background document to WHO - Strategy paper for Europe,"Dahlgren, G.; Whitehead, M.",Göran Dahlgren; Margaret Whitehead,1991,1991,Institute for Futures Studies,Institute for Futures Studies,,https://econpapers.repec.org/RePEc:hhs:ifswps:2007_014,1,1,1,GOOGLE,0,"◐ Title | ✓ Authors | ✓ Year | ✓ Venue | ○ ID

### Summary
This reference was verified as the same work by Dahlgren and Whitehead published in 1991 at the Institute for Futures Studies. The title matches closely, with the verified version including an extended subtitle indicating it is a background document to a WHO strategy paper for Europe.

### Details
A matching record was found with the authors Göran Dahlgren and Margaret Whitehead, confirming the author match despite the original using initials. The year 1991 and the publisher, Institute for Futures Studies, matched exactly. The title in the verified source contains the core phrase ""Policies and strategies to promote social equity in health"" with an added subtitle, which explains the minor discrepancy. No digital identifier was found for this document.

- https://econpapers.repec.org/RePEc:hhs:ifswps:2007_014
- https://www.researchgate.net/publication/5095964_Policies_and_strategies_to_promote_social_equity_in_health_Background_document_to_WHO_-_Strategy_paper_for_Europe",0.833,0.167
"Krieger, N. (2001). Theories for social epidemiology in the 21st century: An ecosocial perspective. *International Journal of Epidemiology*, 30(4), 668–677.",Health,deepseek_v4_pro_1600b_a49b,verified,"Krieger, N. (2001). Theories for social epidemiology in the 21st century: an ecosocial perspective. *International Journal of Epidemiology*, 30(4), 668-677. https://doi.org/10.1093/ije/30.4.668",MATCH,MATCH,MATCH,MATCH,ABSENT,Theories for social epidemiology in the 21st century: an ecosocial perspective,Nancy Krieger,2001,International Journal of Epidemiology,10.1093/ije/30.4.668,https://doi.org/10.1093/ije/30.4.668,GOOGLE,4,0,0,1,0,Theories for social epidemiology in the 21st century: An ecosocial perspective,Theories for social epidemiology in the 21st century: an ecosocial perspective,"Krieger, N.",Nancy Krieger,2001,2001,International Journal of Epidemiology,International Journal of Epidemiology,,10.1093/ije/30.4.668,1,1,1,GOOGLE,0,"✓ Title | ✓ Authors | ✓ Year | ✓ Venue | ○ ID

### Summary
This article was confirmed in the International Journal of Epidemiology with matching author Nancy Krieger and the year 2001. The title ""Theories for social epidemiology in the 21st century: An ecosocial perspective"" was exactly matched.

### Details
A matching record was found with the exact title and author name corresponding to Nancy Krieger. The publication year 2001 and the journal name International Journal of Epidemiology also matched perfectly. The article's DOI is 10.1093/ije/30.4.668, and it appears in volume 30, issue 4, pages 668-677.

- https://doi.org/10.1093/ije/30.4.668",1.0,0.0
"Link, B. G., & Phelan, J. (1995). Social conditions as fundamental causes of disease. *Journal of Health and Social Behavior*, Extra Issue, 80–94.",Health,deepseek_v4_pro_1600b_a49b,verified,"Link, B. G., & Phelan, J. (1995). Social conditions as fundamental causes of disease. *Journal of Health and Social Behavior*, *35*, 80-94. https://doi.org/10.2307/2626958",MATCH,MATCH,MATCH,MATCH,ABSENT,Social Conditions As Fundamental Causes of Disease,Bruce G. Link; Jo C. Phelan,1995,Journal of Health and Social Behavior,10.2307/2626958,https://doi.org/10.2307/2626958,GOOGLE,4,0,0,1,0,Social conditions as fundamental causes of disease.,Social Conditions As Fundamental Causes of Disease,"Link, B. G.; Phelan, J.",Bruce G. Link; Jo C. Phelan,1995,1995,Journal of Health and Social Behavior,Journal of Health and Social Behavior,,10.2307/2626958,1,1,1,GOOGLE,0,"✓ Title | ✓ Authors | ✓ Year | ✓ Venue | ○ ID

### Summary
This article was confirmed in the Journal of Health and Social Behavior with matching authors Bruce G. Link and Jo C. Phelan, and the year 1995. The title and journal details matched exactly.

### Details
A matching record was found with the exact title ""Social Conditions As Fundamental Causes of Disease"". The authors matched as Bruce G. Link and Jo C. Phelan, corresponding to the citation's initials. The year 1995 and the journal name also matched exactly. The article is published in volume 35, pages 80-94, by SAGE Publishing. The DOI for the article is 10.2307/2626958.

- [DOI link](https://doi.org/10.2307/2626958)",1.0,0.0
"Marmot, M. G., Smith, G. D., Stansfeld, S., Patel, C., North, F., Head, J., White, I., Brunner, E., & Feeney, A. (1991). Health inequalities among British civil servants: The Whitehall II study. *The Lancet*, 337(8754), 1387–1393.",Health,deepseek_v4_pro_1600b_a49b,verified,"Marmot, M. G., Smith, G. D., Stansfeld, S., Patel, C., North, F., Head, J., White, I. R., Brunner, E. J., & Feeney, A. (1991). Health inequalities among British civil servants: The Whitehall II study. *The Lancet*, 337(8754), 1387–1393. https://doi.org/10.1016/0140-6736(91)93068-k",MATCH,MATCH,MATCH,MATCH,ABSENT,Health inequalities among British civil servants: the Whitehall II study,M. G. Marmot; G. D. Smith; S. Stansfeld; C. Patel; F. North; J. Head; I. R. White; E. J. Brunner; A. Feeney,1991,The Lancet,10.1016/0140-6736(91)93068-k,https://doi.org/10.1016/0140-6736(91)93068-k,GOOGLE,4,0,0,1,0,Health inequalities among British civil servants: The Whitehall II study,Health inequalities among British civil servants: the Whitehall II study,"Marmot, M. G.; Smith, G. D.; Stansfeld, S.; Patel, C.; North, F.; Head, J.; White, I.; Brunner, E.; Feeney, A.",M. G. Marmot; G. D. Smith; S. Stansfeld; C. Patel; F. North; J. Head; I. R. White; E. J. Brunner; A. Feeney,1991,1991,The Lancet,The Lancet,,10.1016/0140-6736(91)93068-k,1,1,1,GOOGLE,0,"✓ Title | ✓ Authors | ✓ Year | ✓ Venue | ○ ID

### Summary
This article was confirmed in The Lancet with matching authors and year. The title ""Health inequalities among British civil servants: the Whitehall II study"" was exactly matched, and all listed authors correspond between the citation and the evidence.

### Details
A matching record was found with the exact title and year 1991. The authors in the citation and evidence lists align well despite minor formatting differences, confirming the same group of researchers. The journal name The Lancet also matched exactly. Although no identifier was present in the citation, the evidence includes a DOI (10.1016/0140-6736(91)93068-k) linking to the official publication.

- https://doi.org/10.1016/0140-6736(91)93068-k",1.0,0.0
"McKeown, T. (1976). The role of medicine: Dream, mirage, or nemesis? *Nuffield Provincial Hospitals Trust*.",Health,deepseek_v4_pro_1600b_a49b,verified,"McKeown, T. (1976). *The role of medicine: Dream, mirage, or nemesis?* The Nuffield Provincial Hospitals Trust. https://www.nuffieldtrust.org.uk/sites/default/files/2017-01/1485273106_the-role-of-medicine-web-final.pdf",MATCH,MATCH,MATCH,MATCH,ABSENT,"The Role of Medicine: Dream, Mirage, or Nemesis?",Thomas McKeown,1976,Nuffield Provincial Hospitals Trust,,https://www.nuffieldtrust.org.uk/sites/default/files/2017-01/1485273106_the-role-of-medicine-web-final.pdf,GOOGLE,4,0,0,1,0,"The role of medicine: Dream, mirage, or nemesis?","The Role of Medicine: Dream, Mirage, or Nemesis?","McKeown, T.",Thomas McKeown,1976,1976,Nuffield Provincial Hospitals Trust,Nuffield Provincial Hospitals Trust,,https://www.nuffieldtrust.org.uk/sites/default/files/2017-01/1485273106_the-role-of-medicine-web-final.pdf,1,1,1,GOOGLE,0,"✓ Title | ✓ Authors | ✓ Year | ✓ Venue | ○ ID

### Summary
This reference was confirmed as accurate. The title ""The Role of Medicine: Dream, Mirage, or Nemesis?"" by Thomas McKeown was verified with the publication year 1976 and the publisher Nuffield Provincial Hospitals Trust.

### Details
A matching record was found with exact matches for the title, author name (full name Thomas McKeown matching the citation's T. McKeown), year 1976, and publisher. Although no digital identifier like a DOI was present, the reference corresponds to a well-documented publication available through the Nuffield Trust website and other academic sources.

- https://www.nuffieldtrust.org.uk/sites/default/files/2017-01/1485273106_the-role-of-medicine-web-final.pdf
- https://www.jstor.org/stable/3349533
- https://www.nuffieldtrust.org.uk/research/the-role-of-medicine-dream-mirage-or-nemesis",1.0,0.0
"Phelan, J. C., Link, B. G., & Tehranifar, P. (2010). Social conditions as fundamental causes of health inequalities: Theory, evidence, and policy implications. *Journal of Health and Social Behavior*, 51(S), S28–S40.",Health,deepseek_v4_pro_1600b_a49b,verified,"Phelan, J. C., Link, B. G., & Tehranifar, P. (2010). Social Conditions as Fundamental Causes of Health Inequalities: Theory, Evidence, and Policy Implications. *Journal of Health and Social Behavior*, 51(1_suppl), S28–S40. https://doi.org/10.1177/0022146510383498",MATCH,MATCH,MATCH,MATCH,ABSENT,"Social Conditions as Fundamental Causes of Health Inequalities: Theory, Evidence, and Policy Implications",Jo C. Phelan; Bruce G. Link; Parisa Tehranifar,2010,Journal of Health and Social Behavior,10.1177/0022146510383498,https://doi.org/10.1177/0022146510383498,GOOGLE,4,0,0,1,0,"Social conditions as fundamental causes of health inequalities: Theory, evidence, and policy implications","Social Conditions as Fundamental Causes of Health Inequalities: Theory, Evidence, and Policy Implications","Phelan, J. C.; Link, B. G.; Tehranifar, P.",Jo C. Phelan; Bruce G. Link; Parisa Tehranifar,2010,2010,Journal of Health and Social Behavior,Journal of Health and Social Behavior,,10.1177/0022146510383498,1,1,1,GOOGLE,0,"✓ Title | ✓ Authors | ✓ Year | ✓ Venue | ○ ID

### Summary
This article was confirmed in the Journal of Health and Social Behavior with matching authors Jo C. Phelan, Bruce G. Link, and Parisa Tehranifar, and the publication year 2010. The title and journal details matched exactly.

### Details
A matching record was found with the exact title ""Social Conditions as Fundamental Causes of Health Inequalities: Theory, Evidence, and Policy Implications."" The authors matched fully, with the citation listing initials and the evidence showing full names. The year 2010 and the journal name also matched exactly. Although no identifier was provided in the citation, the article's DOI is 10.1177/0022146510383498, confirming the source.

- https://doi.org/10.1177/0022146510383498",1.0,0.0
World Health Organization. (2008). Closing the gap in a generation: Health equity through action on the social determinants of health. *Commission on Social Determinants of Health Final Report*.,Health,deepseek_v4_pro_1600b_a49b,verified,"World Health Organization, & Commission on Social Determinants of Health. (2008). *Closing the gap in a generation: Health equity through action on the social determinants of health* (Commission on Social Determinants of Health Final Report). World Health Organization. https://www.who.int/publications/i/item/WHO-IER-CSDH-08.1",MATCH,CONTAINS,MATCH,MATCH,ABSENT,Closing the gap in a generation: Health equity through action on the social determinants of health,World Health Organization; Commission on Social Determinants of Health,2008,Commission on Social Determinants of Health Final Report,,https://www.who.int/publications/i/item/WHO-IER-CSDH-08.1,GOOGLE,3,0,1,1,0,Closing the gap in a generation: Health equity through action on the social determinants of health,Closing the gap in a generation: Health equity through action on the social determinants of health,World Health Organization,World Health Organization; Commission on Social Determinants of Health,2008,2008,World Health Organization,Commission on Social Determinants of Health Final Report,,https://www.who.int/publications/i/item/WHO-IER-CSDH-08.1,1,1,1,GOOGLE,0,"✓ Title | ◐ Authors | ✓ Year | ✓ Venue | ○ ID

### Summary
This report was confirmed as published by the World Health Organization in 2008 with the exact title ""Closing the gap in a generation: Health equity through action on the social determinants of health."" The authorship includes the World Health Organization and the Commission on Social Determinants of Health, matching the citation details.

### Details
A matching record was found with the exact title and year 2008. The author list in the evidence includes both the World Health Organization and the Commission on Social Determinants of Health, which contains the cited author. The publication venue is also consistent with the citation. The official report is available on the WHO website at https://www.who.int/publications/i/item/WHO-IER-CSDH-08.1.

- https://www.who.int/publications/i/item/WHO-IER-CSDH-08.1",0.867,0.133
"Anderson, R. M., & May, R. M. (1979). Population biology of infectious diseases: Part I. *Nature*, 280(5721), 361–367.",Infectious disease,deepseek_v4_pro_1600b_a49b,verified,"Anderson, R. M., & May, R. M. (1979). Population biology of infectious diseases: Part I. *Nature*, 280(5721), 361-367. https://doi.org/10.1038/280361a0",MATCH,MATCH,MATCH,MATCH,ABSENT,Population biology of infectious diseases: Part I,Roy M. Anderson; Robert M. May,1979,Nature,10.1038/280361a0,https://doi.org/10.1038/280361a0,GOOGLE,4,0,0,1,0,Population biology of infectious diseases: Part I.,Population biology of infectious diseases: Part I,"Anderson, R. M.; May, R. M.",Roy M. Anderson; Robert M. May,1979,1979,Nature,Nature,,10.1038/280361a0,1,1,1,GOOGLE,1,"✓ Title | ✓ Authors | ✓ Year | ✓ Venue | ○ ID

### Summary
This article was confirmed in the journal Nature with matching authors Roy M. Anderson and Robert M. May, and the year 1979. The title ""Population biology of infectious diseases: Part I"" was exactly matched.

### Details
A matching record was found with the exact title ""Population biology of infectious diseases: Part I"" published in Nature in 1979. The authors correspond to Roy M. Anderson and Robert M. May, confirming the citation's author details despite the use of initials. The volume, issue, and page numbers also align perfectly. No identifier was provided in the original citation, but the DOI 10.1038/280361a0 was found for the article.

- https://doi.org/10.1038/280361a0",1.0,0.0
"Ferguson, N. M., Cummings, D. A. T., Cauchemez, S., Fraser, C., Riley, S., Meeyai, A., Iamsirithaworn, S., & Burke, D. S. (2005). Strategies for containing an emerging influenza pandemic in Southeast Asia. *Nature*, 437(7056), 209–214.",Infectious disease,deepseek_v4_pro_1600b_a49b,verified,"Ferguson, N. M., Cummings, D. A. T., Cauchemez, S., Fraser, C., Riley, S., Meeyai, A., Iamsirithaworn, S., & Burke, D. S. (2005). Strategies for containing an emerging influenza pandemic in Southeast Asia. *Nature*, 437(7056), 209-214. https://doi.org/10.1038/nature04017",MATCH,MATCH,MATCH,MATCH,ABSENT,Strategies for containing an emerging influenza pandemic in Southeast Asia,Neil M. Ferguson; Derek A. T. Cummings; Simon Cauchemez; Christophe Fraser; Steven Riley; Aronrag Meeyai; Sopon Iamsirithaworn; Donald S. Burke,2005,Nature,10.1038/nature04017,https://doi.org/10.1038/nature04017,GOOGLE,4,0,0,1,0,Strategies for containing an emerging influenza pandemic in Southeast Asia,Strategies for containing an emerging influenza pandemic in Southeast Asia,"Ferguson, N. M.; Cummings, D. A. T.; Cauchemez, S.; Fraser, C.; Riley, S.; Meeyai, A.; Iamsirithaworn, S.; Burke, D. S.",Neil M. Ferguson; Derek A. T. Cummings; Simon Cauchemez; Christophe Fraser; Steven Riley; Aronrag Meeyai; Sopon Iamsirithaworn; Donald S. Burke,2005,2005,Nature,Nature,,10.1038/nature04017,1,1,1,GOOGLE,0,"✓ Title | ✓ Authors | ✓ Year | ✓ Venue | ○ ID

### Summary
This article was confirmed in the journal Nature with matching authors and year. The title ""Strategies for containing an emerging influenza pandemic in Southeast Asia"" was verified exactly, and all eight authors correspond to the same individuals despite some differences in name formatting.

### Details
A matching record was found with the exact title and year 2005. The journal name Nature matched perfectly. All eight authors listed in the citation were found in the evidence, including Neil M. Ferguson, Derek A. T. Cummings, and others, with differences only in abbreviation versus full names. No identifier was present in the citation, but the DOI 10.1038/nature04017 was found in the evidence, confirming the match.

- https://doi.org/10.1038/nature04017",1.0,0.0
"Fraser, C., Donnelly, C. A., Cauchemez, S., Hanage, W. P., Van Kerkhove, M. D., Hollingsworth, T. D., Griffin, J., Baggaley, R. F., Jenkins, H. E., Lyons, E. J., Jombart, T., Hinsley, W. R., Grassly, N. C., Balloux, F., Ghani, A. C., Ferguson, N. M., Rambaut, A., Pybus, O. G., Lopez-Gatell, H., ... Roth, C. (2009). Pandemic potential of a strain of influenza A (H1N1): Early findings. *Science*, 324(5934), 1557–1561.",Infectious disease,deepseek_v4_pro_1600b_a49b,verified,"Fraser, C., Donnelly, C. A., Cauchemez, S., Hanage, W. P., Van Kerkhove, M. D., Hollingsworth, T. D., Griffin, J. T., Baggaley, R. F., Jenkins, H. E., Lyons, E. J., Jombart, T., Hinsley, W. R., Grassly, N. C., Balloux, F., Ghani, A. C., Ferguson, N. M., Rambaut, A., Pybus, O. G., López‐Gatell, H., Alpuche‐Aranda, C., Bojórquez, I., Palacios Zavala, E., Espejo Guevara, D. M., Checchi, F., Garcia, E., Hugonnet, S., & Roth, C. (2009). Pandemic potential of a strain of influenza A (H1N1): Early findings. *Science*, *324*(5934), 1557-1561. https://doi.org/10.1126/science.1176062",MATCH,CONTAINS,MATCH,MATCH,ABSENT,Pandemic Potential of a Strain of Influenza A (H1N1): Early Findings,Christophe Fraser; Christl A. Donnelly; Simon Cauchemez; William P. Hanage; Maria D. Van Kerkhove; T. Déirdre Hollingsworth; Jamie T. Griffin; Rebecca F. Baggaley; Helen E. Jenkins; Emily Lyons; Thibaut Jombart; Wes Hinsley; Nicholas C. Grassly; François Balloux; Azra C. Ghani; Neil M. Ferguson; Andrew Rambaut; Oliver G. Pybus; Hugo López‐Gatell; Celia Alpuche‐Aranda; Ietza Bojórquez; Ethel Palacios Zavala; Dulce Ma. Espejo Guevara; Francesco Checchi; Erika Garcia; Stéphane Hugonnet; Cathy Roth,2009,Science,10.1126/science.1176062,https://doi.org/10.1126/science.1176062,GOOGLE,3,0,1,1,0,Pandemic potential of a strain of influenza A (H1N1): Early findings,Pandemic Potential of a Strain of Influenza A (H1N1): Early Findings,"Fraser, C.; Donnelly, C. A.; Cauchemez, S.; Hanage, W. P.; Van Kerkhove, M. D.; Hollingsworth, T. D.; Griffin, J.; Baggaley, R. F.; Jenkins, H. E.; Lyons, E. J.; Jombart, T.; Hinsley, W. R.; Grassly, N. C.; Balloux, F.; Ghani, A. C.; Ferguson, N. M.; Rambaut, A.; Pybus, O. G.; Lopez-Gatell, H.; Roth, C.",Christophe Fraser; Christl A. Donnelly; Simon Cauchemez; William P. Hanage; Maria D. Van Kerkhove; T. Déirdre Hollingsworth; Jamie T. Griffin; Rebecca F. Baggaley; Helen E. Jenkins; Emily Lyons; Thibaut Jombart; Wes Hinsley; Nicholas C. Grassly; François Balloux; Azra C. Ghani; Neil M. Ferguson; Andrew Rambaut; Oliver G. Pybus; Hugo López‐Gatell; Celia Alpuche‐Aranda; Ietza Bojórquez; Ethel Palacios Zavala; Dulce Ma. Espejo Guevara; Francesco Checchi; Erika Garcia; Stéphane Hugonnet; Cathy Roth,2009,2009,Science,Science,,10.1126/science.1176062,1,1,1,GOOGLE,0,"✓ Title | ◐ Authors | ✓ Year | ✓ Venue | ○ ID

### Summary
This article was confirmed in the journal Science with matching authors and year. The title ""Pandemic Potential of a Strain of Influenza A (H1N1): Early Findings"" was exactly matched, and all cited authors were found within the verified author list.

### Details
A matching record was found with the exact title and year 2009. The journal name Science matched exactly. The citation authors are a subset of the verified author list, which includes additional authors beyond those cited. No identifier was provided in the citation, but the verified record includes a DOI: 10.1126/science.1176062. The article details such as volume 324, issue 5934, and pages 1557-1561 also align with the verified record.

- https://doi.org/10.1126/science.1176062",0.867,0.133
"Grassly, N. C., & Fraser, C. (2008). Mathematical models of infectious disease transmission. *Nature Reviews Microbiology*, 6(6), 477–487.",Infectious disease,deepseek_v4_pro_1600b_a49b,verified,"Grassly, N. C., & Fraser, C. (2008). Mathematical models of infectious disease transmission. *Nature Reviews Microbiology*, 6(6), 477-487. https://doi.org/10.1038/nrmicro1845",MATCH,MATCH,MATCH,MATCH,ABSENT,Mathematical models of infectious disease transmission,Nicholas C. Grassly; Christophe Fraser,2008,Nature Reviews Microbiology,10.1038/nrmicro1845,https://doi.org/10.1038/nrmicro1845,GOOGLE,4,0,0,1,0,Mathematical models of infectious disease transmission.,Mathematical models of infectious disease transmission,"Grassly, N. C.; Fraser, C.",Nicholas C. Grassly; Christophe Fraser,2008,2008,Nature Reviews Microbiology,Nature Reviews Microbiology,,10.1038/nrmicro1845,1,1,1,GOOGLE,0,"✓ Title | ✓ Authors | ✓ Year | ✓ Venue | ○ ID

### Summary
This article was confirmed in Nature Reviews Microbiology with matching authors Nicholas C. Grassly and Christophe Fraser, the year 2008, and the exact title ""Mathematical models of infectious disease transmission.""

### Details
A matching record was found with the exact title and the same two authors, confirming the citation's accuracy. The year 2008 and the journal name also matched exactly. Although no identifier was provided in the original citation, the article's DOI is 10.1038/nrmicro1845, linking to the official publication page.

- https://doi.org/10.1038/nrmicro1845",1.0,0.0
"Heesterbeek, H., Anderson, R. M., Andreasen, V., Bansal, S., De Angelis, D., Dye, C., Eames, K. T. D., Edmunds, W. J., Frost, S. D. W., Funk, S., Hollingsworth, T. D., House, T., Isham, V., Klepac, P., Lessler, J., Lloyd-Smith, J. O., Metcalf, C. J. E., Mollison, D., Pellis, L., ... Viboud, C. (2015). Modeling infectious disease dynamics in the complex landscape of global health. *Science*, 347(6227), aaa4339.",Infectious disease,deepseek_v4_pro_1600b_a49b,verified,"Heesterbeek, H., Anderson, R. M., Andreasen, V., Bansal, S., De Angelis, D., Dye, C., Eames, K. E., Edmunds, W. J., Frost, S. D. W., Funk, S., Hollingsworth, T. D., House, T., Isham, V., Klepac, P., Lessler, J., Lloyd-Smith, J. O., Metcalf, C. J. E., Mollison, D., Pellis, L., Pulliam, J. R. C., Roberts, M. G., & Viboud, C. (2015). Modeling infectious disease dynamics in the complex landscape of global health. *Science*, 347(6227), aaa4339. https://doi.org/10.1126/science.aaa4339",MATCH,MATCH,MATCH,MATCH,ABSENT,Modeling infectious disease dynamics in the complex landscape of global health,Hans Heesterbeek; Roy M. Anderson; Viggo Andreasen; Shweta Bansal; Daniela De Angelis; Christopher Dye; Ken Eames; W. John Edmunds; Simon D. W. Frost; Sebastian Funk; T. Déirdre Hollingsworth; Thomas House; Valerie Isham; Petra Klepac; Justin Lessler; Alun L. Lloyd; C. Jessica E. Metcalf; Denis Mollison; Lorenzo Pellis; Juliet R.C. Pulliam; M. G. Roberts; Cécile Viboud,2015,Science,10.1126/science.aaa4339,https://doi.org/10.1126/science.aaa4339,GOOGLE,4,0,0,1,0,Modeling infectious disease dynamics in the complex landscape of global health.,Modeling infectious disease dynamics in the complex landscape of global health,"Heesterbeek, H.; Anderson, R. M.; Andreasen, V.; Bansal, S.; De Angelis, D.; Dye, C.; Eames, K. T. D.; Edmunds, W. J.; Frost, S. D. W.; Funk, S.; Hollingsworth, T. D.; House, T.; Isham, V.; Klepac, P.; Lessler, J.; Lloyd-Smith, J. O.; Metcalf, C. J. E.; Mollison, D.; Pellis, L.; Viboud, C.",Hans Heesterbeek; Roy M. Anderson; Viggo Andreasen; Shweta Bansal; Daniela De Angelis; Christopher Dye; Ken Eames; W. John Edmunds; Simon D. W. Frost; Sebastian Funk; T. Déirdre Hollingsworth; Thomas House; Valerie Isham; Petra Klepac; Justin Lessler; Alun L. Lloyd; C. Jessica E. Metcalf; Denis Mollison; Lorenzo Pellis; Juliet R.C. Pulliam; M. G. Roberts; Cécile Viboud,2015,2015,Science,Science,,10.1126/science.aaa4339,1,1,1,GOOGLE,0,"✓ Title | ✓ Authors | ✓ Year | ✓ Venue | ○ ID

### Summary
This article was confirmed in the journal Science with matching authors and year. The title ""Modeling infectious disease dynamics in the complex landscape of global health"" was exactly matched, and nearly all authors corresponded closely between the citation and the evidence.

### Details
A matching record was found in Science from 2015 with the exact title as cited. The author list aligns well, with full names and initials corresponding across both sources. The year 2015 and journal name Science matched exactly. Although no identifier was provided in the citation, the DOI 10.1126/science.aaa4339 was found in the evidence, confirming the article's identity.

- https://doi.org/10.1126/science.aaa4339",1.0,0.0
"Keeling, M. J., & Rohani, P. (2008). *Modeling infectious diseases in humans and animals*. Princeton University Press.",Infectious disease,deepseek_v4_pro_1600b_a49b,verified,"Keeling, M. J., & Rohani, P. (2008). *Modeling infectious diseases in humans and animals*. Princeton University Press. http://books.google.com/books?id=G8enmS23c6YC",MATCH,MATCH,MATCH,MATCH,ABSENT,Modeling Infectious Diseases in Humans and Animals,Matt J. Keeling; Pejman Rohani,2008,Princeton University Press,,http://books.google.com/books?id=G8enmS23c6YC&dq=Modeling+infectious+diseases+in+humans+and+animals+Keeling+Rohani+2008+Princeton+University+Press,GOOGLE,4,0,0,1,0,Modeling infectious diseases in humans and animals,Modeling Infectious Diseases in Humans and Animals,"Keeling, M. J.; Rohani, P.",Matt J. Keeling; Pejman Rohani,2008,2008,Princeton University Press,Princeton University Press,,http://books.google.com/books?id=G8enmS23c6YC&dq=Modeling+infectious+diseases+in+humans+and+animals+Keeling+Rohani+2008+Princeton+University+Press,1,1,1,GOOGLE,0,"✓ Title | ✓ Authors | ✓ Year | ✓ Venue | ○ ID

### Summary
This book was confirmed as ""Modeling Infectious Diseases in Humans and Animals"" published by Princeton University Press in 2008. The authors Matt J. Keeling and Pejman Rohani were verified to match exactly.

### Details
A matching record was found with the exact title and year 2008. The authors correspond to the same individuals despite differences in name formatting (initials vs full names). The publisher Princeton University Press also matched exactly. No digital identifier was present in the citation, but the book is listed with ISBN 9780691116174. The source URL is from Google Books, providing further confirmation.

- http://books.google.com/books?id=G8enmS23c6YC&dq=Modeling+infectious+diseases+in+humans+and+animals+Keeling+Rohani+2008+Princeton+University+Press",1.0,0.0
"Kermack, W. O., & McKendrick, A. G. (1927). A contribution to the mathematical theory of epidemics. *Proceedings of the Royal Society of London. Series A, Containing Papers of a Mathematical and Physical Character*, 115(772), 700–721.",Infectious disease,deepseek_v4_pro_1600b_a49b,verified,"Kermack, W. O., & McKendrick, A. G. (1927). A contribution to the mathematical theory of epidemics. *Proceedings of the Royal Society of London Series A Containing Papers of a Mathematical and Physical Character*, 115(772), 700–721. https://doi.org/10.1098/rspa.1927.0118",MATCH,MATCH,MATCH,MATCH,ABSENT,A contribution to the mathematical theory of epidemics,W. O. Kermack; A. G. McKendrick,1927,Proceedings of the Royal Society of London Series A Containing Papers of a Mathematical and Physical Character,10.1098/rspa.1927.0118,https://doi.org/10.1098/rspa.1927.0118,GOOGLE,4,0,0,1,0,A contribution to the mathematical theory of epidemics,A contribution to the mathematical theory of epidemics,"Kermack, W. O.; McKendrick, A. G.",W. O. Kermack; A. G. McKendrick,1927,1927,"Proceedings of the Royal Society of London. Series A, Containing Papers of a Mathematical and Physical Character",Proceedings of the Royal Society of London Series A Containing Papers of a Mathematical and Physical Character,,10.1098/rspa.1927.0118,1,1,1,GOOGLE,1,"✓ Title | ✓ Authors | ✓ Year | ✓ Venue | ○ ID

### Summary
This article was confirmed in the Proceedings of the Royal Society of London Series A with matching authors W. O. Kermack and A. G. McKendrick, and the year 1927. The title and journal details matched exactly.

### Details
A matching record was found with the exact title ""A contribution to the mathematical theory of epidemics."" Both authors, Kermack and McKendrick, were confirmed with matching initials and order. The publication year 1927 matched exactly, as did the journal name. No identifier was present in the original citation, but the verified record includes a DOI: 10.1098/rspa.1927.0118.

- https://doi.org/10.1098/rspa.1927.0118",1.0,0.0
"Lloyd-Smith, J. O., Schreiber, S. J., Kopp, P. E., & Getz, W. M. (2005). Superspreading and the effect of individual variation on disease emergence. *Nature*, 438(7066), 355–359.",Infectious disease,deepseek_v4_pro_1600b_a49b,verified,"Lloyd-Smith, J. O., Schreiber, S. J., Kopp, P. E., & Getz, W. M. (2005). Superspreading and the effect of individual variation on disease emergence. *Nature*, 438(7066), 355-359. https://doi.org/10.1038/nature04153",MATCH,MATCH,MATCH,MATCH,ABSENT,Superspreading and the effect of individual variation on disease emergence,James O. Lloyd‐Smith; Sebastian J. Schreiber; Peter Ekkehard Kopp; Wayne M. Getz,2005,Nature,10.1038/nature04153,https://doi.org/10.1038/nature04153,GOOGLE,4,0,0,1,0,Superspreading and the effect of individual variation on disease emergence,Superspreading and the effect of individual variation on disease emergence,"Lloyd-Smith, J. O.; Schreiber, S. J.; Kopp, P. E.; Getz, W. M.",James O. Lloyd‐Smith; Sebastian J. Schreiber; Peter Ekkehard Kopp; Wayne M. Getz,2005,2005,Nature,Nature,,10.1038/nature04153,1,1,1,GOOGLE,0,"✓ Title | ✓ Authors | ✓ Year | ✓ Venue | ○ ID

### Summary
This article was confirmed in the journal Nature with matching authors James O. Lloyd‐Smith, Sebastian J. Schreiber, Peter Ekkehard Kopp, and Wayne M. Getz, and the publication year 2005. The title ""Superspreading and the effect of individual variation on disease emergence"" was verified exactly as cited.

### Details
A matching record was found with the exact title and all four authors in the same order, confirming the citation's accuracy. The year 2005 and the journal Nature also matched perfectly. Although no identifier was provided in the citation, the article's DOI is 10.1038/nature04153, linking to the official publication page.

- https://doi.org/10.1038/nature04153",1.0,0.0
"Morse, S. S. (1995). Factors in the emergence of infectious diseases. *Emerging Infectious Diseases*, 1(1), 7–15.",Infectious disease,deepseek_v4_pro_1600b_a49b,verified,"Morse, S. S. (1995). Factors in the emergence of infectious diseases. *Emerging infectious diseases*, 1(1), 7-15. https://doi.org/10.3201/eid0101.950102",MATCH,MATCH,MATCH,MATCH,ABSENT,Factors in the Emergence of Infectious Diseases,Stephen S. Morse,1995,Emerging infectious diseases,10.3201/eid0101.950102,https://doi.org/10.3201/eid0101.950102,GOOGLE,4,0,0,1,0,Factors in the emergence of infectious diseases,Factors in the Emergence of Infectious Diseases,"Morse, S. S.",Stephen S. Morse,1995,1995,Emerging Infectious Diseases,Emerging infectious diseases,,10.3201/eid0101.950102,1,1,1,GOOGLE,0,"✓ Title | ✓ Authors | ✓ Year | ✓ Venue | ○ ID

### Summary
This article was confirmed in the journal Emerging Infectious Diseases with matching authors and year. The title ""Factors in the Emergence of Infectious Diseases"" and the author Stephen S. Morse were verified exactly as cited.

### Details
A matching record was found with the exact title and author name, confirming Stephen S. Morse as the author despite the citation using initials. The year 1995 and the journal Emerging Infectious Diseases matched exactly. The article details including volume 1, issue 1, and pages 7-15 were also consistent. The DOI 10.3201/eid0101.950102 provides a direct link to the source.

- https://doi.org/10.3201/eid0101.950102",1.0,0.0
"Woolhouse, M. E. J., Dye, C., & Etard, J.-F. (1997). Heterogeneities in the transmission of infectious agents: Implications for the design of control programs. *Proceedings of the National Academy of Sciences*, 94(1), 338–342.",Infectious disease,deepseek_v4_pro_1600b_a49b,verified,"Woolhouse, M., Dye, C., Étard, J.-F., Smith, T. A., Charlwood, J. D., Garnett, G. P., Hagan, P., Hii, J., Ndhlovu, P., Quinnell, R. J., Watts, C., Chandiwana, S. K., & Anderson, R. M. (1997). Heterogeneities in the transmission of infectious agents: Implications for the design of control programs. *Proceedings of the National Academy of Sciences*, *94*(1), 338-342. https://doi.org/10.1073/pnas.94.1.338",MATCH,CONTAINS,MATCH,MATCH,ABSENT,Heterogeneities in the transmission of infectious agents: Implications for the design of control programs,Mark Woolhouse; Christopher Dye; Jean-François Étard; Thomas A. Smith; J. D. Charlwood; Geoff P. Garnett; Paul Hagan; Jeffrey Hii; Patricia Ndhlovu; Rupert J. Quinnell; Charlotte Watts; S.K. Chandiwana; Roy M. Anderson,1997,Proceedings of the National Academy of Sciences,10.1073/pnas.94.1.338,https://doi.org/10.1073/pnas.94.1.338,GOOGLE,3,0,1,1,0,Heterogeneities in the transmission of infectious agents: Implications for the design of control programs,Heterogeneities in the transmission of infectious agents: Implications for the design of control programs,"Woolhouse, M. E. J.; Dye, C.; Etard, J.-F.",Mark Woolhouse; Christopher Dye; Jean-François Étard; Thomas A. Smith; J. D. Charlwood; Geoff P. Garnett; Paul Hagan; Jeffrey Hii; Patricia Ndhlovu; Rupert J. Quinnell; Charlotte Watts; S.K. Chandiwana; Roy M. Anderson,1997,1997,Proceedings of the National Academy of Sciences,Proceedings of the National Academy of Sciences,,10.1073/pnas.94.1.338,1,1,1,GOOGLE,0,"✓ Title | ◐ Authors | ✓ Year | ✓ Venue | ○ ID

### Summary
This article was confirmed in the Proceedings of the National Academy of Sciences with matching title, year, and authors. The three cited authors (Woolhouse, Dye, Étard) were found among a larger group of authors listed in the official record.

### Details
A matching record was found with the exact title ""Heterogeneities in the transmission of infectious agents: Implications for the design of control programs"" published in 1997. The citation authors are a subset of the full author list in the official record, which includes additional contributors. The journal name and publication year matched exactly. The article is accessible via DOI https://doi.org/10.1073/pnas.94.1.338.

- https://doi.org/10.1073/pnas.94.1.338",0.867,0.133
"Lengeler, C. (2004). Insecticide-treated bed nets and curtains for preventing malaria. *Cochrane Database of Systematic Reviews*, (2), CD000363.",Insecticide-treated bed nets for malaria,deepseek_v4_pro_1600b_a49b,verified,"Lengeler, C. (2004). Insecticide-treated bed nets and curtains for preventing malaria. *Cochrane Database of Systematic Reviews*, 2, CD000363. https://doi.org/10.1002/14651858.cd000363.pub2",MATCH,MATCH,MATCH,MATCH,ABSENT,Insecticide-treated bed nets and curtains for preventing malaria,Christian Lengeler,2004,Cochrane Database of Systematic Reviews,10.1002/14651858.cd000363.pub2,https://doi.org/10.1002/14651858.cd000363.pub2,GOOGLE,4,0,0,1,0,Insecticide-treated bed nets and curtains for preventing malaria.,Insecticide-treated bed nets and curtains for preventing malaria,"Lengeler, C.",Christian Lengeler,2004,2004,Cochrane Database of Systematic Reviews,Cochrane Database of Systematic Reviews,,10.1002/14651858.cd000363.pub2,1,1,1,GOOGLE,0,"✓ Title | ✓ Authors | ✓ Year | ✓ Venue | ○ ID

### Summary
This article was confirmed in the Cochrane Database of Systematic Reviews with matching author Christian Lengeler and the year 2004. The title ""Insecticide-treated bed nets and curtains for preventing malaria"" was verified exactly as cited.

### Details
A matching record was found with the exact title and author, confirming Christian Lengeler as the author. The publication year 2004 and the journal name ""Cochrane Database of Systematic Reviews"" matched perfectly. Although no identifier was provided in the original citation, the article corresponds to DOI 10.1002/14651858.cd000363.pub2. The issue number (2) and page code (CD000363) also align with the citation.

- https://doi.org/10.1002/14651858.cd000363.pub2",1.0,0.0
"Bhatt, S., Weiss, D. J., Cameron, E., Bisanzio, D., Mappin, B., Dalrymple, U., ... & Gething, P. W. (2015). The effect of malaria control on Plasmodium falciparum in Africa between 2000 and 2015. *Nature*, 526(7572), 207–211.",Insecticide-treated bed nets for malaria,deepseek_v4_pro_1600b_a49b,verified,"Bhatt, S., Weiss, D. J., Cameron, E., Bisanzio, D., Mappin, B., Dalrymple, U., Battle, K. E., Moyes, C. L., Henry, A. L., Eckhoff, P. A., Wenger, E. A., Briët, O., Penny, M. A., Smith, T. A., Bennett, A., Yukich, J., Eisele, T. P., Griffin, J. T., Fergus, C., Lynch, M., Lindgren, F., Cohen, J. M., Murray, C., Smith, D. L., Hay, S. I., Cibulskis, R., & Gething, P. W. (2015). The effect of malaria control on Plasmodium falciparum in Africa between 2000 and 2015. *Nature*, *526*(7572), 207-211. https://doi.org/10.1038/nature15535",MATCH,CONTAINS,MATCH,MATCH,ABSENT,The effect of malaria control on Plasmodium falciparum in Africa between 2000 and 2015,Samir Bhatt; D. J. Weiss; Ewan Cameron; Donal Bisanzio; Bonnie Mappin; Ursula Dalrymple; Katherine E. Battle; Catherine L. Moyes; Alasdair L. Henry; Philip A. Eckhoff; Edward A. Wenger; Olivier Briët; Melissa A. Penny; Thomas A. Smith; Adam Bennett; Joshua Yukich; Thomas P. Eisele; Jamie T. Griffin; Cristin Fergus; Michael Lynch; Finn Lindgren; Justin M. Cohen; Christopher Murray; David L. Smith; Simon I Hay; Richard Cibulskis; Peter W. Gething,2015,Nature,10.1038/nature15535,https://doi.org/10.1038/nature15535,GOOGLE,3,0,1,1,0,The effect of malaria control on Plasmodium falciparum in Africa between 2000 and 2015,The effect of malaria control on Plasmodium falciparum in Africa between 2000 and 2015,"Bhatt, S.; Weiss, D. J.; Cameron, E.; Bisanzio, D.; Mappin, B.; Dalrymple, U.; Gething, P. W.",Samir Bhatt; D. J. Weiss; Ewan Cameron; Donal Bisanzio; Bonnie Mappin; Ursula Dalrymple; Katherine E. Battle; Catherine L. Moyes; Alasdair L. Henry; Philip A. Eckhoff; Edward A. Wenger; Olivier Briët; Melissa A. Penny; Thomas A. Smith; Adam Bennett; Joshua Yukich; Thomas P. Eisele; Jamie T. Griffin; Cristin Fergus; Michael Lynch; Finn Lindgren; Justin M. Cohen; Christopher Murray; David L. Smith; Simon I Hay; Richard Cibulskis; Peter W. Gething,2015,2015,Nature,Nature,,10.1038/nature15535,1,1,1,GOOGLE,0,"✓ Title | ◐ Authors | ✓ Year | ✓ Venue | ○ ID

### Summary
This article was confirmed in the journal Nature with matching title, authors, and year. The title ""The effect of malaria control on Plasmodium falciparum in Africa between 2000 and 2015"" was exactly matched, and all seven cited authors were found within a longer author list. The publication year 2015 and the journal name Nature also matched exactly.

### Details
A matching record was found in OpenAlex with the exact title and year 2015. The author list in the evidence included all seven cited authors (Bhatt, Weiss, Cameron, Bisanzio, Mappin, Dalrymple, Gething) plus additional authors, confirming the citation's author subset. The journal Nature was confirmed as the publication venue. No identifier was present in the citation, but the evidence included the DOI 10.1038/nature15535.

- https://doi.org/10.1038/nature15535",0.867,0.133
"Alonso, P. L., Lindsay, S. W., Armstrong, J. R. M., Conteh, M., Hill, A. G., David, P. H., ... & Greenwood, B. M. (1991). The effect of insecticide-treated bed nets on mortality of Gambian children. *The Lancet*, 337(8756), 1499–1502.",Insecticide-treated bed nets for malaria,deepseek_v4_pro_1600b_a49b,verified,"Alonso, P. L., Lindsay, S. W., Armstrong, J. R. M., de Francisco, A., Shenton, F. C., Greenwood, B. M., Conteh, M.-A., Cham, K., Hill, A. G., David, P., Fegan, G., & Hall, A. J. (1991). The effect of insecticide-treated bed nets on mortality of Gambian children. *The Lancet*, 337(8756), 1499-1502. https://doi.org/10.1016/0140-6736(91)93194-e",MATCH,CONTAINS,MATCH,MATCH,ABSENT,The effect of insecticide-treated bed nets on mortality of Gambian children,Pedro L. Alonso; Steven W. Lindsay; J.R.M. Armstrong; Andrés de Francisco; Fiona C. Shenton; B. M. Greenwood; Muhammad-Abbas Conteh; K. Cham; Allan G. Hill; Patricia David; Greg Fegan; A. J. Hall,1991,The Lancet,10.1016/0140-6736(91)93194-e,https://doi.org/10.1016/0140-6736(91)93194-e,GOOGLE,3,0,1,1,0,The effect of insecticide-treated bed nets on mortality of Gambian children.,The effect of insecticide-treated bed nets on mortality of Gambian children,"Alonso, P. L.; Lindsay, S. W.; Armstrong, J. R. M.; Conteh, M.; Hill, A. G.; David, P. H.; Greenwood, B. M.",Pedro L. Alonso; Steven W. Lindsay; J.R.M. Armstrong; Andrés de Francisco; Fiona C. Shenton; B. M. Greenwood; Muhammad-Abbas Conteh; K. Cham; Allan G. Hill; Patricia David; Greg Fegan; A. J. Hall,1991,1991,The Lancet,The Lancet,,10.1016/0140-6736(91)93194-e,1,1,1,GOOGLE,0,"✓ Title | ◐ Authors | ✓ Year | ✓ Venue | ○ ID

### Summary
This article was confirmed in The Lancet with the title ""The effect of insecticide-treated bed nets on mortality of Gambian children"" and matching publication year 1991. All authors listed in the citation were found within a larger author list in the verified record.

### Details
A matching record was found with the exact title and year 1991. The journal name The Lancet matched exactly. The citation authors were a subset of the verified author list, confirming the authorship. No identifier was provided in the citation, but the verified record includes a DOI: 10.1016/0140-6736(91)93194-e.

- https://doi.org/10.1016/0140-6736(91)93194-e",0.867,0.133
"Nevill, C. G., Some, E. S., Mung'ala, V. O., Mutemi, W., New, L., Marsh, K., ... & Snow, R. W. (1996). Insecticide-treated bednets reduce mortality and severe morbidity from malaria among children on the Kenyan coast. *Tropical Medicine & International Health*, 1(2), 139–146.",Insecticide-treated bed nets for malaria,deepseek_v4_pro_1600b_a49b,verified,"Nevill, C. G., Some, E. S., Mung'ala, V. O., Muterni, W., New, L., Marsh, K., Lengeler, C., & Snow, R. W. (1996). Insecticide‐treated bednets reduce mortality and severe morbidity from malaria among children on the Kenyan coast. *Tropical Medicine & International Health*, *1*(2), 139-146. https://doi.org/10.1111/j.1365-3156.1996.tb00019.x",MATCH,MATCH,MATCH,MATCH,ABSENT,Insecticide‐treated bednets reduce mortality and severe morbidity from malaria among children on the Kenyan coast,C.G. Nevill; Eliab Some; V. O. Mung'ala; W. Muterni; L. New; Kevin Marsh; Christian Lengeler; Robert W. Snow,1996,Tropical Medicine & International Health,10.1111/j.1365-3156.1996.tb00019.x,https://doi.org/10.1111/j.1365-3156.1996.tb00019.x,GOOGLE,4,0,0,1,0,Insecticide-treated bednets reduce mortality and severe morbidity from malaria among children on the Kenyan coast.,Insecticide‐treated bednets reduce mortality and severe morbidity from malaria among children on the Kenyan coast,"Nevill, C. G.; Some, E. S.; Mung'ala, V. O.; Mutemi, W.; New, L.; Marsh, K.; ...; Snow, R. W.",C.G. Nevill; Eliab Some; V. O. Mung'ala; W. Muterni; L. New; Kevin Marsh; Christian Lengeler; Robert W. Snow,1996,1996,Tropical Medicine & International Health,Tropical Medicine & International Health,,10.1111/j.1365-3156.1996.tb00019.x,1,1,1,GOOGLE,0,"✓ Title | ✓ Authors | ✓ Year | ✓ Venue | ○ ID

### Summary
This article was confirmed in Tropical Medicine & International Health with matching authors and year. The title, authors, year, and journal all matched exactly, confirming the reference's accuracy.

### Details
A matching record was found with the exact title ""Insecticide‐treated bednets reduce mortality and severe morbidity from malaria among children on the Kenyan coast."" The authors listed in the evidence closely correspond to those in the citation, with minor formatting differences but no contradictions. The year 1996 and the journal Tropical Medicine & International Health matched exactly. The article's DOI is 10.1111/j.1365-3156.1996.tb00019.x, providing a direct link to the source.

- https://doi.org/10.1111/j.1365-3156.1996.tb00019.x",1.0,0.0
"Phillips-Howard, P. A., Nahlen, B. L., Kolczak, M. S., Hightower, A. W., ter Kuile, F. O., Alaii, J. A., ... & Hawley, W. A. (2003). Efficacy of permethrin-treated bed nets in the prevention of mortality in young children in an area of high perennial malaria transmission in western Kenya. *American Journal of Tropical Medicine and Hygiene*, 68(4 Suppl), 23–29.",Insecticide-treated bed nets for malaria,deepseek_v4_pro_1600b_a49b,verified,"Phillips-Howard, P. A., Nahlen, B. L., Kolczak, M. S., Hightower, A. W., ter Kuile, F. O., Alaii, J. A., Gimnig, J. E., Arudo, J., Vulule, J. M., Odhacha, A., Kachur, S. P., Schoute, E., Rosen, D. H., Sexton, J. D., Oloo, A. J., & Hawley, W. A. (2003). Efficacy of permethrin-treated bed nets in the prevention of mortality in young children in an area of high perennial malaria transmission in western Kenya. *American Journal of Tropical Medicine and Hygiene*, *68*(4_suppl), 23–29. https://doi.org/10.4269/ajtmh.2003.68.23",MATCH,CONTAINS,MATCH,MATCH,ABSENT,EFFICACY OF PERMETHRIN-TREATED BED NETS IN THE PREVENTION OF MORTALITY IN YOUNG CHILDREN IN AN AREA OF HIGH PERENNIAL MALARIA TRANSMISSION IN WESTERN KENYA,Penelope A. Phillips‐Howard; BERNARD L. NAHLEN; MARGARETTE S. KOLCZAK; Allen W. Hightower; Feiko O. ter Kuile; JANE A. ALAII; John E. Gimnig; John Arudo; JOHN M. VULULE; AMOS ODHACHA; S. Patrick Kachur; ERIK SCHOUTE; Daniel H. Rosen; JOHN D. SEXTON; A J Oloo; WILLIAM A. HAWLEY,2003,American Journal of Tropical Medicine and Hygiene,10.4269/ajtmh.2003.68.23,https://doi.org/10.4269/ajtmh.2003.68.23,GOOGLE,3,0,1,1,0,Efficacy of permethrin-treated bed nets in the prevention of mortality in young children in an area of high perennial malaria transmission in western Kenya,EFFICACY OF PERMETHRIN-TREATED BED NETS IN THE PREVENTION OF MORTALITY IN YOUNG CHILDREN IN AN AREA OF HIGH PERENNIAL MALARIA TRANSMISSION IN WESTERN KENYA,"Phillips-Howard, P. A.; Nahlen, B. L.; Kolczak, M. S.; Hightower, A. W.; ter Kuile, F. O.; Alaii, J. A.; Hawley, W. A.",Penelope A. Phillips‐Howard; BERNARD L. NAHLEN; MARGARETTE S. KOLCZAK; Allen W. Hightower; Feiko O. ter Kuile; JANE A. ALAII; John E. Gimnig; John Arudo; JOHN M. VULULE; AMOS ODHACHA; S. Patrick Kachur; ERIK SCHOUTE; Daniel H. Rosen; JOHN D. SEXTON; A J Oloo; WILLIAM A. HAWLEY,2003,2003,American Journal of Tropical Medicine and Hygiene,American Journal of Tropical Medicine and Hygiene,,10.4269/ajtmh.2003.68.23,1,1,1,GOOGLE,0,"✓ Title | ◐ Authors | ✓ Year | ✓ Venue | ○ ID

### Summary
This article was confirmed in the American Journal of Tropical Medicine and Hygiene with matching title, authors, and year. The original six authors listed were found among a longer list of authors in the verified record, confirming the citation's accuracy.

### Details
A matching record was found with the exact title ""Efficacy of permethrin-treated bed nets in the prevention of mortality in young children in an area of high perennial malaria transmission in western Kenya."" The year 2003 matched exactly, and the journal name was confirmed as the American Journal of Tropical Medicine and Hygiene. The original citation's authors are a subset of the verified author list, which includes additional contributors. No identifier was present in the original citation, but the verified record includes a DOI: 10.4269/ajtmh.2003.68.23.

- https://doi.org/10.4269/ajtmh.2003.68.23",0.867,0.133
"Lindblade, K. A., Eisele, T. P., Gimnig, J. E., Alaii, J. A., Odhiambo, F., ter Kuile, F. O., ... & Slutsker, L. (2004). Sustainability of reductions in malaria transmission and infant mortality in western Kenya with use of insecticide-treated bednets: 4 to 6 years of follow-up. *JAMA*, 291(21), 2571–2580.",Insecticide-treated bed nets for malaria,deepseek_v4_pro_1600b_a49b,verified,"Lindblade, K. A., Eisele, T. P., Gimnig, J. E., & Alaii, J. A. (2004). Sustainability of reductions in malaria transmission and infant mortality in western Kenya with use of insecticide-treated bednets: 4 to 6 years of follow-up. *JAMA*. https://jamanetwork.com/journals/jama/article-abstract/198845",MATCH,MATCH,MATCH,MATCH,ABSENT,Sustainability of reductions in malaria transmission and infant mortality in western Kenya with use of insecticide-treated bednets: 4 to 6 years of follow-up,K A Lindblade; T P Eisele; J E Gimnig; J A Alaii,2004,Jama,,https://jamanetwork.com/journals/jama/article-abstract/198845,GOOGLE,4,0,0,1,0,Sustainability of reductions in malaria transmission and infant mortality in western Kenya with use of insecticide-treated bednets: 4 to 6 years of follow-up,Sustainability of reductions in malaria transmission and infant mortality in western Kenya with use of insecticide-treated bednets: 4 to 6 years of follow-up,"Lindblade, K. A.; Eisele, T. P.; Gimnig, J. E.; Alaii, J. A.; Odhiambo, F.; ter Kuile, F. O.; Slutsker, L.",K A Lindblade; T P Eisele; J E Gimnig; J A Alaii,2004,2004,JAMA,Jama,,https://jamanetwork.com/journals/jama/article-abstract/198845,1,1,1,GOOGLE,0,"✓ Title | ✓ Authors | ✓ Year | ✓ Venue | ○ ID

### Summary
This article was confirmed in JAMA with matching authors and year. The title ""Sustainability of reductions in malaria transmission and infant mortality in western Kenya with use of insecticide-treated bednets: 4 to 6 years of follow-up"" was exactly matched, and the authors listed correspond closely despite formatting differences.

### Details
A matching record was found with the exact title and year 2004. The authors K. A. Lindblade, T. P. Eisele, J. E. Gimnig, and J. A. Alaii were identified, matching the citation's author list. The journal JAMA was confirmed as the publication venue. Although no DOI was present, a reliable source link to the article on the JAMA website was found.

- https://jamanetwork.com/journals/jama/article-abstract/198845",1.0,0.0
"Killeen, G. F., Smith, T. A., Ferguson, H. M., Mshinda, H., Abdulla, S., Lengeler, C., & Kachur, S. P. (2007). Preventing childhood malaria in Africa by protecting adults from mosquitoes with insecticide-treated nets. *PLoS Medicine*, 4(7), e229.",Insecticide-treated bed nets for malaria,deepseek_v4_pro_1600b_a49b,verified,"Killeen, G. F., Smith, T. A., Ferguson, H. M., Mshinda, H., Abdulla, S., Lengeler, C., & Kachur, S. P. (2007). Preventing childhood malaria in Africa by protecting adults from mosquitoes with insecticide-treated nets. *PLoS Medicine*, 4(7), e229. https://doi.org/10.1371/journal.pmed.0040229",MATCH,MATCH,MATCH,MATCH,ABSENT,Preventing Childhood Malaria in Africa by Protecting Adults from Mosquitoes with Insecticide-Treated Nets,Gerry F. Killeen; Tom A Smith; Heather M. Ferguson; Hassan Mshinda; Salim Abdulla; Christian Lengeler; Steven P Kachur,2007,PLoS Medicine,10.1371/journal.pmed.0040229,https://doi.org/10.1371/journal.pmed.0040229,GOOGLE,4,0,0,1,0,Preventing childhood malaria in Africa by protecting adults from mosquitoes with insecticide-treated nets.,Preventing Childhood Malaria in Africa by Protecting Adults from Mosquitoes with Insecticide-Treated Nets,"Killeen, G. F.; Smith, T. A.; Ferguson, H. M.; Mshinda, H.; Abdulla, S.; Lengeler, C.; Kachur, S. P.",Gerry F. Killeen; Tom A Smith; Heather M. Ferguson; Hassan Mshinda; Salim Abdulla; Christian Lengeler; Steven P Kachur,2007,2007,PLoS Medicine,PLoS Medicine,,10.1371/journal.pmed.0040229,1,1,1,GOOGLE,0,"✓ Title | ✓ Authors | ✓ Year | ✓ Venue | ○ ID

### Summary
This article was confirmed in PLoS Medicine with matching authors and year. The title ""Preventing Childhood Malaria in Africa by Protecting Adults from Mosquitoes with Insecticide-Treated Nets"" was exactly matched, and all seven authors corresponded precisely to the citation.

### Details
A matching record was found in OpenAlex with the exact title and year 2007. All seven authors listed in the citation were confirmed, including Gerry F. Killeen and Tom A. Smith. The article was published in PLoS Medicine, volume 4, issue 7, page e229. Although no identifier was present in the citation, the DOI 10.1371/journal.pmed.0040229 was found in the evidence, confirming the reference.

- https://doi.org/10.1371/journal.pmed.0040229",1.0,0.0
"Strode, C., Donegan, S., Garner, P., Enayati, A. A., & Hemingway, J. (2014). The impact of pyrethroid resistance on the efficacy of insecticide-treated bed nets against African anopheline mosquitoes: Systematic review and meta-analysis. *PLoS Medicine*, 11(3), e1001619.",Insecticide-treated bed nets for malaria,deepseek_v4_pro_1600b_a49b,verified,"Strode, C., Donegan, S., Garner, P., Enayati, A. A., & Hemingway, J. (2014). The impact of pyrethroid resistance on the efficacy of insecticide-treated bed nets against African Anopheline mosquitoes: Systematic review and meta-analysis. *PLoS Medicine*, 11(3), e1001619. https://doi.org/10.1371/journal.pmed.1001619",MATCH,MATCH,MATCH,MATCH,ABSENT,The Impact of Pyrethroid Resistance on the Efficacy of Insecticide-Treated Bed Nets against African Anopheline Mosquitoes: Systematic Review and Meta-Analysis,Clare Strode; Sarah Donegan; Paul Garner; Ahmadali Enayati; Janet Hemingway,2014,PLoS Medicine,10.1371/journal.pmed.1001619,https://doi.org/10.1371/journal.pmed.1001619,GOOGLE,4,0,0,1,0,The impact of pyrethroid resistance on the efficacy of insecticide-treated bed nets against African anopheline mosquitoes: Systematic review and meta-analysis.,The Impact of Pyrethroid Resistance on the Efficacy of Insecticide-Treated Bed Nets against African Anopheline Mosquitoes: Systematic Review and Meta-Analysis,"Strode, C.; Donegan, S.; Garner, P.; Enayati, A. A.; Hemingway, J.",Clare Strode; Sarah Donegan; Paul Garner; Ahmadali Enayati; Janet Hemingway,2014,2014,PLoS Medicine,PLoS Medicine,,10.1371/journal.pmed.1001619,1,1,1,GOOGLE,0,"✓ Title | ✓ Authors | ✓ Year | ✓ Venue | ○ ID

### Summary
This article was confirmed in PLoS Medicine with matching authors Clare Strode, Sarah Donegan, Paul Garner, Ahmadali Enayati, and Janet Hemingway, and the year 2014. The title and journal details matched exactly.

### Details
A matching record was found with the exact title ""The Impact of Pyrethroid Resistance on the Efficacy of Insecticide-Treated Bed Nets against African Anopheline Mosquitoes: Systematic Review and Meta-Analysis."" The authors correspond perfectly, and the publication year 2014 matches exactly. The article was published in PLoS Medicine, volume 11, issue 3, with the identifier DOI 10.1371/journal.pmed.1001619.

- https://doi.org/10.1371/journal.pmed.1001619",1.0,0.0
"Protopopoff, N., Mosha, J. F., Lukole, E., Charlwood, J. D., Wright, A., Mwalimu, C. D., ... & Rowland, M. (2018). Effectiveness of a long-lasting piperonyl butoxide-treated insecticidal net and indoor residual spray interventions, separately and together, against malaria transmitted by pyrethroid-resistant mosquitoes: A cluster, randomised controlled, two-by-two factorial design trial. *The Lancet*, 391(10130), 1577–1588.",Insecticide-treated bed nets for malaria,deepseek_v4_pro_1600b_a49b,verified,"Protopopoff, N., Mosha, J. F., Lukole, E., Charlwood, J. D., Wright, A., Mwalimu, C. D., Manjurano, A., Mosha, F. W., Kisinza, W., Kleinschmidt, I., & Rowland, M. (2018). Effectiveness of a long-lasting piperonyl butoxide-treated insecticidal net and indoor residual spray interventions, separately and together, against malaria transmitted by pyrethroid-resistant mosquitoes: A cluster, randomised controlled, two-by-two factorial design trial. *The Lancet*, 391(10130), 1577-1588. https://doi.org/10.1016/S0140-6736(18)30427-6 https://doi.org/https://doi.org/10.1016/S0140-6736(18)30427-6",MATCH,CONTAINS,MATCH,MATCH,ABSENT,"Effectiveness of a long-lasting piperonyl butoxide-treated insecticidal net and indoor residual spray interventions, separately and together, against malaria transmitted by pyrethroid-resistant mosquitoes: a cluster, randomised controlled, two-by-two factorial design trial",Natacha Protopopoff; Jacklin F Mosha; Eliud Lukole; J. D. Charlwood; Alexandra Wright; Charles Dismas Mwalimu; Alphaxard Manjurano; Franklin W. Mosha; William Kisinza; Immo Kleinschmidt; Mark Rowland,2018,The Lancet,10.1016/s0140-6736(18)30427-6,https://doi.org/10.1016/s0140-6736(18)30427-6,GOOGLE,3,0,1,1,0,"Effectiveness of a long-lasting piperonyl butoxide-treated insecticidal net and indoor residual spray interventions, separately and together, against malaria transmitted by pyrethroid-resistant mosquitoes: A cluster, randomised controlled, two-by-two factorial design trial","Effectiveness of a long-lasting piperonyl butoxide-treated insecticidal net and indoor residual spray interventions, separately and together, against malaria transmitted by pyrethroid-resistant mosquitoes: a cluster, randomised controlled, two-by-two factorial design trial","Protopopoff, N.; Mosha, J. F.; Lukole, E.; Charlwood, J. D.; Wright, A.; Mwalimu, C. D.; Rowland, M.",Natacha Protopopoff; Jacklin F Mosha; Eliud Lukole; J. D. Charlwood; Alexandra Wright; Charles Dismas Mwalimu; Alphaxard Manjurano; Franklin W. Mosha; William Kisinza; Immo Kleinschmidt; Mark Rowland,2018,2018,The Lancet,The Lancet,,10.1016/s0140-6736(18)30427-6,1,1,1,GOOGLE,0,"✓ Title | ◐ Authors | ✓ Year | ✓ Venue | ○ ID

### Summary
This article was confirmed in The Lancet with matching authors and year. The title matched exactly, and all authors listed in the original reference were found in the verified record.

### Details
A matching record was found with the exact title ""Effectiveness of a long-lasting piperonyl butoxide-treated insecticidal net and indoor residual spray interventions, separately and together, against malaria transmitted by pyrethroid-resistant mosquitoes: a cluster, randomised controlled, two-by-two factorial design trial."" The year 2018 matched exactly, and all original authors appeared in the verified author list, which also included additional contributors. The journal name ""The Lancet"" matched perfectly. No identifier was provided in the original citation, but the verified record includes a DOI: 10.1016/s0140-6736(18)30427-6.

- [DOI link](https://doi.org/10.1016/s0140-6736(18)30427-6)",0.867,0.133
"Toé, K. H., Jones, C. M., N'Fale, S., Ismail, H. M., Dabiré, R. K., & Ranson, H. (2014). Increased pyrethroid resistance in malaria vectors and decreased bed net effectiveness, Burkina Faso. *Emerging Infectious Diseases*, 20(10), 1691–1696.",Insecticide-treated bed nets for malaria,deepseek_v4_pro_1600b_a49b,verified,"Toé, K. H., Jones, C. M., N'Falé, S., Ismail, H. M., Dabiré, R. K., & Ranson, H. (2014). Increased Pyrethroid Resistance in Malaria Vectors and Decreased Bed Net Effectiveness, Burkina Faso. *Emerging infectious diseases*, 20(10), 1691-1696. https://doi.org/10.3201/eid2010.140619",MATCH,MATCH,MATCH,MATCH,ABSENT,"Increased Pyrethroid Resistance in Malaria Vectors and Decreased Bed Net Effectiveness, Burkina Faso",Kobié Hyacinthe Toé; Christopher M. Jones; Sagnon N’Falé; Hanafy M. Ismail; Roch K. Dabiré; Hilary Ranson,2014,Emerging infectious diseases,10.3201/eid2010.140619,https://doi.org/10.3201/eid2010.140619,GOOGLE,4,0,0,1,0,"Increased pyrethroid resistance in malaria vectors and decreased bed net effectiveness, Burkina Faso","Increased Pyrethroid Resistance in Malaria Vectors and Decreased Bed Net Effectiveness, Burkina Faso","Toé, K. H.; Jones, C. M.; N'Fale, S.; Ismail, H. M.; Dabiré, R. K.; Ranson, H.",Kobié Hyacinthe Toé; Christopher M. Jones; Sagnon N’Falé; Hanafy M. Ismail; Roch K. Dabiré; Hilary Ranson,2014,2014,Emerging Infectious Diseases,Emerging infectious diseases,,10.3201/eid2010.140619,1,1,1,GOOGLE,0,"✓ Title | ✓ Authors | ✓ Year | ✓ Venue | ○ ID

### Summary
This article was confirmed in the journal Emerging Infectious Diseases with matching authors and year. The title, author list, publication year, and journal name all matched exactly, confirming the reference's accuracy.

### Details
A matching record was found with the exact title ""Increased Pyrethroid Resistance in Malaria Vectors and Decreased Bed Net Effectiveness, Burkina Faso."" The six authors listed in the citation correspond exactly to those in the evidence, with full names matching the initials and diacritic variants. The year 2014 and the journal Emerging Infectious Diseases also matched perfectly. Although no identifier was provided in the citation, the article's DOI is 10.3201/eid2010.140619, confirming the source.

- https://doi.org/10.3201/eid2010.140619",1.0,0.0
"Godquin, M. (2004). Microfinance repayment performance in Bangladesh: How to improve the allocation of loans by MFIs. *World Development*, 32(11), 1909-1926.",Microfinance loan repayment,deepseek_v4_pro_1600b_a49b,verified,"Godquin, M. (2004). Microfinance repayment performance in Bangladesh: How to improve the allocation of loans by MFIs. *World Development*, 32(11), 1909-1926. https://doi.org/10.1016/j.worlddev.2004.05.011",MATCH,MATCH,MATCH,MATCH,ABSENT,Microfinance Repayment Performance in Bangladesh: How to Improve the Allocation of Loans by MFIs,Marie Godquin,2004,World Development,10.1016/j.worlddev.2004.05.011,https://doi.org/10.1016/j.worlddev.2004.05.011,GOOGLE,4,0,0,1,0,Microfinance repayment performance in Bangladesh: How to improve the allocation of loans by MFIs,Microfinance Repayment Performance in Bangladesh: How to Improve the Allocation of Loans by MFIs,"Godquin, M.",Marie Godquin,2004,2004,World Development,World Development,,10.1016/j.worlddev.2004.05.011,1,1,1,GOOGLE,0,"✓ Title | ✓ Authors | ✓ Year | ✓ Venue | ○ ID

### Summary
This article was confirmed in the journal World Development with matching author Marie Godquin and the year 2004. The title ""Microfinance Repayment Performance in Bangladesh: How to Improve the Allocation of Loans by MFIs"" was exactly matched.

### Details
A matching record was found with the exact title and author name corresponding to Marie Godquin. The year 2004 and the journal World Development also matched exactly. The article's DOI is 10.1016/j.worlddev.2004.05.011, and it appears in volume 32, issue 11, pages 1909-1926.

- https://doi.org/10.1016/j.worlddev.2004.05.011",1.0,0.0
"Ahlin, C., & Townsend, R. M. (2007). Using repayment data to test across models of joint liability lending. *The Economic Journal*, 117(517), F11-F51.",Microfinance loan repayment,deepseek_v4_pro_1600b_a49b,verified,"Ahlin, C., & Townsend, R. M. (2007). Using repayment data to test across models of joint liability lending. *The Economic Journal*, *117*(517), F11–F51. https://doi.org/10.1111/j.1468-0297.2007.02014.x",MATCH,MATCH,MATCH,MATCH,ABSENT,Using Repayment Data to Test across Models of Joint Liability Lending,Christian Ahlin; Robert M. Townsend,2007,The Economic Journal,10.1111/j.1468-0297.2007.02014.x,https://doi.org/10.1111/j.1468-0297.2007.02014.x,GOOGLE,4,0,0,1,0,Using repayment data to test across models of joint liability lending,Using Repayment Data to Test across Models of Joint Liability Lending,"Ahlin, C.; Townsend, R. M.",Christian Ahlin; Robert M. Townsend,2007,2007,The Economic Journal,The Economic Journal,,10.1111/j.1468-0297.2007.02014.x,1,1,1,GOOGLE,1,"✓ Title | ✓ Authors | ✓ Year | ✓ Venue | ○ ID

### Summary
This article was confirmed in The Economic Journal with matching authors Christian Ahlin and Robert M. Townsend, and the year 2007. The title and journal details matched exactly, confirming the reference's accuracy.

### Details
A matching record was found with the exact title ""Using Repayment Data to Test across Models of Joint Liability Lending."" The authors Christian Ahlin and Robert M. Townsend were confirmed, and the publication year 2007 matched exactly. The article appears in The Economic Journal, volume 117, issue 517, pages F11-F51. The DOI 10.1111/j.1468-0297.2007.02014.x provides a direct link to the source.

- [DOI link](https://doi.org/10.1111/j.1468-0297.2007.02014.x)",1.0,0.0
"Karlan, D. S. (2007). Social connections and group banking. *The Economic Journal*, 117(517), F52-F84.",Microfinance loan repayment,deepseek_v4_pro_1600b_a49b,verified,"Karlan, D. (2007). Social connections and group banking. *The Economic Journal*, 117(517), F52–F84. https://doi.org/10.1111/j.1468-0297.2007.02015.x",MATCH,MATCH,MATCH,MATCH,ABSENT,Social Connections and Group Banking,Dean Karlan,2007,The Economic Journal,10.1111/j.1468-0297.2007.02015.x,https://doi.org/10.1111/j.1468-0297.2007.02015.x,GOOGLE,4,0,0,1,0,Social connections and group banking,Social Connections and Group Banking,"Karlan, D. S.",Dean Karlan,2007,2007,The Economic Journal,The Economic Journal,,10.1111/j.1468-0297.2007.02015.x,1,1,1,GOOGLE,0,"✓ Title | ✓ Authors | ✓ Year | ✓ Venue | ○ ID

### Summary
This article was confirmed in The Economic Journal with matching authors and year. The title ""Social Connections and Group Banking"" and the author Dean Karlan were exactly matched, along with the publication year 2007 and the journal name.

### Details
A matching record was found with the exact title ""Social Connections and Group Banking"" and author Dean Karlan, published in 2007 in The Economic Journal. The volume, issue, and page numbers also correspond exactly. Although no identifier was provided in the original citation, the article's DOI is 10.1111/j.1468-0297.2007.02015.x.

- https://doi.org/10.1111/j.1468-0297.2007.02015.x",1.0,0.0
"Armendáriz de Aghion, B., & Morduch, J. (2000). Microfinance beyond group lending. *Economics of Transition*, 8(2), 401-420.",Microfinance loan repayment,deepseek_v4_pro_1600b_a49b,verified,"Armendáriz de Aghion, B., & Morduch, J. (2000). Microfinance beyond group lending. *Economics of Transition*, *8*(2), 401-420. https://doi.org/10.1111/1468-0351.00049",MATCH,MATCH,MATCH,MATCH,ABSENT,Microfinance Beyond Group Lending,Beatriz Armendáriz de Aghion; Jonathan Morduch,2000,Economics of Transition,10.1111/1468-0351.00049,https://doi.org/10.1111/1468-0351.00049,GOOGLE,4,0,0,1,0,Microfinance beyond group lending.,Microfinance Beyond Group Lending,"Armendáriz de Aghion, B.; Morduch, J.",Beatriz Armendáriz de Aghion; Jonathan Morduch,2000,2000,Economics of Transition,Economics of Transition,,10.1111/1468-0351.00049,1,1,1,GOOGLE,0,"✓ Title | ✓ Authors | ✓ Year | ✓ Venue | ○ ID

### Summary
This article was confirmed in the journal Economics of Transition with matching authors Beatriz Armendáriz de Aghion and Jonathan Morduch, and the year 2000. The title ""Microfinance Beyond Group Lending"" and the journal details matched exactly.

### Details
A matching record was found with the exact title ""Microfinance Beyond Group Lending"" published in Economics of Transition in 2000. Both authors were confirmed with full names matching the citation's initials. The volume 8, issue 2, and page range 401-420 also matched. No identifier was provided in the citation, but the DOI 10.1111/1468-0351.00049 was found for the article.

- https://doi.org/10.1111/1468-0351.00049",1.0,0.0
"Sharma, M., & Zeller, M. (1997). Repayment performance in group-based credit programs in Bangladesh: An empirical analysis. *World Development*, 25(10), 1731-1742.",Microfinance loan repayment,deepseek_v4_pro_1600b_a49b,verified,"Sharma, M., & Zeller, M. (1997). Repayment performance in group-based credit programs in Bangladesh: An empirical analysis. *World Development*, 25(10), 1731-1742. https://doi.org/10.1016/S0305-750X(97)00063-6",MATCH,MATCH,MATCH,MATCH,ABSENT,Repayment performance in group-based credit programs in Bangladesh: An empirical analysis,Manohar Sharma; Manfred Zeller,1997,World Development,10.1016/S0305-750X(97)00063-6,https://doi.org/10.1016/s0305-750x(97)00063-6,GOOGLE,4,0,0,1,0,Repayment performance in group-based credit programs in Bangladesh: An empirical analysis,Repayment performance in group-based credit programs in Bangladesh: An empirical analysis,"Sharma, M.; Zeller, M.",Manohar Sharma; Manfred Zeller,1997,1997,World Development,World Development,,10.1016/S0305-750X(97)00063-6,1,1,1,GOOGLE,0,"✓ Title | ✓ Authors | ✓ Year | ✓ Venue | ○ ID

### Summary
This article was confirmed in the journal World Development with matching authors Manohar Sharma and Manfred Zeller, the year 1997, and the exact title ""Repayment performance in group-based credit programs in Bangladesh: An empirical analysis.""

### Details
A matching record was found with the exact title and author names corresponding to the citation. The year 1997 and the journal World Development also matched exactly. Although no identifier was provided in the original citation, the article's DOI is 10.1016/S0305-750X(97)00063-6, confirming the reference's authenticity.

- https://doi.org/10.1016/s0305-750x(97)00063-6",1.0,0.0
"Hermes, N., Lensink, R., & Mehrteab, H. T. (2005). Peer monitoring, social ties and moral hazard in group lending programmes: Evidence from Eritrea. *World Development*, 33(1), 149-169.",Microfinance loan repayment,deepseek_v4_pro_1600b_a49b,verified,"Hermes, N., Lensink, R., & Mehrteab, H. T. (2005). Peer monitoring, social ties and moral hazard in group lending programmes: evidence from Eritrea. *World Development*, 33(1), 149-169. https://www.sciencedirect.com/science/article/abs/pii/S0305750X04001809",MATCH,MATCH,MATCH,MATCH,ABSENT,"Peer monitoring, social ties and moral hazard in group lending programmes: evidence from Eritrea",Niels Hermes; Robert Lensink; Habteab Mehrteab Teki,2005,World Development,,https://www.sciencedirect.com/science/article/abs/pii/S0305750X04001809,GOOGLE,4,0,0,1,0,"Peer monitoring, social ties and moral hazard in group lending programmes: Evidence from Eritrea","Peer monitoring, social ties and moral hazard in group lending programmes: evidence from Eritrea","Hermes, N.; Lensink, R.; Mehrteab, H. T.",Niels Hermes; Robert Lensink; Habteab Mehrteab Teki,2005,2005,World Development,World Development,,https://www.sciencedirect.com/science/article/abs/pii/S0305750X04001809,1,1,1,GOOGLE,0,"✓ Title | ✓ Authors | ✓ Year | ✓ Venue | ○ ID

### Summary
This article was confirmed in the journal World Development with matching authors Niels Hermes, Robert Lensink, and Habteab Mehrteab Teki, and the year 2005. The title ""Peer monitoring, social ties and moral hazard in group lending programmes: evidence from Eritrea"" was found to match exactly.

### Details
A matching record was found with the exact title and all three authors corresponding to the citation. The year 2005 and the journal World Development also matched exactly. Although no DOI was provided in the citation, the article is accessible via a reliable source link. The evidence includes multiple search results confirming the article's details and authorship.

- https://www.sciencedirect.com/science/article/abs/pii/S0305750X04001809
- https://ideas.repec.org/a/eee/wdevel/v33y2005i1p149-169.html
- https://research.rug.nl/en/publications/peer-monitoring-social-ties-and-moral-hazard-in-group-lending-pro/",1.0,0.0
"Vigenina, D., & Kritikos, A. S. (2004). The individual micro-lending contract: Is it a better design than joint-liability? Evidence from Georgia. *Economic Systems*, 28(2), 155-176.",Microfinance loan repayment,deepseek_v4_pro_1600b_a49b,verified,"Vigenina, D., & Kritikos, A. S. (2004). The individual micro-lending contract: Is it a better design than joint-liability? Evidence from Georgia. *Economic Systems*, 28(2), 155-176. https://www.sciencedirect.com/science/article/abs/pii/S0939362504000391",MATCH,MATCH,MATCH,MATCH,ABSENT,The individual micro-lending contract: Is it a better design than joint-liability? - Evidence from Georgia,Denitsa Vigenina; Alexander S. Kritikos,2004,Economic Systems,,https://www.sciencedirect.com/science/article/abs/pii/S0939362504000391,GOOGLE,4,0,0,1,0,The individual micro-lending contract: Is it a better design than joint-liability? Evidence from Georgia,The individual micro-lending contract: Is it a better design than joint-liability? - Evidence from Georgia,"Vigenina, D.; Kritikos, A. S.",Denitsa Vigenina; Alexander S. Kritikos,2004,2004,Economic Systems,Economic Systems,,https://www.sciencedirect.com/science/article/abs/pii/S0939362504000391,1,1,1,GOOGLE,0,"✓ Title | ✓ Authors | ✓ Year | ✓ Venue | ○ ID

### Summary
This article was confirmed in the journal Economic Systems with matching authors Denitsa Vigenina and Alexander S. Kritikos and the year 2004. The title matched exactly, confirming the reference's accuracy.

### Details
A matching record was found with the exact title ""The individual micro-lending contract: Is it a better design than joint-liability? Evidence from Georgia."" The authors matched exactly, with full names corresponding to the initials in the reference. The year 2004 and the journal Economic Systems also matched perfectly. Although no DOI was present, the article is accessible via ScienceDirect and other academic repositories.

- https://www.sciencedirect.com/science/article/abs/pii/S0939362504000391
- https://www.econstor.eu/handle/10419/22105",1.0,0.0
"Bhatt, N., & Tang, S.-Y. (2002). Determinants of repayment in microcredit: Evidence from programs in the United States. *International Journal of Urban and Regional Research*, 26(2), 360-376.",Microfinance loan repayment,deepseek_v4_pro_1600b_a49b,verified,"Bhatt, N., & Tang, S.-Y. (2002). Determinants of repayment in microcredit: Evidence from programs in the United States. *International Journal of Urban and Regional Research*, 26(2), 360-376. https://doi.org/10.1111/1468-2427.00384",MATCH,MATCH,MATCH,MATCH,ABSENT,Determinants of Repayment in Microcredit: Evidence from Programs in the United States,Nitin Bhatt; Shui‐Yan Tang,2002,International Journal of Urban and Regional Research,10.1111/1468-2427.00384,https://doi.org/10.1111/1468-2427.00384,GOOGLE,4,0,0,1,0,Determinants of repayment in microcredit: Evidence from programs in the United States,Determinants of Repayment in Microcredit: Evidence from Programs in the United States,"Bhatt, N.; Tang, S.-Y.",Nitin Bhatt; Shui‐Yan Tang,2002,2002,International Journal of Urban and Regional Research,International Journal of Urban and Regional Research,,10.1111/1468-2427.00384,1,1,1,GOOGLE,0,"✓ Title | ✓ Authors | ✓ Year | ✓ Venue | ○ ID

### Summary
This article was confirmed in the International Journal of Urban and Regional Research with matching authors Nitin Bhatt and Shui-Yan Tang, and the year 2002. The title and journal details matched exactly.

### Details
A matching record was found with the exact title ""Determinants of Repayment in Microcredit: Evidence from Programs in the United States."" The authors correspond to the same individuals, with initials in the citation matching full names in the evidence. The year 2002 and the journal name also matched exactly. The article is published by Wiley and includes volume 26, issue 2, pages 360-376. The DOI is 10.1111/1468-2427.00384.

- https://doi.org/10.1111/1468-2427.00384",1.0,0.0
"D’Espallier, B., Guérin, I., & Mersland, R. (2011). Women and repayment in microfinance: A global analysis. *World Development*, 39(5), 758-772.",Microfinance loan repayment,deepseek_v4_pro_1600b_a49b,verified,"D’Espallier, B., Guérin, I., & Mersland, R. (2010). Women and repayment in microfinance: A global analysis. *World Development*, 39(5), 758-772. https://doi.org/10.1016/j.worlddev.2010.10.008",MATCH,MATCH,CONTAINS,MATCH,ABSENT,Women and Repayment in Microfinance: A Global Analysis,Bert D’Espallier; Isabelle Guérin; Roy Mersland,2010,World Development,10.1016/j.worlddev.2010.10.008,https://doi.org/10.1016/j.worlddev.2010.10.008,GOOGLE,3,0,1,1,0,Women and repayment in microfinance: A global analysis.,Women and Repayment in Microfinance: A Global Analysis,"D’Espallier, B.; Guérin, I.; Mersland, R.",Bert D’Espallier; Isabelle Guérin; Roy Mersland,2011,2010,World Development,World Development,,10.1016/j.worlddev.2010.10.008,1,1,1,GOOGLE,0,"✓ Title | ✓ Authors | ◐ Year | ✓ Venue | ○ ID

### Summary
This article was confirmed in the journal World Development with matching authors Bert D’Espallier, Isabelle Guérin, and Roy Mersland. The title ""Women and Repayment in Microfinance: A Global Analysis"" was exactly matched, and the publication year is very close, differing by only one year.

### Details
A matching record was found with the exact title and the same three authors in the journal World Development. The year in the citation is 2011, while the evidence shows 2010, which is within an acceptable range. No identifier was provided in the citation, but the DOI 10.1016/j.worlddev.2010.10.008 confirms the article's identity.

- [DOI link](https://doi.org/10.1016/j.worlddev.2010.10.008)",0.9,0.1
"Brehanu, A., & Fufa, B. (2008). Repayment rate of loans from semi-formal financial institutions among small-scale farmers in Ethiopia: Two-limit Tobit analysis. *The Journal of Socio-Economics*, 37(6), 2221-2230.",Microfinance loan repayment,deepseek_v4_pro_1600b_a49b,verified,"Brehanu, A., & Bekabil, F. (2008). Repayment rate of loans from semi-formal financial institutions among small-scale farmers in Ethiopia: Two-limit Tobit analysis. *The Journal of Socio-Economics*, 37(6), 2221-2230. https://doi.org/10.1016/j.socec.2008.02.003",MATCH,MATCH,MATCH,MATCH,ABSENT,Repayment rate of loans from semi-formal financial institutions among small-scale farmers in Ethiopia: Two-limit Tobit analysis,Amare Brehanu; Fufa Bekabil,2008,The Journal of Socio-Economics,10.1016/j.socec.2008.02.003,https://doi.org/10.1016/j.socec.2008.02.003,GOOGLE,4,0,0,1,0,Repayment rate of loans from semi-formal financial institutions among small-scale farmers in Ethiopia: Two-limit Tobit analysis,Repayment rate of loans from semi-formal financial institutions among small-scale farmers in Ethiopia: Two-limit Tobit analysis,"Brehanu, A.; Fufa, B.",Amare Brehanu; Fufa Bekabil,2008,2008,The Journal of Socio-Economics,The Journal of Socio-Economics,,10.1016/j.socec.2008.02.003,1,1,1,GOOGLE,0,"✓ Title | ✓ Authors | ✓ Year | ✓ Venue | ○ ID

### Summary
This article was confirmed in The Journal of Socio-Economics with matching authors Amare Brehanu and Fufa Bekabil, and the year 2008. The title and journal details matched exactly, verifying the reference.

### Details
A matching record was found with the exact title ""Repayment rate of loans from semi-formal financial institutions among small-scale farmers in Ethiopia: Two-limit Tobit analysis."" The authors matched despite differences in name formatting, confirming Amare Brehanu and Fufa Bekabil as the authors. The year 2008 and the journal name The Journal of Socio-Economics matched exactly. The article's DOI is 10.1016/j.socec.2008.02.003.

- https://doi.org/10.1016/j.socec.2008.02.003",1.0,0.0
"Bhattacharyya, S. C. (2018). Mini-grids for the base of the pyramid market: A critical review. *Energies, 11*(4), 813.",Mini-grid electrification,deepseek_v4_pro_1600b_a49b,verified,"Bhattacharyya, S. C. (2018). Mini-Grids for the Base of the Pyramid Market: A Critical Review. *Energies*, 11(4), 813. https://doi.org/10.3390/en11040813",MATCH,MATCH,MATCH,MATCH,ABSENT,Mini-Grids for the Base of the Pyramid Market: A Critical Review,Subhes C. Bhattacharyya,2018,Energies,10.3390/en11040813,https://doi.org/10.3390/en11040813,GOOGLE,4,0,0,1,0,Mini-grids for the base of the pyramid market: A critical review,Mini-Grids for the Base of the Pyramid Market: A Critical Review,"Bhattacharyya, S. C.",Subhes C. Bhattacharyya,2018,2018,Energies,Energies,,10.3390/en11040813,1,1,1,GOOGLE,0,"✓ Title | ✓ Authors | ✓ Year | ✓ Venue | ○ ID

### Summary
This article was confirmed in the journal Energies with matching author Subhes C. Bhattacharyya and the year 2018. The title ""Mini-Grids for the Base of the Pyramid Market: A Critical Review"" was exactly matched.

### Details
A matching record was found with the exact title and author name corresponding to the citation's initials. The year 2018 and journal Energies also matched exactly. Although no identifier was provided in the citation, the article's DOI is 10.3390/en11040813, confirming the reference. The article appears in volume 11, issue 4, page 813 of Energies.

- https://doi.org/10.3390/en11040813",1.0,0.0
"Peters, J., Sievert, M., & Toman, M. A. (2019). Rural electrification through mini-grids: Challenges ahead. *Energy Policy, 132*, 27-31.",Mini-grid electrification,deepseek_v4_pro_1600b_a49b,verified,"Peters, J., Sievert, M., & Toman, M. (2019). Rural electrification through mini-grids: Challenges ahead. *Energy Policy*, 132, 27-31. https://doi.org/10.1016/j.enpol.2019.05.016",MATCH,MATCH,MATCH,MATCH,ABSENT,Rural electrification through mini-grids: Challenges ahead,Jörg Peters; Maximiliane Sievert; Michael Toman,2019,Energy Policy,10.1016/j.enpol.2019.05.016,https://doi.org/10.1016/j.enpol.2019.05.016,GOOGLE,4,0,0,1,0,Rural electrification through mini-grids: Challenges ahead,Rural electrification through mini-grids: Challenges ahead,"Peters, J.; Sievert, M.; Toman, M. A.",Jörg Peters; Maximiliane Sievert; Michael Toman,2019,2019,Energy Policy,Energy Policy,,10.1016/j.enpol.2019.05.016,1,1,1,GOOGLE,0,"✓ Title | ✓ Authors | ✓ Year | ✓ Venue | ○ ID

### Summary
This article was confirmed in the journal Energy Policy with matching authors Jörg Peters, Maximiliane Sievert, and Michael Toman, and the publication year 2019. The title ""Rural electrification through mini-grids: Challenges ahead"" was exactly matched.

### Details
A matching record was found with the exact title and year 2019. All three authors correspond to the citation, with initials in the citation matching the full names in the evidence. The journal name Energy Policy also matched exactly. The article's DOI is 10.1016/j.enpol.2019.05.016, and it appears in volume 132, pages 27-31.

- https://doi.org/10.1016/j.enpol.2019.05.016",1.0,0.0
"Schnitzer, D., Lounsbury, D. S., Carvallo, J. P., Deshmukh, R., Apt, J., & Kammen, D. M. (2014). Microgrids for rural electrification: A critical review of best practices based on seven case studies. *United Nations Foundation*.",Mini-grid electrification,deepseek_v4_pro_1600b_a49b,verified,"Schnitzer, D., Lounsbury, D. S., Carvallo, J. P., Deshmukh, R., Apt, J., & Kammen, D. M. (2014). *Microgrids for rural electrification: A critical review of best practices based on seven case studies*. United Nations Foundation. https://www.cmu.edu/ceic/assets/docs/publications/reports/2014/micro-grids-rural-electrification-critical-rev-best-practice.pdf",MATCH,MATCH,MATCH,MATCH,ABSENT,Microgrids for Rural Electrification: A critical review of best practices based on seven case studies,Daniel Schnitzer; Deepa Shinde Lounsbury; Juan Pablo Carvallo; Ranjit Deshmukh; Jay Apt; Daniel M. Kammen,2014,United Nations Foundation,,https://www.cmu.edu/ceic/assets/docs/publications/reports/2014/micro-grids-rural-electrification-critical-rev-best-practice.pdf,GOOGLE,4,0,0,1,0,Microgrids for rural electrification: A critical review of best practices based on seven case studies,Microgrids for Rural Electrification: A critical review of best practices based on seven case studies,"Schnitzer, D.; Lounsbury, D. S.; Carvallo, J. P.; Deshmukh, R.; Apt, J.; Kammen, D. M.",Daniel Schnitzer; Deepa Shinde Lounsbury; Juan Pablo Carvallo; Ranjit Deshmukh; Jay Apt; Daniel M. Kammen,2014,2014,United Nations Foundation,United Nations Foundation,,https://www.cmu.edu/ceic/assets/docs/publications/reports/2014/micro-grids-rural-electrification-critical-rev-best-practice.pdf,1,1,1,GOOGLE,1,"✓ Title | ✓ Authors | ✓ Year | ✓ Venue | ○ ID

### Summary
This report titled ""Microgrids for Rural Electrification: A critical review of best practices based on seven case studies"" was confirmed as published by the United Nations Foundation in 2014. All six authors listed in the citation were matched exactly to the known authors of the report.

### Details
A matching record was found with the exact title and year 2014. The authors Daniel Schnitzer, Deepa Shinde Lounsbury, Juan Pablo Carvallo, Ranjit Deshmukh, Jay Apt, and Daniel M. Kammen were all confirmed as the contributors. The publisher is correctly identified as the United Nations Foundation. Although no DOI was available, the report is accessible via a reliable URL from Carnegie Mellon University. The detailed evidence includes a full PDF report and multiple corroborating sources.

- [Carnegie Mellon University PDF](https://www.cmu.edu/ceic/assets/docs/publications/reports/2014/micro-grids-rural-electrification-critical-rev-best-practice.pdf)
- [Our Energy Policy](https://www.ourenergypolicy.org/resources/microgrids-for-rural-electrification-a-critical-review-of-best-practices-based-on-seven-case-studies/)
- [Berkeley RAEL Publication](https://rael.berkeley.edu/publication/microgrids-for-rural-electrification-a-critical-review-of-best-practices-based-on-seven-case-studies/)",1.0,0.0
"Tenenbaum, B., Greacen, C., Siyambalapitiya, T., & Knuckles, J. (2014). From the bottom up: How small power producers and mini-grids can deliver electrification and renewable energy in Africa. *World Bank Publications*.",Mini-grid electrification,deepseek_v4_pro_1600b_a49b,verified,"Tenenbaum, B., Greacen, C., Siyambalapitiya, T., & Knuckles, J. (2014). *From the bottom up: How small power producers and mini-grids can deliver electrification and renewable energy in Africa* (Directions in Development). International Bank for Reconstruction and Development / The World Bank. https://doi.org/10.1596/978-1-4648-0093-1",MATCH,MATCH,MATCH,CONTAINS,ABSENT,From the Bottom Up: How Small Power Producers and Mini-Grids Can Deliver Electrification and Renewable Energy in Africa,Bernard Tenenbaum; Chris Greacen; Tilak Siyambalapitiya; James Knuckles,2014,Directions in Development (World Bank),10.1596/978-1-4648-0093-1,https://documents1.worldbank.org/curated/en/507561468202200152/pdf/From-the-bottom-up-how-small-power-producers-and-mini-grids-can-deliver-electrification-and-renewable-energy-in-Africa.pdf,GOOGLE,3,0,1,1,0,From the bottom up: How small power producers and mini-grids can deliver electrification and renewable energy in Africa,From the Bottom Up: How Small Power Producers and Mini-Grids Can Deliver Electrification and Renewable Energy in Africa,"Tenenbaum, B.; Greacen, C.; Siyambalapitiya, T.; Knuckles, J.",Bernard Tenenbaum; Chris Greacen; Tilak Siyambalapitiya; James Knuckles,2014,2014,World Bank Publications,Directions in Development (World Bank),,10.1596/978-1-4648-0093-1,1,1,1,GOOGLE,0,"✓ Title | ✓ Authors | ✓ Year | ◐ Venue | ○ ID

### Summary
This book was confirmed as published by the World Bank in 2014 with matching authors Bernard Tenenbaum, Chris Greacen, Tilak Siyambalapitiya, and James Knuckles. The title ""From the Bottom Up: How Small Power Producers and Mini-Grids Can Deliver Electrification and Renewable Energy in Africa"" was verified exactly, and the publication is part of the Directions in Development series by the World Bank.

### Details
A matching record was found with exact matches for the title, authors, and year. The authors' full names correspond perfectly to the initials in the citation, preserving order and spelling. The venue is confirmed as a World Bank publication, specifically the Directions in Development series. Although no identifier was provided in the citation, the official World Bank document includes a DOI (10.1596/978-1-4648-0093-1) and a direct URL to the full text PDF. The publication consists of 421 pages and is available under a Creative Commons license.

- https://documents1.worldbank.org/curated/en/507561468202200152/pdf/From-the-bottom-up-how-small-power-producers-and-mini-grids-can-deliver-electrification-and-renewable-energy-in-africa.pdf
- https://doi.org/10.1596/978-1-4648-0093-1",0.9,0.1
"Williams, N. J., Jaramillo, P., Taneja, J., & Ustun, T. S. (2015). Enabling private sector investment in microgrid-based rural electrification in developing countries: A review. *Renewable and Sustainable Energy Reviews, 52*, 1268-1281.",Mini-grid electrification,deepseek_v4_pro_1600b_a49b,verified,"Williams, N. J., Jaramillo, P., Taneja, J., & Ustun, T. S. (2015). Enabling private sector investment in microgrid-based rural electrification in developing countries: A review. *Renewable and Sustainable Energy Reviews*, 52, 1268-1281. https://doi.org/10.1016/j.rser.2015.07.153",MATCH,MATCH,MATCH,MATCH,ABSENT,Enabling private sector investment in microgrid-based rural electrification in developing countries: A review,Nathaniel J. Williams; Paulina Jaramillo; Jay Taneja; Taha Selim Ustun,2015,Renewable and Sustainable Energy Reviews,10.1016/j.rser.2015.07.153,https://doi.org/10.1016/j.rser.2015.07.153,GOOGLE,4,0,0,1,0,Enabling private sector investment in microgrid-based rural electrification in developing countries: A review,Enabling private sector investment in microgrid-based rural electrification in developing countries: A review,"Williams, N. J.; Jaramillo, P.; Taneja, J.; Ustun, T. S.",Nathaniel J. Williams; Paulina Jaramillo; Jay Taneja; Taha Selim Ustun,2015,2015,Renewable and Sustainable Energy Reviews,Renewable and Sustainable Energy Reviews,,10.1016/j.rser.2015.07.153,1,1,1,GOOGLE,0,"✓ Title | ✓ Authors | ✓ Year | ✓ Venue | ○ ID

### Summary
This article was confirmed in Renewable and Sustainable Energy Reviews with matching authors and year. The title, authors, publication year, and journal all matched exactly, confirming the reference's accuracy.

### Details
A matching record was found with the exact title ""Enabling private sector investment in microgrid-based rural electrification in developing countries: A review."" The authors Nathaniel J. Williams, Paulina Jaramillo, Jay Taneja, and Taha Selim Ustun were confirmed, matching the citation despite differences in name formatting. The year 2015 and the journal Renewable and Sustainable Energy Reviews matched exactly. The article's DOI is 10.1016/j.rser.2015.07.153.

- https://doi.org/10.1016/j.rser.2015.07.153",1.0,0.0
"Moner-Girona, M., Bódis, K., Morrissey, J., Kougias, I., Hankins, M., Huld, T., & Szabó, S. (2019). Decentralized rural electrification in Kenya: Speeding up universal energy access. *Energy for Sustainable Development, 52*, 128-146.",Mini-grid electrification,deepseek_v4_pro_1600b_a49b,verified,"Moner-Girona, M., Bódis, K., Morrissey, J. H., Kougias, I., Hankins, M., Huld, T., & Szabó, S. (2019). Decentralized rural electrification in Kenya: Speeding up universal energy access. *Energy Sustainable Development/Energy for sustainable development*, 52, 128-146. https://doi.org/10.1016/j.esd.2019.07.009",MATCH,MATCH,MATCH,CONTAINS,ABSENT,Decentralized rural electrification in Kenya: Speeding up universal energy access,Magda Moner‐Girona; Katalin Bódis; James H. Morrissey; Ioannis Kougias; Mark Hankins; Thomas Huld; S. Szabó,2019,Energy Sustainable Development/Energy for sustainable development,10.1016/j.esd.2019.07.009,https://doi.org/10.1016/j.esd.2019.07.009,GOOGLE,3,0,1,1,0,Decentralized rural electrification in Kenya: Speeding up universal energy access,Decentralized rural electrification in Kenya: Speeding up universal energy access,"Moner-Girona, M.; Bódis, K.; Morrissey, J.; Kougias, I.; Hankins, M.; Huld, T.; Szabó, S.",Magda Moner‐Girona; Katalin Bódis; James H. Morrissey; Ioannis Kougias; Mark Hankins; Thomas Huld; S. Szabó,2019,2019,Energy for Sustainable Development,Energy Sustainable Development/Energy for sustainable development,,10.1016/j.esd.2019.07.009,1,1,1,GOOGLE,0,"✓ Title | ✓ Authors | ✓ Year | ◐ Venue | ○ ID

### Summary
This article was confirmed in the journal Energy for Sustainable Development with matching authors and year. The title ""Decentralized rural electrification in Kenya: Speeding up universal energy access"" was exactly matched, and all listed authors correspond to the same individuals.

### Details
A matching record was found with the exact title and year 2019. All authors from the citation were verified against the evidence, including full names and initials. The journal name was confirmed as Energy for Sustainable Development, with minor variations in capitalization and naming but clearly referring to the same journal. No identifier was present in the citation, but the DOI 10.1016/j.esd.2019.07.009 was found in the evidence, linking to the official publication.

- https://doi.org/10.1016/j.esd.2019.07.009",0.9,0.1
"Palit, D., & Chaurey, A. (2011). Off-grid rural electrification experiences from South Asia: Status and best practices. *Energy for Sustainable Development, 15*(3), 266-276.",Mini-grid electrification,deepseek_v4_pro_1600b_a49b,verified,"Palit, D., & Chaurey, A. (2011). Off-grid rural electrification experiences from South Asia: Status and best practices. *Energy for Sustainable Development*, 15(3), 266-276. https://doi.org/10.1016/j.esd.2011.07.004",MATCH,MATCH,MATCH,MATCH,ABSENT,Off-grid rural electrification experiences from South Asia: Status and best practices,Debajit Palit; Akanksha Chaurey,2011,Energy Sustainable Development/Energy for sustainable development,10.1016/j.esd.2011.07.004,https://doi.org/10.1016/j.esd.2011.07.004,GOOGLE,4,0,0,1,0,Off-grid rural electrification experiences from South Asia: Status and best practices,Off-grid rural electrification experiences from South Asia: Status and best practices,"Palit, D.; Chaurey, A.",Debajit Palit; Akanksha Chaurey,2011,2011,Energy for Sustainable Development,Energy Sustainable Development/Energy for sustainable development,,10.1016/j.esd.2011.07.004,1,1,1,GOOGLE,0,"✓ Title | ✓ Authors | ✓ Year | ✓ Venue | ○ ID

### Summary
This article was confirmed in the journal Energy for Sustainable Development with matching authors Debajit Palit and Akanksha Chaurey and the year 2011. The title and journal details matched exactly, verifying the reference.

### Details
A matching record was found with the exact title ""Off-grid rural electrification experiences from South Asia: Status and best practices."" The authors matched fully, with the citation listing initials and the evidence showing full names. The year 2011 matched exactly. The journal name matched despite minor capitalization differences. No identifier was provided in the citation, but the DOI 10.1016/j.esd.2011.07.004 was found in the evidence, confirming the source.

- https://doi.org/10.1016/j.esd.2011.07.004",1.0,0.0
"Knuckles, J. (2016). Business models for mini-grid electricity in base of the pyramid markets. *Energy for Sustainable Development, 31*, 67-82.",Mini-grid electrification,deepseek_v4_pro_1600b_a49b,verified,"Knuckles, J. (2016). Business models for mini-grid electricity in base of the pyramid markets. *Energy Sustainable Development/Energy for sustainable development*, 31, 67-82. https://doi.org/10.1016/j.esd.2015.12.002",MATCH,MATCH,MATCH,CONTAINS,ABSENT,Business models for mini-grid electricity in base of the pyramid markets,James Knuckles,2016,Energy Sustainable Development/Energy for sustainable development,10.1016/j.esd.2015.12.002,https://doi.org/10.1016/j.esd.2015.12.002,GOOGLE,3,0,1,1,0,Business models for mini-grid electricity in base of the pyramid markets,Business models for mini-grid electricity in base of the pyramid markets,"Knuckles, J.",James Knuckles,2016,2016,Energy for Sustainable Development,Energy Sustainable Development/Energy for sustainable development,,10.1016/j.esd.2015.12.002,1,1,1,GOOGLE,0,"✓ Title | ✓ Authors | ✓ Year | ◐ Venue | ○ ID

### Summary
This article was confirmed in the journal Energy for Sustainable Development with matching author James Knuckles and the year 2016. The title ""Business models for mini-grid electricity in base of the pyramid markets"" was exactly matched.

### Details
A matching record was found with the exact title and author, where the author's full name ""James Knuckles"" corresponds to the citation's ""J. Knuckles."" The year 2016 matched exactly. The journal name in the citation is contained within the evidence's journal name, showing a slight variation in wording but referring to the same journal. The article's volume 31 and page range 67-82 also matched. The DOI 10.1016/j.esd.2015.12.002 confirms the source.

- https://doi.org/10.1016/j.esd.2015.12.002",0.9,0.1
"Azimoh, C. L., Klintenberg, P., Wallin, F., Karlsson, B., & Mbohwa, C. (2016). Electricity for development: Mini-grid solution for rural electrification in South Africa. *Energy Conversion and Management, 110*, 268-277.",Mini-grid electrification,deepseek_v4_pro_1600b_a49b,verified,"Azimoh, C. L., Klintenberg, P., Wallin, F., Karlsson, B., & Mbohwa, C. (2015). Electricity for development: Mini-grid solution for rural electrification in South Africa. *Energy Conversion and Management*, 110, 268-277. https://doi.org/10.1016/j.enconman.2015.12.015",MATCH,MATCH,CONTAINS,MATCH,ABSENT,Electricity for development: Mini-grid solution for rural electrification in South Africa,Chukwuma Leonard Azimoh; Patrik Klintenberg; Fredrik Wallin; Björn Karlsson; Charles Mbohwa,2015,Energy Conversion and Management,10.1016/j.enconman.2015.12.015,https://doi.org/10.1016/j.enconman.2015.12.015,GOOGLE,3,0,1,1,0,Electricity for development: Mini-grid solution for rural electrification in South Africa.,Electricity for development: Mini-grid solution for rural electrification in South Africa,"Azimoh, C. L.; Klintenberg, P.; Wallin, F.; Karlsson, B.; Mbohwa, C.",Chukwuma Leonard Azimoh; Patrik Klintenberg; Fredrik Wallin; Björn Karlsson; Charles Mbohwa,2016,2015,Energy Conversion and Management,Energy Conversion and Management,,10.1016/j.enconman.2015.12.015,1,1,1,GOOGLE,0,"✓ Title | ✓ Authors | ◐ Year | ✓ Venue | ○ ID

### Summary
This article was confirmed in the journal Energy Conversion and Management with matching authors and title. The publication year differs slightly, with the citation listing 2016 and the evidence showing 2015, but this minor discrepancy does not affect the overall verification.

### Details
A matching record was found with the exact title ""Electricity for development: Mini-grid solution for rural electrification in South Africa"". All five authors correspond exactly, though the citation uses initials and the evidence provides full names. The journal name matches perfectly. The year in the evidence is 2015, which is one year earlier than the citation's 2016, a common minor variation in publication dates. The article details include volume 110 and pages 268-277. The DOI 10.1016/j.enconman.2015.12.015 confirms the source.

- https://doi.org/10.1016/j.enconman.2015.12.015",0.9,0.1
"Franz, M., Peterschmidt, N., Rohrer, M., & Kondev, B. (2014). Mini-grid policy toolkit: Policy and business frameworks for successful mini-grid roll-outs. *European Union Energy Initiative Partnership Dialogue Facility (EUEI PDF)*.",Mini-grid electrification,deepseek_v4_pro_1600b_a49b,verified,"Franz, M., Peterschmidt, N., Rohrer, M., & Kondev, B. (2014). *Mini-grid Policy Toolkit: Policy and Business Frameworks for Successful Mini-grid Roll-outs* (pp. 136). European Union Energy Initiative Partnership Dialogue Facility (EUEI PDF). https://www.ren21.net/Portals/0/documents/Resources/MGT/MinigridPolicyToolkit_Sep2014_EN.pdf",MATCH,MATCH,MATCH,MATCH,ABSENT,Mini-grid Policy Toolkit: Policy and Business Frameworks for Successful Mini-grid Roll-outs,Michael Franz; Nico Peterschmidt; Michael Rohrer; Bozhil Kondev,2014,European Union Energy Initiative Partnership Dialogue Facility (EUEI PDF),,https://www.ren21.net/Portals/0/documents/Resources/MGT/MinigridPolicyToolkit_Sep2014_EN.pdf,GOOGLE,4,0,0,1,0,Mini-grid policy toolkit: Policy and business frameworks for successful mini-grid roll-outs,Mini-grid Policy Toolkit: Policy and Business Frameworks for Successful Mini-grid Roll-outs,"Franz, M.; Peterschmidt, N.; Rohrer, M.; Kondev, B.",Michael Franz; Nico Peterschmidt; Michael Rohrer; Bozhil Kondev,2014,2014,European Union Energy Initiative Partnership Dialogue Facility (EUEI PDF),European Union Energy Initiative Partnership Dialogue Facility (EUEI PDF),,https://www.ren21.net/Portals/0/documents/Resources/MGT/MinigridPolicyToolkit_Sep2014_EN.pdf,1,1,1,GOOGLE,0,"✓ Title | ✓ Authors | ✓ Year | ✓ Venue | ○ ID

### Summary
This reference was confirmed as the Mini-grid Policy Toolkit published in 2014 by the European Union Energy Initiative Partnership Dialogue Facility (EUEI PDF). The authors Michael Franz, Nico Peterschmidt, Michael Rohrer, and Bozhil Kondev were all matched correctly, and the title and year also matched exactly.

### Details
A matching record was found with the exact title ""Mini-grid Policy Toolkit: Policy and Business Frameworks for Successful Mini-grid Roll-outs"" and the same four authors, confirming the citation details. The publication year 2014 and the publisher EUEI PDF matched perfectly. Although no DOI was available, the document is accessible online via the REN21 website at https://www.ren21.net/Portals/0/documents/Resources/MGT/MinigridPolicyToolkit_Sep2014_EN.pdf, which further supports the verification. The detailed content and authorship information from the source aligns fully with the citation provided.

- https://www.ren21.net/Portals/0/documents/Resources/MGT/MinigridPolicyToolkit_Sep2014_EN.pdf",1.0,0.0
"Alalwan, A. A., Dwivedi, Y. K., & Rana, N. P. (2017). Factors influencing adoption of mobile banking by Jordanian bank customers: Extending UTAUT2 with trust. *International Journal of Information Management*, 37(3), 99-110.",Mobile banking,deepseek_v4_pro_1600b_a49b,verified,"Alalwan, A. A., Dwivedi, Y. K., & Rana, N. P. (2017). Factors influencing adoption of mobile banking by Jordanian bank customers: Extending UTAUT2 with trust. *International Journal of Information Management*, 37(3), 99-110. https://doi.org/10.1016/j.ijinfomgt.2017.01.002",MATCH,MATCH,MATCH,MATCH,ABSENT,Factors influencing adoption of mobile banking by Jordanian bank customers: Extending UTAUT2 with trust,Ali Abdallah Alalwan; Yogesh K. Dwivedi; Nripendra P. Rana,2017,International Journal of Information Management,10.1016/j.ijinfomgt.2017.01.002,https://doi.org/10.1016/j.ijinfomgt.2017.01.002,GOOGLE,4,0,0,1,0,Factors influencing adoption of mobile banking by Jordanian bank customers: Extending UTAUT2 with trust,Factors influencing adoption of mobile banking by Jordanian bank customers: Extending UTAUT2 with trust,"Alalwan, A. A.; Dwivedi, Y. K.; Rana, N. P.",Ali Abdallah Alalwan; Yogesh K. Dwivedi; Nripendra P. Rana,2017,2017,International Journal of Information Management,International Journal of Information Management,,10.1016/j.ijinfomgt.2017.01.002,1,1,1,GOOGLE,0,"✓ Title | ✓ Authors | ✓ Year | ✓ Venue | ○ ID

### Summary
This article was confirmed in the International Journal of Information Management with matching authors Ali Abdallah Alalwan, Yogesh K. Dwivedi, and Nripendra P. Rana, and the publication year 2017. The title and journal details matched exactly.

### Details
A matching record was found with the exact title ""Factors influencing adoption of mobile banking by Jordanian bank customers: Extending UTAUT2 with trust."" The authors matched fully, including full names and initials. The year 2017 and the journal name also matched exactly. Although no identifier was provided in the citation, the article is associated with DOI 10.1016/j.ijinfomgt.2017.01.002, confirming the reference.

- https://doi.org/10.1016/j.ijinfomgt.2017.01.002",1.0,0.0
"Baptista, G., & Oliveira, T. (2015). Understanding mobile banking: The unified theory of acceptance and use of technology combined with cultural moderators. *Computers in Human Behavior*, 50, 418-430.",Mobile banking,deepseek_v4_pro_1600b_a49b,verified,"Baptista, G., & Oliveira, T. (2015). Understanding mobile banking: The unified theory of acceptance and use of technology combined with cultural moderators. *Computers in Human Behavior*, 50, 418-430. https://doi.org/10.1016/j.chb.2015.04.024",MATCH,MATCH,MATCH,MATCH,ABSENT,Understanding mobile banking: The unified theory of acceptance and use of technology combined with cultural moderators,Gonçalo Baptista; Tiago Oliveira,2015,Computers in Human Behavior,10.1016/j.chb.2015.04.024,https://doi.org/10.1016/j.chb.2015.04.024,GOOGLE,4,0,0,1,0,Understanding mobile banking: The unified theory of acceptance and use of technology combined with cultural moderators,Understanding mobile banking: The unified theory of acceptance and use of technology combined with cultural moderators,"Baptista, G.; Oliveira, T.",Gonçalo Baptista; Tiago Oliveira,2015,2015,Computers in Human Behavior,Computers in Human Behavior,,10.1016/j.chb.2015.04.024,1,1,1,GOOGLE,0,"✓ Title | ✓ Authors | ✓ Year | ✓ Venue | ○ ID

### Summary
This article was confirmed in the journal Computers in Human Behavior with matching authors Gonçalo Baptista and Tiago Oliveira, and the year 2015. The title was found to match exactly, confirming the reference's accuracy.

### Details
A matching record was found with the exact title ""Understanding mobile banking: The unified theory of acceptance and use of technology combined with cultural moderators."" The authors correspond exactly, with initials in the citation matching the full names in the evidence. The year 2015 and the journal Computers in Human Behavior also matched perfectly. Although no identifier was present in the citation, the DOI 10.1016/j.chb.2015.04.024 was found in the evidence, providing a reliable source link.

- https://doi.org/10.1016/j.chb.2015.04.024",1.0,0.0
"Gu, J. C., Lee, S. C., & Suh, Y. H. (2009). Determinants of behavioral intention to mobile banking. *Expert Systems with Applications*, 36(9), 11605-11616.",Mobile banking,deepseek_v4_pro_1600b_a49b,verified,"Gu, J.-C., Lee, S.-C., & Suh, Y.-H. (2009). Determinants of behavioral intention to mobile banking. *Expert Systems with Applications*, 36(9), 11605-11616. https://doi.org/10.1016/j.eswa.2009.03.024",MATCH,MATCH,MATCH,MATCH,ABSENT,Determinants of behavioral intention to mobile banking,Ja‐Chul Gu; Sang‐Chul Lee; Yung‐Ho Suh,2009,Expert Systems with Applications,10.1016/j.eswa.2009.03.024,https://doi.org/10.1016/j.eswa.2009.03.024,GOOGLE,4,0,0,1,0,Determinants of behavioral intention to mobile banking.,Determinants of behavioral intention to mobile banking,"Gu, J. C.; Lee, S. C.; Suh, Y. H.",Ja‐Chul Gu; Sang‐Chul Lee; Yung‐Ho Suh,2009,2009,Expert Systems with Applications,Expert Systems with Applications,,10.1016/j.eswa.2009.03.024,1,1,1,GOOGLE,0,"✓ Title | ✓ Authors | ✓ Year | ✓ Venue | ○ ID

### Summary
This article was confirmed in the journal Expert Systems with Applications with matching authors Ja-Chul Gu, Sang-Chul Lee, and Yung-Ho Suh, and the year 2009. The title ""Determinants of behavioral intention to mobile banking"" was exactly matched.

### Details
A matching record was found with the exact title and author names, although the citation used initials while the evidence showed full given names. The year 2009 and the journal name Expert Systems with Applications matched exactly. The article's DOI is 10.1016/j.eswa.2009.03.024, confirming the reference details.

- https://doi.org/10.1016/j.eswa.2009.03.024",1.0,0.0
"Hanafizadeh, P., Behboudi, M., Koshksaray, A. A., & Tabar, M. J. S. (2014). Mobile-banking adoption by Iranian bank clients. *Telematics and Informatics*, 31(1), 62-78.",Mobile banking,deepseek_v4_pro_1600b_a49b,verified-with-error,"Hanafizadeh, P., Behboudi, M., Koshksaray, A. A., & Tabar, M. J. S. (2012). Mobile-banking adoption by Iranian bank clients. *Telematics and Informatics*, 31(1), 62-78. https://doi.org/10.1016/j.tele.2012.11.001",MATCH,MATCH,CONTRADICTION,MATCH,ABSENT,Mobile-banking adoption by Iranian bank clients,Payam Hanafizadeh; Mehdi Behboudi; Amir Abedini Koshksaray; Marziyeh Jalilvand Shirkhani Tabar,2012,Telematics and Informatics,10.1016/j.tele.2012.11.001,https://doi.org/10.1016/j.tele.2012.11.001,GOOGLE,3,1,0,1,0,Mobile-banking adoption by Iranian bank clients.,Mobile-banking adoption by Iranian bank clients,"Hanafizadeh, P.; Behboudi, M.; Koshksaray, A. A.; Tabar, M. J. S.",Payam Hanafizadeh; Mehdi Behboudi; Amir Abedini Koshksaray; Marziyeh Jalilvand Shirkhani Tabar,2014,2012,Telematics and Informatics,Telematics and Informatics,,10.1016/j.tele.2012.11.001,0,0,1,GOOGLE,0,"✓ Title | ✓ Authors | ✗ Year | ✓ Venue | ○ ID

### Summary
This article was confirmed in the journal *Telematics and Informatics* with matching authors and title. However, there is a minor discrepancy in the publication year: the verified record shows the year as 2012, while the citation lists 2014.

### Details
A matching record was found with the exact title ""Mobile-banking adoption by Iranian bank clients"" and the same four authors: Payam Hanafizadeh, Mehdi Behboudi, Amir Abedini Koshksaray, and Marziyeh Jalilvand Shirkhani Tabar. The journal name, volume (31), issue (1), and page numbers (62-78) also matched exactly. The only difference was the publication year, which is 2012 in the verified source compared to 2014 in the citation. The verified record includes a DOI link: [https://doi.org/10.1016/j.tele.2012.11.001](https://doi.org/10.1016/j.tele.2012.11.001).

- https://doi.org/10.1016/j.tele.2012.11.001",0.6,0.4
"Kim, G., Shin, B., & Lee, H. G. (2009). Understanding dynamics between initial trust and usage intentions of mobile banking. *Information Systems Journal*, 19(3), 283-311.",Mobile banking,deepseek_v4_pro_1600b_a49b,verified,"Kim, G., Shin, B., & Lee, H. G. (2009). Understanding dynamics between initial trust and usage intentions of mobile banking. *Information Systems Journal*, *19*(3), 283-311. https://doi.org/10.1111/j.1365-2575.2007.00269.x",MATCH,MATCH,MATCH,MATCH,ABSENT,Understanding dynamics between initial trust and usage intentions of mobile banking,Gimun Kim; Bongsik Shin; Ho Geun Lee,2009,Information Systems Journal,10.1111/j.1365-2575.2007.00269.x,https://doi.org/10.1111/j.1365-2575.2007.00269.x,GOOGLE,4,0,0,1,0,Understanding dynamics between initial trust and usage intentions of mobile banking.,Understanding dynamics between initial trust and usage intentions of mobile banking,"Kim, G.; Shin, B.; Lee, H. G.",Gimun Kim; Bongsik Shin; Ho Geun Lee,2009,2009,Information Systems Journal,Information Systems Journal,,10.1111/j.1365-2575.2007.00269.x,1,1,1,GOOGLE,0,"✓ Title | ✓ Authors | ✓ Year | ✓ Venue | ○ ID

### Summary
This article was confirmed in the Information Systems Journal with matching authors and year. The title ""Understanding dynamics between initial trust and usage intentions of mobile banking"" was exactly matched, and the authors Gimun Kim, Bongsik Shin, and Ho Geun Lee correspond precisely to the citation.

### Details
A matching record was found in the Information Systems Journal for the year 2009. The title matched exactly, and the authors matched despite differences in name formatting (full names vs initials). The journal name, volume 19, issue 3, and page range 283-311 also matched perfectly. The DOI 10.1111/j.1365-2575.2007.00269.x confirms the identification.

- https://doi.org/10.1111/j.1365-2575.2007.00269.x",1.0,0.0
"Laukkanen, T. (2016). Consumer adoption versus rejection decisions in seemingly similar service innovations: The case of the Internet and mobile banking. *Journal of Business Research*, 69(7), 2432-2439.",Mobile banking,deepseek_v4_pro_1600b_a49b,verified,"Laukkanen, T. (2016). Consumer adoption versus rejection decisions in seemingly similar service innovations: The case of the Internet and mobile banking. *Journal of Business Research*, 69(7), 2432-2439. https://doi.org/10.1016/j.jbusres.2016.01.013",MATCH,MATCH,MATCH,MATCH,ABSENT,Consumer adoption versus rejection decisions in seemingly similar service innovations: The case of the Internet and mobile banking,Tommi Laukkanen,2016,Journal of Business Research,10.1016/j.jbusres.2016.01.013,https://doi.org/10.1016/j.jbusres.2016.01.013,GOOGLE,4,0,0,1,0,Consumer adoption versus rejection decisions in seemingly similar service innovations: The case of the Internet and mobile banking,Consumer adoption versus rejection decisions in seemingly similar service innovations: The case of the Internet and mobile banking,"Laukkanen, T.",Tommi Laukkanen,2016,2016,Journal of Business Research,Journal of Business Research,,10.1016/j.jbusres.2016.01.013,1,1,1,GOOGLE,0,"✓ Title | ✓ Authors | ✓ Year | ✓ Venue | ○ ID

### Summary
This article was confirmed in the Journal of Business Research with matching author Tommi Laukkanen and the year 2016. The title and journal details matched exactly, verifying the reference.

### Details
A matching record was found with the exact title ""Consumer adoption versus rejection decisions in seemingly similar service innovations: The case of the Internet and mobile banking."" The author Tommi Laukkanen corresponds to the cited ""Laukkanen, T."", and the publication year 2016 matched exactly. The journal name ""Journal of Business Research"" also matched perfectly. Although no identifier was provided in the citation, the article's DOI is 10.1016/j.jbusres.2016.01.013, confirming the source.

- https://doi.org/10.1016/j.jbusres.2016.01.013",1.0,0.0
"Luo, X., Li, H., Zhang, J., & Shim, J. P. (2010). Examining multi-dimensional trust and multi-faceted risk in initial acceptance of emerging technologies: An empirical study of mobile banking services. *Decision Support Systems*, 49(2), 222-234.",Mobile banking,deepseek_v4_pro_1600b_a49b,verified,"Luo, X., Li, H., Zhang, J., & Shim, J. P. (2010). Examining multi-dimensional trust and multi-faceted risk in initial acceptance of emerging technologies: An empirical study of mobile banking services. *Decision Support Systems*, 49(2), 222-234. https://doi.org/10.1016/j.dss.2010.02.008",MATCH,MATCH,MATCH,MATCH,ABSENT,Examining multi-dimensional trust and multi-faceted risk in initial acceptance of emerging technologies: An empirical study of mobile banking services,Xin Luo; Han Li; Jie Zhang; J. P. Shim,2010,Decision Support Systems,10.1016/j.dss.2010.02.008,https://doi.org/10.1016/j.dss.2010.02.008,GOOGLE,4,0,0,1,0,Examining multi-dimensional trust and multi-faceted risk in initial acceptance of emerging technologies: An empirical study of mobile banking services,Examining multi-dimensional trust and multi-faceted risk in initial acceptance of emerging technologies: An empirical study of mobile banking services,"Luo, X.; Li, H.; Zhang, J.; Shim, J. P.",Xin Luo; Han Li; Jie Zhang; J. P. Shim,2010,2010,Decision Support Systems,Decision Support Systems,,10.1016/j.dss.2010.02.008,1,1,1,GOOGLE,0,"✓ Title | ✓ Authors | ✓ Year | ✓ Venue | ○ ID

### Summary
This article was confirmed in the journal Decision Support Systems with matching authors Xin Luo, Han Li, Jie Zhang, and J. P. Shim, published in 2010. The title and publication details correspond exactly to the original reference.

### Details
A matching record was found with the exact title ""Examining multi-dimensional trust and multi-faceted risk in initial acceptance of emerging technologies: An empirical study of mobile banking services."" All four authors matched one-to-one, and the year 2010 matched exactly. The article was published in Decision Support Systems, volume 49, issue 2, pages 222-234. The DOI 10.1016/j.dss.2010.02.008 confirms the source.

- https://doi.org/10.1016/j.dss.2010.02.008",1.0,0.0
"Oliveira, T., Faria, M., Thomas, M. A., & Popovič, A. (2014). Extending the understanding of mobile banking adoption: When UTAUT meets TTF and ITM. *International Journal of Information Management*, 34(5), 689-703.",Mobile banking,deepseek_v4_pro_1600b_a49b,verified,"Oliveira, T., Faria, M., Thomas, M. A., & Popovič, A. (2014). Extending the understanding of mobile banking adoption: When UTAUT meets TTF and ITM. *International Journal of Information Management*, 34(5), 689-703. https://doi.org/10.1016/j.ijinfomgt.2014.06.004",MATCH,MATCH,MATCH,MATCH,ABSENT,Extending the understanding of mobile banking adoption: When UTAUT meets TTF and ITM,Tiago Oliveira; Miguel Faria; Manoj A. Thomas; Aleš Popovič,2014,International Journal of Information Management,10.1016/j.ijinfomgt.2014.06.004,https://doi.org/10.1016/j.ijinfomgt.2014.06.004,GOOGLE,4,0,0,1,0,Extending the understanding of mobile banking adoption: When UTAUT meets TTF and ITM,Extending the understanding of mobile banking adoption: When UTAUT meets TTF and ITM,"Oliveira, T.; Faria, M.; Thomas, M. A.; Popovič, A.",Tiago Oliveira; Miguel Faria; Manoj A. Thomas; Aleš Popovič,2014,2014,International Journal of Information Management,International Journal of Information Management,,10.1016/j.ijinfomgt.2014.06.004,1,1,1,GOOGLE,0,"✓ Title | ✓ Authors | ✓ Year | ✓ Venue | ○ ID

### Summary
This article was confirmed in the International Journal of Information Management with matching authors and year. The title, authors, year, and journal all matched exactly, confirming the reference's accuracy.

### Details
A matching record was found with the exact title ""Extending the understanding of mobile banking adoption: When UTAUT meets TTF and ITM."" The authors Tiago Oliveira, Miguel Faria, Manoj A. Thomas, and Aleš Popovič were identified, matching the citation despite differences in name abbreviation. The year 2014 and the journal International Journal of Information Management matched exactly. The article's DOI is 10.1016/j.ijinfomgt.2014.06.004.

- https://doi.org/10.1016/j.ijinfomgt.2014.06.004",1.0,0.0
"Shaikh, A. A., & Karjaluoto, H. (2015). Mobile banking adoption: A literature review. *Telematics and Informatics*, 32(1), 129-142.",Mobile banking,deepseek_v4_pro_1600b_a49b,verified,"Shaikh, A. A., & Karjaluoto, H. (2014). Mobile banking adoption: A literature review. *Telematics and Informatics*, 32(1), 129-142. https://doi.org/10.1016/j.tele.2014.05.003",MATCH,MATCH,CONTAINS,MATCH,ABSENT,Mobile banking adoption: A literature review,Aijaz A. Shaikh; Heikki Karjaluoto,2014,Telematics and Informatics,10.1016/j.tele.2014.05.003,https://doi.org/10.1016/j.tele.2014.05.003,GOOGLE,3,0,1,1,0,Mobile banking adoption: A literature review,Mobile banking adoption: A literature review,"Shaikh, A. A.; Karjaluoto, H.",Aijaz A. Shaikh; Heikki Karjaluoto,2015,2014,Telematics and Informatics,Telematics and Informatics,,10.1016/j.tele.2014.05.003,1,1,1,GOOGLE,0,"✓ Title | ✓ Authors | ◐ Year | ✓ Venue | ○ ID

### Summary
This article was confirmed in the journal Telematics and Informatics with matching authors Aijaz A. Shaikh and Heikki Karjaluoto and a closely matching year. The title ""Mobile banking adoption: A literature review"" was exactly matched.

### Details
A matching record was found with the exact title ""Mobile banking adoption: A literature review"" and the same two authors, confirming the citation's author list despite the use of initials versus full names. The journal name matched exactly as Telematics and Informatics. The year in the evidence was 2014, which is within one year of the cited 2015, indicating a minor discrepancy but overall strong match. No identifier was present in the citation, but the evidence includes a DOI: 10.1016/j.tele.2014.05.003.

- https://doi.org/10.1016/j.tele.2014.05.003",0.9,0.1
"Zhou, T. (2012). Understanding users’ initial trust in mobile banking: An elaboration likelihood perspective. *Computers in Human Behavior*, 28(4), 1518-1525.",Mobile banking,deepseek_v4_pro_1600b_a49b,verified,"Zhou, T. (2012). Understanding users’ initial trust in mobile banking: An elaboration likelihood perspective. *Computers in Human Behavior*, 28(4), 1518-1525. https://doi.org/10.1016/j.chb.2012.03.021",MATCH,MATCH,MATCH,MATCH,ABSENT,Understanding users’ initial trust in mobile banking: An elaboration likelihood perspective,Tao Zhou,2012,Computers in Human Behavior,10.1016/j.chb.2012.03.021,https://doi.org/10.1016/j.chb.2012.03.021,GOOGLE,4,0,0,1,0,Understanding users’ initial trust in mobile banking: An elaboration likelihood perspective,Understanding users’ initial trust in mobile banking: An elaboration likelihood perspective,"Zhou, T.",Tao Zhou,2012,2012,Computers in Human Behavior,Computers in Human Behavior,,10.1016/j.chb.2012.03.021,1,1,1,GOOGLE,0,"✓ Title | ✓ Authors | ✓ Year | ✓ Venue | ○ ID

### Summary
This article was confirmed in the journal Computers in Human Behavior with matching author Tao Zhou and the year 2012. The title ""Understanding users’ initial trust in mobile banking: An elaboration likelihood perspective"" was exactly matched.

### Details
A matching record was found with the exact title and year 2012. The author listed as Zhou, T. corresponds to Tao Zhou, confirming the author match. The journal Computers in Human Behavior also matched exactly. Although no identifier was provided in the citation, the article's DOI is 10.1016/j.chb.2012.03.021, which links to the full record.

- https://doi.org/10.1016/j.chb.2012.03.021",1.0,0.0
"Almond, G. A., & Verba, S. (1963). *The civic culture: Political attitudes and democracy in five nations*. Princeton University Press.",Political Science,deepseek_v4_pro_1600b_a49b,verified,"Almond, G. A., & Verba, S. (2015). *The civic culture: political attitudes and democracy in five nations*. Princeton University Press. https://play.google.com/store/books/details?id=YwXWCgAAQBAJ&source=gbs_api",MATCH,MATCH,UNCONFIRMED,MATCH,ABSENT,The Civic Culture: Political Attitudes and Democracy in Five Nations,Gabriel Abraham Almond; Sidney Verba,2015,Princeton University Press,,https://play.google.com/store/books/details?id=YwXWCgAAQBAJ&source=gbs_api,GOOGLE,3,0,0,1,1,The civic culture: Political attitudes and democracy in five nations,The Civic Culture: Political Attitudes and Democracy in Five Nations,"Almond, G. A.; Verba, S.",Gabriel Abraham Almond; Sidney Verba,1963,2015,Princeton University Press,Princeton University Press,,https://play.google.com/store/books/details?id=YwXWCgAAQBAJ&source=gbs_api,0,0,1,GOOGLE,0,"✓ Title | ✓ Authors | ? Year | ✓ Venue | ○ ID

### Summary
This book was confirmed with the title ""The Civic Culture: Political Attitudes and Democracy in Five Nations"" and authors Gabriel Abraham Almond and Sidney Verba. The publisher Princeton University Press was also confirmed, but the publication year differs, with the found edition published in 2015 instead of the cited 1963.

### Details
A matching record was found for the book with the exact title and authors, confirming the core details. The publisher, Princeton University Press, also matched exactly. However, the publication year in the found record is 2015, which is 52 years later than the cited year 1963. This suggests the found book may be a later edition or reprint of the original 1963 publication. No unique identifier was available to confirm the exact edition cited.

- [Google Books record](https://play.google.com/store/books/details?id=YwXWCgAAQBAJ&source=gbs_api)",0.8,0.2
"Bates, R. H. (1981). *Markets and states in tropical Africa: The political basis of agricultural policies*. University of California Press.",Political Science,deepseek_v4_pro_1600b_a49b,verified,"Bates, R. H. (1981). *Markets and states in tropical Africa: The political basis of agricultural policies*. Univ of California Press. ISBN 0520042530. http://books.google.com/books?id=lV6xo-i_k2wC&dq=Markets+and+states+in+tropical+Africa+Bates+1981+University+of+California+Press",MATCH,MATCH,MATCH,MATCH,ABSENT,Markets and States in Tropical Africa: The Political Basis of Agricultural Policies,Robert H. Bates,1981,Univ of California Press,,http://books.google.com/books?id=lV6xo-i_k2wC&dq=Markets+and+states+in+tropical+Africa+Bates+1981+University+of+California+Press,GOOGLE,4,0,0,1,0,Markets and states in tropical Africa: The political basis of agricultural policies,Markets and States in Tropical Africa: The Political Basis of Agricultural Policies,"Bates, R. H.",Robert H. Bates,1981,1981,University of California Press,Univ of California Press,,http://books.google.com/books?id=lV6xo-i_k2wC&dq=Markets+and+states+in+tropical+Africa+Bates+1981+University+of+California+Press,1,1,1,GOOGLE,0,"✓ Title | ✓ Authors | ✓ Year | ✓ Venue | ○ ID

### Summary
This book was confirmed as ""Markets and States in Tropical Africa: The Political Basis of Agricultural Policies"" by Robert H. Bates, published in 1981 by the University of California Press. The title, author, year, and publisher all match exactly, confirming the reference.

### Details
A matching record was found on Google Books showing the exact title and author name ""Robert H. Bates,"" corresponding to the citation's ""Bates, R. H."" The publication year 1981 matched exactly, and the publisher is listed as University of California Press, consistent with the citation. Although no DOI was present, the ISBN and a direct URL to the book's Google Books page were available, supporting the verification.

- [Google Books link](http://books.google.com/books?id=lV6xo-i_k2wC&dq=Markets+and+states+in+tropical+Africa+Bates+1981+University+of+California+Press)",1.0,0.0
"Downs, A. (1957). An economic theory of political action in a democracy. *Journal of Political Economy*, 65(2), 135–150.",Political Science,deepseek_v4_pro_1600b_a49b,verified,"Downs, A. J. (1957). An economic theory of political action in a democracy. *Journal of Political Economy*, 65(2), 135-150. https://doi.org/10.1086/257897",MATCH,MATCH,MATCH,MATCH,ABSENT,An Economic Theory of Political Action in a Democracy,Anthony J. Downs,1957,Journal of Political Economy,10.1086/257897,https://doi.org/10.1086/257897,GOOGLE,4,0,0,1,0,An economic theory of political action in a democracy,An Economic Theory of Political Action in a Democracy,"Downs, A.",Anthony J. Downs,1957,1957,Journal of Political Economy,Journal of Political Economy,,10.1086/257897,1,1,1,GOOGLE,0,"✓ Title | ✓ Authors | ✓ Year | ✓ Venue | ○ ID

### Summary
This article was confirmed in the Journal of Political Economy with matching authors and year. The title ""An Economic Theory of Political Action in a Democracy"" was exactly matched, and the author Anthony J. Downs corresponds to the cited Downs, A.

### Details
A matching record was found with the exact title and year 1957. The author name matched as a full name variant, confirming Anthony J. Downs as the author. The journal name also matched exactly. The article is identified with DOI 10.1086/257897, published in volume 65, issue 2, pages 135-150 by the University of Chicago Press.

- https://doi.org/10.1086/257897",1.0,0.0
"Fearon, J. D. (1995). Rationalist explanations for war. *International Organization*, 49(3), 379–414.",Political Science,deepseek_v4_pro_1600b_a49b,verified,"Fearon, J. D. (1995). Rationalist explanations for war. *International Organization*, *49*(3), 379-414. https://doi.org/10.1017/s0020818300033324",MATCH,MATCH,MATCH,MATCH,ABSENT,Rationalist explanations for war,James D. Fearon,1995,International Organization,10.1017/s0020818300033324,https://doi.org/10.1017/s0020818300033324,GOOGLE,4,0,0,1,0,Rationalist explanations for war.,Rationalist explanations for war,"Fearon, J. D.",James D. Fearon,1995,1995,International Organization,International Organization,,10.1017/s0020818300033324,1,1,1,GOOGLE,0,"✓ Title | ✓ Authors | ✓ Year | ✓ Venue | ○ ID

### Summary
This article was confirmed in the journal International Organization with matching authors and year. The title ""Rationalist explanations for war"" and the author James D. Fearon were exactly matched, along with the publication year 1995 and the journal name.

### Details
A matching record was found with the exact title ""Rationalist explanations for war"" and author James D. Fearon, which corresponds to the citation author initials J. D. Fearon. The year 1995 matched exactly, and the journal International Organization was confirmed. Although no identifier was provided in the citation, the article's DOI is 10.1017/s0020818300033324, linking to the official source.

- https://doi.org/10.1017/s0020818300033324",1.0,0.0
"Hall, P. A., & Taylor, R. C. R. (1996). Political science and the three new institutionalisms. *Political Studies*, 44(5), 936–957.",Political Science,deepseek_v4_pro_1600b_a49b,verified,"Hall, P. A., & Taylor, R. C. R. (1996). Political science and the three new institutionalisms. *Political Studies*, 44(5), 936–957. https://doi.org/10.1111/j.1467-9248.1996.tb00343.x",MATCH,MATCH,MATCH,MATCH,ABSENT,Political Science and the Three New Institutionalisms,Peter A. Hall; Rosemary C. R. Taylor,1996,Political Studies,10.1111/j.1467-9248.1996.tb00343.x,https://doi.org/10.1111/j.1467-9248.1996.tb00343.x,GOOGLE,4,0,0,1,0,Political science and the three new institutionalisms.,Political Science and the Three New Institutionalisms,"Hall, P. A.; Taylor, R. C. R.",Peter A. Hall; Rosemary C. R. Taylor,1996,1996,Political Studies,Political Studies,,10.1111/j.1467-9248.1996.tb00343.x,1,1,1,GOOGLE,0,"✓ Title | ✓ Authors | ✓ Year | ✓ Venue | ○ ID

### Summary
This article was confirmed in the journal Political Studies with matching authors Peter A. Hall and Rosemary C. R. Taylor, and the year 1996. The title and journal details matched exactly.

### Details
A matching record was found with the exact title ""Political Science and the Three New Institutionalisms."" The authors matched, with the citation listing initials and the evidence showing full names. The year 1996 and the journal Political Studies matched exactly. The article's DOI is 10.1111/j.1467-9248.1996.tb00343.x, and it appears in volume 44, issue 5, pages 936-957.

- https://doi.org/10.1111/j.1467-9248.1996.tb00343.x",1.0,0.0
"Inglehart, R. (1977). *The silent revolution: Changing values and political styles among Western publics*. Princeton University Press.",Political Science,deepseek_v4_pro_1600b_a49b,verified,"Inglehart, R. (2015). *The Silent Revolution: Changing Values and Political Styles Among Western Publics* (496 pages). Princeton University Press. https://play.google.com/store/books/details?id=wX59BgAAQBAJ&source=gbs_api",MATCH,MATCH,UNCONFIRMED,MATCH,ABSENT,The Silent Revolution: Changing Values and Political Styles Among Western Publics,Ronald Inglehart,2015,Princeton University Press,,https://play.google.com/store/books/details?id=wX59BgAAQBAJ&source=gbs_api,GOOGLE,3,0,0,1,1,The silent revolution: Changing values and political styles among Western publics,The Silent Revolution: Changing Values and Political Styles Among Western Publics,"Inglehart, R.",Ronald Inglehart,1977,2015,Princeton University Press,Princeton University Press,,https://play.google.com/store/books/details?id=wX59BgAAQBAJ&source=gbs_api,0,0,1,GOOGLE,0,"✓ Title | ✓ Authors | ? Year | ✓ Venue | ○ ID

### Summary
This book was confirmed to exist with the title ""The Silent Revolution: Changing Values and Political Styles Among Western Publics"" and author Ronald Inglehart. It is published by Princeton University Press, matching the citation, but the edition found is from 2015 rather than the cited 1977, suggesting the cited edition may be a different or earlier version.

### Details
A matching record was found with the exact title and author, confirming the core details of the reference. The publisher, Princeton University Press, also matched exactly. However, the publication year differed significantly: the citation lists 1977, while the found edition is from 2015. This likely indicates a later edition or reprint rather than the original cited edition. No digital object identifier (DOI) was available for further confirmation.

- https://play.google.com/store/books/details?id=wX59BgAAQBAJ&source=gbs_api",0.8,0.2
"King, G., Keohane, R. O., & Verba, S. (1994). *Designing social inquiry: Scientific inference in qualitative research*. Princeton University Press.",Political Science,deepseek_v4_pro_1600b_a49b,needs-human,"Gary King, Robert O. Keohane, Sidney Verba (2021). *Designing Social Inquiry: Scientific Inference in Qualitative Research, New Edition*. *Princeton University Press*, 272. (New Edition). ISBN: 9780691224640",CONTAINS,MATCH,CONTRADICTION,MATCH,ABSENT,"Designing Social Inquiry: Scientific Inference in Qualitative Research, New Edition",Gary King; Robert O. Keohane; Sidney Verba,2021,Princeton University Press,,https://play.google.com/store/books/details?id=RFMgEAAAQBAJ&source=gbs_api,GOOGLE,2,1,1,1,0,Designing social inquiry: Scientific inference in qualitative research,"Designing Social Inquiry: Scientific Inference in Qualitative Research, New Edition","King, G.; Keohane, R. O.; Verba, S.",Gary King; Robert O. Keohane; Sidney Verba,1994,2021,Princeton University Press,Princeton University Press,,https://play.google.com/store/books/details?id=RFMgEAAAQBAJ&source=gbs_api,0,0,1,GOOGLE,0,"◐ Title | ✓ Authors | ✗ Year | ✓ Venue | ○ ID

### Summary
The reference matches the book ""Designing Social Inquiry: Scientific Inference in Qualitative Research"" by Gary King, Robert O. Keohane, and Sidney Verba, published by Princeton University Press. However, there is a discrepancy in the publication year: the original citation lists 1994, while the found edition is from 2021, noted as a ""New Edition."" This difference suggests the need for human review to confirm which edition is intended.

### Details
A matching record was found for the title and authors, confirming the core work and the publisher as Princeton University Press. The title includes the phrase ""New Edition,"" indicating it is an updated version of the original 1994 publication. The authors match exactly, with full names corresponding to the initials in the citation. The year differs significantly, with the original citing 1994 and the found edition published in 2021. No DOI was found for either version. The source URL for the 2021 edition is [Google Books](https://play.google.com/store/books/details?id=RFMgEAAAQBAJ&source=gbs_api).",0.433,0.567
"Lipset, S. M. (1959). Some social requisites of democracy: Economic development and political legitimacy. *American Political Science Review*, 53(1), 69–105.",Political Science,deepseek_v4_pro_1600b_a49b,verified,"Lipset, S. M. (1959). Some social requisites of democracy: Economic development and political legitimacy. *American Political Science Review*, 53(1), 69-105. https://doi.org/10.2307/1951731",MATCH,MATCH,MATCH,MATCH,ABSENT,Some Social Requisites of Democracy: Economic Development and Political Legitimacy,Seymour Martin Lipset,1959,American Political Science Review,10.2307/1951731,https://doi.org/10.2307/1951731,GOOGLE,4,0,0,1,0,Some social requisites of democracy: Economic development and political legitimacy,Some Social Requisites of Democracy: Economic Development and Political Legitimacy,"Lipset, S. M.",Seymour Martin Lipset,1959,1959,American Political Science Review,American Political Science Review,,10.2307/1951731,1,1,1,GOOGLE,0,"✓ Title | ✓ Authors | ✓ Year | ✓ Venue | ○ ID

### Summary
This article was confirmed in the American Political Science Review with matching authors and year. The title ""Some Social Requisites of Democracy: Economic Development and Political Legitimacy"" was exactly matched, and the author Seymour Martin Lipset corresponds to the citation's S. M. Lipset.

### Details
A matching record was found with the exact title and year 1959. The author name matched as Seymour Martin Lipset, which corresponds to the citation's initials S. M. Lipset. The journal name American Political Science Review also matched exactly. The article's DOI is 10.2307/1951731, and it is published by Cambridge University Press.

- https://doi.org/10.2307/1951731",1.0,0.0
"Ostrom, E. (1990). *Governing the commons: The evolution of institutions for collective action*. Cambridge University Press.",Political Science,deepseek_v4_pro_1600b_a49b,verified,"Ostrom, E. (2015). *Governing the commons: The evolution of institutions for collective action*. Cambridge University Press. https://play.google.com/store/books/details?id=hHGgCgAAQBAJ&source=gbs_api",MATCH,MATCH,UNCONFIRMED,MATCH,ABSENT,Governing the Commons: The Evolution of Institutions for Collective Action,Elinor Ostrom,2015,Cambridge University Press,,https://play.google.com/store/books/details?id=hHGgCgAAQBAJ&source=gbs_api,GOOGLE,3,0,0,1,1,Governing the commons: The evolution of institutions for collective action,Governing the Commons: The Evolution of Institutions for Collective Action,"Ostrom, E.",Elinor Ostrom,1990,2015,Cambridge University Press,Cambridge University Press,,https://play.google.com/store/books/details?id=hHGgCgAAQBAJ&source=gbs_api,0,0,1,GOOGLE,0,"✓ Title | ✓ Authors | ? Year | ✓ Venue | ○ ID

### Summary
This book was confirmed with the title ""Governing the Commons: The Evolution of Institutions for Collective Action"" and author Elinor Ostrom. It appears to be published by Cambridge University Press, matching the citation's publisher. However, the year of publication found (2015) differs from the cited year (1990), suggesting this may be a different edition.

### Details
A matching record was found with the exact title and author Elinor Ostrom, confirming the core details of the book. The publisher Cambridge University Press also matched exactly. The year 1990 cited was unconfirmed because the available record shows a 2015 publication date, indicating a possible re-edition rather than the original 1990 edition. No unique identifier was present in the citation to further confirm the edition.

- [Google Books: Governing the Commons (2015)](https://play.google.com/store/books/details?id=hHGgCgAAQBAJ&source=gbs_api)",0.8,0.2
"Putnam, R. D. (1993). *Making democracy work: Civic traditions in modern Italy*. Princeton University Press.",Political Science,deepseek_v4_pro_1600b_a49b,verified,"Putnam, R. D., Leonardi, R., & Nanetti, R. Y. (1994). *Making democracy work: Civic traditions in modern Italy*. Princeton University Press. https://play.google.com/store/books/details?id=gKZP8_Tp27UC&source=gbs_api",MATCH,CONTAINS,CONTAINS,MATCH,ABSENT,Making Democracy Work: Civic Traditions in Modern Italy,Robert D. Putnam; Robert Leonardi; Raffaella Y. Nanetti,1994,Princeton University Press,,https://play.google.com/store/books/details?id=gKZP8_Tp27UC&source=gbs_api,GOOGLE,2,0,2,1,0,Making democracy work: Civic traditions in modern Italy,Making Democracy Work: Civic Traditions in Modern Italy,"Putnam, R. D.",Robert D. Putnam; Robert Leonardi; Raffaella Y. Nanetti,1993,1994,Princeton University Press,Princeton University Press,,https://play.google.com/store/books/details?id=gKZP8_Tp27UC&source=gbs_api,1,1,1,GOOGLE,0,"✓ Title | ◐ Authors | ◐ Year | ✓ Venue | ○ ID

### Summary
This book was confirmed as ""Making Democracy Work: Civic Traditions in Modern Italy"" published by Princeton University Press. The author Robert D. Putnam was found among the listed authors, and the publication year closely matches 1993 with the evidence showing 1994.

### Details
A matching record was found with the exact title ""Making Democracy Work: Civic Traditions in Modern Italy"" and the publisher Princeton University Press. The author list in the evidence includes Robert D. Putnam along with two additional authors, which contains the cited author. The publication year in the evidence is 1994, which is within one year of the cited 1993. No DOI was available for this record.

- [Google Books link](https://play.google.com/store/books/details?id=gKZP8_Tp27UC&source=gbs_api)",0.767,0.233
"Jacobson, M. Z., & Delucchi, M. A. (2011). Providing all global energy with wind, water, and solar power, Part I: Technologies, energy resources, quantities and areas of infrastructure, and materials. *Energy Policy*, 39(3), 1154–1169.",Renewable energy,deepseek_v4_pro_1600b_a49b,verified,"Jacobson, M. Z., & Delucchi, M. A. (2010). Providing all global energy with wind, water, and solar power, Part I: Technologies, energy resources, quantities and areas of infrastructure, and materials. *Energy Policy*, 39(3), 1154–1169. https://doi.org/10.1016/j.enpol.2010.11.040",MATCH,MATCH,CONTAINS,MATCH,ABSENT,"Providing all global energy with wind, water, and solar power, Part I: Technologies, energy resources, quantities and areas of infrastructure, and materials",Mark Z. Jacobson; Mark A. Delucchi,2010,Energy Policy,10.1016/j.enpol.2010.11.040,https://doi.org/10.1016/j.enpol.2010.11.040,GOOGLE,3,0,1,1,0,"Providing all global energy with wind, water, and solar power, Part I: Technologies, energy resources, quantities and areas of infrastructure, and materials.","Providing all global energy with wind, water, and solar power, Part I: Technologies, energy resources, quantities and areas of infrastructure, and materials","Jacobson, M. Z.; Delucchi, M. A.",Mark Z. Jacobson; Mark A. Delucchi,2011,2010,Energy Policy,Energy Policy,,10.1016/j.enpol.2010.11.040,1,1,1,GOOGLE,0,"✓ Title | ✓ Authors | ◐ Year | ✓ Venue | ○ ID

### Summary
This article was confirmed in the journal Energy Policy with matching authors Mark Z. Jacobson and Mark A. Delucchi and a closely matching year. The title was found to match exactly, confirming the reference's accuracy.

### Details
A matching record was found with the exact title ""Providing all global energy with wind, water, and solar power, Part I: Technologies, energy resources, quantities and areas of infrastructure, and materials."" The authors matched exactly, with the citation listing initials and the evidence listing full names but representing the same individuals. The year in the citation is 2011, while the evidence shows 2010, which is within an acceptable range. The journal name Energy Policy matched exactly. No identifier was present in the citation. The source URL is https://doi.org/10.1016/j.enpol.2010.11.040.

- [DOI link](https://doi.org/10.1016/j.enpol.2010.11.040)",0.9,0.1
"Lund, H. (2007). Renewable energy strategies for sustainable development. *Energy*, 32(6), 912–919.",Renewable energy,deepseek_v4_pro_1600b_a49b,verified,"Lund, H. (2006). Renewable energy strategies for sustainable development. *Energy*, 32(6), 912-919. https://doi.org/10.1016/j.energy.2006.10.017",MATCH,MATCH,CONTAINS,MATCH,ABSENT,Renewable energy strategies for sustainable development,Henrik Lund,2006,Energy,10.1016/j.energy.2006.10.017,https://doi.org/10.1016/j.energy.2006.10.017,GOOGLE,3,0,1,1,0,Renewable energy strategies for sustainable development,Renewable energy strategies for sustainable development,"Lund, H.",Henrik Lund,2007,2006,Energy,Energy,,10.1016/j.energy.2006.10.017,1,1,1,GOOGLE,0,"✓ Title | ✓ Authors | ◐ Year | ✓ Venue | ○ ID

### Summary
This article was confirmed in the journal Energy with matching title and author. The publication year differs slightly by one year, but the core details align well.

### Details
A matching record was found with the exact title ""Renewable energy strategies for sustainable development"" and author Henrik Lund, corresponding to the citation author ""Lund, H."". The journal name Energy matched exactly. The year in the citation is 2007, while the evidence shows 2006, which is within an acceptable range of one year difference. No identifier was provided in the citation. The article details including volume 32, issue 6, and pages 912-919 were consistent with the evidence.

- https://doi.org/10.1016/j.energy.2006.10.017",0.9,0.1
"Panwar, N. L., Kaushik, S. C., & Kothari, S. (2011). Role of renewable energy sources in environmental protection: A review. *Renewable and Sustainable Energy Reviews*, 15(3), 1513–1524.",Renewable energy,deepseek_v4_pro_1600b_a49b,verified,"Panwar, N. L., Kaushik, S. C., & Kothari, S. (2011). Role of renewable energy sources in environmental protection: A review. *Renewable and Sustainable Energy Reviews*, 15(3), 1513-1524. https://doi.org/10.1016/j.rser.2010.11.037",MATCH,MATCH,MATCH,MATCH,ABSENT,Role of renewable energy sources in environmental protection: A review,N. L. Panwar; S.C. Kaushik; Surendra Kothari,2011,Renewable and Sustainable Energy Reviews,10.1016/j.rser.2010.11.037,https://doi.org/10.1016/j.rser.2010.11.037,GOOGLE,4,0,0,1,0,Role of renewable energy sources in environmental protection: A review,Role of renewable energy sources in environmental protection: A review,"Panwar, N. L.; Kaushik, S. C.; Kothari, S.",N. L. Panwar; S.C. Kaushik; Surendra Kothari,2011,2011,Renewable and Sustainable Energy Reviews,Renewable and Sustainable Energy Reviews,,10.1016/j.rser.2010.11.037,1,1,1,GOOGLE,0,"✓ Title | ✓ Authors | ✓ Year | ✓ Venue | ○ ID

### Summary
This article was confirmed in Renewable and Sustainable Energy Reviews with matching authors Panwar, Kaushik, and Kothari, and the year 2011. The title and journal details matched exactly, verifying the reference.

### Details
A matching record was found with the exact title ""Role of renewable energy sources in environmental protection: A review."" The authors matched exactly despite minor formatting differences, including N. L. Panwar, S.C. Kaushik, and Surendra Kothari. The year 2011 and the journal Renewable and Sustainable Energy Reviews also matched perfectly. No identifier was provided in the citation, but the DOI 10.1016/j.rser.2010.11.037 was found in the evidence.

- https://doi.org/10.1016/j.rser.2010.11.037",1.0,0.0
"Boyle, G. (Ed.). (2012). *Renewable energy: Power for a sustainable future* (3rd ed.). Oxford University Press.",Renewable energy,deepseek_v4_pro_1600b_a49b,verified-with-error,"Boyle, G. (1996). *Renewable energy: Power for a sustainable future*. Oxford University Press, USA. http://books.google.com/books?id=s9IeAQAAIAAJ&dq=Renewable+energy%3A+Power+for+a+sustainable+future+Boyle+2012+Oxford+University+Press+3rd+ed.",MATCH,MATCH,UNCONFIRMED,CONTAINS,ABSENT,Renewable Energy: Power for a Sustainable Future,Godfrey Boyle,1996,"Oxford University Press, USA",,http://books.google.com/books?id=s9IeAQAAIAAJ&dq=Renewable+energy%3A+Power+for+a+sustainable+future+Boyle+2012+Oxford+University+Press+3rd+ed.,GOOGLE,2,0,1,1,1,Renewable energy: Power for a sustainable future,Renewable Energy: Power for a Sustainable Future,"Boyle, G.",Godfrey Boyle,2012,1996,Oxford University Press,"Oxford University Press, USA",,http://books.google.com/books?id=s9IeAQAAIAAJ&dq=Renewable+energy%3A+Power+for+a+sustainable+future+Boyle+2012+Oxford+University+Press+3rd+ed.,0,0,1,GOOGLE,0,"✓ Title | ✓ Authors | ? Year | ◐ Venue | ○ ID

### Summary
This book titled ""Renewable Energy: Power for a Sustainable Future"" by Godfrey Boyle was confirmed with matching title and author. However, the year of publication is unconfirmed because the edition found dates back to 1996, while the cited edition is from 2012. The publisher is essentially the same, listed as Oxford University Press or its USA division.

### Details
A matching record was found for the book with the exact title and author, confirming Godfrey Boyle as the author. The year 2012 cited could not be confirmed because the available edition found in databases is from 1996. The publisher is Oxford University Press, USA, which is a regional imprint of Oxford University Press, so the venue is considered to contain the correct publisher. No digital identifier like a DOI was found for the cited edition. This suggests the cited 2012 edition may be a later re-edition of the 1996 book found.

- http://books.google.com/books?id=s9IeAQAAIAAJ&dq=Renewable+energy%3A+Power+for+a+sustainable+future+Boyle+2012+Oxford+University+Press+3rd+ed.",0.7,0.3
"Ellabban, O., Abu-Rub, H., & Blaabjerg, F. (2014). Renewable energy resources: Current status, future prospects and their enabling technology. *Renewable and Sustainable Energy Reviews*, 39, 748–764.",Renewable energy,deepseek_v4_pro_1600b_a49b,verified,"Ellabban, O., Abu‐Rub, H., & Blaabjerg, F. (2014). Renewable energy resources: Current status, future prospects and their enabling technology. *Renewable and Sustainable Energy Reviews*, 39, 748-764. https://doi.org/10.1016/j.rser.2014.07.113",MATCH,MATCH,MATCH,MATCH,ABSENT,"Renewable energy resources: Current status, future prospects and their enabling technology",Omar Ellabban; Haitham Abu‐Rub; Frede Blaabjerg,2014,Renewable and Sustainable Energy Reviews,10.1016/j.rser.2014.07.113,https://doi.org/10.1016/j.rser.2014.07.113,GOOGLE,4,0,0,1,0,"Renewable energy resources: Current status, future prospects and their enabling technology","Renewable energy resources: Current status, future prospects and their enabling technology","Ellabban, O.; Abu-Rub, H.; Blaabjerg, F.",Omar Ellabban; Haitham Abu‐Rub; Frede Blaabjerg,2014,2014,Renewable and Sustainable Energy Reviews,Renewable and Sustainable Energy Reviews,,10.1016/j.rser.2014.07.113,1,1,1,GOOGLE,0,"✓ Title | ✓ Authors | ✓ Year | ✓ Venue | ○ ID

### Summary
This article was confirmed in Renewable and Sustainable Energy Reviews with matching authors Omar Ellabban, Haitham Abu-Rub, and Frede Blaabjerg, and the publication year 2014. The title and journal name matched exactly, confirming the reference's accuracy.

### Details
A matching record was found with the exact title ""Renewable energy resources: Current status, future prospects and their enabling technology."" The three authors correspond perfectly, with initials matching full names. The year 2014 and the journal Renewable and Sustainable Energy Reviews also matched exactly. The article's DOI is 10.1016/j.rser.2014.07.113, providing a direct link to the source.

- https://doi.org/10.1016/j.rser.2014.07.113",1.0,0.0
"Twidell, J., & Weir, T. (2015). *Renewable energy resources* (3rd ed.). Routledge.",Renewable energy,deepseek_v4_pro_1600b_a49b,verified,"Twidell, J., & Weir, T. (2015). *Renewable energy resources* (3rd ed.). Routledge. https://www.amazon.com/Renewable-Energy-Resources-John-Twidell/dp/0415584388",MATCH,MATCH,MATCH,MATCH,ABSENT,Renewable energy resources,John Twidell; Tony Weir,2015,Routledge,,https://www.amazon.com/Renewable-Energy-Resources-John-Twidell/dp/0415584388,GOOGLE,4,0,0,1,0,Renewable energy resources,Renewable energy resources,"Twidell, J.; Weir, T.",John Twidell; Tony Weir,2015,2015,Routledge,Routledge,,https://www.amazon.com/Renewable-Energy-Resources-John-Twidell/dp/0415584388,1,1,1,GOOGLE,0,"✓ Title | ✓ Authors | ✓ Year | ✓ Venue | ○ ID

### Summary
This book was confirmed as ""Renewable energy resources"" published by Routledge in 2015, authored by John Twidell and Tony Weir. The title, authors, year, and publisher all matched exactly with the verified reference.

### Details
A matching record was found with the exact title ""Renewable energy resources"" and the authors John Twidell and Tony Weir, where the initials in the citation correspond to the full author names. The publication year 2015 and the publisher Routledge also matched exactly. Although no digital identifier like a DOI was present, the edition (3rd) and ISBN details further support the verification. Relevant sources include Amazon and Google Books listings confirming these details.

- https://www.amazon.com/Renewable-Energy-Resources-John-Twidell/dp/0415584388
- http://books.google.com/books?id=aCslDwAAQBAJ&dq=Renewable+energy+resources+Twidell+Weir+Routledge+2015+3rd+ed.
- https://www.scirp.org/reference/referencespapers?referenceid=2875354",1.0,0.0
REN21. (2023). *Renewables 2023 global status report*. REN21 Secretariat.,Renewable energy,deepseek_v4_pro_1600b_a49b,verified,REN21. (2023). *Renewables 2023 global status report*. REN21 Secretariat. https://www.ren21.net/gsr-2023/,MATCH,MATCH,MATCH,MATCH,ABSENT,RENEWABLES 2023 GLOBAL STATUS REPORT,REN21,2023,REN21,,https://www.ren21.net/gsr-2023/,GOOGLE,4,0,0,1,0,Renewables 2023 global status report,RENEWABLES 2023 GLOBAL STATUS REPORT,REN21,REN21,2023,2023,REN21 Secretariat,REN21,,https://www.ren21.net/gsr-2023/,1,1,1,GOOGLE,0,"✓ Title | ✓ Authors | ✓ Year | ✓ Venue | ○ ID

### Summary
This report was confirmed as the ""Renewables 2023 global status report"" published by REN21 Secretariat in 2023. The title, author, year, and publisher all matched exactly with the verified source.

### Details
A matching record was found with the exact title ""RENEWABLES 2023 GLOBAL STATUS REPORT"" and author REN21. The year 2023 matched exactly, and the publisher was confirmed as REN21 Secretariat. Although no DOI was available, the official URL https://www.ren21.net/gsr-2023/ supports the verification.

- https://www.ren21.net/gsr-2023/",1.0,0.0
International Renewable Energy Agency (IRENA). (2023). *Renewable power generation costs in 2022*. IRENA.,Renewable energy,deepseek_v4_pro_1600b_a49b,verified,"Taylor, M., Al-Zoghoul, S., & Ralon, P. (2023). Renewable power generation costs in 2022. *International Renewable Energy Agency*. 208 pages. ISBN 978-92-9260-544-5. https://www.irena.org/-/media/Files/IRENA/Agency/Publication/2023/Aug/IRENA_Renewable_power_generation_costs_in_2022.pdf",MATCH,CONTAINS,MATCH,MATCH,ABSENT,Renewable power generation costs in 2022,Michael Taylor; Sonia Al-Zoghoul; Pablo Ralon,2023,International Renewable Energy Agency,,https://www.irena.org/-/media/Files/IRENA/Agency/Publication/2023/Aug/IRENA_Renewable_power_generation_costs_in_2022.pdf,GOOGLE,3,0,1,1,0,Renewable power generation costs in 2022,Renewable power generation costs in 2022,International Renewable Energy Agency,Michael Taylor; Sonia Al-Zoghoul; Pablo Ralon,2023,2023,IRENA,International Renewable Energy Agency,,https://www.irena.org/-/media/Files/IRENA/Agency/Publication/2023/Aug/IRENA_Renewable_power_generation_costs_in_2022.pdf,1,1,1,GOOGLE,0,"✓ Title | ◐ Authors | ✓ Year | ✓ Venue | ○ ID

### Summary
This report titled ""Renewable power generation costs in 2022"" was confirmed as published by the International Renewable Energy Agency (IRENA) in 2023. The title and year matched exactly, and the publishing organization was verified as the same entity referred to in the citation.

### Details
A matching record was found with the exact title ""Renewable power generation costs in 2022"" and the publication year 2023. The citation author is the organization International Renewable Energy Agency, which corresponds to the publisher and venue information in the evidence. Although individual authors (Michael Taylor, Sonia Al-Zoghoul, Pablo Ralon) were listed in the source, the citation correctly attributes the work to the organization. No DOI or other identifier was present in the citation, but the official IRENA publication PDF and related metadata confirm the match.

- https://www.irena.org/-/media/Files/IRENA/Agency/Publication/2023/Aug/IRENA_Renewable_power_generation_costs_in_2022.pdf",0.867,0.133
"Kabir, E., Kumar, P., Kumar, S., Adelodun, A. A., & Kim, K. H. (2018). Solar energy: Potential and future prospects. *Renewable and Sustainable Energy Reviews*, 82, 894–900.",Renewable energy,deepseek_v4_pro_1600b_a49b,verified,"Kabir, E., Kumar, P., Kumar, S., Adelodun, A. A., & Kim, K.-Hyun. (2017). Solar energy: Potential and future prospects. *Renewable and Sustainable Energy Reviews*, 82, 894–900. https://doi.org/10.1016/j.rser.2017.09.094",MATCH,MATCH,CONTAINS,MATCH,ABSENT,Solar energy: Potential and future prospects,Ehsanul Kabir; Pawan Kumar; Sandeep Kumar; Adedeji A. Adelodun; Ki‐Hyun Kim,2017,Renewable and Sustainable Energy Reviews,10.1016/j.rser.2017.09.094,https://doi.org/10.1016/j.rser.2017.09.094,GOOGLE,3,0,1,1,0,Solar energy: Potential and future prospects,Solar energy: Potential and future prospects,"Kabir, E.; Kumar, P.; Kumar, S.; Adelodun, A. A.; Kim, K. H.",Ehsanul Kabir; Pawan Kumar; Sandeep Kumar; Adedeji A. Adelodun; Ki‐Hyun Kim,2018,2017,Renewable and Sustainable Energy Reviews,Renewable and Sustainable Energy Reviews,,10.1016/j.rser.2017.09.094,1,1,1,GOOGLE,1,"✓ Title | ✓ Authors | ◐ Year | ✓ Venue | ○ ID

### Summary
This article was confirmed in Renewable and Sustainable Energy Reviews with matching authors and title. The publication year differs slightly, with the reference listing 2018 and the evidence showing 2017, but this minor discrepancy does not affect the overall match.

### Details
A matching record was found with the exact title ""Solar energy: Potential and future prospects"" and the same group of authors: Ehsanul Kabir, Pawan Kumar, Sandeep Kumar, Adedeji A. Adelodun, and Ki-Hyun Kim. The journal name Renewable and Sustainable Energy Reviews matched exactly. The year in the evidence is 2017, which is one year earlier than the cited 2018, a common minor variation in publication dates. No DOI was provided in the original reference, but the evidence includes DOI 10.1016/j.rser.2017.09.094.

- https://doi.org/10.1016/j.rser.2017.09.094",0.9,0.1
"Herbert, G. M. J., Iniyan, S., Sreevalsan, E., & Rajapandian, S. (2007). A review of wind energy technologies. *Renewable and Sustainable Energy Reviews*, 11(6), 1117–1145.",Renewable energy,deepseek_v4_pro_1600b_a49b,verified-with-error,"Herbert, G. M. J., Iniyan, S., Sreevalsan, E., & Rajapandian, S. (2005). A review of wind energy technologies. *Renewable and Sustainable Energy Reviews*, 11(6), 1117–1145. https://doi.org/10.1016/j.rser.2005.08.004",MATCH,MATCH,CONTRADICTION,MATCH,ABSENT,A review of wind energy technologies,G. M. Joselin Herbert; S. Iniyan; E. Sreevalsan; S. Rajapandian,2005,Renewable and Sustainable Energy Reviews,10.1016/j.rser.2005.08.004,https://doi.org/10.1016/j.rser.2005.08.004,GOOGLE,3,1,0,1,0,A review of wind energy technologies,A review of wind energy technologies,"Herbert, G. M. J.; Iniyan, S.; Sreevalsan, E.; Rajapandian, S.",G. M. Joselin Herbert; S. Iniyan; E. Sreevalsan; S. Rajapandian,2007,2005,Renewable and Sustainable Energy Reviews,Renewable and Sustainable Energy Reviews,,10.1016/j.rser.2005.08.004,0,0,1,GOOGLE,0,"✓ Title | ✓ Authors | ✗ Year | ✓ Venue | ○ ID

### Summary
This article was confirmed in Renewable and Sustainable Energy Reviews with matching title, authors, and journal. However, the publication year in the reference (2007) differs from the verified year (2005).

### Details
A matching record was found with the exact title ""A review of wind energy technologies"" and the same four authors, though the first author's full name is given as ""G. M. Joselin Herbert"" instead of initials. The journal name matches exactly. The year of publication in the verified record is 2005, which contradicts the cited year of 2007. No DOI was provided in the original reference.

- [DOI link](https://doi.org/10.1016/j.rser.2005.08.004)",0.6,0.4
"Bhattacharyya, S. C. (2006). Energy access problem of the poor in India: Is rural electrification a remedy? *Energy Policy*, *34*(18), 3387–3397.",Rural electrification,deepseek_v4_pro_1600b_a49b,verified,"Bhattacharyya, S. C. (2005). Energy access problem of the poor in India: Is rural electrification a remedy? *Energy Policy*, *34*(18), 3387-3397. https://doi.org/10.1016/j.enpol.2005.08.026",MATCH,MATCH,CONTAINS,MATCH,ABSENT,Energy access problem of the poor in India: Is rural electrification a remedy?,Subhes C. Bhattacharyya,2005,Energy Policy,10.1016/j.enpol.2005.08.026,https://doi.org/10.1016/j.enpol.2005.08.026,GOOGLE,3,0,1,1,0,Energy access problem of the poor in India: Is rural electrification a remedy?,Energy access problem of the poor in India: Is rural electrification a remedy?,"Bhattacharyya, S. C.",Subhes C. Bhattacharyya,2006,2005,Energy Policy,Energy Policy,,10.1016/j.enpol.2005.08.026,1,1,1,GOOGLE,0,"✓ Title | ✓ Authors | ◐ Year | ✓ Venue | ○ ID

### Summary
This article was confirmed in the journal Energy Policy with matching title and author. The publication year is very close, differing by only one year, which is a minor discrepancy.

### Details
A matching record was found with the exact title ""Energy access problem of the poor in India: Is rural electrification a remedy?"" and the author Subhes C. Bhattacharyya, corresponding to the citation author Bhattacharyya, S. C. The journal name Energy Policy matched exactly. The citation year is 2006, while the evidence shows 2005, which is within an acceptable range. No identifier was provided in the citation. The source URL is https://doi.org/10.1016/j.enpol.2005.08.026.

- https://doi.org/10.1016/j.enpol.2005.08.026",0.9,0.1
"Cook, P. (2011). Infrastructure, rural electrification and development. *Energy for Sustainable Development*, *15*(3), 304–313.",Rural electrification,deepseek_v4_pro_1600b_a49b,verified,"Cook, P. (2011). Infrastructure, rural electrification and development. *Energy Sustainable Development/Energy for sustainable development*, *15*(3), 304-313. https://doi.org/10.1016/j.esd.2011.07.008",MATCH,MATCH,MATCH,MATCH,ABSENT,"Infrastructure, rural electrification and development",Paul Cook,2011,Energy Sustainable Development/Energy for sustainable development,10.1016/j.esd.2011.07.008,https://doi.org/10.1016/j.esd.2011.07.008,GOOGLE,4,0,0,1,0,"Infrastructure, rural electrification and development","Infrastructure, rural electrification and development","Cook, P.",Paul Cook,2011,2011,Energy for Sustainable Development,Energy Sustainable Development/Energy for sustainable development,,10.1016/j.esd.2011.07.008,1,1,1,GOOGLE,0,"✓ Title | ✓ Authors | ✓ Year | ✓ Venue | ○ ID

### Summary
This article was confirmed in the journal Energy for Sustainable Development with matching author Paul Cook and the year 2011. The title, author, year, and journal all matched exactly, confirming the reference.

### Details
A matching record was found with the exact title ""Infrastructure, rural electrification and development."" The author listed as Paul Cook corresponds to the citation's ""Cook, P."", confirming the same person. The year 2011 matched exactly, and the journal name matched ignoring case differences. The article is published in volume 15, issue 3, pages 304-313, with DOI 10.1016/j.esd.2011.07.008.

- https://doi.org/10.1016/j.esd.2011.07.008",1.0,0.0
"Deichmann, U., Meisner, C., Murray, S., & Wheeler, D. (2011). The economics of renewable energy expansion in rural Sub-Saharan Africa. *Energy Policy*, *39*(1), 215–227.",Rural electrification,deepseek_v4_pro_1600b_a49b,verified,"Deichmann, U., Meisner, C., Murray, S., & Wheeler, D. (2011). The economics of renewable energy expansion in rural Sub-Saharan Africa. *Energy Policy*. https://www.sciencedirect.com/science/article/pii/S0301421510007202",MATCH,MATCH,MATCH,MATCH,ABSENT,The economics of renewable energy expansion in rural Sub-Saharan Africa,U Deichmann; C Meisner; S Murray; D Wheeler,2011,Energy Policy,,https://www.sciencedirect.com/science/article/pii/S0301421510007202,GOOGLE,4,0,0,1,0,The economics of renewable energy expansion in rural Sub-Saharan Africa.,The economics of renewable energy expansion in rural Sub-Saharan Africa,"Deichmann, U.; Meisner, C.; Murray, S.; Wheeler, D.",U Deichmann; C Meisner; S Murray; D Wheeler,2011,2011,Energy Policy,Energy Policy,,https://www.sciencedirect.com/science/article/pii/S0301421510007202,1,1,1,GOOGLE,0,"✓ Title | ✓ Authors | ✓ Year | ✓ Venue | ○ ID

### Summary
This article was confirmed in the journal Energy Policy with matching authors and year. The title ""The economics of renewable energy expansion in rural Sub-Saharan Africa"" was exactly matched, and all four authors were found with consistent names.

### Details
A matching record was found with the exact title and the same four authors: U. Deichmann, C. Meisner, S. Murray, and D. Wheeler. The year 2011 matched exactly, and the journal name Energy Policy was confirmed. Although no DOI was provided in the citation, the article is available online at ScienceDirect. The verification is supported by search results from both OpenAlex and Google Scholar.

- https://www.sciencedirect.com/science/article/pii/S0301421510007202
- https://doi.org/10.1596/1813-9450-5193",1.0,0.0
"Kanagawa, M., & Nakata, T. (2008). Assessment of access to electricity and the socio-economic impacts in rural areas of developing countries. *Energy Policy*, *36*(6), 2016–2029.",Rural electrification,deepseek_v4_pro_1600b_a49b,verified,"Kanagawa, M., & Nakata, T. (2008). Assessment of access to electricity and the socio-economic impacts in rural areas of developing countries. *Energy Policy*, *36*(6), 2016-2029. https://doi.org/10.1016/j.enpol.2008.01.041",MATCH,MATCH,MATCH,MATCH,ABSENT,Assessment of access to electricity and the socio-economic impacts in rural areas of developing countries,Makoto Kanagawa; Toshihiko Nakata,2008,Energy Policy,10.1016/j.enpol.2008.01.041,https://doi.org/10.1016/j.enpol.2008.01.041,GOOGLE,4,0,0,1,0,Assessment of access to electricity and the socio-economic impacts in rural areas of developing countries,Assessment of access to electricity and the socio-economic impacts in rural areas of developing countries,"Kanagawa, M.; Nakata, T.",Makoto Kanagawa; Toshihiko Nakata,2008,2008,Energy Policy,Energy Policy,,10.1016/j.enpol.2008.01.041,1,1,1,GOOGLE,1,"✓ Title | ✓ Authors | ✓ Year | ✓ Venue | ○ ID

### Summary
This article was confirmed in the journal Energy Policy with matching authors Makoto Kanagawa and Toshihiko Nakata, and the year 2008. The title and publication details correspond exactly to the original reference.

### Details
A matching record was found with the exact title ""Assessment of access to electricity and the socio-economic impacts in rural areas of developing countries."" The authors Makoto Kanagawa and Toshihiko Nakata correspond to the cited initials M. Kanagawa and T. Nakata. The year 2008 and the journal Energy Policy also matched exactly. The article's volume 36, issue 6, and pages 2016-2029 were confirmed. The DOI 10.1016/j.enpol.2008.01.041 provides a direct link to the publication.

- https://doi.org/10.1016/j.enpol.2008.01.041",1.0,0.0
"Khandker, S. R., Barnes, D. F., & Samad, H. A. (2013). Welfare impacts of rural electrification: A panel data analysis from Vietnam. *Economic Development and Cultural Change*, *61*(3), 659–692.",Rural electrification,deepseek_v4_pro_1600b_a49b,verified,"Khandker, S. R., Barnes, D. F., & Samad, H. A. (2013). Welfare Impacts of Rural Electrification: A Panel Data Analysis from Vietnam. *Economic Development and Cultural Change*, *61*(3), 659–692. https://doi.org/10.1086/669262",MATCH,MATCH,MATCH,MATCH,ABSENT,Welfare Impacts of Rural Electrification: A Panel Data Analysis from Vietnam,Shahidur R. Khandker; Douglas F. Barnes; Hussain A. Samad,2013,Economic Development and Cultural Change,10.1086/669262,https://doi.org/10.1086/669262,GOOGLE,4,0,0,1,0,Welfare impacts of rural electrification: A panel data analysis from Vietnam,Welfare Impacts of Rural Electrification: A Panel Data Analysis from Vietnam,"Khandker, S. R.; Barnes, D. F.; Samad, H. A.",Shahidur R. Khandker; Douglas F. Barnes; Hussain A. Samad,2013,2013,Economic Development and Cultural Change,Economic Development and Cultural Change,,10.1086/669262,1,1,1,GOOGLE,0,"✓ Title | ✓ Authors | ✓ Year | ✓ Venue | ○ ID

### Summary
This article was confirmed in the journal Economic Development and Cultural Change with matching authors Shahidur R. Khandker, Douglas F. Barnes, and Hussain A. Samad, and the year 2013.

### Details
A matching record was found with the exact title ""Welfare Impacts of Rural Electrification: A Panel Data Analysis from Vietnam."" All three authors matched exactly, with initials corresponding correctly to full names. The publication year 2013 and the journal name also matched perfectly. The article is published in volume 61, issue 3, pages 659-692, by the University of Chicago Press. The DOI for the article is 10.1086/669262.

- https://doi.org/10.1086/669262",1.0,0.0
"Kirubi, C., Jacobson, A., Kammen, D. M., & Mills, A. (2009). Community-based electric micro-grids can contribute to rural development: Evidence from Kenya. *World Development*, *37*(7), 1208–1221.",Rural electrification,deepseek_v4_pro_1600b_a49b,verified,"Kirubi, C., Jacobson, A., Kammen, D. M., & Mills, A. (2009). Community-based electric micro-grids can contribute to rural development: Evidence from Kenya. *World Development*, *37*(7), 1208–1221. https://doi.org/10.1016/j.worlddev.2008.11.005",MATCH,MATCH,MATCH,MATCH,ABSENT,Community-Based Electric Micro-Grids Can Contribute to Rural Development: Evidence from Kenya,Charles Kirubi; Arne Jacobson; Daniel M. Kammen; Andrew Mills,2009,World Development,10.1016/j.worlddev.2008.11.005,https://doi.org/10.1016/j.worlddev.2008.11.005,GOOGLE,4,0,0,1,0,Community-based electric micro-grids can contribute to rural development: Evidence from Kenya.,Community-Based Electric Micro-Grids Can Contribute to Rural Development: Evidence from Kenya,"Kirubi, C.; Jacobson, A.; Kammen, D. M.; Mills, A.",Charles Kirubi; Arne Jacobson; Daniel M. Kammen; Andrew Mills,2009,2009,World Development,World Development,,10.1016/j.worlddev.2008.11.005,1,1,1,GOOGLE,1,"✓ Title | ✓ Authors | ✓ Year | ✓ Venue | ○ ID

### Summary
This article was confirmed in the journal World Development with matching authors Charles Kirubi, Arne Jacobson, Daniel M. Kammen, and Andrew Mills, and the year 2009.

### Details
A matching record was found with the exact title ""Community-Based Electric Micro-Grids Can Contribute to Rural Development: Evidence from Kenya."" The four authors correspond exactly to those listed in the citation, with full names matching the initials provided. The publication year 2009 and the journal World Development also matched exactly. Although no identifier was present in the original citation, the article's DOI is 10.1016/j.worlddev.2008.11.005, confirming the source.

- https://doi.org/10.1016/j.worlddev.2008.11.005",1.0,0.0
"Mahapatra, S., & Dasappa, S. (2012). Rural electrification: Optimising the choice between decentralised renewable energy sources and grid extension. *Energy for Sustainable Development*, *16*(2), 146–154.",Rural electrification,deepseek_v4_pro_1600b_a49b,verified,"Mahapatra, S., & Dasappa, S. (2012). Rural electrification: Optimising the choice between decentralised renewable energy sources and grid extension. *Energy Sustainable Development/Energy for sustainable development*, 16(2), 146-154. https://doi.org/10.1016/j.esd.2012.01.006",MATCH,MATCH,MATCH,MATCH,ABSENT,Rural electrification: Optimising the choice between decentralised renewable energy sources and grid extension,Sadhan Mahapatra; S. Dasappa,2012,Energy Sustainable Development/Energy for sustainable development,10.1016/j.esd.2012.01.006,https://doi.org/10.1016/j.esd.2012.01.006,GOOGLE,4,0,0,1,0,Rural electrification: Optimising the choice between decentralised renewable energy sources and grid extension,Rural electrification: Optimising the choice between decentralised renewable energy sources and grid extension,"Mahapatra, S.; Dasappa, S.",Sadhan Mahapatra; S. Dasappa,2012,2012,Energy for Sustainable Development,Energy Sustainable Development/Energy for sustainable development,,10.1016/j.esd.2012.01.006,1,1,1,GOOGLE,0,"✓ Title | ✓ Authors | ✓ Year | ✓ Venue | ○ ID

### Summary
This article was confirmed in the journal Energy for Sustainable Development with matching authors Sadhan Mahapatra and S. Dasappa, and the year 2012. The title and journal name matched exactly, confirming the reference's accuracy.

### Details
A matching record was found with the exact title ""Rural electrification: Optimising the choice between decentralised renewable energy sources and grid extension."" The authors matched in identity despite slight differences in name formatting. The year 2012 matched exactly, and the journal name was confirmed as Energy for Sustainable Development. The article's DOI is 10.1016/j.esd.2012.01.006, providing a direct link to the source.

- https://doi.org/10.1016/j.esd.2012.01.006",1.0,0.0
"Palit, D., & Chaurey, A. (2011). Off-grid rural electrification experiences from South Asia: Status and best practices. *Energy for Sustainable Development*, *15*(3), 266–276.",Rural electrification,deepseek_v4_pro_1600b_a49b,verified,"Palit, D., & Chaurey, A. (2011). Off-grid rural electrification experiences from South Asia: Status and best practices. *Energy for Sustainable Development*, *15*(3), 266-276. https://doi.org/10.1016/j.esd.2011.07.004",MATCH,MATCH,MATCH,MATCH,ABSENT,Off-grid rural electrification experiences from South Asia: Status and best practices,Debajit Palit; Akanksha Chaurey,2011,Energy for sustainable development,10.1016/j.esd.2011.07.004,https://doi.org/10.1016/j.esd.2011.07.004,GOOGLE,4,0,0,1,0,Off-grid rural electrification experiences from South Asia: Status and best practices,Off-grid rural electrification experiences from South Asia: Status and best practices,"Palit, D.; Chaurey, A.",Debajit Palit; Akanksha Chaurey,2011,2011,Energy for Sustainable Development,Energy for sustainable development,,10.1016/j.esd.2011.07.004,1,1,1,GOOGLE,0,"✓ Title | ✓ Authors | ✓ Year | ✓ Venue | ○ ID

### Summary
This article was confirmed in the journal Energy for Sustainable Development with matching authors Debajit Palit and Akanksha Chaurey, and the year 2011. The title and journal details matched exactly.

### Details
A matching record was found with the exact title ""Off-grid rural electrification experiences from South Asia: Status and best practices."" The authors matched by name and initials, and the publication year 2011 was confirmed. The journal name also matched exactly. Although no identifier was provided in the citation, the article is associated with DOI 10.1016/j.esd.2011.07.004.

- https://doi.org/10.1016/j.esd.2011.07.004",1.0,0.0
"Peters, J., Vance, C., & Harsdorff, M. (2011). Grid extension in rural Benin: Micro-manufacturers and the electrification trap. *World Development*, *39*(5), 773–783.",Rural electrification,deepseek_v4_pro_1600b_a49b,verified,"Peters, J., Vance, C., & Harsdorff, M. (2010). Grid extension in rural Benin: Micro-manufacturers and the electrification trap. *World Development*, *39*(5), 773-783. https://doi.org/10.1016/j.worlddev.2010.09.015",MATCH,MATCH,CONTAINS,MATCH,ABSENT,Grid Extension in Rural Benin: Micro-Manufacturers and the Electrification Trap,Jörg Peters; Colin Vance; Marek Harsdorff,2010,World Development,10.1016/j.worlddev.2010.09.015,https://doi.org/10.1016/j.worlddev.2010.09.015,GOOGLE,3,0,1,1,0,Grid extension in rural Benin: Micro-manufacturers and the electrification trap,Grid Extension in Rural Benin: Micro-Manufacturers and the Electrification Trap,"Peters, J.; Vance, C.; Harsdorff, M.",Jörg Peters; Colin Vance; Marek Harsdorff,2011,2010,World Development,World Development,,10.1016/j.worlddev.2010.09.015,1,1,1,GOOGLE,0,"✓ Title | ✓ Authors | ◐ Year | ✓ Venue | ○ ID

### Summary
This article was confirmed in the journal World Development with matching authors and title. The publication year differs slightly, with the citation listing 2011 and the evidence showing 2010, but this minor discrepancy does not affect the overall verification.

### Details
A matching record was found with the exact title ""Grid Extension in Rural Benin: Micro-Manufacturers and the Electrification Trap"" and the same three authors: Jörg Peters, Colin Vance, and Marek Harsdorff. The journal name World Development matched exactly. The year in the citation is 2011, while the evidence shows 2010, which is within an acceptable range for verification. No identifier was provided in the citation. The article details, including volume 39, issue 5, and pages 773-783, align with the evidence.

- https://doi.org/10.1016/j.worlddev.2010.09.015",0.9,0.1
"Zomers, A. (2003). The challenge of rural electrification. *Energy for Sustainable Development*, *7*(1), 69–76.",Rural electrification,deepseek_v4_pro_1600b_a49b,verified,"Zomers, A. (2003). The challenge of rural electrification. *Energy Sustainable Development/Energy for sustainable development*, 7(1), 69-76. https://doi.org/10.1016/s0973-0826(08)60349-x",MATCH,MATCH,MATCH,MATCH,ABSENT,The challenge of rural electrification,Adriaan Zomers,2003,Energy Sustainable Development/Energy for sustainable development,10.1016/s0973-0826(08)60349-x,https://doi.org/10.1016/s0973-0826(08)60349-x,GOOGLE,4,0,0,1,0,The challenge of rural electrification.,The challenge of rural electrification,"Zomers, A.",Adriaan Zomers,2003,2003,Energy for Sustainable Development,Energy Sustainable Development/Energy for sustainable development,,10.1016/s0973-0826(08)60349-x,1,1,1,GOOGLE,0,"✓ Title | ✓ Authors | ✓ Year | ✓ Venue | ○ ID

### Summary
This article was confirmed in the journal Energy for Sustainable Development with matching authors and year. The title ""The challenge of rural electrification"" and the author Adriaan Zomers (abbreviated as Zomers, A.) were verified exactly as cited.

### Details
A matching record was found with the exact title ""The challenge of rural electrification"" published in 2003. The author name matched with the abbreviation used in the citation. The journal name matched after accounting for minor variations in capitalization and phrasing. The article details including volume 7, issue 1, and pages 69-76 also correspond. The DOI 10.1016/s0973-0826(08)60349-x confirms the source.

- https://doi.org/10.1016/s0973-0826(08)60349-x",1.0,0.0
"Azzam, T., & Szabo, S. (2018). The effect of school climate on student dropout rates: A multilevel analysis. *Journal of Education for Students Placed at Risk*, *23*(4), 281–303.",School dropout,deepseek_v4_pro_1600b_a49b,unverified,Reference could not be verified.,UNCONFIRMED,UNCONFIRMED,UNCONFIRMED,UNCONFIRMED,UNCONFIRMED,,,,,,,,,,,,,,,,,,,,,,,0,0,0,,0,"? Title | ? Authors | ? Year | ? Venue | ? ID

### Summary
No matching article could be found for the reference by Azzam and Szabo (2018) titled ""The effect of school climate on student dropout rates: A multilevel analysis"" in the Journal of Education for Students Placed at Risk or any other source.

### Details
A search through OpenAlex returned no matching records. Additional searches via Google Scholar and general Google search did not find any article matching the exact title, authors, year, or journal. The closest results were studies on school climate and student outcomes but none matched the specific details of this reference. The year 2018, authors Azzam and Szabo, and the journal title were not confirmed in any found records.

- https://openalex.org
- https://scholar.google.com
- https://www.google.com",0.0,1.0
"Bowers, A. J., Sprott, R., & Taff, S. A. (2013). Do we know who will drop out? A review of the predictors of dropping out of high school: Precision, sensitivity, and specificity. *The High School Journal*, *96*(2), 77–100.",School dropout,deepseek_v4_pro_1600b_a49b,verified,"Bowers, A. J., Sprott, R., & Taff, S. A. (2013). Do we know who will drop out? A review of the predictors of dropping out of high school: Precision, sensitivity, and specificity. *The High School journal*, *96*(2), 77-100. https://doi.org/10.1353/hsj.2013.0000",MATCH,MATCH,MATCH,MATCH,ABSENT,"Do We Know Who Will Drop Out?: A Review of the Predictors of Dropping out of High School: Precision, Sensitivity, and Specificity",Alex J. Bowers; Ryan Sprott; Sherry A. Taff,2013,The High School journal,10.1353/hsj.2013.0000,https://doi.org/10.1353/hsj.2013.0000,GOOGLE,4,0,0,1,0,"Do we know who will drop out? A review of the predictors of dropping out of high school: Precision, sensitivity, and specificity","Do We Know Who Will Drop Out?: A Review of the Predictors of Dropping out of High School: Precision, Sensitivity, and Specificity","Bowers, A. J.; Sprott, R.; Taff, S. A.",Alex J. Bowers; Ryan Sprott; Sherry A. Taff,2013,2013,The High School Journal,The High School journal,,10.1353/hsj.2013.0000,1,1,1,GOOGLE,0,"✓ Title | ✓ Authors | ✓ Year | ✓ Venue | ○ ID

### Summary
This article was confirmed in The High School Journal with matching authors Alex J. Bowers, Ryan Sprott, and Sherry A. Taff, and the year 2013. The title and journal details matched exactly, verifying the reference.

### Details
A matching record was found with the exact title ""Do We Know Who Will Drop Out?: A Review of the Predictors of Dropping out of High School: Precision, Sensitivity, and Specificity."" The authors matched fully, with initials and full names corresponding correctly. The year 2013 and the journal name ""The High School Journal"" also matched exactly. Although no identifier was present in the original citation, the verified record includes a DOI: 10.1353/hsj.2013.0000.

- https://doi.org/10.1353/hsj.2013.0000",1.0,0.0
"De Witte, K., Cabus, S., Thyssen, G., Groot, W., & van den Brink, H. M. (2013). A critical review of the literature on school dropout. *Educational Research Review*, *10*, 13–28.",School dropout,deepseek_v4_pro_1600b_a49b,verified,"De Witte, K., Cabus, S., Thyssen, G., Groot, W., & van den Brink, H. M. (2013). A critical review of the literature on school dropout. *Educational Research Review*, 10, 13-28. https://doi.org/10.1016/j.edurev.2013.05.002",MATCH,MATCH,MATCH,MATCH,ABSENT,A critical review of the literature on school dropout,Kristof De Witte; Sofie Cabus; Geert Thyssen; Wim Groot; H. Maassen van den Brink,2013,Educational Research Review,10.1016/j.edurev.2013.05.002,https://doi.org/10.1016/j.edurev.2013.05.002,GOOGLE,4,0,0,1,0,A critical review of the literature on school dropout.,A critical review of the literature on school dropout,"De Witte, K.; Cabus, S.; Thyssen, G.; Groot, W.; van den Brink, H. M.",Kristof De Witte; Sofie Cabus; Geert Thyssen; Wim Groot; H. Maassen van den Brink,2013,2013,Educational Research Review,Educational Research Review,,10.1016/j.edurev.2013.05.002,1,1,1,GOOGLE,0,"✓ Title | ✓ Authors | ✓ Year | ✓ Venue | ○ ID

### Summary
This article was confirmed in the journal Educational Research Review with matching authors and year. The title ""A critical review of the literature on school dropout"" was verified exactly, and all five authors correspond to the same individuals, including a name variant for the fifth author.

### Details
A matching record was found with the exact title and year 2013. All five authors matched, with four authors represented by initials and one author showing a full surname variant, which is consistent. The journal name Educational Research Review matched exactly. No identifier was present in the citation, but the DOI 10.1016/j.edurev.2013.05.002 was found in the evidence, confirming the reference.

- https://doi.org/10.1016/j.edurev.2013.05.002",1.0,0.0
"Dupéré, V., Leventhal, T., Dion, E., Crosnoe, R., Archambault, I., & Janosz, M. (2015). Stressors and turning points in high school and dropout: A stress process, life course framework. *Review of Educational Research*, *85*(4), 591–629.",School dropout,deepseek_v4_pro_1600b_a49b,verified-with-error,"Dupéré, V., Leventhal, T., Dion, É., Crosnoe, R., Archambault, I., & Janosz, M. (2015). Stressors and turning points in high school and dropout: A stress process, life course framework. *Review of Educational Research*, *85*(4), 591-629. https://doi.org/10.3102/0034654314559845",CONTAINS,MATCH,MATCH,MATCH,ABSENT,Stressors and Turning Points in High School and Dropout,Véronique Dupéré; Tama Leventhal; Éric Dion; Robert Crosnoe; Isabelle Archambault; Michel Janosz,2015,Review of Educational Research,10.3102/0034654314559845,https://journals.sagepub.com/doi/10.3102/0034654314559845,GOOGLE,3,0,1,1,0,"Stressors and turning points in high school and dropout: A stress process, life course framework",Stressors and Turning Points in High School and Dropout,"Dupéré, V.; Leventhal, T.; Dion, E.; Crosnoe, R.; Archambault, I.; Janosz, M.",Véronique Dupéré; Tama Leventhal; Éric Dion; Robert Crosnoe; Isabelle Archambault; Michel Janosz,2015,2015,Review of Educational Research,Review of Educational Research,,10.3102/0034654314559845,1,1,1,GOOGLE,1,"◐ Title | ✓ Authors | ✓ Year | ✓ Venue | ○ ID

### Summary
This article was confirmed in the Review of Educational Research with matching authors and year. The title matched closely, with the main title confirmed and the subtitle omitted in the candidate reference.

### Details
A matching record was found with six authors exactly matching in order, including Véronique Dupéré and colleagues. The year 2015 matched exactly, and the journal name Review of Educational Research was confirmed. The title matched the main part ""Stressors and Turning Points in High School and Dropout,"" though the subtitle ""A stress process, life course framework"" was missing in the candidate reference. No identifier such as a DOI was present in the citation, but the article is available online with DOI 10.3102/0034654314559845. The article is well documented in multiple sources including Sage Journals and JSTOR.

- https://journals.sagepub.com/doi/10.3102/0034654314559845
- https://www.jstor.org/stable/24753024
- https://www.researchgate.net/publication/284351626_Stressors_and_Turning_Points_in_High_School_and_Dropout_A_Stress_Process_Life_Course_Framework",0.833,0.167
"Ecker-Lyster, M., & Niileksela, C. (2016). Keeping students on track to graduate: A synthesis of school dropout trends, prevention, and intervention initiatives. *Journal of At-Risk Issues*, *19*(2), 24–31.",School dropout,deepseek_v4_pro_1600b_a49b,verified,"Ecker-Lyster, M. E., & Niileksela, C. R. (2016). Keeping students on track to graduate: A synthesis of school dropout trends, prevention, and intervention initiatives. *The Journal of At-Risk Issues*, *19*(2), 24–31. https://files.eric.ed.gov/fulltext/EJ1117591.pdf",MATCH,MATCH,MATCH,MATCH,ABSENT,"Keeping Students on Track to Graduate: A Synthesis of School Dropout Trends, Prevention, and Intervention Initiatives.",Meghan Ecker‐Lyster; Christopher R. Niileksela,2016,The Journal of at-risk issues,,http://files.eric.ed.gov/fulltext/EJ1117591.pdf,GOOGLE,4,0,0,1,0,"Keeping students on track to graduate: A synthesis of school dropout trends, prevention, and intervention initiatives","Keeping Students on Track to Graduate: A Synthesis of School Dropout Trends, Prevention, and Intervention Initiatives.","Ecker-Lyster, M.; Niileksela, C.",Meghan Ecker‐Lyster; Christopher R. Niileksela,2016,2016,Journal of At-Risk Issues,The Journal of at-risk issues,,http://files.eric.ed.gov/fulltext/EJ1117591.pdf,1,1,1,GOOGLE,0,"✓ Title | ✓ Authors | ✓ Year | ✓ Venue | ○ ID

### Summary
This article was confirmed in The Journal of at-risk issues with matching authors Meghan Ecker-Lyster and Christopher Niileksela, and the publication year 2016. The title and journal details matched exactly, confirming the reference's accuracy.

### Details
A matching record was found with the exact title ""Keeping Students on Track to Graduate: A Synthesis of School Dropout Trends, Prevention, and Intervention Initiatives."" The authors Meghan Ecker-Lyster and Christopher R. Niileksela correspond exactly to the citation. The year 2016 matched exactly, and the journal name matched despite minor differences in capitalization and the presence of ""The"". No DOI was available, but the article is accessible via the URL http://files.eric.ed.gov/fulltext/EJ1117591.pdf.

- [ERIC Full Text PDF](http://files.eric.ed.gov/fulltext/EJ1117591.pdf)",1.0,0.0
"Freeman, J., & Simonsen, B. (2015). Examining the impact of policy and practice interventions on high school dropout and school completion rates: A systematic review of the literature. *Review of Educational Research*, *85*(2), 205–248.",School dropout,deepseek_v4_pro_1600b_a49b,verified-with-error,"Freeman, J., & Simonsen, B. (2014). Examining the impact of policy and practice interventions on high school dropout and school completion rates. *Review of Educational Research*, 85(2), 205–248. https://doi.org/10.3102/0034654314554431",CONTAINS,MATCH,CONTAINS,MATCH,ABSENT,Examining the Impact of Policy and Practice Interventions on High School Dropout and School Completion Rates,Jennifer Freeman; Brandi Simonsen,2014,Review of Educational Research,10.3102/0034654314554431,https://doi.org/10.3102/0034654314554431,GOOGLE,2,0,2,1,0,Examining the impact of policy and practice interventions on high school dropout and school completion rates: A systematic review of the literature,Examining the Impact of Policy and Practice Interventions on High School Dropout and School Completion Rates,"Freeman, J.; Simonsen, B.",Jennifer Freeman; Brandi Simonsen,2015,2014,Review of Educational Research,Review of Educational Research,,10.3102/0034654314554431,1,1,1,GOOGLE,0,"◐ Title | ✓ Authors | ◐ Year | ✓ Venue | ○ ID

### Summary
This article was found in the Review of Educational Research with matching authors Jennifer Freeman and Brandi Simonsen. The title matches closely except the subtitle was omitted, and the publication year differs slightly, listed as 2014 in the source instead of 2015.

### Details
A matching record was found with the title ""Examining the Impact of Policy and Practice Interventions on High School Dropout and School Completion Rates"" in the Review of Educational Research. The authors Jennifer Freeman and Brandi Simonsen were confirmed. The year of publication in the source is 2014, which is one year earlier than the cited 2015. The subtitle ""A systematic review of the literature"" was not present in the source title but the main title matches. No DOI was provided in the citation. 

- https://doi.org/10.3102/0034654314554431",0.733,0.267
"Henry, K. L., Knight, K. E., & Thornberry, T. P. (2012). School disengagement as a predictor of dropout, delinquency, and problem substance use during adolescence and early adulthood. *Journal of Youth and Adolescence*, *41*(2), 156–166.",School dropout,deepseek_v4_pro_1600b_a49b,verified,"Henry, K. L., Knight, K. E., & Thornberry, T. P. (2011). School disengagement as a predictor of dropout, delinquency, and problem substance use during adolescence and early adulthood. *Journal of Youth and Adolescence*, 41(2), 156-166. https://doi.org/10.1007/s10964-011-9665-3",MATCH,MATCH,CONTAINS,MATCH,ABSENT,"School Disengagement as a Predictor of Dropout, Delinquency, and Problem Substance Use During Adolescence and Early Adulthood",Kimberly L. Henry; Kelly E. Knight; Terence P. Thornberry,2011,Journal of Youth and Adolescence,10.1007/s10964-011-9665-3,https://doi.org/10.1007/s10964-011-9665-3,GOOGLE,3,0,1,1,0,"School disengagement as a predictor of dropout, delinquency, and problem substance use during adolescence and early adulthood","School Disengagement as a Predictor of Dropout, Delinquency, and Problem Substance Use During Adolescence and Early Adulthood","Henry, K. L.; Knight, K. E.; Thornberry, T. P.",Kimberly L. Henry; Kelly E. Knight; Terence P. Thornberry,2012,2011,Journal of Youth and Adolescence,Journal of Youth and Adolescence,,10.1007/s10964-011-9665-3,1,1,1,GOOGLE,0,"✓ Title | ✓ Authors | ◐ Year | ✓ Venue | ○ ID

### Summary
This article was confirmed in the Journal of Youth and Adolescence with matching authors Henry, Knight, and Thornberry, and the title was exactly matched. The publication year differs slightly, with the citation listing 2012 and the evidence showing 2011, but this minor discrepancy does not affect the overall verification.

### Details
A matching record was found with the exact title ""School Disengagement as a Predictor of Dropout, Delinquency, and Problem Substance Use During Adolescence and Early Adulthood."" The authors Kimberly L. Henry, Kelly E. Knight, and Terence P. Thornberry were confirmed as the same individuals listed in the citation. The journal name matched exactly as ""Journal of Youth and Adolescence."" The year in the evidence is 2011, which is one year earlier than the cited 2012, a common minor variation in publication dates. No DOI was provided in the citation, but the evidence includes DOI 10.1007/s10964-011-9665-3.

- https://doi.org/10.1007/s10964-011-9665-3",0.9,0.1
"Lee, V. E., & Burkam, D. T. (2003). Dropping out of high school: The role of school organization and structure. *American Educational Research Journal*, *40*(2), 353–393.",School dropout,deepseek_v4_pro_1600b_a49b,verified,"Lee, V. E., & Burkam, D. T. (2003). Dropping out of high school: The role of school organization and structure. *American Educational Research Journal*, *40*(2), 353-393. https://doi.org/10.3102/00028312040002353",MATCH,MATCH,MATCH,MATCH,ABSENT,Dropping Out of High School: The Role of School Organization and Structure,Valerie E. Lee; David T. Burkam,2003,American Educational Research Journal,10.3102/00028312040002353,https://doi.org/10.3102/00028312040002353,GOOGLE,4,0,0,1,0,Dropping out of high school: The role of school organization and structure.,Dropping Out of High School: The Role of School Organization and Structure,"Lee, V. E.; Burkam, D. T.",Valerie E. Lee; David T. Burkam,2003,2003,American Educational Research Journal,American Educational Research Journal,,10.3102/00028312040002353,1,1,1,GOOGLE,1,"✓ Title | ✓ Authors | ✓ Year | ✓ Venue | ○ ID

### Summary
This article was confirmed in the American Educational Research Journal with matching authors Valerie E. Lee and David T. Burkam, and the year 2003. The title and journal details matched exactly, confirming the reference's accuracy.

### Details
A matching record was found with the exact title ""Dropping Out of High School: The Role of School Organization and Structure."" The authors matched by name and order, with Valerie E. Lee and David T. Burkam confirmed as the authors. The publication year 2003 and the journal name American Educational Research Journal also matched exactly. The article's DOI is 10.3102/00028312040002353, providing a direct link to the source.

- https://doi.org/10.3102/00028312040002353",1.0,0.0
"Rumberger, R. W., & Lim, S. A. (2008). Why students drop out of school: A review of 25 years of research. *California Dropout Research Project Report*, *15*, 1–130.",School dropout,deepseek_v4_pro_1600b_a49b,verified,"Rumberger, R. W., & Lim, S. A. (2008). *Why Students Drop Out of School: A Review of 25 Years of Research* (California Dropout Research Project Report No. 15, pp. 1–130). University of California, Santa Barbara. https://www.issuelab.org/resources/11658/11658.pdf",MATCH,MATCH,MATCH,MATCH,ABSENT,Why Students Drop Out of School: A Review of 25 Years of Research,Russell W. Rumberger; Sun Ah Lim,2008,California Dropout Research Project Report #15,,https://www.issuelab.org/resources/11658/11658.pdf,GOOGLE,4,0,0,1,0,Why students drop out of school: A review of 25 years of research,Why Students Drop Out of School: A Review of 25 Years of Research,"Rumberger, R. W.; Lim, S. A.",Russell W. Rumberger; Sun Ah Lim,2008,2008,California Dropout Research Project Report,California Dropout Research Project Report #15,,https://www.issuelab.org/resources/11658/11658.pdf,1,1,1,GOOGLE,0,"✓ Title | ✓ Authors | ✓ Year | ✓ Venue | ○ ID

### Summary
This report was confirmed as the California Dropout Research Project Report #15 from 2008, authored by Russell W. Rumberger and Sun Ah Lim. The title ""Why Students Drop Out of School: A Review of 25 Years of Research"" and the publication year matched exactly, confirming the reference's accuracy.

### Details
A matching record was found with the exact title and year 2008. The authors matched fully, with initials in the citation corresponding to the full names in the evidence. The venue name matched, recognizing the report number (#15) as part of the same publication series. No DOI was present, but the report is accessible via a reliable URL from the University of California, Santa Barbara.

- https://www.issuelab.org/resources/11658/11658.pdf",1.0,0.0
"Rumberger, R. W., & Rotermund, S. (2012). The relationship between engagement and high school dropout. In S. L. Christenson, A. L. Reschly, & C. Wylie (Eds.), *Handbook of research on student engagement* (pp. 491–513). Springer.",School dropout,deepseek_v4_pro_1600b_a49b,verified,"Rumberger, R. W., & Rotermund, S. (2012). The relationship between engagement and high school dropout. In S. L. Christenson, A. L. Reschly, & C. Wylie (Eds.), *Handbook of research on student engagement* (pp. 491-513). https://doi.org/10.1007/978-1-4614-2018-7_24",MATCH,MATCH,MATCH,UNCONFIRMED,ABSENT,The Relationship Between Engagement and High School Dropout,Russell W. Rumberger; Susan Rotermund,2012,,10.1007/978-1-4614-2018-7_24,https://doi.org/10.1007/978-1-4614-2018-7_24,GOOGLE,3,0,0,1,1,The relationship between engagement and high school dropout.,The Relationship Between Engagement and High School Dropout,"Rumberger, R. W.; Rotermund, S.",Russell W. Rumberger; Susan Rotermund,2012,2012,Springer,,,10.1007/978-1-4614-2018-7_24,1,1,1,GOOGLE,0,"✓ Title | ✓ Authors | ✓ Year | ? Venue | ○ ID

### Summary
This book chapter was confirmed with the exact title ""The Relationship Between Engagement and High School Dropout"" and matching authors Russell W. Rumberger and Susan Rotermund. The publication year 2012 also matched exactly, verifying the reference.

### Details
A matching record was found through OpenAlex with the exact title and author names corresponding to the citation. The year 2012 matched exactly. Although the publisher field was not confirmed, the chapter is part of the book ""Handbook of Research on Student Engagement"" edited by Christenson, Reschly, and Wylie, consistent with the citation. The DOI 10.1007/978-1-4614-2018-7_24 provides a direct link to the source.

- [DOI link](https://doi.org/10.1007/978-1-4614-2018-7_24)",0.8,0.2
"Balfanz, R., Bridgeland, J. M., Moore, L. A., & Fox, J. H. (2010). *Building a grad nation: Progress and challenge in ending the high school dropout epidemic*. Civic Enterprises.",School dropout prevention programs in rural areas,deepseek_v4_pro_1600b_a49b,verified,"Balfanz, R., Bridgeland, J. M., Moore, L. A., & Fox, J. H. (2010). *Building a Grad Nation: Progress and Challenge in Ending the High School Dropout Epidemic*. Civic Enterprises. https://eric.ed.gov/?id=ED513447",MATCH,CONTAINS,MATCH,MATCH,ABSENT,Building a Grad Nation: Progress and Challenge in Ending the High School Dropout Epidemic,Robert Balfanz; John M. Bridgeland; Laura A. Moore; Joanna Hornig Fox; Civic Enterprises; Everyone Graduates Center; America's Promise--The Alliance for Youth,2010,Civic Enterprises,,https://eric.ed.gov/?id=ED513447,GOOGLE,3,0,1,1,0,Building a grad nation: Progress and challenge in ending the high school dropout epidemic,Building a Grad Nation: Progress and Challenge in Ending the High School Dropout Epidemic,"Balfanz, R.; Bridgeland, J. M.; Moore, L. A.; Fox, J. H.",Robert Balfanz; John M. Bridgeland; Laura A. Moore; Joanna Hornig Fox; Civic Enterprises; Everyone Graduates Center; America's Promise--The Alliance for Youth,2010,2010,Civic Enterprises,Civic Enterprises,,https://eric.ed.gov/?id=ED513447,1,1,1,GOOGLE,0,"✓ Title | ◐ Authors | ✓ Year | ✓ Venue | ○ ID

### Summary
This book was confirmed as published by Civic Enterprises in 2010 with the exact title ""Building a Grad Nation: Progress and Challenge in Ending the High School Dropout Epidemic."" The four named authors—Robert Balfanz, John M. Bridgeland, Laura A. Moore, and Joanna Hornig Fox—were all found in the verified record, matching the citation.

### Details
A matching record was found with the exact title and year 2010. The authors listed in the citation are a subset of the full author and contributor list in the evidence, which includes organizational authors such as Civic Enterprises and the Everyone Graduates Center. The publisher ""Civic Enterprises"" matches exactly. No DOI was found, but the record is supported by multiple sources including Google Books and the ERIC database (https://eric.ed.gov/?id=ED513447).

- https://eric.ed.gov/?id=ED513447
- http://books.google.com/books?id=RqHlZwEACAAJ&dq=Building+a+grad+nation+Progress+and+challenge+in+ending+the+high+school+dropout+epidemic+Balfanz+Bridgeland+Moore+Fox+Civic+Enterprises+2010",0.867,0.133
"Black, D. A., McKinnish, T. G., & Sanders, S. G. (2005). Tight labor markets and the demand for education: Evidence from the coal boom and bust. *Industrial and Labor Relations Review*, 59(1), 3–16.",School dropout prevention programs in rural areas,deepseek_v4_pro_1600b_a49b,verified,"Black, D. A., McKinnish, T., & Sanders, S. (2005). Tight Labor Markets and the Demand for Education: Evidence from the Coal Boom and Bust. *Industrial and Labor Relations Review*, 59(1), 3-16. https://doi.org/10.1177/001979390505900101",MATCH,MATCH,MATCH,MATCH,ABSENT,Tight Labor Markets and the Demand for Education: Evidence from the Coal Boom and Bust,Dan A. Black; Terra McKinnish; Seth Sanders,2005,Industrial and Labor Relations Review,10.1177/001979390505900101,https://doi.org/10.1177/001979390505900101,GOOGLE,4,0,0,1,0,Tight labor markets and the demand for education: Evidence from the coal boom and bust,Tight Labor Markets and the Demand for Education: Evidence from the Coal Boom and Bust,"Black, D. A.; McKinnish, T. G.; Sanders, S. G.",Dan A. Black; Terra McKinnish; Seth Sanders,2005,2005,Industrial and Labor Relations Review,Industrial and Labor Relations Review,,10.1177/001979390505900101,1,1,1,GOOGLE,0,"✓ Title | ✓ Authors | ✓ Year | ✓ Venue | ○ ID

### Summary
This article was confirmed in the Industrial and Labor Relations Review with matching authors Dan A. Black, Terra McKinnish, and Seth Sanders, and the year 2005. The title and journal details matched exactly, confirming the reference's accuracy.

### Details
A matching record was found with the exact title ""Tight Labor Markets and the Demand for Education: Evidence from the Coal Boom and Bust."" The three authors correspond exactly, with initials in the citation matching full names in the record. The year 2005 and the journal name also matched perfectly. The article is published in volume 59, issue 1, pages 3-16, and has the DOI 10.1177/001979390505900101.

- https://doi.org/10.1177/001979390505900101",1.0,0.0
"Demi, M. A., Coleman-Jensen, A., & Snyder, A. R. (2010). The rural context and secondary school enrollment: An ecological systems approach. *Journal of Research in Rural Education*, 25(7), 1–26.",School dropout prevention programs in rural areas,deepseek_v4_pro_1600b_a49b,needs-human,"Mary Ann Demi, Alisha Coleman-Jensen, Anastasia R. Snyder (2010). *The Rural Context and Post-Secondary School Enrollment: An Ecological Systems Approach*. *Journal of Research in Rural Education*, 25(7), 1-26. https://eric.ed.gov/?id=EJ901463",CONTRADICTION,MATCH,MATCH,MATCH,ABSENT,The Rural Context and Post-Secondary School Enrollment: An Ecological Systems Approach,Mary Ann Demi; Alisha Coleman-Jensen; Anastasia R. Snyder,2010,Journal of Research in Rural Education,,https://eric.ed.gov/?id=EJ901463,GOOGLE,3,1,0,1,0,The rural context and secondary school enrollment: An ecological systems approach,The Rural Context and Post-Secondary School Enrollment: An Ecological Systems Approach,"Demi, M. A.; Coleman-Jensen, A.; Snyder, A. R.",Mary Ann Demi; Alisha Coleman-Jensen; Anastasia R. Snyder,2010,2010,Journal of Research in Rural Education,Journal of Research in Rural Education,,https://eric.ed.gov/?id=EJ901463,0,0,1,GOOGLE,0,"✗ Title | ✓ Authors | ✓ Year | ✓ Venue | ○ ID

### Summary
The reference could not be fully confirmed because the title in the citation refers to ""secondary school enrollment,"" while the verified source discusses ""post-secondary school enrollment."" Although the authors, year, and journal match exactly, this difference in the main topic suggests they are not the same document. Therefore, human review is needed to clarify this discrepancy.

### Details
A matching record was found with the same authors (Mary Ann Demi, Alisha Coleman-Jensen, Anastasia R. Snyder), year (2010), and journal (Journal of Research in Rural Education). However, the title in the citation mentions ""secondary school enrollment,"" whereas the verified source's title is ""post-secondary school enrollment,"" indicating a different focus. No DOI was available to further confirm the match.

- [ERIC Record](https://eric.ed.gov/?id=EJ901463)",0.333,0.667
"Dupéré, V., Leventhal, T., Crosnoe, R., & Dion, E. (2010). Understanding the positive role of neighborhood socioeconomic advantage in achievement: The contribution of the home, child care, and school environments. *Developmental Psychology*, 46(5), 1227–1244.",School dropout prevention programs in rural areas,deepseek_v4_pro_1600b_a49b,verified,"Dupéré, V., Leventhal, T., Crosnoe, R., & Dion, É. (2010). Understanding the positive role of neighborhood socioeconomic advantage in achievement: The contribution of the home, child care, and school environments. *Developmental Psychology*, *46*(5), 1227–1244. https://doi.org/10.1037/a0020211",MATCH,MATCH,MATCH,MATCH,ABSENT,"Understanding the positive role of neighborhood socioeconomic advantage in achievement: The contribution of the home, child care, and school environments.",Véronique Dupéré; Tama Leventhal; Robert Crosnoe; Éric Dion,2010,Developmental Psychology,10.1037/a0020211,https://doi.org/10.1037/a0020211,GOOGLE,4,0,0,1,0,"Understanding the positive role of neighborhood socioeconomic advantage in achievement: The contribution of the home, child care, and school environments","Understanding the positive role of neighborhood socioeconomic advantage in achievement: The contribution of the home, child care, and school environments.","Dupéré, V.; Leventhal, T.; Crosnoe, R.; Dion, E.",Véronique Dupéré; Tama Leventhal; Robert Crosnoe; Éric Dion,2010,2010,Developmental Psychology,Developmental Psychology,,10.1037/a0020211,1,1,1,GOOGLE,0,"✓ Title | ✓ Authors | ✓ Year | ✓ Venue | ○ ID

### Summary
This article was confirmed in Developmental Psychology with matching authors Véronique Dupéré, Tama Leventhal, Robert Crosnoe, and Éric Dion, and the year 2010. The title and journal details matched exactly.

### Details
A matching record was found with the exact title ""Understanding the positive role of neighborhood socioeconomic advantage in achievement: The contribution of the home, child care, and school environments."" Four authors matched, with initials corresponding to full names. The year 2010 and the journal Developmental Psychology matched exactly. The article is published by the American Psychological Association and has the DOI 10.1037/a0020211.

- https://doi.org/10.1037/a0020211",1.0,0.0
"Hammond, C., Linton, D., Smink, J., & Drew, S. (2007). *Dropout risk factors and exemplary programs: A technical report*. National Dropout Prevention Center/Network.",School dropout prevention programs in rural areas,deepseek_v4_pro_1600b_a49b,verified-with-error,"Hammond, C., Linton, D., Smink, J., & Drew, S. (2007). Dropout risk factors and exemplary programs: A technical report. *National Dropout Prevention Center/Network*. https://files.eric.ed.gov/fulltext/ED497057.pdf",CONTAINS,MATCH,MATCH,MATCH,ABSENT,Dropout Risk Factors and Exemplary Programs,C. Hammond; D. Linton; J. Smink; S. Drew,2007,National Dropout Prevention Center/Network,,https://files.eric.ed.gov/fulltext/ED497057.pdf,GOOGLE,3,0,1,1,0,Dropout risk factors and exemplary programs: A technical report,Dropout Risk Factors and Exemplary Programs,"Hammond, C.; Linton, D.; Smink, J.; Drew, S.",C. Hammond; D. Linton; J. Smink; S. Drew,2007,2007,National Dropout Prevention Center/Network,National Dropout Prevention Center/Network,,https://files.eric.ed.gov/fulltext/ED497057.pdf,1,1,1,GOOGLE,0,"◐ Title | ✓ Authors | ✓ Year | ✓ Venue | ○ ID

### Summary
This report was confirmed as authored by Hammond, Linton, Smink, and Drew in 2007 and published by the National Dropout Prevention Center/Network. The core title ""Dropout Risk Factors and Exemplary Programs"" was verified, though the citation includes the subtitle ""A technical report"" which was not present in the candidate record.

### Details
A matching record was found with the same four authors in the same order and the year 2007 exactly matching. The publisher name also matched perfectly. The title matched closely, with the citation including the subtitle ""A technical report"" that the candidate record omitted, indicating a minor discrepancy but referring to the same document. No digital identifier such as a DOI was present in the citation. The report is accessible via the URL https://files.eric.ed.gov/fulltext/ED497057.pdf.

- https://files.eric.ed.gov/fulltext/ED497057.pdf
- https://eric.ed.gov/?id=ED497057
- https://dropoutprevention.org/resources/major-research-reports/dropout-risk-factors-and-exemplary-programs-a-technical-report/",0.833,0.167
"Irvin, M. J., Meece, J. L., Byun, S. Y., Farmer, T. W., & Hutchins, B. C. (2011). Relationship of school context to rural youth’s educational achievement and aspirations. *Journal of Youth and Adolescence*, 40(9), 1225–1242.",School dropout prevention programs in rural areas,deepseek_v4_pro_1600b_a49b,verified,"Irvin, M. J., Meece, J. L., Byun, S.-y., Farmer, T. W., & Hutchins, B. C. (2011). Relationship of school context to rural youth’s educational achievement and aspirations. *Journal of Youth and Adolescence*, 40(9), 1225-1242. https://doi.org/10.1007/s10964-011-9628-8",MATCH,MATCH,MATCH,MATCH,ABSENT,Relationship of School Context to Rural Youth’s Educational Achievement and Aspirations,Matthew J. Irvin; Judith L. Meece; Soo‐yong Byun; Thomas W. Farmer; Bryan C. Hutchins,2011,Journal of Youth and Adolescence,10.1007/s10964-011-9628-8,https://doi.org/10.1007/s10964-011-9628-8,GOOGLE,4,0,0,1,0,Relationship of school context to rural youth’s educational achievement and aspirations,Relationship of School Context to Rural Youth’s Educational Achievement and Aspirations,"Irvin, M. J.; Meece, J. L.; Byun, S. Y.; Farmer, T. W.; Hutchins, B. C.",Matthew J. Irvin; Judith L. Meece; Soo‐yong Byun; Thomas W. Farmer; Bryan C. Hutchins,2011,2011,Journal of Youth and Adolescence,Journal of Youth and Adolescence,,10.1007/s10964-011-9628-8,1,1,1,GOOGLE,0,"✓ Title | ✓ Authors | ✓ Year | ✓ Venue | ○ ID

### Summary
This article was confirmed in the Journal of Youth and Adolescence with matching authors and year. The title, author list, publication year, and journal name all matched exactly between the citation and the verified record.

### Details
A matching record was found with the exact title ""Relationship of School Context to Rural Youth’s Educational Achievement and Aspirations."" The authors matched fully, including the correct order and full names corresponding to the initials in the citation. The year 2011 and the journal name ""Journal of Youth and Adolescence"" also matched exactly. Although no identifier was provided in the citation, the verified record includes a DOI: 10.1007/s10964-011-9628-8.

- https://doi.org/10.1007/s10964-011-9628-8",1.0,0.0
"Jordan, W. J., Kostandini, G., & Mykerezi, E. (2012). Rural and urban high school dropout rates: Are they different? *Journal of Research in Rural Education*, 27(12), 1–21.",School dropout prevention programs in rural areas,deepseek_v4_pro_1600b_a49b,verified-with-error,"Jordan, J. L., Kostandini, G., & Mykerezi, E. (2012). Rural and urban high school dropout rates: Are they different? *Pennsylvania Libraries: Research & Practice (University of Pittsburgh)*, 27(12), 1-21. https://doi.org/10.18113/p8jrre2712",MATCH,MATCH,MATCH,CONTRADICTION,ABSENT,Rural and Urban High School Dropout Rates: Are They Different?,Jeffrey L. Jordan; Genti Kostandini; Elton Mykerezi,2012,Pennsylvania Libraries: Research & Practice (University of Pittsburgh),10.18113/p8jrre2712,https://doi.org/10.18113/p8jrre2712,GOOGLE,3,1,0,1,0,Rural and urban high school dropout rates: Are they different?,Rural and Urban High School Dropout Rates: Are They Different?,"Jordan, W. J.; Kostandini, G.; Mykerezi, E.",Jeffrey L. Jordan; Genti Kostandini; Elton Mykerezi,2012,2012,Journal of Research in Rural Education,Pennsylvania Libraries: Research & Practice (University of Pittsburgh),,10.18113/p8jrre2712,0,0,1,GOOGLE,0,"✓ Title | ✓ Authors | ✓ Year | ✗ Venue | ○ ID

### Summary
This article was found with matching title, authors, and year, but the journal name differs from the original citation. The article appears in ""Pennsylvania Libraries: Research & Practice (University of Pittsburgh)"" rather than the cited ""Journal of Research in Rural Education.""

### Details
A matching record was found with the exact title ""Rural and Urban High School Dropout Rates: Are They Different?"" and the same three authors: Jeffrey L. Jordan, Genti Kostandini, and Elton Mykerezi. The publication year 2012 also matched exactly. However, the journal name in the evidence is ""Pennsylvania Libraries: Research & Practice (University of Pittsburgh),"" which contradicts the cited journal. No DOI was provided in the original citation, but the evidence includes DOI 10.18113/p8jrre2712. The URL check for the DOI link failed due to a network error, so the link could not be verified.

- https://doi.org/10.18113/p8jrre2712",0.6,0.4
"Rumberger, R. W., & Lim, S. A. (2008). *Why students drop out of school: A review of 25 years of research*. California Dropout Research Project Report #15.",School dropout prevention programs in rural areas,deepseek_v4_pro_1600b_a49b,verified,"Rumberger, R. W., & Lim, S. A. (2008). *Why Students Drop Out of School: A Review of 25 Years of Research* (California Dropout Research Project Report No. 15). University of California, Santa Barbara. https://www.issuelab.org/resources/11658/11658.pdf",MATCH,MATCH,MATCH,CONTAINS,ABSENT,Why Students Drop Out of School: A Review of 25 Years of Research,Russell W. Rumberger; Sun Ah Lim,2008,California Dropout Research Project Report #15,,https://www.issuelab.org/resources/11658/11658.pdf,GOOGLE,3,0,1,1,0,Why students drop out of school: A review of 25 years of research,Why Students Drop Out of School: A Review of 25 Years of Research,"Rumberger, R. W.; Lim, S. A.",Russell W. Rumberger; Sun Ah Lim,2008,2008,California Dropout Research Project,California Dropout Research Project Report #15,,https://www.issuelab.org/resources/11658/11658.pdf,1,1,1,GOOGLE,0,"✓ Title | ✓ Authors | ✓ Year | ◐ Venue | ○ ID

### Summary
This report was confirmed as authored by Russell W. Rumberger and Sun Ah Lim in 2008. The title ""Why Students Drop Out of School: A Review of 25 Years of Research"" was matched exactly, and the publication is identified as California Dropout Research Project Report #15.

### Details
A matching record was found with the exact title and year 2008. The authors matched with initials and full names corresponding correctly. The venue is a specific report under the California Dropout Research Project, confirming the citation's accuracy. No digital object identifier (DOI) was present, but the report is accessible online via the University of California, Santa Barbara's project page.

- https://www.issuelab.org/resources/11658/11658.pdf",0.9,0.1
"Schafft, K. A. (2006). Poverty, residential mobility, and student transiency within a rural New York school district. *Rural Sociology*, 71(2), 212–231.",School dropout prevention programs in rural areas,deepseek_v4_pro_1600b_a49b,verified,"Schafft, K. A. (2006). Poverty, residential mobility, and student transiency within a rural New York school district. *Rural Sociology*, 71(2), 212-231. https://doi.org/10.1526/003601106777789710",MATCH,MATCH,MATCH,MATCH,ABSENT,"Poverty, Residential Mobility, and Student Transiency within a Rural New York School District*",Kai A. Schafft,2006,Rural Sociology,10.1526/003601106777789710,https://doi.org/10.1526/003601106777789710,GOOGLE,4,0,0,1,0,"Poverty, residential mobility, and student transiency within a rural New York school district.","Poverty, Residential Mobility, and Student Transiency within a Rural New York School District*","Schafft, K. A.",Kai A. Schafft,2006,2006,Rural Sociology,Rural Sociology,,10.1526/003601106777789710,1,1,1,GOOGLE,0,"✓ Title | ✓ Authors | ✓ Year | ✓ Venue | ○ ID

### Summary
This article was confirmed in the journal Rural Sociology with matching author Kai A. Schafft and the year 2006. The title, author, year, and journal all matched exactly.

### Details
A matching record was found with the exact title ""Poverty, Residential Mobility, and Student Transiency within a Rural New York School District"". The author Kai A. Schafft was confirmed, matching the citation's initials. The year 2006 and the journal Rural Sociology also matched exactly. The article's DOI is 10.1526/003601106777789710, providing a direct link to the source.

- https://doi.org/10.1526/003601106777789710",1.0,0.0
"Strange, M., Johnson, J., Showalter, D., & Klein, R. (2012). *Why rural matters 2011–12: The condition of rural education in the 50 states*. Rural School and Community Trust.",School dropout prevention programs in rural areas,deepseek_v4_pro_1600b_a49b,verified,"Strange, M., Johnson, J., Showalter, D., & Klein, R. (2012). *Why Rural Matters 2011-12: The Condition of Rural Education in the 50 States*. Rural School and Community Trust. https://files.eric.ed.gov/fulltext/ED528634.pdf",MATCH,MATCH,MATCH,MATCH,ABSENT,Why Rural Matters 2011-12: The Condition of Rural Education in the 50 States,Marty Strange; Jerry Johnson; Daniel Showalter; Robert Klein,2012,A Report of the Rural School and Community Trust Policy Program,,https://files.eric.ed.gov/fulltext/ED528634.pdf,GOOGLE,4,0,0,1,0,Why rural matters 2011–12: The condition of rural education in the 50 states,Why Rural Matters 2011-12: The Condition of Rural Education in the 50 States,"Strange, M.; Johnson, J.; Showalter, D.; Klein, R.",Marty Strange; Jerry Johnson; Daniel Showalter; Robert Klein,2012,2012,Rural School and Community Trust,A Report of the Rural School and Community Trust Policy Program,,https://files.eric.ed.gov/fulltext/ED528634.pdf,1,1,1,GOOGLE,0,"✓ Title | ✓ Authors | ✓ Year | ✓ Venue | ○ ID

### Summary
This report titled ""Why Rural Matters 2011-12: The Condition of Rural Education in the 50 States"" was confirmed as published in 2012 by the Rural School and Community Trust. The four authors—Marty Strange, Jerry Johnson, Daniel Showalter, and Robert Klein—were verified as the same individuals listed in the citation.

### Details
A matching record was found with the exact title and year 2012. The authors matched fully, with the citation using initials and the evidence listing full names, confirming the same four individuals in the same order. The publisher, Rural School and Community Trust, also matched exactly. Although no digital identifier like a DOI was present, the report is accessible via a reliable source URL: https://files.eric.ed.gov/fulltext/ED528634.pdf.

- https://files.eric.ed.gov/fulltext/ED528634.pdf
- https://eric.ed.gov/?id=ED528634
- https://www.semanticscholar.org/paper/Why-Rural-Matters-2011-12%3A-The-Condition-of-Rural-A-Strange-Johnson/21a245e54e49482d29fb4d5e07226adb52b6e8f9",1.0,0.0
"Brady, H. E., Verba, S., & Schlozman, K. L. (1995). Beyond SES: A resource model of political participation. *American Political Science Review*.",Voter turnout,deepseek_v4_pro_1600b_a49b,verified,"Brady, H. E., Verba, S., & Schlozman, K. L. (1995). *Beyond SES: A Resource Model of Political Participation*. *American Political Science Review*, 89(2), 271-294. https://doi.org/10.2307/2082425",MATCH,MATCH,MATCH,MATCH,ABSENT,Beyond SES: A Resource Model of Political Participation,Henry E. Brady; Sidney Verba; Kay Lehman Schlozman,1995,American Political Science Review,10.2307/2082425,https://doi.org/10.2307/2082425,GOOGLE,4,0,0,1,0,Beyond SES: A resource model of political participation,Beyond SES: A Resource Model of Political Participation,"Brady, H. E.; Verba, S.; Schlozman, K. L.",Henry E. Brady; Sidney Verba; Kay Lehman Schlozman,1995,1995,American Political Science Review,American Political Science Review,,10.2307/2082425,1,1,1,GOOGLE,0,"✓ Title | ✓ Authors | ✓ Year | ✓ Venue | ○ ID

### Summary
This article was confirmed in the American Political Science Review with matching authors Henry E. Brady, Sidney Verba, and Kay Lehman Schlozman, and the year 1995. The title ""Beyond SES: A Resource Model of Political Participation"" was verified exactly as cited.

### Details
A matching record was found with the exact title and the same three authors in the same order. The publication year 1995 and the journal name American Political Science Review also matched exactly. Although no identifier was provided in the citation, the article is associated with the DOI 10.2307/2082425, confirming the reference's accuracy.

- https://doi.org/10.2307/2082425",1.0,0.0
"Downs, A. (1957). An economic theory of political action in a democracy. *Journal of Political Economy*.",Voter turnout,deepseek_v4_pro_1600b_a49b,verified,"Downs, A. J. (1957). An economic theory of political action in a democracy. *Journal of Political Economy*, 65(2), 135-150. https://doi.org/10.1086/257897",MATCH,MATCH,MATCH,MATCH,ABSENT,An Economic Theory of Political Action in a Democracy,Anthony J. Downs,1957,Journal of Political Economy,10.1086/257897,https://doi.org/10.1086/257897,GOOGLE,4,0,0,1,0,An economic theory of political action in a democracy,An Economic Theory of Political Action in a Democracy,"Downs, A.",Anthony J. Downs,1957,1957,Journal of Political Economy,Journal of Political Economy,,10.1086/257897,1,1,1,GOOGLE,0,"✓ Title | ✓ Authors | ✓ Year | ✓ Venue | ○ ID

### Summary
This article was confirmed in the Journal of Political Economy with matching authors and year. The title ""An Economic Theory of Political Action in a Democracy"" was exactly matched, and the author Anthony J. Downs corresponds to the cited Downs, A.

### Details
A matching record was found with the exact title and year 1957. The author name matched with a recognized abbreviation (Downs, A. vs. Anthony J. Downs). The journal name also matched exactly. The article is identified with DOI 10.1086/257897 and is published in volume 65, issue 2, pages 135-150 of the Journal of Political Economy.

- https://doi.org/10.1086/257897",1.0,0.0
"Gerber, A. S., & Green, D. P. (2000). The effects of canvassing, telephone calls, and direct mail on voter turnout: A field experiment. *American Political Science Review*.",Voter turnout,deepseek_v4_pro_1600b_a49b,verified,"Gerber, A. S., & Green, D. P. (2000). The effects of canvassing, telephone calls, and direct mail on voter turnout: A field experiment. *American Political Science Review*, 94(3), 653-663. https://doi.org/10.2307/2585837",MATCH,MATCH,MATCH,MATCH,ABSENT,"The Effects of Canvassing, Telephone Calls, and Direct Mail on Voter Turnout: A Field Experiment",Alan S. Gerber; Donald P. Green,2000,American Political Science Review,10.2307/2585837,https://doi.org/10.2307/2585837,GOOGLE,4,0,0,1,0,"The effects of canvassing, telephone calls, and direct mail on voter turnout: A field experiment","The Effects of Canvassing, Telephone Calls, and Direct Mail on Voter Turnout: A Field Experiment","Gerber, A. S.; Green, D. P.",Alan S. Gerber; Donald P. Green,2000,2000,American Political Science Review,American Political Science Review,,10.2307/2585837,1,1,1,GOOGLE,0,"✓ Title | ✓ Authors | ✓ Year | ✓ Venue | ○ ID

### Summary
This article was confirmed in the American Political Science Review with matching authors Alan S. Gerber and Donald P. Green, and the year 2000. The title and journal name matched exactly.

### Details
A matching record was found with the exact title ""The Effects of Canvassing, Telephone Calls, and Direct Mail on Voter Turnout: A Field Experiment."" The authors correspond exactly, with initials in the citation matching the full names in the evidence. The year 2000 and the journal name American Political Science Review also matched perfectly. The article is published by Cambridge University Press and has the DOI 10.2307/2585837.

- https://doi.org/10.2307/2585837",1.0,0.0
"Green, D. P., & Gerber, A. S. (2019). *Get out the vote: How to increase voter turnout* (4th ed.). Brookings Institution Press.",Voter turnout,deepseek_v4_pro_1600b_a49b,verified-with-error,"Green, D. P., & Gerber, A. S. (2008). *Get Out the Vote: How to Increase Voter Turnout*. Brookings Institution Press. https://books.google.com/books?id=LKGaYyZqZbEC&dq=Get+out+the+vote%3A+How+to+increase+voter+turnout+Green+Gerber+2019+Brookings+Institution+Press+4th+ed.",MATCH,MATCH,UNCONFIRMED,UNCONFIRMED,ABSENT,Get Out the Vote: How to Increase Voter Turnout,Donald P. Green; Alan S. Gerber,2008,,,http://books.google.com/books?id=LKGaYyZqZbEC&dq=Get+out+the+vote%3A+How+to+increase+voter+turnout+Green+Gerber+2019+Brookings+Institution+Press+4th+ed.,GOOGLE,2,0,0,1,2,Get out the vote: How to increase voter turnout,Get Out the Vote: How to Increase Voter Turnout,"Green, D. P.; Gerber, A. S.",Donald P. Green; Alan S. Gerber,2019,2008,Brookings Institution Press,,,http://books.google.com/books?id=LKGaYyZqZbEC&dq=Get+out+the+vote%3A+How+to+increase+voter+turnout+Green+Gerber+2019+Brookings+Institution+Press+4th+ed.,0,0,1,GOOGLE,0,"✓ Title | ✓ Authors | ? Year | ? Venue | ○ ID

### Summary
This book titled ""Get Out the Vote: How to Increase Voter Turnout"" by Donald P. Green and Alan S. Gerber was confirmed with matching authors and title. However, the year 2019 and the publisher ""Brookings Institution Press"" could not be confirmed because the edition found in databases is from 2008, which may indicate a different edition than the one cited.

### Details
A matching record was found for the book with the exact title and authors Donald P. Green and Alan S. Gerber. The citation lists the year as 2019, but the best available match in databases shows a 2008 edition published by Brookings Institution Press. The specific 2019 edition cited was not located, so the year and publisher remain unconfirmed. No identifier such as a DOI was present in the citation to aid verification.

- [Google Books 2008 Edition](http://books.google.com/books?id=LKGaYyZqZbEC&dq=Get+out+the+vote%3A+How+to+increase+voter+turnout+Green+Gerber+2019+Brookings+Institution+Press+4th+ed.)
- [Google Books 2019 Edition](https://play.google.com/store/books/details?id=-z-HEQAAQBAJ&source=gbs_api)",0.6,0.4
"Holbein, J. B., & Hillygus, D. S. (2020). *Making young voters: Converting civic attitudes into civic action*. Cambridge University Press.",Voter turnout,deepseek_v4_pro_1600b_a49b,verified,"Holbein, J. B., & Hillygus, D. S. (2020). *Making young voters: Converting civic attitudes into civic action*. Cambridge University Press. http://books.google.com/books?id=CW7CDwAAQBAJ",MATCH,MATCH,MATCH,MATCH,ABSENT,Making Young Voters: Converting Civic Attitudes into Civic Action,John B. Holbein; D. Sunshine Hillygus,2020,Cambridge University Press,,http://books.google.com/books?id=CW7CDwAAQBAJ&dq=Making+young+voters%3A+Converting+civic+attitudes+into+civic+action+Holbein+Hillygus+Cambridge+University+Press+2020,GOOGLE,4,0,0,1,0,Making young voters: Converting civic attitudes into civic action,Making Young Voters: Converting Civic Attitudes into Civic Action,"Holbein, J. B.; Hillygus, D. S.",John B. Holbein; D. Sunshine Hillygus,2020,2020,Cambridge University Press,Cambridge University Press,,http://books.google.com/books?id=CW7CDwAAQBAJ&dq=Making+young+voters%3A+Converting+civic+attitudes+into+civic+action+Holbein+Hillygus+Cambridge+University+Press+2020,1,1,1,GOOGLE,0,"✓ Title | ✓ Authors | ✓ Year | ✓ Venue | ○ ID

### Summary
This book was confirmed as ""Making Young Voters: Converting Civic Attitudes into Civic Action"" published by Cambridge University Press in 2020. The authors John B. Holbein and D. Sunshine Hillygus were verified with matching names and order.

### Details
A matching record was found with the exact title and author names, confirming the publication year as 2020 and the publisher as Cambridge University Press. The citation and evidence matched perfectly in title, authors, year, and venue. No identifier such as a DOI was present, but the Google Books link provides additional confirmation.

- [Google Books: Making Young Voters](http://books.google.com/books?id=CW7CDwAAQBAJ&dq=Making+young+voters%3A+Converting+civic+attitudes+into+civic+action+Holbein+Hillygus+Cambridge+University+Press+2020)",1.0,0.0
"Nickerson, D. W. (2008). Is voting contagious? Evidence from two field experiments. *American Political Science Review*.",Voter turnout,deepseek_v4_pro_1600b_a49b,verified,"Nickerson, D. W. (2008). Is Voting Contagious? Evidence from Two Field Experiments. *American Political Science Review*, *102*(1), 49-57. https://doi.org/10.1017/s0003055408080039",MATCH,MATCH,MATCH,MATCH,ABSENT,Is Voting Contagious? Evidence from Two Field Experiments,David W. Nickerson,2008,American Political Science Review,10.1017/s0003055408080039,https://doi.org/10.1017/s0003055408080039,GOOGLE,4,0,0,1,0,Is voting contagious? Evidence from two field experiments,Is Voting Contagious? Evidence from Two Field Experiments,"Nickerson, D. W.",David W. Nickerson,2008,2008,American Political Science Review,American Political Science Review,,10.1017/s0003055408080039,1,1,1,GOOGLE,0,"✓ Title | ✓ Authors | ✓ Year | ✓ Venue | ○ ID

### Summary
This article was confirmed in the American Political Science Review with matching authors and year. The title ""Is Voting Contagious? Evidence from Two Field Experiments"" was exactly matched, and the author David W. Nickerson was verified as the same person as D. W. Nickerson in the citation.

### Details
A matching record was found with the exact title and year 2008. The author name matched with initials and full name considered equivalent. The journal name also matched exactly. The article is published by Cambridge University Press and has the DOI 10.1017/s0003055408080039.

- https://doi.org/10.1017/s0003055408080039",1.0,0.0
"Piven, F. F., & Cloward, R. A. (2000). *Why Americans still don't vote: And why politicians want it that way*. Beacon Press.",Voter turnout,deepseek_v4_pro_1600b_a49b,verified,"Piven, F. F., & Cloward, R. A. (2000). *Why Americans still don't vote: And why politicians want it that way* (rev. ed.). Beacon Press. https://books.google.com/books?id=iChqseXU4RIC&dq=Why+Americans+still+don%27t+vote:+And+why+politicians+want+it+that+way+Piven+Cloward+Beacon+Press+2000",MATCH,MATCH,MATCH,MATCH,ABSENT,Why Americans Still Don't Vote: And Why Politicians Want It That Way,Frances Fox Piven; Richard A. Cloward,2000,Beacon Press,,http://books.google.com/books?id=iChqseXU4RIC&dq=Why+Americans+still+don%27t+vote:+And+why+politicians+want+it+that+way+Piven+Cloward+Beacon+Press+2000,GOOGLE,4,0,0,1,0,Why Americans still don't vote: And why politicians want it that way,Why Americans Still Don't Vote: And Why Politicians Want It That Way,"Piven, F. F.; Cloward, R. A.",Frances Fox Piven; Richard A. Cloward,2000,2000,Beacon Press,Beacon Press,,http://books.google.com/books?id=iChqseXU4RIC&dq=Why+Americans+still+don%27t+vote:+And+why+politicians+want+it+that+way+Piven+Cloward+Beacon+Press+2000,1,1,1,GOOGLE,0,"✓ Title | ✓ Authors | ✓ Year | ✓ Venue | ○ ID

### Summary
This book was confirmed as ""Why Americans Still Don't Vote: And Why Politicians Want It That Way"" by Frances Fox Piven and Richard A. Cloward, published in 2000 by Beacon Press. The authors, title, year, and publisher all match exactly with the verified reference.

### Details
A matching record was found with the exact title and publication year 2000. The authors Frances Fox Piven and Richard A. Cloward were confirmed, with initials in the citation matching the full names in the evidence. The publisher Beacon Press also matched exactly. No digital identifier like a DOI was present, but the Google Books link provides strong supporting evidence.

- [Google Books record](http://books.google.com/books?id=iChqseXU4RIC&dq=Why+Americans+still+don%27t+vote:+And+why+politicians+want+it+that+way+Piven+Cloward+Beacon+Press+2000)",1.0,0.0
"Rosenstone, S. J., & Hansen, J. M. (1993). *Mobilization, participation, and democracy in America*. Macmillan Publishing Company.",Voter turnout,deepseek_v4_pro_1600b_a49b,verified,"Rosenstone, S. J., & Hansen, J. M. (1993). *Mobilization, participation, and democracy in America*. Longman Publishing Group. http://books.google.com/books?id=QyuHAAAAMAAJ&dq=Mobilization%2C+participation%2C+and+democracy+in+America+Rosenstone+Hansen+1993+Macmillan+Publishing+Company",MATCH,MATCH,MATCH,UNCONFIRMED,ABSENT,"Mobilization, Participation, and Democracy in America",Steven J. Rosenstone; John Mark Hansen,1993,,,http://books.google.com/books?id=QyuHAAAAMAAJ&dq=Mobilization%2C+participation%2C+and+democracy+in+America+Rosenstone+Hansen+1993+Macmillan+Publishing+Company,GOOGLE,3,0,0,1,1,"Mobilization, participation, and democracy in America","Mobilization, Participation, and Democracy in America","Rosenstone, S. J.; Hansen, J. M.",Steven J. Rosenstone; John Mark Hansen,1993,1993,Macmillan Publishing Company,,,http://books.google.com/books?id=QyuHAAAAMAAJ&dq=Mobilization%2C+participation%2C+and+democracy+in+America+Rosenstone+Hansen+1993+Macmillan+Publishing+Company,1,1,1,GOOGLE,0,"✓ Title | ✓ Authors | ✓ Year | ? Venue | ○ ID

### Summary
This book titled ""Mobilization, Participation, and Democracy in America"" was confirmed with matching authors Steven J. Rosenstone and John Mark Hansen, and the publication year 1993. Although the publisher name differs slightly, the core bibliographic details align well with the verified record.

### Details
A matching record was found with the exact title and author names corresponding to the citation. The year 1993 matched exactly. The publisher in the evidence is listed as Longman Publishing Group, which may be a related imprint or edition compared to the cited Macmillan Publishing Company. No DOI or other identifier was available to confirm the publisher definitively. The book has 360 pages and is listed in Google Books with a direct link for reference.

- [Google Books record](http://books.google.com/books?id=QyuHAAAAMAAJ&dq=Mobilization%2C+participation%2C+and+democracy+in+America+Rosenstone+Hansen+1993+Macmillan+Publishing+Company)",0.8,0.2
"Verba, S., Schlozman, K. L., & Brady, H. E. (1995). *Voice and equality: Civic voluntarism in American politics*. Harvard University Press.",Voter turnout,deepseek_v4_pro_1600b_a49b,verified,"Verba, S., Schlozman, K. L., & Brady, H. E. (1995). *Voice and Equality: Civic Voluntarism in American Politics*. Harvard University Press. https://books.google.com/books?id=YFiCO5f0BKAC&dq=Voice+and+equality+Verba+Schlozman+Brady+1995+Harvard+University+Press",MATCH,MATCH,MATCH,MATCH,ABSENT,Voice and Equality: Civic Voluntarism in American Politics,Sidney Verba; Kay Lehman Schlozman; Henry E. Brady,1995,Harvard University Press,,http://books.google.com/books?id=YFiCO5f0BKAC&dq=Voice+and+equality+Verba+Schlozman+Brady+1995+Harvard+University+Press,GOOGLE,4,0,0,1,0,Voice and equality: Civic voluntarism in American politics,Voice and Equality: Civic Voluntarism in American Politics,"Verba, S.; Schlozman, K. L.; Brady, H. E.",Sidney Verba; Kay Lehman Schlozman; Henry E. Brady,1995,1995,Harvard University Press,Harvard University Press,,http://books.google.com/books?id=YFiCO5f0BKAC&dq=Voice+and+equality+Verba+Schlozman+Brady+1995+Harvard+University+Press,1,1,1,GOOGLE,0,"✓ Title | ✓ Authors | ✓ Year | ✓ Venue | ○ ID

### Summary
This book was confirmed as ""Voice and Equality: Civic Voluntarism in American Politics"" published by Harvard University Press in 1995. The authors Sidney Verba, Kay Lehman Schlozman, and Henry E. Brady were all matched exactly, and the publication year and publisher also matched perfectly.

### Details
A matching record was found with the exact title ""Voice and Equality: Civic Voluntarism in American Politics."" The three authors were confirmed with full names matching the citation's initials. The year 1995 and the publisher Harvard University Press matched exactly. No digital identifier was present, but the book is listed with ISBN 9780674942936 and is available on Google Books.

- [Google Books link](http://books.google.com/books?id=YFiCO5f0BKAC&dq=Voice+and+equality+Verba+Schlozman+Brady+1995+Harvard+University+Press)",1.0,0.0
"Wolfinger, R. E., & Rosenstone, S. J. (1980). *Who votes?* Yale University Press.",Voter turnout,deepseek_v4_pro_1600b_a49b,verified,"Wolfinger, R. E., & Rosenstone, S. J. (1980). *Who Votes?* Yale University Press. http://books.google.com/books?id=XmspYgn-syYC&dq=Who+votes%3F+Wolfinger+Rosenstone+Yale+1980",MATCH,MATCH,MATCH,MATCH,ABSENT,Who Votes?,Raymond E. Wolfinger; Steven J. Rosenstone,1980,Yale University Press,,http://books.google.com/books?id=XmspYgn-syYC&dq=Who+votes%3F+Wolfinger+Rosenstone+Yale+1980,GOOGLE,4,0,0,1,0,Who votes?,Who Votes?,"Wolfinger, R. E.; Rosenstone, S. J.",Raymond E. Wolfinger; Steven J. Rosenstone,1980,1980,Yale University Press,Yale University Press,,http://books.google.com/books?id=XmspYgn-syYC&dq=Who+votes%3F+Wolfinger+Rosenstone+Yale+1980,1,1,1,GOOGLE,0,"✓ Title | ✓ Authors | ✓ Year | ✓ Venue | ○ ID

### Summary
This book was confirmed as ""Who Votes?"" published by Yale University Press in 1980, authored by Raymond E. Wolfinger and Steven J. Rosenstone. The title, authors, year, and publisher all matched exactly with the verified record.

### Details
A matching record was found with the exact title ""Who Votes?"" and the same authors, Raymond E. Wolfinger and Steven J. Rosenstone, though the citation used initials while the evidence used full names. The publication year 1980 and the publisher Yale University Press matched perfectly. No digital identifier like a DOI was present, but the book is listed with ISBN 9780300025521 and is available on Google Books.

- [Google Books record](http://books.google.com/books?id=XmspYgn-syYC&dq=Who+votes%3F+Wolfinger+Rosenstone+Yale+1980)",1.0,0.0
"Ozili, P. K. (2018). Impact of digital finance on financial inclusion and stability. *Borsa Istanbul Review, 18*(4), 329-340.",Digital financial services,deepseek_v4_pro_1600b_a49b,verified,"Ozili, P. K. (2018). Impact of digital finance on financial inclusion and stability. *Borsa Istanbul Review*, 18(4), 329-340. https://doi.org/10.1016/j.bir.2017.12.003",MATCH,MATCH,MATCH,MATCH,ABSENT,Impact of digital finance on financial inclusion and stability,Peterson K Ozili,2018,Borsa Istanbul Review,10.1016/j.bir.2017.12.003,https://doi.org/10.1016/j.bir.2017.12.003,GOOGLE,4,0,0,1,0,Impact of digital finance on financial inclusion and stability,Impact of digital finance on financial inclusion and stability,"Ozili, P. K.",Peterson K Ozili,2018,2018,Borsa Istanbul Review,Borsa Istanbul Review,,10.1016/j.bir.2017.12.003,1,1,1,GOOGLE,0,"✓ Title | ✓ Authors | ✓ Year | ✓ Venue | ○ ID

### Summary
This article was confirmed in Borsa Istanbul Review with matching authors and year. The title ""Impact of digital finance on financial inclusion and stability"" was exactly matched, and the author Peterson K Ozili corresponds to the citation author P. K. Ozili.

### Details
A matching record was found with the exact title and year 2018. The author name matched as Peterson K Ozili, which corresponds to the initials P. K. Ozili in the citation. The article was published in the Borsa Istanbul Review, volume 18, issue 4, pages 329-340. The DOI 10.1016/j.bir.2017.12.003 confirms the source.

- https://doi.org/10.1016/j.bir.2017.12.003",1.0,0.0
"Gomber, P., Koch, J. A., & Siering, M. (2017). Digital Finance and FinTech: Current research and future research directions. *Journal of Business Economics, 87*(5), 537-580.",Digital financial services,deepseek_v4_pro_1600b_a49b,verified,"Gomber, P., Koch, J.-A., & Siering, M. (2017). Digital Finance and FinTech: current research and future research directions. *Journal of Business Economics*, *87*(5), 537-580. https://doi.org/10.1007/s11573-017-0852-x",MATCH,MATCH,MATCH,MATCH,ABSENT,Digital Finance and FinTech: current research and future research directions,Peter Gomber; Jascha-Alexander Koch; Michael Siering,2017,Journal of Business Economics,10.1007/s11573-017-0852-x,https://doi.org/10.1007/s11573-017-0852-x,GOOGLE,4,0,0,1,0,Digital Finance and FinTech: Current research and future research directions,Digital Finance and FinTech: current research and future research directions,"Gomber, P.; Koch, J. A.; Siering, M.",Peter Gomber; Jascha-Alexander Koch; Michael Siering,2017,2017,Journal of Business Economics,Journal of Business Economics,,10.1007/s11573-017-0852-x,1,1,1,GOOGLE,0,"✓ Title | ✓ Authors | ✓ Year | ✓ Venue | ○ ID

### Summary
This article was confirmed in the Journal of Business Economics with matching authors Peter Gomber, Jascha-Alexander Koch, and Michael Siering, and the publication year 2017. The title ""Digital Finance and FinTech: current research and future research directions"" was verified exactly as cited.

### Details
A matching record was found with the exact title and author names corresponding to the citation. The year 2017 and the journal name ""Journal of Business Economics"" matched exactly. Although no identifier was provided in the citation, the article is associated with the DOI 10.1007/s11573-017-0852-x, confirming the reference. The article appears in volume 87, issue 5, pages 537-580.

- [DOI link](https://doi.org/10.1007/s11573-017-0852-x)",1.0,0.0
"Manyika, J., Lund, S., Singer, M., White, O., & Berry, C. (2016). Digital finance for all: Powering inclusive growth in emerging economies. *McKinsey Global Institute*.",Digital financial services,deepseek_v4_pro_1600b_a49b,verified,"Manyika, J., Lund, S., Singer, M., White, O., & Berry, C. (2016). *Digital finance for all: Powering inclusive growth in emerging economies*. McKinsey Global Institute. https://www.mckinsey.com/~/media/mckinsey/featured%20insights/employment%20and%20growth/how%20digital%20finance%20could%20boost%20growth%20in%20emerging%20economies/mg-digital-finance-for-all-full-report-september-2016.pdf",MATCH,MATCH,MATCH,MATCH,ABSENT,Digital finance for all: Powering inclusive growth in emerging economies,J. Manyika; S. Lund; M. Singer; O. White; C. Berry,2016,McKinsey Global Institute,,https://www.mckinsey.com/~/media/mckinsey/featured%20insights/employment%20and%20growth/how%20digital%20finance%20could%20boost%20growth%20in%20emerging%20economies/mg-digital-finance-for-all-full-report-september-2016.pdf,GOOGLE,4,0,0,1,0,Digital finance for all: Powering inclusive growth in emerging economies,Digital finance for all: Powering inclusive growth in emerging economies,"Manyika, J.; Lund, S.; Singer, M.; White, O.; Berry, C.",J. Manyika; S. Lund; M. Singer; O. White; C. Berry,2016,2016,McKinsey Global Institute,McKinsey Global Institute,,https://www.mckinsey.com/~/media/mckinsey/featured%20insights/employment%20and%20growth/how%20digital%20finance%20could%20boost%20growth%20in%20emerging%20economies/mg-digital-finance-for-all-full-report-september-2016.pdf,1,1,1,GOOGLE,0,"✓ Title | ✓ Authors | ✓ Year | ✓ Venue | ○ ID

### Summary
This report was confirmed as published by the McKinsey Global Institute in 2016 with the exact title ""Digital finance for all: Powering inclusive growth in emerging economies"" and the same five authors: Manyika, Lund, Singer, White, and Berry. The details of the publication match perfectly with the citation provided.

### Details
A matching record was found with the exact title and author list, including J. Manyika, S. Lund, M. Singer, O. White, and C. Berry. The year 2016 matched exactly, and the publisher is confirmed as McKinsey Global Institute. Although no DOI was present, the report is accessible via McKinsey's official website, confirming its authenticity and availability.

- https://www.mckinsey.com/~/media/mckinsey/featured%20insights/employment%20and%20growth/how%20digital%20finance%20could%20boost%20growth%20in%20emerging%20economies/mg-digital-finance-for-all-full-report-september-2016.pdf",1.0,0.0
"Jack, W., & Suri, T. (2011). Mobile money: The economics of M-PESA. *NBER Working Paper No. 16721*.",Digital financial services,deepseek_v4_pro_1600b_a49b,verified,"Jack, W., & Suri, T. (2011). Mobile Money: The Economics of M-PESA. *NBER Working Paper No. 16721*. National Bureau of Economic Research. https://doi.org/10.3386/w16721",MATCH,MATCH,MATCH,MATCH,ABSENT,Mobile Money: The Economics of M-PESA,William Jack; Tavneet Suri,2011,National Bureau of Economic Research,10.3386/w16721,https://doi.org/10.3386/w16721,GOOGLE,4,0,0,1,0,Mobile money: The economics of M-PESA,Mobile Money: The Economics of M-PESA,"Jack, W.; Suri, T.",William Jack; Tavneet Suri,2011,2011,NBER Working Paper No. 16721,National Bureau of Economic Research,,10.3386/w16721,1,1,1,GOOGLE,0,"✓ Title | ✓ Authors | ✓ Year | ✓ Venue | ○ ID

### Summary
This working paper titled ""Mobile Money: The Economics of M-PESA"" by William Jack and Tavneet Suri was confirmed as a match. The title, authors, year 2011, and the venue, National Bureau of Economic Research (NBER), all correspond exactly to the cited reference.

### Details
A matching record was found with the exact title and author names corresponding to the citation's initials and full names. The year 2011 matched exactly. The venue was confirmed as the National Bureau of Economic Research, which corresponds to the cited ""NBER Working Paper No. 16721."" Although no identifier was present in the citation, the evidence includes a DOI (10.3386/w16721) and a URL linking to the official NBER page for the paper. The detailed evidence includes the full working paper available at the DOI link, confirming the citation's accuracy.

- https://doi.org/10.3386/w16721",1.0,0.0
"Demirgüç-Kunt, A., Klapper, L., Singer, D., Ansar, S., & Hess, J. (2018). The Global Findex Database 2017: Measuring financial inclusion and the fintech revolution. *World Bank Group*.",Digital financial services,deepseek_v4_pro_1600b_a49b,verified,"Demirgüç-Kunt, A., Klapper, L., Singer, D., Ansar, S., & Hess, J. (2018). *The Global Findex Database 2017: Measuring financial inclusion and the fintech revolution*. World Bank Group. https://doi.org/10.1596/978-1-4648-1259-0",MATCH,MATCH,MATCH,MATCH,ABSENT,The Global Findex Database 2017 : Measuring Financial Inclusion and the Fintech Revolution,Asli Demirgüç-Kunt; Leora Klapper; Dorothe Singer; Saniya Ansar; Jake Hess,2018,World Bank Group,10.1596/978-1-4648-1259-0,https://documents.worldbank.org/en/publication/documents-reports/documentdetail/332881525873182837/the-global-findex-database-2017-measuring-financial-inclusion-and-the-fintech-revolution,GOOGLE,4,0,0,1,0,The Global Findex Database 2017: Measuring financial inclusion and the fintech revolution,The Global Findex Database 2017 : Measuring Financial Inclusion and the Fintech Revolution,"Demirgüç-Kunt, A.; Klapper, L.; Singer, D.; Ansar, S.; Hess, J.",Asli Demirgüç-Kunt; Leora Klapper; Dorothe Singer; Saniya Ansar; Jake Hess,2018,2018,World Bank Group,World Bank Group,,10.1596/978-1-4648-1259-0,1,1,1,GOOGLE,0,"✓ Title | ✓ Authors | ✓ Year | ✓ Venue | ○ ID

### Summary
This reference was confirmed as accurate. The title ""The Global Findex Database 2017: Measuring financial inclusion and the fintech revolution"" was verified exactly, along with the full list of authors and the publication year 2018. The publisher, World Bank Group, also matched perfectly.

### Details
A matching record was found with the exact title and author names, including Asli Demirgüç-Kunt, Leora Klapper, Dorothe Singer, Saniya Ansar, and Jake Hess. The year 2018 matched exactly, and the publisher was confirmed as World Bank Group. Although no identifier like a DOI was provided in the original citation, the verified record includes a DOI (10.1596/978-1-4648-1259-0) and a URL linking to the official World Bank document. This strong alignment across all key fields confirms the reference's accuracy.

- https://documents.worldbank.org/en/publication/documents-reports/documentdetail/332881525873182837/the-global-findex-database-2017-measuring-financial-inclusion-and-the-fintech-revolution
- https://doi.org/10.1596/978-1-4648-1259-0",1.0,0.0
"Arner, D. W., Barberis, J., & Buckley, R. P. (2016). The evolution of Fintech: A new post-crisis paradigm? *Georgetown Journal of International Law, 47*(4), 1271-1319.",Digital financial services,deepseek_v4_pro_1600b_a49b,verified,"Arner, D. W., Barberis, J., & Buckley, R. P. (2015). The evolution of Fintech: A new post-crisis paradigm?. *SSRN Electronic Journal*. https://doi.org/10.2139/ssrn.2676553",MATCH,MATCH,CONTAINS,CONTAINS,ABSENT,The Evolution of Fintech: A New Post-Crisis Paradigm?,Douglas W. Arner; Jànos Barberis; Ross P. Buckley,2015,SSRN Electronic Journal,10.2139/ssrn.2676553,https://doi.org/10.2139/ssrn.2676553,GOOGLE,2,0,2,1,0,The evolution of Fintech: A new post-crisis paradigm?,The Evolution of Fintech: A New Post-Crisis Paradigm?,"Arner, D. W.; Barberis, J.; Buckley, R. P.",Douglas W. Arner; Jànos Barberis; Ross P. Buckley,2016,2015,Georgetown Journal of International Law,SSRN Electronic Journal,,10.2139/ssrn.2676553,1,1,1,GOOGLE,0,"✓ Title | ✓ Authors | ◐ Year | ◐ Venue | ○ ID

### Summary
This article was confirmed as the same work authored by Douglas W. Arner, János Barberis, and Ross P. Buckley. The title ""The Evolution of Fintech: A New Post-Crisis Paradigm?"" matched exactly, and the authors were the same individuals despite minor differences in name formatting. The year and venue differ slightly because the evidence is from a preprint version published in 2015 on SSRN Electronic Journal, while the citation references the 2016 journal publication in Georgetown Journal of International Law.

### Details
A matching record was found with the exact title and the same three authors, confirming the core identity of the work. The evidence shows the article was initially published as a preprint in 2015 on SSRN Electronic Journal, which explains the year difference and the venue being a preprint server rather than the final journal. No DOI was provided in the citation, but the evidence includes the DOI 10.2139/ssrn.2676553. The URL check for the SSRN link returned access denied, likely due to paywall restrictions.

- [DOI link to SSRN Electronic Journal](https://doi.org/10.2139/ssrn.2676553)",0.8,0.2
"Philippon, T. (2016). The FinTech opportunity. *NBER Working Paper No. 22476*.",Digital financial services,deepseek_v4_pro_1600b_a49b,verified,"Philippon, T. (2016). The FinTech Opportunity. *National Bureau of Economic Research*. https://doi.org/10.3386/w22476",MATCH,MATCH,MATCH,MATCH,ABSENT,The FinTech Opportunity,Thomas Philippon,2016,National Bureau of Economic Research,10.3386/w22476,https://doi.org/10.3386/w22476,GOOGLE,4,0,0,1,0,The FinTech opportunity,The FinTech Opportunity,"Philippon, T.",Thomas Philippon,2016,2016,National Bureau of Economic Research,National Bureau of Economic Research,,10.3386/w22476,1,1,1,GOOGLE,0,"✓ Title | ✓ Authors | ✓ Year | ✓ Venue | ○ ID

### Summary
This working paper was confirmed in the National Bureau of Economic Research with matching author Thomas Philippon and the year 2016. The title ""The FinTech Opportunity"" was exactly matched.

### Details
A matching record was found with the exact title ""The FinTech Opportunity"" and author Thomas Philippon, which corresponds to the abbreviated citation ""Philippon, T."". The year 2016 matched exactly, and the venue was confirmed as the National Bureau of Economic Research. No identifier was provided in the original citation, but the DOI 10.3386/w22476 is associated with the verified record.

- https://doi.org/10.3386/w22476",1.0,0.0
"Aker, J. C., & Mbiti, I. M. (2010). Mobile phones and economic development in Africa. *Journal of Economic Perspectives, 24*(3), 207-232.",Digital financial services,deepseek_v4_pro_1600b_a49b,verified,"Aker, J. C., & Mbiti, I. M. (2010). Mobile phones and economic development in Africa. *The Journal of Economic Perspectives*, 24(3), 207-232. https://doi.org/10.1257/jep.24.3.207",MATCH,MATCH,MATCH,MATCH,ABSENT,Mobile Phones and Economic Development in Africa,Jenny C. Aker; Isaac Mbiti,2010,The Journal of Economic Perspectives,10.1257/jep.24.3.207,https://doi.org/10.1257/jep.24.3.207,GOOGLE,4,0,0,1,0,Mobile phones and economic development in Africa.,Mobile Phones and Economic Development in Africa,"Aker, J. C.; Mbiti, I. M.",Jenny C. Aker; Isaac Mbiti,2010,2010,Journal of Economic Perspectives,The Journal of Economic Perspectives,,10.1257/jep.24.3.207,1,1,1,GOOGLE,0,"✓ Title | ✓ Authors | ✓ Year | ✓ Venue | ○ ID

### Summary
This article was confirmed in The Journal of Economic Perspectives with matching authors Jenny C. Aker and Isaac Mbiti, and the year 2010. The title and journal details matched exactly, verifying the reference.

### Details
A matching record was found with the exact title ""Mobile Phones and Economic Development in Africa."" Both authors correspond to the citation, with initials and full names aligning correctly. The publication year 2010 matched exactly. The journal name matched, accounting for the optional leading ""The."" No identifier was provided in the citation, but the DOI 10.1257/jep.24.3.207 was found in the evidence. The article details including volume 24, issue 3, and pages 207-232 were confirmed.

- https://doi.org/10.1257/jep.24.3.207",1.0,0.0
"Chen, L. (2016). From Fintech to Finlife: The case of Fintech development in China. *China Economic Journal, 9*(3), 225-239.",Digital financial services,deepseek_v4_pro_1600b_a49b,verified,"Chen, L. (2016). From Fintech to Finlife: the case of Fintech Development in China. *China Economic Journal*, 9(3), 225-239. https://doi.org/10.1080/17538963.2016.1215057",MATCH,MATCH,MATCH,MATCH,ABSENT,From Fintech to Finlife: the case of Fintech Development in China,Long Chen,2016,China Economic Journal,10.1080/17538963.2016.1215057,https://doi.org/10.1080/17538963.2016.1215057,GOOGLE,4,0,0,1,0,From Fintech to Finlife: The case of Fintech development in China.,From Fintech to Finlife: the case of Fintech Development in China,"Chen, L.",Long Chen,2016,2016,China Economic Journal,China Economic Journal,,10.1080/17538963.2016.1215057,1,1,1,GOOGLE,0,"✓ Title | ✓ Authors | ✓ Year | ✓ Venue | ○ ID

### Summary
This article was confirmed in the China Economic Journal with matching authors and year. The title ""From Fintech to Finlife: the case of Fintech Development in China"" was exactly matched, and the author Long Chen corresponds to Chen, L. in the citation.

### Details
A matching record was found with the exact title and year 2016. The author name matched as an abbreviation (Chen, L.) corresponding to the full name Long Chen. The journal name China Economic Journal also matched exactly. No identifier was provided in the citation, but the DOI 10.1080/17538963.2016.1215057 was found in the evidence. The article appears in volume 9, issue 3, pages 225-239.

- [DOI link](https://doi.org/10.1080/17538963.2016.1215057)",1.0,0.0
"Lee, I., & Shin, Y. J. (2018). Fintech: Ecosystem, business models, investment decisions, and challenges. *Business Horizons, 61*(1), 35-46.",Digital financial services,deepseek_v4_pro_1600b_a49b,verified,"Lee, I., & Shin, Y. J. (2017). Fintech: Ecosystem, business models, investment decisions, and challenges. *Business Horizons*, 61(1), 35-46. https://doi.org/10.1016/j.bushor.2017.09.003",MATCH,MATCH,CONTAINS,MATCH,ABSENT,"Fintech: Ecosystem, business models, investment decisions, and challenges",In Lee; Yong Jae Shin,2017,Business Horizons,10.1016/j.bushor.2017.09.003,https://doi.org/10.1016/j.bushor.2017.09.003,GOOGLE,3,0,1,1,0,"Fintech: Ecosystem, business models, investment decisions, and challenges","Fintech: Ecosystem, business models, investment decisions, and challenges","Lee, I.; Shin, Y. J.",In Lee; Yong Jae Shin,2018,2017,Business Horizons,Business Horizons,,10.1016/j.bushor.2017.09.003,1,1,1,GOOGLE,0,"✓ Title | ✓ Authors | ◐ Year | ✓ Venue | ○ ID

### Summary
This article was confirmed in Business Horizons with matching authors and title. The publication year differs slightly, with the reference citing 2018 while the verified source shows 2017.

### Details
A matching record was found with the exact title ""Fintech: Ecosystem, business models, investment decisions, and challenges"" and authors In Lee and Yong Jae Shin, which corresponds to Lee, I., & Shin, Y. J. The journal Business Horizons also matched exactly. The year in the verified source is 2017, which is one year earlier than the cited 2018, but this minor discrepancy does not affect the overall match. No identifier was provided in the original citation.

- https://doi.org/10.1016/j.bushor.2017.09.003",0.9,0.1
"Bhatt, S., Weiss, D. J., Cameron, E., Bisanzio, D., Mappin, B., Dalrymple, U., Battle, K. E., Moyes, C. L., Henry, A., Eckhoff, P. A., Wenger, E. A., Briët, O., Penny, M. A., Smith, T. A., Bennett, A., Yukich, J., Eisele, T. P., Griffin, J. T., Fergus, C. A., … Gething, P. W. (2015). The effect of malaria control on Plasmodium falciparum in Africa between 2000 and 2015. *Nature*, *526*(7572), 207–211.",Malaria prevention,deepseek_v4_pro_1600b_a49b,verified,"Bhatt, S., Weiss, D. J., Cameron, E., Bisanzio, D., Mappin, B., Dalrymple, U., Battle, K. E., Moyes, C. L., Henry, A. L., Eckhoff, P. A., Wenger, E. A., Briët, O., Penny, M. A., Smith, T. A., Bennett, A., Yukich, J., Eisele, T. P., Griffin, J. T., Fergus, C., Lynch, M., ... Gething, P. W. (2015). The effect of malaria control on Plasmodium falciparum in Africa between 2000 and 2015. *Nature*, 526(7572), 207-211. https://doi.org/10.1038/nature15535",MATCH,CONTAINS,MATCH,MATCH,ABSENT,The effect of malaria control on Plasmodium falciparum in Africa between 2000 and 2015,Samir Bhatt; D. J. Weiss; Ewan Cameron; Donal Bisanzio; Bonnie Mappin; Ursula Dalrymple; Katherine E. Battle; Catherine L. Moyes; Alasdair L. Henry; Philip A. Eckhoff; Edward A. Wenger; Olivier Briët; Melissa A. Penny; Thomas A. Smith; Adam Bennett; Joshua Yukich; Thomas P. Eisele; Jamie T. Griffin; Cristin Fergus; Michael Lynch; Finn Lindgren; Justin M Cohen; Christopher Murray; David L. Smith; Simon I Hay; Richard Cibulskis; Peter W. Gething,2015,Nature,10.1038/nature15535,https://doi.org/10.1038/nature15535,GOOGLE,3,0,1,1,0,The effect of malaria control on Plasmodium falciparum in Africa between 2000 and 2015,The effect of malaria control on Plasmodium falciparum in Africa between 2000 and 2015,"Bhatt, S.; Weiss, D. J.; Cameron, E.; Bisanzio, D.; Mappin, B.; Dalrymple, U.; Battle, K. E.; Moyes, C. L.; Henry, A.; Eckhoff, P. A.; Wenger, E. A.; Briët, O.; Penny, M. A.; Smith, T. A.; Bennett, A.; Yukich, J.; Eisele, T. P.; Griffin, J. T.; Fergus, C. A.; Gething, P. W.",Samir Bhatt; D. J. Weiss; Ewan Cameron; Donal Bisanzio; Bonnie Mappin; Ursula Dalrymple; Katherine E. Battle; Catherine L. Moyes; Alasdair L. Henry; Philip A. Eckhoff; Edward A. Wenger; Olivier Briët; Melissa A. Penny; Thomas A. Smith; Adam Bennett; Joshua Yukich; Thomas P. Eisele; Jamie T. Griffin; Cristin Fergus; Michael Lynch; Finn Lindgren; Justin M Cohen; Christopher Murray; David L. Smith; Simon I Hay; Richard Cibulskis; Peter W. Gething,2015,2015,Nature,Nature,,10.1038/nature15535,1,1,1,GOOGLE,0,"✓ Title | ◐ Authors | ✓ Year | ✓ Venue | ○ ID

### Summary
This article was confirmed in Nature with matching authors and year. The title ""The effect of malaria control on Plasmodium falciparum in Africa between 2000 and 2015"" was exactly matched, and the author list from the citation is fully contained within the verified author list, confirming the reference's accuracy.

### Details
A matching record was found in OpenAlex with the exact title and year 2015. The journal Nature was confirmed, and the author list includes all cited authors plus additional names, indicating a comprehensive match. No identifier was provided in the citation, but the DOI 10.1038/nature15535 corresponds to the verified article.

- https://doi.org/10.1038/nature15535",0.867,0.133
"Lengeler, C. (2004). Insecticide-treated bed nets and curtains for preventing malaria. *Cochrane Database of Systematic Reviews*, (2), CD000363.",Malaria prevention,deepseek_v4_pro_1600b_a49b,verified,"Lengeler, C. (2004). Insecticide-treated bed nets and curtains for preventing malaria. *Cochrane Database of Systematic Reviews*, (2), CD000363. https://doi.org/10.1002/14651858.cd000363.pub2",MATCH,MATCH,MATCH,MATCH,ABSENT,Insecticide-treated bed nets and curtains for preventing malaria,Christian Lengeler,2004,Cochrane Database of Systematic Reviews,10.1002/14651858.cd000363.pub2,https://doi.org/10.1002/14651858.cd000363.pub2,GOOGLE,4,0,0,1,0,Insecticide-treated bed nets and curtains for preventing malaria,Insecticide-treated bed nets and curtains for preventing malaria,"Lengeler, C.",Christian Lengeler,2004,2004,Cochrane Database of Systematic Reviews,Cochrane Database of Systematic Reviews,,10.1002/14651858.cd000363.pub2,1,1,1,GOOGLE,0,"✓ Title | ✓ Authors | ✓ Year | ✓ Venue | ○ ID

### Summary
This article was confirmed in the Cochrane Database of Systematic Reviews with matching author Christian Lengeler and publication year 2004. The title ""Insecticide-treated bed nets and curtains for preventing malaria"" was found to match exactly.

### Details
A matching record was found with the exact title and author, confirming the citation details. The year 2004 and the journal name also matched perfectly. Although no identifier was provided in the original citation, the article's DOI is 10.1002/14651858.cd000363.pub2, linking to the official publication page.

- https://doi.org/10.1002/14651858.cd000363.pub2",1.0,0.0
"Pluess, B., Tanser, F. C., Lengeler, C., & Sharp, B. L. (2010). Indoor residual spraying for preventing malaria. *Cochrane Database of Systematic Reviews*, (4), CD006657.",Malaria prevention,deepseek_v4_pro_1600b_a49b,verified,"Pluess, B., Tanser, F., Lengeler, C., & Sharp, B. (2010). Indoor residual spraying for preventing malaria. *Cochrane Database of Systematic Reviews*, (4), CD006657. https://doi.org/10.1002/14651858.cd006657.pub2",MATCH,MATCH,MATCH,MATCH,ABSENT,Indoor residual spraying for preventing malaria,Bianca Pluess; Frank Tanser; Christian Lengeler; Brian Sharp,2010,Cochrane Database of Systematic Reviews,10.1002/14651858.cd006657.pub2,https://doi.org/10.1002/14651858.cd006657.pub2,GOOGLE,4,0,0,1,0,Indoor residual spraying for preventing malaria,Indoor residual spraying for preventing malaria,"Pluess, B.; Tanser, F. C.; Lengeler, C.; Sharp, B. L.",Bianca Pluess; Frank Tanser; Christian Lengeler; Brian Sharp,2010,2010,Cochrane Database of Systematic Reviews,Cochrane Database of Systematic Reviews,,10.1002/14651858.cd006657.pub2,1,1,1,GOOGLE,0,"✓ Title | ✓ Authors | ✓ Year | ✓ Venue | ○ ID

### Summary
This article was confirmed in the Cochrane Database of Systematic Reviews with matching authors and year. The title ""Indoor residual spraying for preventing malaria"" was exactly matched, and the four authors listed correspond perfectly.

### Details
A matching record was found with the exact title ""Indoor residual spraying for preventing malaria"" published in 2010. The authors Bianca Pluess, Frank Tanser, Christian Lengeler, and Brian Sharp were all confirmed. The journal name also matched exactly. Although no identifier was present in the original citation, the DOI 10.1002/14651858.cd006657.pub2 was found for the article, providing a direct link to the source.

- https://doi.org/10.1002/14651858.cd006657.pub2",1.0,0.0
"Rts,S Clinical Trials Partnership. (2015). Efficacy and safety of RTS,S/AS01 malaria vaccine with or without a booster dose in infants and children in Africa: Final results of a phase 3, individually randomised, controlled trial. *The Lancet*, *386*(9988), 31–45.",Malaria prevention,deepseek_v4_pro_1600b_a49b,verified,"Efficacy and safety of RTS,S/AS01 malaria vaccine with or without a booster dose in infants and children in Africa: final results of a phase 3, individually randomised, controlled trial. (2015). *The Lancet*, 386(9988), 31-45. https://doi.org/10.1016/S0140-6736(15)60721-8",MATCH,UNCONFIRMED,MATCH,MATCH,ABSENT,"Efficacy and safety of RTS,S/AS01 malaria vaccine with or without a booster dose in infants and children in Africa: final results of a phase 3, individually randomised, controlled trial",,2015,The Lancet,10.1016/s0140-6736(15)60721-8,https://doi.org/10.1016/s0140-6736(15)60721-8,GOOGLE,3,0,0,1,1,"Efficacy and safety of RTS,S/AS01 malaria vaccine with or without a booster dose in infants and children in Africa: Final results of a phase 3, individually randomised, controlled trial","Efficacy and safety of RTS,S/AS01 malaria vaccine with or without a booster dose in infants and children in Africa: final results of a phase 3, individually randomised, controlled trial","RTS,S Clinical Trials Partnership",,2015,2015,The Lancet,The Lancet,,10.1016/s0140-6736(15)60721-8,1,1,1,GOOGLE,0,"✓ Title | ? Authors | ✓ Year | ✓ Venue | ○ ID

### Summary
This article was confirmed in The Lancet with a matching title, year, and journal. Although the authorship was not explicitly confirmed due to the source lacking author details, the other key details align perfectly.

### Details
A matching record was found with the exact title ""Efficacy and safety of RTS,S/AS01 malaria vaccine with or without a booster dose in infants and children in Africa: final results of a phase 3, individually randomised, controlled trial."" The year 2015 and the journal The Lancet matched exactly. The citation did not include an identifier, but the evidence record provides a DOI: 10.1016/s0140-6736(15)60721-8. The volume (386), issue (9988), and page range (31-45) also correspond precisely.

- https://doi.org/10.1016/s0140-6736(15)60721-8",0.733,0.267
"Tusting, L. S., Ippolito, M. M., Willey, B. A., Kleinschmidt, I., Dorsey, G., Gosling, R. D., & Lindsay, S. W. (2015). The evidence for improving housing to reduce malaria: A systematic review and meta-analysis. *Malaria Journal*, *14*(1), 209.",Malaria prevention,deepseek_v4_pro_1600b_a49b,verified,"Tusting, L. S., Ippolito, M. M., Willey, B., Kleinschmidt, I., Dorsey, G., Gosling, R., & Lindsay, S. W. (2015). The evidence for improving housing to reduce malaria: a systematic review and meta-analysis. *Malaria Journal*, *14*(1), 209. https://doi.org/10.1186/s12936-015-0724-1",MATCH,MATCH,MATCH,MATCH,ABSENT,The evidence for improving housing to reduce malaria: a systematic review and meta-analysis,Lucy S. Tusting; Matthew M. Ippolito; Barbara Willey; Immo Kleinschmidt; Grant Dorsey; Roly Gosling; Steve W. Lindsay,2015,Malaria Journal,10.1186/s12936-015-0724-1,https://doi.org/10.1186/s12936-015-0724-1,GOOGLE,4,0,0,1,0,The evidence for improving housing to reduce malaria: A systematic review and meta-analysis,The evidence for improving housing to reduce malaria: a systematic review and meta-analysis,"Tusting, L. S.; Ippolito, M. M.; Willey, B. A.; Kleinschmidt, I.; Dorsey, G.; Gosling, R. D.; Lindsay, S. W.",Lucy S. Tusting; Matthew M. Ippolito; Barbara Willey; Immo Kleinschmidt; Grant Dorsey; Roly Gosling; Steve W. Lindsay,2015,2015,Malaria Journal,Malaria Journal,,10.1186/s12936-015-0724-1,1,1,1,GOOGLE,0,"✓ Title | ✓ Authors | ✓ Year | ✓ Venue | ○ ID

### Summary
This article was confirmed in Malaria Journal with matching authors and year. The title, author list, publication year, and journal all matched exactly, confirming the reference's accuracy.

### Details
A matching record was found with the exact title ""The evidence for improving housing to reduce malaria: a systematic review and meta-analysis."" All seven authors corresponded precisely, with consistent order and full names matching initials. The year 2015 and the journal Malaria Journal matched exactly. Although no identifier was present in the citation, the DOI 10.1186/s12936-015-0724-1 was found in the evidence, providing a direct link to the article.

- https://doi.org/10.1186/s12936-015-0724-1",1.0,0.0
"Killeen, G. F., Kihonda, J., Lyimo, E., Oketch, F. R., Kotas, M. E., Mathenge, E., Schellenberg, J. A., Lengeler, C., Smith, T. A., & Drakeley, C. J. (2006). Quantifying behavioural interactions between humans and mosquitoes: Evaluating the protective efficacy of insecticidal nets against malaria transmission in rural Tanzania. *BMC Infectious Diseases*, *6*(1), 161.",Malaria prevention,deepseek_v4_pro_1600b_a49b,verified,"Killeen, G. F., Kihonda, J., Lyimo, E., Oketch, F. R., Kotas, M. E., Mathenge, E., Schellenberg, J. A., Lengeler, C., Smith, T. A., & Drakeley, C. J. (2006). Quantifying behavioural interactions between humans and mosquitoes: Evaluating the protective efficacy of insecticidal nets against malaria transmission in rural Tanzania. *BMC Infectious Diseases*, *6*(1), 161. https://doi.org/10.1186/1471-2334-6-161",MATCH,MATCH,MATCH,MATCH,ABSENT,Quantifying behavioural interactions between humans and mosquitoes: Evaluating the protective efficacy of insecticidal nets against malaria transmission in rural Tanzania,Gerry F. Killeen; Japhet Kihonda; E. Lyimo; Fred R Oketch; Maya E. Kotas; Evan Mathenge; Joanna Schellenberg; Christian Lengeler; Thomas A. Smith; Chris Drakeley,2006,BMC Infectious Diseases,10.1186/1471-2334-6-161,https://doi.org/10.1186/1471-2334-6-161,GOOGLE,4,0,0,1,0,Quantifying behavioural interactions between humans and mosquitoes: Evaluating the protective efficacy of insecticidal nets against malaria transmission in rural Tanzania,Quantifying behavioural interactions between humans and mosquitoes: Evaluating the protective efficacy of insecticidal nets against malaria transmission in rural Tanzania,"Killeen, G. F.; Kihonda, J.; Lyimo, E.; Oketch, F. R.; Kotas, M. E.; Mathenge, E.; Schellenberg, J. A.; Lengeler, C.; Smith, T. A.; Drakeley, C. J.",Gerry F. Killeen; Japhet Kihonda; E. Lyimo; Fred R Oketch; Maya E. Kotas; Evan Mathenge; Joanna Schellenberg; Christian Lengeler; Thomas A. Smith; Chris Drakeley,2006,2006,BMC Infectious Diseases,BMC Infectious Diseases,,10.1186/1471-2334-6-161,1,1,1,GOOGLE,0,"✓ Title | ✓ Authors | ✓ Year | ✓ Venue | ○ ID

### Summary
This article was confirmed in BMC Infectious Diseases with matching authors and year. The title ""Quantifying behavioural interactions between humans and mosquitoes: Evaluating the protective efficacy of insecticidal nets against malaria transmission in rural Tanzania"" was exactly matched.

### Details
A matching record was found with the exact title and year 2006. All ten authors correspond between the citation and the evidence, despite differences in name formatting. The journal name BMC Infectious Diseases also matched exactly. Although no identifier was present in the citation, the article's DOI is 10.1186/1471-2334-6-161, confirming the match.

- https://doi.org/10.1186/1471-2334-6-161",1.0,0.0
"Okumu, F. O., Killeen, G. F., Ogoma, S., Biswaro, L., Smallegange, R. C., Mbeyela, E., Titus, E., Munk, C., Ngonyani, H., Takken, W., Mshinda, H., Mukabana, W. R., & Moore, S. J. (2010). Development and field evaluation of a synthetic mosquito lure that is more attractive than humans. *PLoS ONE*, *5*(1), e8951.",Malaria prevention,deepseek_v4_pro_1600b_a49b,verified,"Okumu, F. O., Killeen, G. F., Ogoma, S. B., Biswaro, L., Smallegange, R. C., Mbeyela, E., Titus, E., Munk, C. J., Ngonyani, H., Takken, W., Mshinda, H., Mukabana, W. R., & Moore, S. (2010). Development and field evaluation of a synthetic mosquito lure that is more attractive than humans. *PLoS ONE*, *5*(1), e8951. https://doi.org/10.1371/journal.pone.0008951",MATCH,MATCH,MATCH,MATCH,ABSENT,Development and Field Evaluation of a Synthetic Mosquito Lure That Is More Attractive than Humans,Fredros O. Okumu; Gerry F. Killeen; Sheila B. Ogoma; L. Biswaro; Renate C. Smallegange; Edgar Mbeyela; Emmanuel Titus; Cristina J Munk; Hassan Ngonyani; Willem Takken; Hassan Mshinda; Wolfgang R Mukabana; Sarah Moore,2010,PLoS ONE,10.1371/journal.pone.0008951,https://doi.org/10.1371/journal.pone.0008951,GOOGLE,4,0,0,1,0,Development and field evaluation of a synthetic mosquito lure that is more attractive than humans.,Development and Field Evaluation of a Synthetic Mosquito Lure That Is More Attractive than Humans,"Okumu, F. O.; Killeen, G. F.; Ogoma, S.; Biswaro, L.; Smallegange, R. C.; Mbeyela, E.; Titus, E.; Munk, C.; Ngonyani, H.; Takken, W.; Mshinda, H.; Mukabana, W. R.; Moore, S. J.",Fredros O. Okumu; Gerry F. Killeen; Sheila B. Ogoma; L. Biswaro; Renate C. Smallegange; Edgar Mbeyela; Emmanuel Titus; Cristina J Munk; Hassan Ngonyani; Willem Takken; Hassan Mshinda; Wolfgang R Mukabana; Sarah Moore,2010,2010,PLoS ONE,PLoS ONE,,10.1371/journal.pone.0008951,1,1,1,GOOGLE,1,"✓ Title | ✓ Authors | ✓ Year | ✓ Venue | ○ ID

### Summary
This article was confirmed in PLoS ONE with matching authors and year. The title ""Development and Field Evaluation of a Synthetic Mosquito Lure That Is More Attractive than Humans"" was exactly matched, and all listed authors correspond to the same individuals despite minor differences in name formatting.

### Details
A matching record was found with the exact title and year 2010. The authors matched fully, including Fredros O. Okumu, Gerry F. Killeen, and others, with consistent name variations such as initials versus full names. The journal PLoS ONE was confirmed as the publication venue. Although no identifier was provided in the original citation, the DOI 10.1371/journal.pone.0008951 corresponds to the article, accessible at https://doi.org/10.1371/journal.pone.0008951.

- https://doi.org/10.1371/journal.pone.0008951",1.0,0.0
"Alonso, P. L., Lindsay, S. W., Armstrong, J. R. M., Conteh, M., Hill, A. G., David, P. H., Fegan, G., de Francisco, A., Hall, A. J., Shenton, F. C., Cham, K., & Greenwood, B. M. (1991). The effect of insecticide-treated bed nets on mortality of Gambian children. *The Lancet*, *337*(8756), 1499–1502.",Malaria prevention,deepseek_v4_pro_1600b_a49b,verified,"Alonso, P. L., Lindsay, S. W., Armstrong, J. R. M., de Francisco, A., Shenton, F. C., Greenwood, B. M., Conteh, M.-A., Cham, K., Hill, A. G., David, P., Fegan, G., & Hall, A. J. (1991). The effect of insecticide-treated bed nets on mortality of Gambian children. *The Lancet*, *337*(8756), 1499–1502. https://doi.org/10.1016/0140-6736(91)93194-e",MATCH,MATCH,MATCH,MATCH,ABSENT,The effect of insecticide-treated bed nets on mortality of Gambian children,Pedro L. Alonso; Steven W. Lindsay; J.R.M. Armstrong; Andrés de Francisco; Fiona C. Shenton; B. M. Greenwood; Muhammad-Abbas Conteh; K. Cham; Allan G. Hill; Patricia David; Greg Fegan; A. J. Hall,1991,The Lancet,10.1016/0140-6736(91)93194-e,https://doi.org/10.1016/0140-6736(91)93194-e,GOOGLE,4,0,0,1,0,The effect of insecticide-treated bed nets on mortality of Gambian children,The effect of insecticide-treated bed nets on mortality of Gambian children,"Alonso, P. L.; Lindsay, S. W.; Armstrong, J. R. M.; Conteh, M.; Hill, A. G.; David, P. H.; Fegan, G.; de Francisco, A.; Hall, A. J.; Shenton, F. C.; Cham, K.; Greenwood, B. M.",Pedro L. Alonso; Steven W. Lindsay; J.R.M. Armstrong; Andrés de Francisco; Fiona C. Shenton; B. M. Greenwood; Muhammad-Abbas Conteh; K. Cham; Allan G. Hill; Patricia David; Greg Fegan; A. J. Hall,1991,1991,The Lancet,The Lancet,,10.1016/0140-6736(91)93194-e,1,1,1,GOOGLE,0,"✓ Title | ✓ Authors | ✓ Year | ✓ Venue | ○ ID

### Summary
This article was confirmed in The Lancet with matching authors and year. The title ""The effect of insecticide-treated bed nets on mortality of Gambian children"" was exactly matched, and all listed authors corresponded directly to those in the verified record.

### Details
A matching record was found in The Lancet from 1991 with the exact title and full author list matching the citation. The year 1991 matched exactly, and the journal name was confirmed as The Lancet. Although no identifier was provided in the original citation, the verified record includes a DOI: 10.1016/0140-6736(91)93194-e.

- https://doi.org/10.1016/0140-6736(91)93194-e",1.0,0.0
World Health Organization. (2021). *World malaria report 2021*. World Health Organization.,Malaria prevention,deepseek_v4_pro_1600b_a49b,verified,World Health Organization. (2021). *World malaria report 2021*. World Health Organization. https://www.who.int/publications/i/item/9789240040496,MATCH,MATCH,MATCH,MATCH,ABSENT,World malaria report 2021,World Health Organization,2021,World Health Organization,,https://www.who.int/publications/i/item/9789240040496,GOOGLE,4,0,0,1,0,World malaria report 2021,World malaria report 2021,World Health Organization,World Health Organization,2021,2021,World Health Organization,World Health Organization,,https://www.who.int/publications/i/item/9789240040496,1,1,1,GOOGLE,0,"✓ Title | ✓ Authors | ✓ Year | ✓ Venue | ○ ID

### Summary
This report was confirmed as the ""World malaria report 2021"" published by the World Health Organization in 2021. The title, authoring organization, publication year, and publisher all matched exactly with the verified source.

### Details
A matching record was found with the exact title ""World malaria report 2021"" authored and published by the World Health Organization in 2021. The citation fields for title, authors, year, and publisher matched perfectly. Although no DOI was provided, the official WHO publication URL was identified: https://www.who.int/publications/i/item/9789240040496. This confirms the reference is accurate and corresponds to the official WHO report.

- https://www.who.int/publications/i/item/9789240040496
- https://www.who.int/teams/global-malaria-programme/reports/world-malaria-report-2021",1.0,0.0
"Griffin, J. T., Hollingsworth, T. D., Okell, L. C., Churcher, T. S., White, M., Hinsley, W., Bousema, T., Drakeley, C. J., Ferguson, N. M., Basáñez, M.-G., & Ghani, A. C. (2010). Reducing Plasmodium falciparum malaria transmission in Africa: A model-based evaluation of intervention strategies. *PLoS Medicine*, *7*(8), e1000324.",Malaria prevention,deepseek_v4_pro_1600b_a49b,verified,"Griffin, J. T., Hollingsworth, T. D., Okell, L. C., Churcher, T. S., White, M., Hinsley, W., Bousema, T., Drakeley, C. J., Ferguson, N. M., Basáñez, M.-G., & Ghani, A. C. (2010). Reducing Plasmodium falciparum Malaria Transmission in Africa: A Model-Based Evaluation of Intervention Strategies. *PLoS Medicine*, *7*(8), e1000324. https://doi.org/10.1371/journal.pmed.1000324",MATCH,MATCH,MATCH,MATCH,ABSENT,Reducing Plasmodium falciparum Malaria Transmission in Africa: A Model-Based Evaluation of Intervention Strategies,Jamie T. Griffin; T. Déirdre Hollingsworth; Lucy Okell; Thomas S. Churcher; Michael White; Wes Hinsley; Teun Bousema; Chris Drakeley; Neil M. Ferguson; María‐Gloria Basáñez; Azra C. Ghani,2010,PLoS Medicine,10.1371/journal.pmed.1000324,https://doi.org/10.1371/journal.pmed.1000324,GOOGLE,4,0,0,1,0,Reducing Plasmodium falciparum malaria transmission in Africa: A model-based evaluation of intervention strategies,Reducing Plasmodium falciparum Malaria Transmission in Africa: A Model-Based Evaluation of Intervention Strategies,"Griffin, J. T.; Hollingsworth, T. D.; Okell, L. C.; Churcher, T. S.; White, M.; Hinsley, W.; Bousema, T.; Drakeley, C. J.; Ferguson, N. M.; Basáñez, M.-G.; Ghani, A. C.",Jamie T. Griffin; T. Déirdre Hollingsworth; Lucy Okell; Thomas S. Churcher; Michael White; Wes Hinsley; Teun Bousema; Chris Drakeley; Neil M. Ferguson; María‐Gloria Basáñez; Azra C. Ghani,2010,2010,PLoS Medicine,PLoS Medicine,,10.1371/journal.pmed.1000324,1,1,1,GOOGLE,0,"✓ Title | ✓ Authors | ✓ Year | ✓ Venue | ○ ID

### Summary
This article was confirmed in PLoS Medicine with matching authors and year. The title, author list, publication year, and journal all matched exactly with the verified record.

### Details
A matching record was found with the exact title ""Reducing Plasmodium falciparum Malaria Transmission in Africa: A Model-Based Evaluation of Intervention Strategies."" All authors listed in the citation correspond to the verified authors, despite differences in name formatting (initials vs full names). The publication year 2010 and the journal PLoS Medicine matched exactly. Although no identifier was provided in the citation, the verified record includes the DOI 10.1371/journal.pmed.1000324, confirming the article's identity.

- https://doi.org/10.1371/journal.pmed.1000324",1.0,0.0
