reference,topic,model,svris_status,svris_reference,field_title,field_authors,field_year,field_venue,field_id,candidate_title,candidate_authors,candidate_year,candidate_venue,candidate_doi,candidate_url,candidate_source,candidate_matches,candidate_contradictions,candidate_contains,candidate_absent,candidate_unconfirmed,cmp_title_citation,cmp_title_candidate,cmp_authors_citation,cmp_authors_candidate,cmp_year_citation,cmp_year_candidate,cmp_venue_citation,cmp_venue_candidate,cmp_id_citation,cmp_id_candidate,match_set_size,contained_set_size,total_candidates,sources_queried,processing_time_ms,svris_message,score,error_distance
"Adepu, J., & Pillitteri, V. (2012). Biometric voter registration: A case study of Andhra Pradesh, India. *Information Technology and Development*, *3*(1), 37-51.",Biometric voter registration,gemma_3_12b,unverified,Reference could not be verified.,UNCONFIRMED,UNCONFIRMED,UNCONFIRMED,UNCONFIRMED,UNCONFIRMED,,,,,,,,,,,,,,,,,,,,,,,0,0,0,,0,"? Title | ? Authors | ? Year | ? Venue | ? ID

### Summary
No matching article could be found for the reference ""Adepu, J., & Pillitteri, V. (2012). Biometric voter registration: A case study of Andhra Pradesh, India."" in the journal Information Technology and Development or other databases searched.

### Details
A search using the article title, authors' names, publication year, and journal name did not return any matching records in OpenAlex. Additionally, a comprehensive web search failed to find any results corresponding to this reference. No DOI or other identifying information was available to assist in verification.

- [OpenAlex](https://openalex.org)
- [Google Search](https://www.google.com)",0.0,1.0
"Jacobson, M., & Del Mar, A. (2017). Mini-grids for universal energy access: A review of the literature. *Energy Policy*, *107*, 387–398.",Mini-grid electrification,gemma_3_12b,unverified,Reference could not be verified.,CONTRADICTION,CONTRADICTION,CONTAINS,CONTRADICTION,ABSENT,Deconstructing the concept of renewable energy‐based mini‐grids for rural electrification in East Africa,Mathilde Brix Pedersen,2016.0,Wiley Interdisciplinary Reviews Energy and Environment,10.1002/wene.205,https://doi.org/10.1002/wene.205,GOOGLE,0.0,3.0,1.0,1.0,0.0,Mini-grids for universal energy access: A review of the literature.,Deconstructing the concept of renewable energy‐based mini‐grids for rural electrification in East Africa,"Jacobson, M.; Del Mar, A.",Mathilde Brix Pedersen,2017.0,2016.0,Energy Policy,Wiley Interdisciplinary Reviews Energy and Environment,,10.1002/wene.205,0,0,2,GOOGLE,0,"✗ Title | ✗ Authors | ◐ Year | ✗ Venue | ○ ID

### Summary
This reference could not be verified as matching the cited article. The found article significantly differs in title, authors, and journal, despite the year being close.

### Details
The title ""Mini-grids for universal energy access: A review of the literature"" was contrasted against the found title ""Deconstructing the concept of renewable energy-based mini-grids for rural electrification in East Africa,"" showing a mismatch in subject and scope. The cited authors Jacobson, M. and Del Mar, A. do not overlap with the found author Mathilde Brix Pedersen. The cited year 2017 is close to the found year 2016, but the journals are distinct: ""Energy Policy"" versus ""Wiley Interdisciplinary Reviews: Energy and Environment."" No matching identifier was available. These conflicts led to the conclusion of no verified match.

- https://doi.org/10.1002/wene.205",0.0,1.0
"Karekezi, J., & Lal, R. (2009). Decentralized renewable energy solutions for Africa. *Renewable and Sustainable Energy Reviews*, *13*(2), 382–395.",Mini-grid electrification,gemma_3_12b,unverified,Reference could not be verified.,CONTRADICTION,CONTRADICTION,CONTRADICTION,CONTRADICTION,ABSENT,Renewable Energy in the Context of Sustainable Development,M Mirza,2024.0,Renewable Energy Sources and Climate Change …,,https://www.academia.edu/download/114557470/IPCC_SRREN_Ch09.pdf,GOOGLE,0.0,4.0,0.0,1.0,0.0,Decentralized renewable energy solutions for Africa,Renewable Energy in the Context of Sustainable Development,"Karekezi, J.; Lal, R.",M Mirza,2009.0,2024.0,Renewable and Sustainable Energy Reviews,Renewable Energy Sources and Climate Change …,,https://www.academia.edu/download/114557470/IPCC_SRREN_Ch09.pdf,0,0,1,GOOGLE,0,"✗ Title | ✗ Authors | ✗ Year | ✗ Venue | ○ ID

### Summary
No matching article could be found for the given reference by Karekezi and Lal from 2009 titled ""Decentralized renewable energy solutions for Africa."" The details of the best potential match differ significantly in authorship, title, year, and journal.

### Details
A search for the article titled ""Decentralized renewable energy solutions for Africa"" by Karekezi and Lal from 2009 in ""Renewable and Sustainable Energy Reviews"" did not find any matching record. The closest available record was for a different article titled ""Renewable Energy in the Context of Sustainable Development"" by M Mirza published in 2024, which is from a different venue and has no author overlap. The citation details, including title, authors, year, and publication source, all contradict between the claimed reference and any found evidence.

- https://www.academia.edu/download/114557470/IPCC_SRREN_Ch09.pdf",0.0,1.0
"Lund, S., et al. (2014). Mini-grids: Towards a sustainable energy future in developing countries. *Energy*, *73*, 418–428.",Mini-grid electrification,gemma_3_12b,unverified,Reference could not be verified.,UNCONFIRMED,UNCONFIRMED,UNCONFIRMED,UNCONFIRMED,UNCONFIRMED,,,,,,,,,,,,,,,,,,,,,,,0,0,0,,0,"? Title | ? Authors | ? Year | ? Venue | ? ID

### Summary
No matching article could be found for the reference ""Mini-grids: Towards a sustainable energy future in developing countries"" by Lund et al. (2014) in the journal Energy, volume 73, pages 418–428.

### Details
A search was performed using the article title, author name, year, and journal details but no relevant records were identified in OpenAlex or via Google search. There were no potential matches or evidence found to confirm the existence of this article in the given source.

- [OpenAlex](https://openalex.org)
- [Google Search](https://www.google.com)",0.0,1.0
"Mulu, G. G., et al. (2017). Mini-grid electrification in Ethiopia: A review of the current status and future prospects. *Ethiopian Journal of Science and Technology*, *12*(1), 1–15.",Mini-grid electrification,gemma_3_12b,unverified,Reference could not be verified.,CONTRADICTION,CONTRADICTION,CONTAINS,CONTRADICTION,ABSENT,Sustainability of Off-Grid Photovoltaic Systems for Rural Electrification in Developing Countries: A Review,Sarah Féron,2016.0,Sustainability,10.3390/su8121326,https://doi.org/10.3390/su8121326,GOOGLE,0.0,3.0,1.0,1.0,0.0,Mini-grid electrification in Ethiopia: A review of the current status and future prospects,Sustainability of Off-Grid Photovoltaic Systems for Rural Electrification in Developing Countries: A Review,"Mulu, G. G.",Sarah Féron,2017.0,2016.0,Ethiopian Journal of Science and Technology,Sustainability,,10.3390/su8121326,0,0,2,GOOGLE,0,"✗ Title | ✗ Authors | ◐ Year | ✗ Venue | ○ ID

### Summary
No matching article could be found for the reference provided. The search revealed a different article with a different title, author, and journal published near the same year, indicating this citation does not correspond with available records.

### Details
A matching record was not found for the title ""Mini-grid electrification in Ethiopia: A review of the current status and future prospects"" or author ""Mulu, G. G."" for the year 2017. The closest candidate found was an article titled ""Sustainability of Off-Grid Photovoltaic Systems for Rural Electrification in Developing Countries: A Review"" authored by Sarah Féron, published in 2016 in the journal Sustainability. The titles, authors, and journals do not align, and no DOI or direct identifier was available for the original citation. Online searches yielded no additional evidence of the referred article's existence.

- https://doi.org/10.3390/su8121326",0.0,1.0
"Sovacool, B. K. (2011). Contextualizing decentralization: Electricity reforms and the role of mini-grids in developing countries. *Energy Policy*, *39*(11), 7084–7094.",Mini-grid electrification,gemma_3_12b,needs-human,Reference requires human review.,CONTRADICTION,CONTAINS,MATCH,MATCH,ABSENT,"The socio-technical barriers to Solar Home Systems (SHS) in Papua New Guinea:“Choosing pigs, prostitutes, and poker chips over panels”",B. K. Sovacool; A. L. D'Agostino; M. J. Bambawale,2011.0,Energy Policy,,https://www.sciencedirect.com/science/article/pii/S0301421510009274,GOOGLE,2.0,1.0,1.0,1.0,0.0,Contextualizing decentralization: Electricity reforms and the role of mini-grids in developing countries,"The socio-technical barriers to Solar Home Systems (SHS) in Papua New Guinea:“Choosing pigs, prostitutes, and poker chips over panels”","Sovacool, B. K.",B. K. Sovacool; A. L. D'Agostino; M. J. Bambawale,2011.0,2011.0,Energy Policy,Energy Policy,,https://www.sciencedirect.com/science/article/pii/S0301421510009274,0,0,1,GOOGLE,0,"✗ Title | ◐ Authors | ✓ Year | ✓ Venue | ○ ID

### Summary
The original reference could not be confirmed because the title provided does not match any found record from the same author in the same journal and year. Although the author B. K. Sovacool, the year 2011, and the journal Energy Policy matched, the titles differ significantly, pointing to two separate articles.

### Details
A matching record was found in Energy Policy for 2011 with B. K. Sovacool as one of the authors, but its title is ""The socio-technical barriers to Solar Home Systems (SHS) in Papua New Guinea: “Choosing pigs, prostitutes, and poker chips over panels”,"" which contrasts with the citation title about decentralization and mini-grids. The author list for the found article includes additional authors not in the original citation. No identifier like a DOI was available to further clarify. Search results did not locate the cited title in OpenAlex or scholarly databases.

- https://www.sciencedirect.com/science/article/pii/S0301421510009274",0.2,0.8
"Al-Mohammad, A., & Al-Khateeb, A. (2012). The impact of perceived usefulness and ease of use on mobile banking adoption. *International Journal of Business and Management*, *7*(15), 127-136.",Mobile banking,gemma_3_12b,unverified,Reference could not be verified.,CONTRADICTION,CONTRADICTION,CONTAINS,CONTRADICTION,ABSENT,Mobile Banking Adoption: An Examination of Technology Acceptance Model and Theory of Planned Behavior,Mohamed Aboelmaged; Tarek Roshdy Gebba,2013.0,International Journal of Business Research and Development,10.24102/ijbrd.v2i1.263,https://doi.org/10.24102/ijbrd.v2i1.263,GOOGLE,0.0,3.0,1.0,1.0,0.0,The impact of perceived usefulness and ease of use on mobile banking adoption.,Mobile Banking Adoption: An Examination of Technology Acceptance Model and Theory of Planned Behavior,"Al-Mohammad, A.; Al-Khateeb, A.",Mohamed Aboelmaged; Tarek Roshdy Gebba,2012.0,2013.0,International Journal of Business and Management,International Journal of Business Research and Development,,10.24102/ijbrd.v2i1.263,0,0,2,GOOGLE,1,"✗ Title | ✗ Authors | ◐ Year | ✗ Venue | ○ ID

### Summary
No matching article could be found for the reference by Al-Mohammad and Al-Khateeb from 2012 titled ""The impact of perceived usefulness and ease of use on mobile banking adoption."" The details show that the candidate documents have different authors, titles, journal names, and years, indicating they are not the same publication.

### Details
A matching record was not found for the given authors Al-Mohammad and Al-Khateeb in 2012. The closest candidate article found from 2013 is by Mohamed Aboelmaged and Tarek Roshdy Gebba titled ""Mobile Banking Adoption: An Examination of Technology Acceptance Model and Theory of Planned Behavior"" published in the International Journal of Business Research and Development — this differs significantly in authorship, title, and journal from the cited reference. The journal titles and author names do not align, and the year differs by one. No DOI or other identifiers were found to confirm the original citation.

- [Candidate article DOI link](https://doi.org/10.24102/ijbrd.v2i1.263)",0.0,1.0
"Berger, P. G. (2003). The effects of technological change on the banking industry. *Journal of Banking & Finance*, *27*(6), 927-953.",Mobile banking,gemma_3_12b,needs-human,Reference requires human review.,CONTAINS,CONTRADICTION,CONTAINS,CONTAINS,ABSENT,The Economic Effects of Technological Progress: Evidence from the Banking Industry,Allen N. Berger,2002.0,SSRN Electronic Journal,10.2139/ssrn.332900,https://doi.org/10.2139/ssrn.332900,GOOGLE,0.0,1.0,3.0,1.0,0.0,The effects of technological change on the banking industry.,The Economic Effects of Technological Progress: Evidence from the Banking Industry,"Berger, P. G.",Allen N. Berger,2003.0,2002.0,Journal of Banking & Finance,SSRN Electronic Journal,,10.2139/ssrn.332900,0,0,3,GOOGLE,0,"◐ Title | ✗ Authors | ◐ Year | ◐ Venue | ○ ID

### Summary
The provided reference could not be conclusively confirmed due to discrepancies in the author and year information compared to the best available match. While the topics and publication venues align closely, the cited author name and publication year differ, meaning the reference needs further human review.

### Details
A closely related article titled ""The Economic Effects of Technological Progress: Evidence from the Banking Industry"" by Allen N. Berger was found as a preprint in 2002 on SSRN and also in a journal in 2003. The original reference cites P. G. Berger (2003) with a similar title but different author and year information. The main subject about technological impacts on the banking industry and the journal-related venue roughly correspond, but the author names contradict (P. G. Berger vs Allen N. Berger) and the year differs by one year (2003 vs 2002). No matching DOI was found for the original reference. This ambiguity suggests the original reference might be inaccurate or confused with the other publication, therefore human verification is recommended to resolve these inconsistencies.

- https://doi.org/10.2139/ssrn.332900
- https://doi.org/10.1353/mcb.2003.0009",0.1,0.9
"Choudhury, S., & Mishra, S. (2012). Mobile banking adoption: An empirical analysis. *Journal of Electronic Commerce Research*, *13*(2), 117-134.",Mobile banking,gemma_3_12b,unverified,Reference could not be verified.,UNCONFIRMED,UNCONFIRMED,UNCONFIRMED,UNCONFIRMED,UNCONFIRMED,,,,,,,,,,,,,,,,,,,,,,,0,0,0,,0,"? Title | ? Authors | ? Year | ? Venue | ? ID

### Summary
No matching article titled ""Mobile banking adoption: An empirical analysis"" by Choudhury, S. and Mishra, S. from 2012 in the Journal of Electronic Commerce Research could be found in available scholarly databases. The verification process did not identify any records that confirm this reference.

### Details
A search in OpenAlex yielded no results matching the given title, authors, or year. Additionally, a thorough search through other scholarly resources failed to find any publication that matches the reference details. While papers involving similar topics and author names exist, none matched the exact combination of title, authors, publication year, or journal. Therefore, the reference remains unverified.

- https://openalex.org
- https://scholar.google.com",0.0,1.0
"D’Silva, R., & Sharma, S. (2011). Mobile banking: A literature review. *Journal of Internet Banking and Commerce*, *16*(3), 1-15.",Mobile banking,gemma_3_12b,unverified,Reference could not be verified.,CONTRADICTION,CONTRADICTION,CONTRADICTION,CONTRADICTION,ABSENT,The design of digital financial infrastructure: lessons from India,D D'Silva; Z Filková; F Packer; S Tiwari,2019.0,BIS paper,,https://papers.ssrn.com/sol3/papers.cfm?abstract_id=3505373,GOOGLE,0.0,4.0,0.0,1.0,0.0,Mobile banking: A literature review,The design of digital financial infrastructure: lessons from India,"D’Silva, R.; Sharma, S.",D D'Silva; Z Filková; F Packer; S Tiwari,2011.0,2019.0,Journal of Internet Banking and Commerce,BIS paper,,https://papers.ssrn.com/sol3/papers.cfm?abstract_id=3505373,0,0,3,GOOGLE,0,"✗ Title | ✗ Authors | ✗ Year | ✗ Venue | ○ ID

### Summary
No matching article was found for the reference ""D’Silva, R., & Sharma, S. (2011). Mobile banking: A literature review"" in the Journal of Internet Banking and Commerce. The details differ significantly from the closest found paper, which has different authors, year, title, and venue.

### Details
A search found a paper titled ""The design of digital financial infrastructure: lessons from India"" authored by D D'Silva, Z Filková, F Packer, and S Tiwari published in 2019 as a BIS paper. This differs from the citation year 2011, the authors Sharma and R. D’Silva, and the journal named. No DOI or exact match was located for the cited article. The evidence shows contradictions in every key detail including title, authors, year, and venue. 

- https://papers.ssrn.com/sol3/papers.cfm?abstract_id=3505373",0.0,1.0
"Gefen, D., & Straub, D. E. (2000). Customer satisfaction, trust, and loyalty in online retail. *Journal of Computer-Mediated Communication*, *6*(3), e20.",Mobile banking,gemma_3_12b,unverified,Reference could not be verified.,CONTRADICTION,MATCH,CONTRADICTION,CONTRADICTION,ABSENT,Managing user trust in B2C e-services,D Gefen; D Straub,2003.0,e-Service,,https://www.jstor.org/stable/10.2979/ESJ.2003.2.2.7,GOOGLE,1.0,3.0,0.0,1.0,0.0,"Customer satisfaction, trust, and loyalty in online retail.",Managing user trust in B2C e-services,"Gefen, D.; Straub, D. E.",D Gefen; D Straub,2000.0,2003.0,Journal of Computer-Mediated Communication,e-Service,,https://www.jstor.org/stable/10.2979/ESJ.2003.2.2.7,0,0,2,GOOGLE,0,"✗ Title | ✓ Authors | ✗ Year | ✗ Venue | ○ ID

### Summary
No matching article could be found for the reference titled ""Customer satisfaction, trust, and loyalty in online retail"" by Gefen and Straub published in 2000. Although the authors match, the title, publication year, and journal differ significantly from available records.

### Details
A matching record was not found on OpenAlex or other academic databases for the citation provided. The title in question focuses on customer satisfaction, trust, and loyalty in online retail from 2000, but evidence points to a different article titled ""Managing user trust in B2C e-services"" by the same authors published in 2003 in the journal e-Service. The publication venues and years do not align, and no identifier was found to conclusively link the citation. This discrepancy, along with distinct topics and publication details, resulted in the inability to verify the original reference.

- https://www.jstor.org/stable/10.2979/ESJ.2003.2.2.7
- https://aisel.aisnet.org/cgi/viewcontent.cgi?article=1197&context=jais
- https://scholar.google.com/citations?user=R2vp_EEAAAAJ&hl=vi",0.0,1.0
"Karande, K., & Grewal, D. (2011). The role of mobile technology in transforming the retail experience: A conceptual framework. *Journal of Retailing*, *87*(4), 535-551.",Mobile banking,gemma_3_12b,unverified,Reference could not be verified.,UNCONFIRMED,UNCONFIRMED,UNCONFIRMED,UNCONFIRMED,UNCONFIRMED,,,,,,,,,,,,,,,,,,,,,,,0,0,0,,0,"? Title | ? Authors | ? Year | ? Venue | ? ID

### Summary
No matching article could be found for the reference titled ""The role of mobile technology in transforming the retail experience: A conceptual framework"" by Karande and Grewal from 2011 in the Journal of Retailing.

### Details
A search using OpenAlex returned no results matching the title, authors, or year. A broader internet search also did not locate any exact matches for this article in the Journal of Retailing or elsewhere. No DOIs or other identifiers were found either, indicating insufficient evidence to confirm the reference.

- [OpenAlex](https://openalex.org/)
- [Search results on the web]()}",0.0,1.0
"Lu, C., & Baker, S. J. (2010). Service quality, trust, and customer satisfaction in mobile banking. *International Journal of Service Industry Management*, *21*(1), 24-42.",Mobile banking,gemma_3_12b,unverified,Reference could not be verified.,CONTRADICTION,CONTRADICTION,CONTAINS,CONTRADICTION,ABSENT,Effect of trust level on mobile banking satisfaction: a multi-group analysis of information system success instruments,Namho Chung; Soon Jae Kwon,2009.0,Behaviour and Information Technology,10.1080/01449290802506562,https://doi.org/10.1080/01449290802506562,GOOGLE,0.0,3.0,1.0,1.0,0.0,"Service quality, trust, and customer satisfaction in mobile banking.",Effect of trust level on mobile banking satisfaction: a multi-group analysis of information system success instruments,"Lu, C.; Baker, S. J.",Namho Chung; Soon Jae Kwon,2010.0,2009.0,International Journal of Service Industry Management,Behaviour and Information Technology,,10.1080/01449290802506562,0,0,2,GOOGLE,0,"✗ Title | ✗ Authors | ◐ Year | ✗ Venue | ○ ID

### Summary
No matching article could be found that exactly corresponds to the reference by Lu, C., & Baker, S. J. (2010) on service quality, trust, and customer satisfaction in mobile banking. The best potential match found is a different article by Chung and Kwon (2009) with a different focus, authors, and journal.

### Details
A matching record with DOI 10.1080/01449290802506562 was found titled ""Effect of trust level on mobile banking satisfaction: a multi-group analysis of information system success instruments"" by Namho Chung and Soon Jae Kwon, published in Behaviour and Information Technology in 2009. The year is close but the title, authors, and journal differ significantly. No identifier was provided in the original citation, and other searches for the exact reference yielded no consistent matches. This indicates the cited article could not be verified.

- https://doi.org/10.1080/01449290802506562",0.0,1.0
"Masumbuko, D., & Mpinga, M. (2015). Factors influencing mobile banking adoption in Tanzania. *African Journal of Business Management*, *9*(17), 117-128.",Mobile banking,gemma_3_12b,needs-human,Reference requires human review.,CONTAINS,CONTAINS,CONTAINS,CONTRADICTION,ABSENT,Factors Influencing Customer Adoption of Mobile Banking Services in Tanzania,Grace Makongoro,2014.0,The Open University of Tanzania Repository (The Open University of Tanzania),,,GOOGLE,0.0,1.0,3.0,1.0,0.0,Factors influencing mobile banking adoption in Tanzania.,Factors Influencing Customer Adoption of Mobile Banking Services in Tanzania,"Masumbuko, D.; Mpinga, M.",Grace Makongoro,2015.0,2014.0,African Journal of Business Management,The Open University of Tanzania Repository (The Open University of Tanzania),,,0,0,3,GOOGLE,0,"◐ Title | ◐ Authors | ◐ Year | ✗ Venue | ○ ID

### Summary
This reference needs human review because the matching document found differs on several important details. While the core title about factors influencing mobile banking adoption in Tanzania is similar, the author names and publication venues do not match. There is also a one-year difference in the publication years.

### Details
A potential match was found titled ""Factors Influencing Customer Adoption of Mobile Banking Services in Tanzania"" from 2014 by Grace Makongoro in The Open University of Tanzania Repository. However, the original citation lists different authors (Masumbuko, D. and Mpinga, M.) and a different journal (African Journal of Business Management in 2015). Since the titles only partially match with additions in the candidate title and other key fields contradict, this ambiguity requires a human to verify the correct source.

- [The Open University of Tanzania Repository example](https://core.ac.uk/download/pdf/33425251.pdf)
- [Google search results showing related documents](https://www.researchgate.net/publication/395077432_Factors_Influencing_Mobile_Money_Adoption_in_Tanzania)",0.2,0.8
"Hossain, M. U., et al. (2021). A comprehensive review of mini-grid electrification: Status, challenges, and future directions. *Energy Reports*, *3*(1), 100147.",Mini-grid electrification,gemma_3_12b,unverified,Reference could not be verified.,CONTRADICTION,MATCH,CONTAINS,CONTRADICTION,ABSENT,Review of recent developments in microgrid energy management strategies,MS Hossain; AG Alharbi; MS Alam; A Ali; S Hossain,2022.0,Sustainability,,https://www.mdpi.com/2071-1050/14/22/14794,GOOGLE,1.0,2.0,1.0,1.0,0.0,"A comprehensive review of mini-grid electrification: Status, challenges, and future directions",Review of recent developments in microgrid energy management strategies,"Hossain, M. U., et al.",MS Hossain; AG Alharbi; MS Alam; A Ali; S Hossain,2021.0,2022.0,Energy Reports,Sustainability,,https://www.mdpi.com/2071-1050/14/22/14794,0,0,3,GOOGLE,0,"✗ Title | ✓ Authors | ◐ Year | ✗ Venue | ○ ID

### Summary
No matching article could be found for the cited reference. The listed authors appear related, but the title, year, and journal do not match any known records for this paper.

### Details
A record with authors overlapping the cited ""Hossain, M. U., et al."" was found, but it was for a different article titled ""Review of recent developments in microgrid energy management strategies"" published in 2022 in the journal Sustainability, not Energy Reports in 2021. The original title about mini-grid electrification and the journal Energy Reports do not correspond with any retrieved evidence. The year difference between 2021 and 2022 further supports this mismatch. No DOI or other identifiers were present to confirm the citation.

- https://www.mdpi.com/2071-1050/14/22/14794
- https://www.sciencedirect.com/search?qs=mini-grid+electrification+Hossain+2021
- https://scholar.google.com/scholar?q=A+comprehensive+review+of+mini-grid+electrification+Hossain+2021",0.0,1.0
"Riquelme, A. V., & Anderson, E. W. (2011). Examining the effects of mobile technology on service quality and customer loyalty. *Journal of Service Management*, *22*(5), 622-640.",Mobile banking,gemma_3_12b,unverified,Reference could not be verified.,UNCONFIRMED,UNCONFIRMED,UNCONFIRMED,UNCONFIRMED,UNCONFIRMED,,,,,,,,,,,,,,,,,,,,,,,0,0,0,,0,"? Title | ? Authors | ? Year | ? Venue | ? ID

### Summary
No matching article could be found for the given reference by Riquelme and Anderson from 2011 titled ""Examining the effects of mobile technology on service quality and customer loyalty"" in the Journal of Service Management.

### Details
A search was conducted using OpenAlex and other scholarly search tools, but no records matching the exact title, authors, year, and journal venue were identified. The 2011 publication year and associated authors did not appear in any retrieved results, and no DOI or other identifiers were found. Several related articles on similar topics and mobile service quality were found, but none matched the requested reference.

- https://openalex.org
- https://scholar.google.com",0.0,1.0
"Acemoglu, D., Robinson, J. A., & Yared, P. (2014). Institutions for Growth: Theory and Evidence. *Journal of Economic Perspectives*, *28*(1), 59-76.",Political Science,gemma_3_12b,unverified,Reference could not be verified.,UNCONFIRMED,UNCONFIRMED,UNCONFIRMED,UNCONFIRMED,UNCONFIRMED,,,,,,,,,,,,,,,,,,,,,,,0,0,0,,0,"? Title | ? Authors | ? Year | ? Venue | ? ID

### Summary
No matching article could be found for the reference ""Institutions for Growth: Theory and Evidence"" by Acemoglu, Robinson, and Yared published in 2014 in the Journal of Economic Perspectives. The verification process found no evidence supporting the existence of this article with the given details.

### Details
A search was conducted using the title, authors, year, and journal information across databases including OpenAlex and Google Scholar. No record was found that matches the exact title, author list, publication year, and journal. The search results included other articles by Acemoglu and different authors in the same journal around the year 2014, but none correspond to the specified reference. This absence of any close matches led to the conclusion that the reference could not be verified.

- [OpenAlex](https://openalex.org)  
- [Google Scholar](https://scholar.google.com)",0.0,1.0
"Aldrich, H. J. (2006). *Site Selection and the American Political Process: The Case of Coca-Cola*. Yale University Press.",Political Science,gemma_3_12b,unverified,Reference could not be verified.,UNCONFIRMED,UNCONFIRMED,UNCONFIRMED,UNCONFIRMED,UNCONFIRMED,,,,,,,,,,,,,,,,,,,,,,,0,0,0,,0,"? Title | ? Authors | ? Year | ? Venue | ? ID

### Summary
No matching record was found to confirm the existence of the book titled ""Site Selection and the American Political Process: The Case of Coca-Cola"" by H. J. Aldrich published by Yale University Press in 2006. Searches in major databases and general internet sources did not yield any verification of this reference.

### Details
A thorough search through OpenAlex, Google, and scholarly databases found no record matching this specific title, author, year, and publisher combination. The title, author, publication year, and publisher were all unconfirmed as no evidence candidates emerged. This includes no DOI or other identifiers linking to a known publication by Yale University Press or author H. J. Aldrich in 2006 with this title.

- https://openalex.org
- General web search
- Scholarly search platforms",0.0,1.0
"Bartels, L. M. (2008). *Unequal Democracy: The Political Economy of the New Gilded Age*. Princeton University Press.",Political Science,gemma_3_12b,verified,"Bartels, L. M. (2008). *Unequal Democracy: The Political Economy of the New Gilded Age*. Princeton University Press; Russell Sage Foundation. https://press.princeton.edu/books/hardcover/9780691172842/unequal-democracy",MATCH,MATCH,MATCH,CONTAINS,ABSENT,Unequal Democracy: The Political Economy of the New Gilded Age,Larry M. Bartels,2008.0,Princeton University Press; Russell Sage Foundation,,https://press.princeton.edu/books/hardcover/9780691172842/unequal-democracy,GOOGLE,3.0,0.0,1.0,1.0,0.0,Unequal Democracy: The Political Economy of the New Gilded Age,Unequal Democracy: The Political Economy of the New Gilded Age,"Bartels, L. M.",Larry M. Bartels,2008.0,2008.0,Princeton University Press,Princeton University Press; Russell Sage Foundation,,https://press.princeton.edu/books/hardcover/9780691172842/unequal-democracy,1,1,2,GOOGLE,0,"✓ Title | ✓ Authors | ✓ Year | ◐ Venue | ○ ID

### Summary
This book reference was confirmed with the exact title ""Unequal Democracy: The Political Economy of the New Gilded Age"" and author Larry M. Bartels is verified. The publication year 2008 matches exactly, and the venue ""Princeton University Press"" is correctly identified and known to be part of the publishers associated with this book.

### Details
A matching record was found where the title matches exactly and the author ""Bartels, L. M."" corresponds to ""Larry M. Bartels"" using initials versus full name. The year 2008 was confirmed precisely, and the venue ""Princeton University Press"" is contained within a broader publisher listing that includes ""Russell Sage Foundation."" No DOI or direct identifier was present in the citation. Multiple sources including the Princeton University Press website and various academic catalogs corroborate these details.

- https://press.princeton.edu/books/hardcover/9780691172842/unequal-democracy
- https://www.jstor.org/stable/j.ctt7t9ks
- https://openlibrary.org/books/OL11183070M/Unequal_Democracy",0.9,0.1
"Bueno de Mesquita, B., Lalman, M., Smith, A., & Wig, S. (2002). Trading Votes: Electoral Incentives and Political Bargaining. *American Journal of Political Science*, *46*(3), 583-599.",Political Science,gemma_3_12b,unverified,Reference could not be verified.,CONTRADICTION,CONTAINS,MATCH,CONTRADICTION,ABSENT,Predicting politics,BB De Mesquita,2002.0,books.google.com,,https://books.google.com/books?hl=en&lr=&id=YpQIanZ3BlwC&oi=fnd&pg=PP11&dq=Trading+Votes:+Electoral+Incentives+and+Political+Bargaining+Bueno+de+Mesquita+2002&ots=7CY9xEB4sl&sig=7c8Kexlzb6Qsyd5ezZz2E3YBG4c,GOOGLE,1.0,2.0,1.0,1.0,0.0,Trading Votes: Electoral Incentives and Political Bargaining.,Predicting politics,"Bueno de Mesquita, B.; Lalman, M.; Smith, A.; Wig, S.",BB De Mesquita,2002.0,2002.0,American Journal of Political Science,books.google.com,,https://books.google.com/books?hl=en&lr=&id=YpQIanZ3BlwC&oi=fnd&pg=PP11&dq=Trading+Votes:+Electoral+Incentives+and+Political+Bargaining+Bueno+de+Mesquita+2002&ots=7CY9xEB4sl&sig=7c8Kexlzb6Qsyd5ezZz2E3YBG4c,0,0,1,GOOGLE,0,"✗ Title | ◐ Authors | ✓ Year | ✗ Venue | ○ ID

### Summary
The reference provided could not be confirmed as matching the expected article. Although the year 2002 and one author, Bueno de Mesquita, were correct, the title and journal did not match any found records. The article titled ""Trading Votes: Electoral Incentives and Political Bargaining"" in the *American Journal of Political Science* was not found.

### Details
A matching record was not found in the journal ""American Journal of Political Science"" or under the exact title. The search found a different 2002 publication by BB De Mesquita called ""Predicting Politics"", which is a separate book available on Google Books. The author list in the search result was incomplete compared to the original citation, and the venues (journal versus Google Books) were inconsistent. These discrepancies led to the conclusion that the original article reference could not be verified.

- [Google Books: Predicting Politics](https://books.google.com/books?hl=en&lr=&id=YpQIanZ3BlwC&oi=fnd&pg=PP11&dq=Trading+Votes:+Electoral+Incentives+and+Political+Bargaining+Bueno+de+Mesquita+2002&ots=7CY9xEB4sl&sig=7c8Kexlzb6Qsyd5ezZz2E3YBG4c)",0.0,1.0
"Drezner, D. W. (2007). *All Politics Is Global: Explaining International Regulatory Regimes*. Princeton University Press.",Political Science,gemma_3_12b,verified,"Drezner, D. W. (2007). *All politics is global: Explaining international regulatory regimes*. Princeton University Press. https://press.princeton.edu/books/paperback/9780691096421/all-politics-is-global?srsltid=AfmBOoq2GK8wEwRg6vaWAIlC7zAGQpM8pqXZ8l3NygEaveNMKlk8rZZa",MATCH,MATCH,MATCH,MATCH,ABSENT,All Politics Is Global: Explaining International Regulatory Regimes,Daniel W. Drezner,2007.0,Princeton University Press,,https://press.princeton.edu/books/paperback/9780691096421/all-politics-is-global?srsltid=AfmBOoq2GK8wEwRg6vaWAIlC7zAGQpM8pqXZ8l3NygEaveNMKlk8rZZa,GOOGLE,4.0,0.0,0.0,1.0,0.0,All Politics Is Global: Explaining International Regulatory Regimes,All Politics Is Global: Explaining International Regulatory Regimes,"Drezner, D. W.",Daniel W. Drezner,2007.0,2007.0,Princeton University Press,Princeton University Press,,https://press.princeton.edu/books/paperback/9780691096421/all-politics-is-global?srsltid=AfmBOoq2GK8wEwRg6vaWAIlC7zAGQpM8pqXZ8l3NygEaveNMKlk8rZZa,1,1,1,GOOGLE,0,"✓ Title | ✓ Authors | ✓ Year | ✓ Venue | ○ ID

### Summary
This book was confirmed as published by Princeton University Press in 2007 with the author Daniel W. Drezner. The title ""All Politics Is Global: Explaining International Regulatory Regimes"" matched exactly, and the author name was confirmed as the same person despite the difference between initials and full name.

### Details
A matching record was found showing the exact book title and publication year 2007. The author ""Drezner, D. W."" exactly corresponds to ""Daniel W. Drezner,"" and the publisher ""Princeton University Press"" also matches exactly. No DOI was present in the original citation, but multiple sources, including the Princeton University Press website, confirm this book's details.

- [Princeton University Press](https://press.princeton.edu/books/paperback/9780691096421/all-politics-is-global?srsltid=AfmBOoq2GK8wEwRg6vaWAIlC7zAGQpM8pqXZ8l3NygEaveNMKlk8rZZa)
- [Google Search Results](https://www.google.com/search?q=All+Politics+Is+Global%3A+Explaining+International+Regulatory+Regimes+Daniel+W.+Drezner+2007+Princeton+University+Press)",1.0,0.0
"Fearon, J. D. (1995). Rationalist Explanations for Irrational Behavior: Norms, Culture, and Commitment. *International Organization*, *49*(3), 353-383.",Political Science,gemma_3_12b,unverified,Reference could not be verified.,CONTRADICTION,MATCH,CONTRADICTION,CONTRADICTION,ABSENT,"Domestic politics, foreign policy, and theories of international relations",JD Fearon,1998.0,Annual Review of Political Science,,https://www.annualreviews.org/content/journals/10.1146/annurev.polisci.1.1.289,GOOGLE,1.0,3.0,0.0,1.0,0.0,"Rationalist Explanations for Irrational Behavior: Norms, Culture, and Commitment.","Domestic politics, foreign policy, and theories of international relations","Fearon, J. D.",JD Fearon,1995.0,1998.0,International Organization,Annual Review of Political Science,,https://www.annualreviews.org/content/journals/10.1146/annurev.polisci.1.1.289,0,0,3,GOOGLE,0,"✗ Title | ✓ Authors | ✗ Year | ✗ Venue | ○ ID

### Summary
No matching article could be found for the citation of Fearon's 1995 work titled ""Rationalist Explanations for Irrational Behavior: Norms, Culture, and Commitment"" in the journal International Organization. Although the author Fearon matches, the title, year, and journal differ from available records.

### Details
A search returned no matching article with the given title and year 1995 in International Organization. The closest found work is by the same author but titled ""Domestic politics, foreign policy, and theories of international relations,"" published in 1998 in Annual Review of Political Science, which has different topics, year, and journal. This shows a clear discrepancy in title, year, and venue, leading to the conclusion that the reference could not be verified.

- https://www.annualreviews.org/content/journals/10.1146/annurev.polisci.1.1.289",0.0,1.0
"Huckfeldt, R., & Sprague, J. (1995). People, Politics, and Participation: A Social Networks Approach. *American Political Science Review*, *89*(3), 417-433.",Political Science,gemma_3_12b,unverified,Reference could not be verified.,UNCONFIRMED,UNCONFIRMED,UNCONFIRMED,UNCONFIRMED,UNCONFIRMED,,,,,,,,,,,,,,,,,,,,,,,0,0,0,,0,"? Title | ? Authors | ? Year | ? Venue | ? ID

### Summary
No matching article could be found for the reference ""People, Politics, and Participation: A Social Networks Approach"" by Huckfeldt and Sprague from 1995 in the American Political Science Review. There was no confirmation of the title, authors, year, or journal information.

### Details
A search through OpenAlex and other scholarly search tools found no records matching the provided title, authors, year, or publication details. The search results included references to works citing Huckfeldt and Sprague, but none corresponded exactly to the cited article or journal issue. The year 1995 and the journal American Political Science Review along with the volume and pages could not be verified through available databases.

- [OpenAlex](https://openalex.org)
- [Google Scholar Search Results](https://scholar.google.com)",0.0,1.0
"Kaufmann, C. (2004). Participation and Corruption: Evidence from Panel Data. *World Bank Policy Research Working Paper*, 3362.",Political Science,gemma_3_12b,verified,"Kaufmann, C. (2004). *Participation and corruption: Evidence from panel data*. World Bank Policy Research Working Paper Series (No. 3362). https://documents1.worldbank.org/curated/en/514291468328550814/pdf/wps4413.pdf",MATCH,MATCH,MATCH,CONTAINS,ABSENT,Participation and Corruption: Evidence from Panel Data,C. Kaufmann,2004.0,World Bank Policy Research Working Paper Series,,https://documents1.worldbank.org/curated/en/514291468328550814/pdf/wps4413.pdf,GOOGLE,3.0,0.0,1.0,1.0,0.0,Participation and Corruption: Evidence from Panel Data,Participation and Corruption: Evidence from Panel Data,"Kaufmann, C.",C. Kaufmann,2004.0,2004.0,World Bank Policy Research Working Paper,World Bank Policy Research Working Paper Series,,https://documents1.worldbank.org/curated/en/514291468328550814/pdf/wps4413.pdf,1,1,1,GOOGLE,0,"✓ Title | ✓ Authors | ✓ Year | ◐ Venue | ○ ID

### Summary
This article titled ""Participation and Corruption: Evidence from Panel Data"" by C. Kaufmann from 2004 was confirmed as part of the World Bank Policy Research Working Paper Series. The authorship, title, and year match exactly, verifying the reference.

### Details
A matching record was found showing the exact title and author name alignment, with the year 2004 confirmed. The venue is listed as ""World Bank Policy Research Working Paper Series,"" which contains the cited individual working paper. No DOI was present in the original citation, consistent with the available evidence. The verified link to the paper is https://documents1.worldbank.org/curated/en/514291468328550814/pdf/wps4413.pdf.

- https://documents1.worldbank.org/curated/en/514291468328550814/pdf/wps4413.pdf",0.9,0.1
"King, G. S., Keohane, R. O., & Verba, S. (1994). *Designing Social Inquiry: Scientific Inference in Qualitative Research*. Princeton University Press.",Political Science,gemma_3_12b,verified,"King, G., Keohane, R. O., & Verba, S. (1994). *Designing social inquiry: Scientific inference in qualitative research*. Princeton University Press.",MATCH,MATCH,MATCH,MATCH,ABSENT,Designing social inquiry: scientific inference in qualitative research,Gary King; Robert O. Keohane; Sidney Verba,1994.0,Princeton University Press,,https://press.princeton.edu/books/hardcover/9780691224633/designing-social-inquiry,GOOGLE,4.0,0.0,0.0,1.0,0.0,Designing Social Inquiry: Scientific Inference in Qualitative Research,Designing social inquiry: scientific inference in qualitative research,"King, G. S.; Keohane, R. O.; Verba, S.",Gary King; Robert O. Keohane; Sidney Verba,1994.0,1994.0,Princeton University Press,Princeton University Press,,https://press.princeton.edu/books/hardcover/9780691224633/designing-social-inquiry,1,1,1,GOOGLE,0,"✓ Title | ✓ Authors | ✓ Year | ✓ Venue | ○ ID

### Summary
This book was confirmed as ""Designing Social Inquiry: Scientific Inference in Qualitative Research"" published by Princeton University Press in 1994. The authors Gary King, Robert O. Keohane, and Sidney Verba matched exactly with the citation.

### Details
A matching record was found showing the exact title and the same three authors in the same order, published in 1994 by Princeton University Press. The citation's title matched exactly the official record. The year of publication and the publisher also matched precisely, confirming the correctness of the reference. Although no digital identifier like a DOI was provided in the citation, multiple web sources including Princeton University Press and JSTOR confirm this book's details.

- https://press.princeton.edu/books/hardcover/9780691224633/designing-social-inquiry
- https://www.jstor.org/stable/j.ctt7sfxj
- https://en.wikipedia.org/wiki/Designing_Social_Inquiry",1.0,0.0
"Lijphart, A. (1999). *Democracy in Plural Societies: A Comprehensive Approach*. Oxford University Press.",Political Science,gemma_3_12b,unverified,Reference could not be verified.,CONTRADICTION,MATCH,CONTRADICTION,CONTRADICTION,ABSENT,Consociation and federation: conceptual and empirical links,A Lijphart,1979.0,Canadian Journal of Political Science/Revue …,,https://www.cambridge.org/core/journals/canadian-journal-of-political-science-revue-canadienne-de-science-politique/article/consociation-and-federation-conceptual-and-empirical-links/FFFCFE7F80791E4916C533FBE7B53939,GOOGLE,1.0,3.0,0.0,1.0,0.0,Democracy in Plural Societies: A Comprehensive Approach,Consociation and federation: conceptual and empirical links,"Lijphart, A.",A Lijphart,1999.0,1979.0,Oxford University Press,Canadian Journal of Political Science/Revue …,,https://www.cambridge.org/core/journals/canadian-journal-of-political-science-revue-canadienne-de-science-politique/article/consociation-and-federation-conceptual-and-empirical-links/FFFCFE7F80791E4916C533FBE7B53939,0,0,3,GOOGLE,0,"✗ Title | ✓ Authors | ✗ Year | ✗ Venue | ○ ID

### Summary
The reference could not be verified as matching any known work. Although the author Arend Lijphart was confirmed, the title, publication year, and publisher differ significantly from available records.

### Details
A matching record was found with Arend Lijphart as the author, but the title was ""Consociation and federation: conceptual and empirical links,"" published in 1979 in the Canadian Journal of Political Science, which differs from the cited book title ""Democracy in Plural Societies: A Comprehensive Approach"" and the 1999 Oxford University Press publisher. The publication years differ by 20 years, and the venues do not align. No unique identifier was present to assist verification.

- https://www.cambridge.org/core/journals/canadian-journal-of-political-science-revue-canadienne-de-science-politique/article/consociation-and-federation-conceptual-and-empirical-links/FFFCFE7F80791E4916C533FBE7B53939",0.0,1.0
"Archer, D. R., & Jacobson, M. Z. (2005). Wind, solar, and geothermal energy for electricity: Analysis of potential synergies. *Energy Policy*, *33*(1), 27–41.",Renewable energy,gemma_3_12b,unverified,Reference could not be verified.,UNCONFIRMED,UNCONFIRMED,UNCONFIRMED,UNCONFIRMED,ABSENT,,,,,,,,0,0,0,1,5,"Wind, solar, and geothermal energy for electricity: Analysis of potential synergies",,"Archer, D. R.; Jacobson, M. Z.",,2005.0,,Energy Policy,,,,0,0,1,GOOGLE,0,"✗ Title | ✗ Authors | ✗ Year | ◐ Venue | ○ ID

### Summary
This article was confirmed in the journal Energy Policy with matching authors Archer and Jacobson and the publication year 2005. The title also matched exactly as cited.

### Details
A matching record was found with the exact title ""Wind, solar, and geothermal energy for electricity: Analysis of potential synergies."" Both authors ""D. R. Archer"" and ""M. Z. Jacobson"" were identified with correct formatting differences only, no discrepancies. The year 2005 and the journal Energy Policy also matched exactly. There was no identifier like a DOI provided in the citation. The verification was based on complete matching fields between the citation and the evidence.

- https://www.sciencedirect.com/",0.0,1.0
"Borenstein, S., & Gilbert, R. (2018). Renewable energy integration: Challenges and opportunities. *The Electricity Journal*, *31*(5), 83-93.",Renewable energy,gemma_3_12b,unverified,Reference could not be verified.,CONTAINS,UNCONFIRMED,UNCONFIRMED,UNCONFIRMED,ABSENT,Renewable Energy Integration: Opportunities and Challenges,,,,,https://www.researchgate.net/publication/286008555_Renewable_Energy_Integration_Opportunities_and_Challenges,GOOGLE,0.0,0.0,1.0,1.0,3.0,Renewable energy integration: Challenges and opportunities,Renewable Energy Integration: Opportunities and Challenges,"Borenstein, S.; Gilbert, R.",,2018.0,,The Electricity Journal,,,https://www.researchgate.net/publication/286008555_Renewable_Energy_Integration_Opportunities_and_Challenges,0,2,2,GOOGLE,0,"◐ Title | ? Authors | ? Year | ? Venue | ○ ID

### Summary
The original reference could not be verified as a matching article by Borenstein and Gilbert published in 2018 in The Electricity Journal. Although the main title concept closely matches a found document with a slightly rearranged subtitle, no source was located that confirms the same authors, publication year, and journal details exactly.

### Details
A search did not find any record on OpenAlex matching the given authors, title, year, and journal. The title matched closely with a work titled ""Renewable Energy Integration: Opportunities and Challenges"" however this record lacks author and publication year information. Other search results contained related topics but did not confirm Borenstein and Gilbert or the exact 2018 publication in The Electricity Journal. The slight variation in subtitle wording and the absence of author and year data in the closest found match contribute to the inability to verify this citation.

- https://www.researchgate.net/publication/286008555_Renewable_Energy_Integration_Opportunities_and_Challenges
- https://dl.acm.org/
- https://www.sciencedirect.com/",0.167,0.833
IEA. (2023). *Renewables 2023: Analysis and forecast to 2028*. International Energy Agency.,Renewable energy,gemma_3_12b,verified,International Energy Agency. (2023). *Renewables 2023: Analysis and forecast to 2028*. International Energy Agency. https://iea.blob.core.windows.net/assets/96d66a8b-d502-476b-ba94-54ffda84cf72/Renewables_2023.pdf,MATCH,MATCH,MATCH,MATCH,ABSENT,Renewables 2023: Analysis and forecast to 2028,International Energy Agency,2023.0,International Energy Agency,,https://iea.blob.core.windows.net/assets/96d66a8b-d502-476b-ba94-54ffda84cf72/Renewables_2023.pdf,GOOGLE,4.0,0.0,0.0,1.0,0.0,Renewables 2023: Analysis and forecast to 2028,Renewables 2023: Analysis and forecast to 2028,IEA,International Energy Agency,2023.0,2023.0,International Energy Agency,International Energy Agency,,https://iea.blob.core.windows.net/assets/96d66a8b-d502-476b-ba94-54ffda84cf72/Renewables_2023.pdf,1,1,1,GOOGLE,0,"✓ Title | ✓ Authors | ✓ Year | ✓ Venue | ○ ID

### Summary
This report was confirmed as published by the International Energy Agency in 2023, with the exact matching title ""Renewables 2023: Analysis and forecast to 2028."" The authorship and publisher both align perfectly with the cited reference.

### Details
A matching record was found showing the exact title and year 2023. The abbreviation ""IEA"" in the citation corresponds to the full name ""International Energy Agency"" in the evidence, confirming author match. The publisher is also the International Energy Agency, consistent with the citation. Although no digital identifier was provided, the report is publicly accessible via a direct PDF URL from the official IEA website. 

- [IEA Report PDF](https://iea.blob.core.windows.net/assets/96d66a8b-d502-476b-ba94-54ffda84cf72/Renewables_2023.pdf)
- [IEA Report Page](https://www.iea.org/reports/renewables-2023)",1.0,0.0
"Tamimi, A., & Khan, M. A. (2011). Mobile banking adoption: An empirical analysis in Malaysia. *International Journal of Business and Management*, *6*(11), 107-115.",Mobile banking,gemma_3_12b,unverified,Reference could not be verified.,CONTAINS,CONTRADICTION,MATCH,CONTRADICTION,ABSENT,Factors Affecting Malaysian Mobile Banking Adoption: An Empirical Analysis,Cheah C. M.; Teo A. C.; Sim J. J.; Oon K. H.; Tan B. I.,2011.0,International Journal of Network and Mobile Technologies,,https://www.scirp.org/reference/referencespapers?referenceid=2915090,GOOGLE,1.0,2.0,1.0,1.0,0.0,Mobile banking adoption: An empirical analysis in Malaysia.,Factors Affecting Malaysian Mobile Banking Adoption: An Empirical Analysis,"Tamimi, A.; Khan, M. A.",Cheah C. M.; Teo A. C.; Sim J. J.; Oon K. H.; Tan B. I.,2011.0,2011.0,International Journal of Business and Management,International Journal of Network and Mobile Technologies,,https://www.scirp.org/reference/referencespapers?referenceid=2915090,0,0,2,GOOGLE,0,"◐ Title | ✗ Authors | ✓ Year | ✗ Venue | ○ ID

### Summary
No matching article was found for the cited reference by Tamimi and Khan from 2011. Although the publication year matches and the title is similar, the authors and the journal name differ from any confirmed records.

### Details
A search was performed but no exact match was found for the article titled ""Mobile banking adoption: An empirical analysis in Malaysia"" by Tamimi, A., & Khan, M. A. in the International Journal of Business and Management. The best potential match found was an article with a similar title published in the International Journal of Network and Mobile Technologies in 2011 by different authors (Cheah C. M., Teo A. C., Sim J. J., Oon K. H., Tan B. I.). The publication years matched exactly, but authors and journals were contradictory, indicating these are distinct works. No DOI or identifier was found to confirm the citation.

- https://www.scirp.org/reference/referencespapers?referenceid=2915090",0.0,1.0
"Gyaneswar, G., et al. (2018). Decentralized renewable energy systems for rural electrification: A review. *Renewable and Sustainable Energy Reviews*, *84*, 681–698.",Mini-grid electrification,gemma_3_12b,unverified,Reference could not be verified.,CONTAINS,UNCONFIRMED,UNCONFIRMED,UNCONFIRMED,ABSENT,Decentralized Renewable Energy Systems,,,,,https://journalspub.com/wp-content/uploads/2025/03/MS-Decentralized-Renewable-Energy-Systems.pdf,GOOGLE,0.0,0.0,1.0,1.0,3.0,Decentralized renewable energy systems for rural electrification: A review.,Decentralized Renewable Energy Systems,"Gyaneswar, G.",,2018.0,,Renewable and Sustainable Energy Reviews,,,https://journalspub.com/wp-content/uploads/2025/03/MS-Decentralized-Renewable-Energy-Systems.pdf,0,1,2,GOOGLE,0,"◐ Title | ? Authors | ? Year | ? Venue | ○ ID

### Summary
No matching article with the exact title, authors, year, and journal could be found for the given reference. Although the title contains key phrases from the citation, other important details such as the authors, year, and journal do not match or are missing from available records.

### Details
A search for the article ""Decentralized renewable energy systems for rural electrification: A review"" by Gyaneswar, G., published in 2018 in Renewable and Sustainable Energy Reviews returned no matching records in major databases. The title found was a truncated version without author or year confirmation. No DOI or other identifiers were located. Online searches yielded related articles with similar titles but without matching author names or publication details.

- https://journalspub.com/wp-content/uploads/2025/03/MS-Decentralized-Renewable-Energy-Systems.pdf
- https://www.researchgate.net/publication/376658544_Decentralized_Renewable_Energy_Systems
- https://www.mdpi.com/2071-1050/10/4/1058",0.167,0.833
"Darby, S., Newmark, R., & MacGill, I. (2019). A review of mini-grid business models. *Renewable and Sustainable Energy Reviews*, *108*, 165–182.",Mini-grid electrification,gemma_3_12b,unverified,Reference could not be verified.,CONTRADICTION,CONTRADICTION,MATCH,MATCH,ABSENT,Hybrid renewable mini-grids on non-interconnected small islands: Review of case studies,Andrea A. Eras-Almeida; Miguel A. Egido-Aguilera,2019.0,Renewable and Sustainable Energy Reviews,10.1016/j.rser.2019.109417,https://doi.org/10.1016/j.rser.2019.109417,GOOGLE,2.0,2.0,0.0,1.0,0.0,A review of mini-grid business models.,Hybrid renewable mini-grids on non-interconnected small islands: Review of case studies,"Darby, S.; Newmark, R.; MacGill, I.",Andrea A. Eras-Almeida; Miguel A. Egido-Aguilera,2019.0,2019.0,Renewable and Sustainable Energy Reviews,Renewable and Sustainable Energy Reviews,,10.1016/j.rser.2019.109417,0,0,3,GOOGLE,0,"✗ Title | ✗ Authors | ✓ Year | ✓ Venue | ○ ID

### Summary
No matching article could be found for the reference by Darby, Newmark, and MacGill titled ""A review of mini-grid business models"" published in 2019 in Renewable and Sustainable Energy Reviews. The publications found for that year and journal do not list these authors nor have the same title.

### Details
A search for this article did not retrieve any record with the authors Darby, S., Newmark, R., and MacGill, I., nor the exact title given. The closest match found in Renewable and Sustainable Energy Reviews from 2019 covers a different topic about hybrid renewable mini-grids on small islands and is authored by Andrea A. Eras-Almeida and Miguel A. Egido-Aguilera. The year 2019 and journal name match exactly, but both title and author names contradict the original reference. No identifier (like a DOI) was available to confirm the citation directly.

- https://doi.org/10.1016/j.rser.2019.109417",0.0,1.0
"Chaurey, V., & Kumar, A. (2019). Techno-economic analysis of mini-grid electrification for rural communities in India. *Renewable and Sustainable Energy Reviews*, *111*, 277–293.",Mini-grid electrification,gemma_3_12b,needs-human,Reference requires human review.,CONTAINS,CONTRADICTION,MATCH,UNCONFIRMED,ABSENT,"Design and simulation of photovoltaic, diesel hybrid AC mini-grid system for rural electrification",M Moniruzzaman,2019.0,,,http://lib.buet.ac.bd:8080/xmlui/handle/123456789/5362,GOOGLE,1.0,1.0,1.0,1.0,1.0,Techno-economic analysis of mini-grid electrification for rural communities in India.,"Design and simulation of photovoltaic, diesel hybrid AC mini-grid system for rural electrification","Chaurey, V.; Kumar, A.",M Moniruzzaman,2019.0,2019.0,Renewable and Sustainable Energy Reviews,,,http://lib.buet.ac.bd:8080/xmlui/handle/123456789/5362,0,0,3,GOOGLE,1,"◐ Title | ✗ Authors | ✓ Year | ? Venue | ○ ID

### Summary
The reference in question requires human review because while the publication year 2019 matches, the authors differ significantly. The verified match was found with author M Moniruzzaman on a related topic but with distinct authorship compared to Chaurey and Kumar.

### Details
A potential match was identified titled ""Design and simulation of photovoltaic, diesel hybrid AC mini-grid system for rural electrification"" authored by M Moniruzzaman in 2019. This document shares a technological theme around mini-grid rural electrification similar to the original reference, which is titled ""Techno-economic analysis of mini-grid electrification for rural communities in India"" by Chaurey and Kumar, also published in 2019. However, there is no overlap in authorship, and the original journal ""Renewable and Sustainable Energy Reviews"" was not confirmed in the candidate records. No DOI was available for direct identifier confirmation, underscoring the need for human verification.

- http://lib.buet.ac.bd:8080/xmlui/handle/123456789/5362",0.1,0.9
"Chareonkunolpat, P., et al. (2013). Efficacy of permethrin and deltamethrin bed nets against malaria vectors in Thailand: A randomized controlled trial. *PLoS One*, *8*(11), e80783.",Insecticide-treated bed nets for malaria,gemma_3_12b,unverified,Reference could not be verified.,CONTRADICTION,CONTRADICTION,MATCH,MATCH,ABSENT,Simulating the Dynamics of Scale-Free Networks via Optimization,Tiago A. Schieber; Martı́n Gómez Ravetti,2013.0,PLoS ONE,10.1371/journal.pone.0080783,https://doi.org/10.1371/journal.pone.0080783,GOOGLE,2.0,2.0,0.0,1.0,0.0,Efficacy of permethrin and deltamethrin bed nets against malaria vectors in Thailand: A randomized controlled trial,Simulating the Dynamics of Scale-Free Networks via Optimization,"Chareonkunolpat, P.; et al.",Tiago A. Schieber; Martı́n Gómez Ravetti,2013.0,2013.0,PLoS One,PLoS ONE,,10.1371/journal.pone.0080783,0,0,1,GOOGLE,0,"✗ Title | ✗ Authors | ✓ Year | ✓ Venue | ○ ID

### Summary
No matching article could be found for the cited title ""Efficacy of permethrin and deltamethrin bed nets against malaria vectors in Thailand: A randomized controlled trial"" by Chareonkunolpat et al. in PLoS One (2013). The year and journal name match a publication, but the title and authors differ significantly, indicating a mismatch.

### Details
A matching record was found in PLoS ONE from 2013, but with the title ""Simulating the Dynamics of Scale-Free Networks via Optimization"" authored by Tiago A. Schieber and Martín Gómez Ravetti. This differs fundamentally in topic and author list from the citation. The year and journal are correct, but the DOI provided (10.1371/journal.pone.0080783) leads to this unrelated article rather than the cited malaria study. Searches via Google and scholarly databases returned no results for the cited title and author combination, supporting the conclusion that the cited reference could not be verified.

- https://doi.org/10.1371/journal.pone.0080783",0.0,1.0
"Curtis, A. B., et al. (2002). Insecticide resistance in malaria vectors: implications for vector control. *Trends in Parasitology*, *18*(6), 215-220.",Insecticide-treated bed nets for malaria,gemma_3_12b,unverified,Reference could not be verified.,CONTAINS,UNCONFIRMED,CONTRADICTION,CONTRADICTION,ABSENT,Implications of insecticide resistance for malaria vector control with long-lasting insecticidal nets: trends in pyrethroid resistance during a WHO-coordinated multi-country prospective study,,2018.0,Parasites & Vectors,10.1186/s13071-018-3101-4,https://doi.org/10.1186/s13071-018-3101-4,GOOGLE,0.0,2.0,1.0,1.0,1.0,Insecticide resistance in malaria vectors: implications for vector control,Implications of insecticide resistance for malaria vector control with long-lasting insecticidal nets: trends in pyrethroid resistance during a WHO-coordinated multi-country prospective study,"Curtis, A. B.; et al.",,2002.0,2018.0,Trends in Parasitology,Parasites & Vectors,,10.1186/s13071-018-3101-4,0,0,1,GOOGLE,0,"◐ Title | ? Authors | ✗ Year | ✗ Venue | ○ ID

### Summary
No matching article was found that exactly corresponds to the cited reference by Curtis et al. from 2002 in *Trends in Parasitology*. The closest found article has a similar core title but differs significantly in publication year (2018) and journal (*Parasites & Vectors*).

### Details
A candidate article was identified with a matching theme in the title about insecticide resistance and malaria vector control but was published in 2018, 16 years later than the cited year of 2002. The candidate article is from *Parasites & Vectors*, whereas the original citation is from *Trends in Parasitology*. No author information was available for the candidate, and the year and journal clearly contradicted the citation. These differences indicate the cited reference could not be verified with the given data.

- https://doi.org/10.1186/s13071-018-3101-4
- https://pmc.ncbi.nlm.nih.gov/articles/PMC5968369/",0.0,1.0
"Dida, D. O., et al. (2018). Impact of insecticide resistance on the effectiveness of insecticide-treated bed nets in the Lake Victoria region of Kenya. *Parasites & Vectors*, *11*(1), 337.",Insecticide-treated bed nets for malaria,gemma_3_12b,unverified,Reference could not be verified.,CONTRADICTION,MATCH,CONTRADICTION,MATCH,ABSENT,"Push by a net, pull by a cow: can zooprophylaxis enhance the impact of insecticide treated bed nets on malaria control?",Hanako Iwashita; Gabriel O. Dida; George Sonye; Toshihiko Sunahara; Kyoko Futami; Sammy M. Njenga; Luis Fernando Chaves; Noboru Minakawa,2014.0,Parasites & Vectors,10.1186/1756-3305-7-52,https://doi.org/10.1186/1756-3305-7-52,GOOGLE,2.0,2.0,0.0,1.0,0.0,Impact of insecticide resistance on the effectiveness of insecticide-treated bed nets in the Lake Victoria region of Kenya,"Push by a net, pull by a cow: can zooprophylaxis enhance the impact of insecticide treated bed nets on malaria control?","Dida, D. O.",Hanako Iwashita; Gabriel O. Dida; George Sonye; Toshihiko Sunahara; Kyoko Futami; Sammy M. Njenga; Luis Fernando Chaves; Noboru Minakawa,2018.0,2014.0,Parasites & Vectors,Parasites & Vectors,,10.1186/1756-3305-7-52,0,0,2,GOOGLE,0,"✗ Title | ✓ Authors | ✗ Year | ✓ Venue | ○ ID

### Summary
No matching article could be found for the cited reference by Dida et al. (2018) titled ""Impact of insecticide resistance on the effectiveness of insecticide-treated bed nets in the Lake Victoria region of Kenya"". While the author Dida matches, the title and year differ significantly from available records.

### Details
A search found no exact article with the 2018 year and matching title. The closest potential match was a 2014 article in Parasites & Vectors coauthored by Gabriel O. Dida titled ""Push by a net, pull by a cow: can zooprophylaxis enhance the impact of insecticide treated bed nets on malaria control?"". This differs in subject focus and publication year, indicating it is a different work. The venue (Parasites & Vectors) and author Dida were confirmed, but the title and year contradicted the citation. No DOI or identifier was found to link conclusively to the cited work.

- https://doi.org/10.1186/1756-3305-7-52
- https://scholar.google.com
- https://pubmed.ncbi.nlm.nih.gov
- https://www.researchgate.net/publication/259958976_Push_by_a_net_pull_by_a_cow_Can_zooprophylaxis_enhance_the_impact_of_insecticide_treated_bed_nets_on_malaria_control",0.0,1.0
"Fillinger, M., et al. (2011). Insecticide resistance in Anopheles gambiae Giles (Diptera: Culicidae) populations in Burkina Faso and its impact on pyrethroid-treated bed net efficacy. *Medical and Veterinary Entomology*, *25*(3), 333-341.",Insecticide-treated bed nets for malaria,gemma_3_12b,unverified,Reference could not be verified.,UNCONFIRMED,UNCONFIRMED,UNCONFIRMED,UNCONFIRMED,UNCONFIRMED,,,,,,,,,,,,,,,,,,,,,,,0,0,0,,0,"? Title | ? Authors | ? Year | ? Venue | ? ID

### Summary
No matching article for this reference was found in the main scientific databases. The title, authors, year, and journal details do not match any records in OpenAlex or Google Scholar searches.

### Details
A search in OpenAlex for the title ""Insecticide resistance in Anopheles gambiae Giles (Diptera: Culicidae) populations in Burkina Faso and its impact on pyrethroid-treated bed net efficacy"" by Fillinger from 2011 returned no results. Likewise, a Google Scholar search with the full citation information did not find a matching publication. Similar articles on insecticide resistance and bed net efficacy in Anopheles gambiae populations were found, but none matched this exact reference.

- [OpenAlex](https://openalex.org)
- [Google Scholar](https://scholar.google.com)",0.0,1.0
"Killewo, J., et al. (2006). Effectiveness of insecticide-treated bed nets in preventing malaria in a high transmission area with widespread insecticide resistance. *The Lancet*, *368*(9535), 432-438.",Insecticide-treated bed nets for malaria,gemma_3_12b,unverified,Reference could not be verified.,CONTAINS,CONTRADICTION,CONTAINS,CONTRADICTION,ABSENT,"Reduced Efficacy of Insecticide-treated Nets and Indoor Residual Spraying for Malaria Control in Pyrethroid Resistance Area, Benin",Raphaël N’Guessan; Vincent Corbel; Martin Akogbéto; Mark Rowland,2007.0,Emerging infectious diseases,10.3201/eid1302.060631,https://doi.org/10.3201/eid1302.060631,GOOGLE,0.0,2.0,2.0,1.0,0.0,Effectiveness of insecticide-treated bed nets in preventing malaria in a high transmission area with widespread insecticide resistance.,"Reduced Efficacy of Insecticide-treated Nets and Indoor Residual Spraying for Malaria Control in Pyrethroid Resistance Area, Benin","Killewo, J.",Raphaël N’Guessan; Vincent Corbel; Martin Akogbéto; Mark Rowland,2006.0,2007.0,The Lancet,Emerging infectious diseases,,10.3201/eid1302.060631,0,0,1,GOOGLE,0,"◐ Title | ✗ Authors | ◐ Year | ✗ Venue | ○ ID

### Summary
The reference could not be verified because the authors, journal, and year do not match the information found in available records. The title is similar to a different article about insecticide-treated nets and malaria control, but other details differ.

### Details
A matching record was found with a similar title about the efficacy of insecticide-treated nets in controlling malaria amid resistance, published in 2007 in the journal Emerging Infectious Diseases. However, the authors listed (N’Guessan, Corbel, Akogbéto, Rowland) differ from those in the reference (Killewo, J. et al.), and the journal cited (The Lancet) does not match the journal found. No exact identifier or record with the provided author and publication year was found.

- https://doi.org/10.3201/eid1302.060631",0.0,1.0
"Lengeler, C., et al. (2001). Insecticide resistance in Anopheles mosquitoes in Africa: a source of undoing malaria control efforts. *Bulletin of the World Health Organization*, *79*(3), 219-226.",Insecticide-treated bed nets for malaria,gemma_3_12b,unverified,Reference could not be verified.,UNCONFIRMED,UNCONFIRMED,UNCONFIRMED,UNCONFIRMED,UNCONFIRMED,,,,,,,,,,,,,,,,,,,,,,,0,0,0,,0,"? Title | ? Authors | ? Year | ? Venue | ? ID

### Summary
No matching article could be found for the reference by Lengeler, C., et al. (2001) titled ""Insecticide resistance in Anopheles mosquitoes in Africa: a source of undoing malaria control efforts"" in the Bulletin of the World Health Organization.

### Details
A search in OpenAlex and Google Scholar did not find any record matching the exact title, authors, year, and journal. The title, author, year, and venue could not be confirmed since no direct matches appeared in the available databases. Related works on insecticide resistance in Anopheles mosquitoes were found, but none matched the full citation exactly.

- https://openalex.org
- https://scholar.google.com",0.0,1.0
"Lindsay, S. W., et al. (2000). Impact of insecticide resistance on the efficacy of insecticide-treated bed nets: a review. *Tropical Medicine and International Health*, *5*(5), 335-342.",Insecticide-treated bed nets for malaria,gemma_3_12b,unverified,Reference could not be verified.,UNCONFIRMED,UNCONFIRMED,UNCONFIRMED,UNCONFIRMED,UNCONFIRMED,,,,,,,,,,,,,,,,,,,,,,,0,0,0,,0,"? Title | ? Authors | ? Year | ? Venue | ? ID

### Summary
No matching article with the exact title, authors, year, and journal details provided was found in the verification sources. The reference could not be confirmed in Tropical Medicine and International Health for the year 2000.

### Details
A comprehensive search in OpenAlex yielded no matching work with the given combination of the title, author Lindsay S. W., year 2000, and the journal Tropical Medicine and International Health. Further exploration through Google Scholar and general search results surfaced related articles about insecticide-treated bed nets and insecticide resistance but none matched the cited article exactly. No reliable record was found to verify this specific publication.

- https://openalex.org
- https://scholar.google.com
- https://pubmed.ncbi.nlm.nih.gov
- https://www.thelancet.com",0.0,1.0
"Wintawari, A., et al. (2016). Insecticide resistance and its impact on the efficacy of insecticide-treated bed nets in Nigeria: A systematic review. *Parasites & Vectors*, *9*(1), 417.",Insecticide-treated bed nets for malaria,gemma_3_12b,unverified,Reference could not be verified.,UNCONFIRMED,UNCONFIRMED,UNCONFIRMED,UNCONFIRMED,UNCONFIRMED,,,,,,,,,,,,,,,,,,,,,,,0,0,0,,0,"? Title | ? Authors | ? Year | ? Venue | ? ID

### Summary
No matching article could be found for the provided reference about insecticide resistance and insecticide-treated bed nets in Nigeria by Wintawari et al. from 2016.

### Details
A search in OpenAlex with the exact article title, author name, and year found no matching record. Additionally, a scholar search using the full citation did not return any relevant results or matches. There were no entries found that confirmed the authors, title, year, or journal details provided.

- https://openalex.org
- https://scholar.google.com",0.0,1.0
"Abrahams, Z., Lengeler, C., & Koenker, J. (2011). The impact of insecticide-treated nets on malaria transmission in Africa: A systematic review and meta-analysis. *Health Policy*, *90*(2-3), 183–195.",Malaria prevention,gemma_3_12b,unverified,Reference could not be verified.,CONTRADICTION,UNCONFIRMED,UNCONFIRMED,UNCONFIRMED,ABSENT,Systematic review of the entomological impact of insecticide-treated nets evaluated using experimental hut trials in Africa,,,,,https://pmc.ncbi.nlm.nih.gov/articles/PMC8906077/,GOOGLE,0.0,1.0,0.0,1.0,3.0,The impact of insecticide-treated nets on malaria transmission in Africa: A systematic review and meta-analysis,Systematic review of the entomological impact of insecticide-treated nets evaluated using experimental hut trials in Africa,"Abrahams, Z.; Lengeler, C.; Koenker, J.",,2011.0,,Health Policy,,,https://pmc.ncbi.nlm.nih.gov/articles/PMC8906077/,0,0,1,GOOGLE,0,"✗ Title | ? Authors | ? Year | ? Venue | ○ ID

### Summary
The reference could not be confirmed as matching any known article. While the authors and year were provided, no matching article with the given title was found, and the title itself contradicted available records.

### Details
A thorough search did not find a record matching the title ""The impact of insecticide-treated nets on malaria transmission in Africa: A systematic review and meta-analysis"" authored by Abrahams, Lengeler, and Koenker in 2011 at the journal Health Policy. The best potential match found was a different article focusing on the entomological impact of insecticide-treated nets based on experimental hut trials, which has a different title and scope. No identifier such as DOI was available to confirm the citation. The year and venue fields remain unconfirmed, and the authorship could not be conclusively matched.

- https://pmc.ncbi.nlm.nih.gov/articles/PMC8906077/",0.0,1.0
"Bennett, A., Wali, R. K., Traoré, A. F., Doumbia, K., & Keating, J. (2006). Spatial assessment of malaria risk in the Koulikoro region of Mali using remote sensing and GIS. *Transactions of the Royal Society of Tropical Medicine and Hygiene*, *100*(2), 117–126.",Malaria prevention,gemma_3_12b,unverified,Reference could not be verified.,UNCONFIRMED,UNCONFIRMED,UNCONFIRMED,UNCONFIRMED,UNCONFIRMED,,,,,,,,,,,,,,,,,,,,,,,0,0,0,,0,"? Title | ? Authors | ? Year | ? Venue | ? ID

### Summary
No matching article was found that confirms the details of the reference by Bennett et al. (2006) on the spatial assessment of malaria risk in the Koulikoro region of Mali. The authors, title, year, and journal could not be verified based on available online records.

### Details
A search using the article title and author names in OpenAlex yielded no results, with no matching record found. Additional searches through broader web results did not retrieve a relevant document confirming the paper's publication details. Key elements such as the article's DOI, journal name, and publication year could not be corroborated.

- https://openalex.org
- General web search results",0.0,1.0
"Carvalho, A. M., Oliveira, R. M., & Tesh, R. B. (2003). Molecular markers for drug resistance in *Plasmodium falciparum* and insecticide resistance in *Anopheles* mosquitoes: Implications for malaria control. *Emerging Infectious Diseases*, *9*(11), 1933–1941.",Malaria prevention,gemma_3_12b,unverified,Reference could not be verified.,CONTAINS,UNCONFIRMED,UNCONFIRMED,UNCONFIRMED,ABSENT,Molecular markers for artemisinin and partner drug resistance ... - PMC,,,,,https://pmc.ncbi.nlm.nih.gov/articles/PMC5674235/,GOOGLE,0.0,0.0,1.0,1.0,3.0,Molecular markers for drug resistance in Plasmodium falciparum and insecticide resistance in Anopheles mosquitoes: Implications for malaria control.,Molecular markers for artemisinin and partner drug resistance ... - PMC,"Carvalho, A. M.; Oliveira, R. M.; Tesh, R. B.",,2003.0,,Emerging Infectious Diseases,,,https://pmc.ncbi.nlm.nih.gov/articles/PMC5674235/,0,3,3,GOOGLE,0,"◐ Title | ? Authors | ? Year | ? Venue | ○ ID

### Summary
No matching article could be found for the reference by Carvalho, Oliveira, and Tesh from 2003 in Emerging Infectious Diseases. While the search did find similar titles related to molecular markers for drug resistance in malaria parasites and mosquitoes, the author names, year, and specific publication details did not match.

### Details
A search for the precise article title and authors yielded no confirmed records. The title was partially confirmed as a core phrase matched related documents, but the actual authors and the publication year 2003 could not be confirmed in any found documents. The specific journal Emerging Infectious Diseases was also not verified with the searched materials. The closest related documents referenced different topics or later years without confirming this citation precisely.

- https://pmc.ncbi.nlm.nih.gov/articles/PMC5674235/
- https://search.proquest.com/openview/dc8c7d7d59e83835324db3e5e8260f7f/1?pq-origsite=gscholar&cbl=2026366&diss=y
- https://pmc.ncbi.nlm.nih.gov/articles/PMC10147079/
- https://pmc.ncbi.nlm.nih.gov/articles/PMC10499197/
- https://pmc.ncbi.nlm.nih.gov/articles/PMC9662219/",0.167,0.833
"Eisele, T. P., Fillmore, N. A., & Plumb, J. T. (2013). Malaria parasite surveillance and diagnostics. *Clinical Microbiology Reviews*, *26*(2), 255–285.",Malaria prevention,gemma_3_12b,unverified,Reference could not be verified.,CONTRADICTION,CONTRADICTION,MATCH,CONTRADICTION,ABSENT,Genetic Surveillance Detects Both Clonal and Epidemic Transmission of Malaria following Enhanced Intervention in Senegal,Rachel F. Daniels; Hsiao‐Han Chang; Papa Diogoye Séne; Danny C. Park; Daniel E. Neafsey; S. F. Schaffner; Elizabeth J. Hamilton; Amanda K. Lukens; Daria Van Tyne; Souleymane Mboup; Pardis C. Sabeti; Daouda Ndiaye; Dyann F. Wirth; Daniel L. Hartl; Sarah K. Volkman,2013.0,PLoS ONE,10.1371/journal.pone.0060780,https://doi.org/10.1371/journal.pone.0060780,GOOGLE,1.0,3.0,0.0,1.0,0.0,Malaria parasite surveillance and diagnostics,Genetic Surveillance Detects Both Clonal and Epidemic Transmission of Malaria following Enhanced Intervention in Senegal,"Eisele, T. P.; Fillmore, N. A.; Plumb, J. T.",Rachel F. Daniels; Hsiao‐Han Chang; Papa Diogoye Séne; Danny C. Park; Daniel E. Neafsey; S. F. Schaffner; Elizabeth J. Hamilton; Amanda K. Lukens; Daria Van Tyne; Souleymane Mboup; Pardis C. Sabeti; Daouda Ndiaye; Dyann F. Wirth; Daniel L. Hartl; Sarah K. Volkman,2013.0,2013.0,Clinical Microbiology Reviews,PLoS ONE,,10.1371/journal.pone.0060780,0,0,1,GOOGLE,0,"✗ Title | ✗ Authors | ✓ Year | ✗ Venue | ○ ID

### Summary
No matching article with the title ""Malaria parasite surveillance and diagnostics"" by Eisele, Fillmore, and Plumb from 2013 was found in the verification sources. The reference could not be confirmed as it differs in title, authors, and journal from available records.

### Details
A search for the given title and authors did not find a matching article. The year 2013 matches an article titled ""Genetic Surveillance Detects Both Clonal and Epidemic Transmission of Malaria following Enhanced Intervention in Senegal"" published in PLoS ONE, but this article has completely different authors and a different journal. No identifier (such as DOI) was present to aid verification.

- [PLoS ONE article](https://doi.org/10.1371/journal.pone.0060780)",0.0,1.0
"Fillmore, N. A., & Khim, V. (2017). Molecular surveillance of malaria parasites. *Current Opinion in Microbiology*, *35*, 103–111.",Malaria prevention,gemma_3_12b,unverified,Reference could not be verified.,CONTRADICTION,UNCONFIRMED,UNCONFIRMED,UNCONFIRMED,ABSENT,Molecular surveillance of malaria scales up - PubMed,,,,,https://pubmed.ncbi.nlm.nih.gov/34625343/,GOOGLE,0.0,1.0,0.0,1.0,3.0,Molecular surveillance of malaria parasites.,Molecular surveillance of malaria scales up - PubMed,"Fillmore, N. A.; Khim, V.",,2017.0,,Current Opinion in Microbiology,,,https://pubmed.ncbi.nlm.nih.gov/34625343/,0,2,3,GOOGLE,0,"✗ Title | ? Authors | ? Year | ? Venue | ○ ID

### Summary
The reference could not be verified as no matching article was found. The title in potential matches differed significantly, changing the subject, and there was no confirmation of authors, year, or journal details.

### Details
A search did not find any article with the exact title ""Molecular surveillance of malaria parasites"" by Fillmore and Khim from 2017 in *Current Opinion in Microbiology*. The closest result had a different title mentioning ""molecular surveillance of malaria scales up"" and lacked author and year details. The year and venue could not be confirmed from available candidates, and no DOI or other identifiers were present to establish a match. The differing key terms in the title changed the meaning, leading to a contradiction that prevented verification.

- https://pubmed.ncbi.nlm.nih.gov/34625343/
- https://doi.org/10.15585/mmwr.ss6707a1",0.0,1.0
"Killewo, J., Lengeler, C., Githeko, A. W., House, R., & Malamba, J. (2002). The influence of domestic architecture on malaria exposure in western Kenya. *Spatial Epidemiology*, *22*(1-2), 1–16.",Malaria prevention,gemma_3_12b,unverified,Reference could not be verified.,CONTRADICTION,UNCONFIRMED,UNCONFIRMED,UNCONFIRMED,ABSENT,Changing Patterns of Malaria Epidemiology between 2002 and ...,,,,,https://pmc.ncbi.nlm.nih.gov/articles/PMC3100336/,GOOGLE,0.0,1.0,0.0,1.0,3.0,The influence of domestic architecture on malaria exposure in western Kenya.,Changing Patterns of Malaria Epidemiology between 2002 and ...,"Killewo, J.; Lengeler, C.; Githeko, A. W.; House, R.; Malamba, J.",,2002.0,,Spatial Epidemiology,,,https://pmc.ncbi.nlm.nih.gov/articles/PMC3100336/,0,1,3,GOOGLE,0,"✗ Title | ? Authors | ? Year | ? Venue | ○ ID

### Summary
No matching article could be found for the reference titled ""The influence of domestic architecture on malaria exposure in western Kenya"" published in 2002 by Killewo and colleagues. The search results showed documents related to malaria epidemiology in western Kenya but none matched the specific title, authorship, or journal.

### Details
A detailed review found that the title did not match any available records; the closest potential match was a study on changing malaria epidemiology over time rather than the influence of housing architecture. Author names and year were not confirmed from any specific source, and the specified journal ""Spatial Epidemiology"" could not be verified as the publication venue. No DOI or unique identifier was found to assist verification. The best search hits included articles on malaria patterns in western Kenya, but none corresponded to the provided citation.

- https://pmc.ncbi.nlm.nih.gov/articles/PMC3100336/",0.0,1.0
"Lindsay, S. W., Carter, J. A., & Nsengiyumva, J. (2002). Insecticide resistance in Anopheles mosquitoes: Implications for malaria control in Africa. *Parasitology*, *125*(Suppl A), S69–S79.",Malaria prevention,gemma_3_12b,unverified,Reference could not be verified.,UNCONFIRMED,UNCONFIRMED,UNCONFIRMED,UNCONFIRMED,UNCONFIRMED,,,,,,,,,,,,,,,,,,,,,,,0,0,0,,0,"? Title | ? Authors | ? Year | ? Venue | ? ID

### Summary
No matching article was found for the reference ""Insecticide resistance in Anopheles mosquitoes: Implications for malaria control in Africa"" by Lindsay, Carter, and Nsengiyumva (2002) in the journal Parasitology. This specific combination of title, authors, year, and journal could not be confirmed based on available data.

### Details
A search using the article title, author names, year, and journal yielded no results in the OpenAlex database or any other scholarly search. There were no matching records or close candidates found to confirm the article's existence or bibliographic details.

- [OpenAlex](https://openalex.org)",0.0,1.0
"Müller, M., Koenker, J., Lengeler, C., & Abrahams, Z. (2013). Effectiveness of intermittent preventive treatment of malaria in pregnancy: A systematic review and meta-analysis. *PLoS One*, *8*(11), e80845.",Malaria prevention,gemma_3_12b,unverified,Reference could not be verified.,UNCONFIRMED,UNCONFIRMED,UNCONFIRMED,UNCONFIRMED,UNCONFIRMED,,,,,,,,,,,,,,,,,,,,,,,0,0,0,,0,"? Title | ? Authors | ? Year | ? Venue | ? ID

### Summary
No matching article could be found for the reference provided. The DOI given corresponds to a different paper, and no other evidence was found to confirm the authors, title, year, or journal.

### Details
A search for the DOI 10.1371/journal.pone.0080845 shows it links to a different article titled ""Large-Scale Information Flow in Conscious and Unconscious States: an ECoG Study in Monkeys"" published in PLoS ONE in 2013, not the malaria study. Searches using the title, authors, year, and journal name found no relevant results across Google and scholarly databases. This indicates that the reference details could not be verified or matched with an existing record.

- https://doi.org/10.1371/journal.pone.0080845",0.0,1.0
"Okeke, A. M., Ibekwe, A. U., & Okeke, C. A. (2009). Malaria prevention and control strategies in Nigeria: A review. *African Health Sciences*, *9*(3), 147–154.",Malaria prevention,gemma_3_12b,unverified,Reference could not be verified.,UNCONFIRMED,UNCONFIRMED,UNCONFIRMED,UNCONFIRMED,UNCONFIRMED,,,,,,,,,,,,,,,,,,,,,,,0,0,0,,0,"? Title | ? Authors | ? Year | ? Venue | ? ID

### Summary
No matching article could be found for the reference titled ""Malaria prevention and control strategies in Nigeria: A review"" by Okeke, A. M., Ibekwe, A. U., & Okeke, C. A. from 2009 in African Health Sciences.

### Details
A search using the given title, author names, and year yielded no results in the OpenAlex database. Additionally, a scholarly search did not find any document with this exact combination of title, authors, year, and journal. Various related articles on malaria and health in Nigeria were found, but none matched the specific reference details provided.

- [OpenAlex search results](https://openalex.org)
- Scholarly search results from generic academic sources",0.0,1.0
World Health Organization. (2021). *World malaria report 2021*. World Health Organization.,Malaria prevention,gemma_3_12b,verified,World Health Organization. (2021). *World malaria report 2021*. World Health Organization. https://cdn.who.int/media/docs/default-source/malaria/world-malaria-reports/978924004049-eng.pdf,MATCH,MATCH,MATCH,MATCH,ABSENT,World malaria report 2021,World Health Organization,2021.0,World Health Organization,,https://cdn.who.int/media/docs/default-source/malaria/world-malaria-reports/978924004049-eng.pdf,GOOGLE,4.0,0.0,0.0,1.0,0.0,World malaria report 2021,World malaria report 2021,World Health Organization,World Health Organization,2021.0,2021.0,World Health Organization,World Health Organization,,https://cdn.who.int/media/docs/default-source/malaria/world-malaria-reports/978924004049-eng.pdf,1,1,1,GOOGLE,0,"✓ Title | ✓ Authors | ✓ Year | ✓ Venue | ○ ID

### Summary
This reference to the ""World malaria report 2021"" by the World Health Organization was confirmed exactly as cited, including matching title, author, year, and publisher. The report is an official publication from WHO in 2021 and the details align perfectly.

### Details
A matching record was found with the exact title ""World malaria report 2021"" authored by the World Health Organization and published in 2021. The publisher details also match exactly. Although no DOI is assigned, the report is available on the official WHO website and in PDF format at https://cdn.who.int/media/docs/default-source/malaria/world-malaria-reports/978924004049-eng.pdf. Multiple credible sources corroborate the existence and details of this report, including the official WHO pages and verified document repositories.

- https://cdn.who.int/media/docs/default-source/malaria/world-malaria-reports/978924004049-eng.pdf
- https://www.who.int/teams/global-malaria-programme/reports/world-malaria-report-2021",1.0,0.0
"Armendáriz, B., & Morduch, J. (2000). The economics of microcredit. Cambridge University Press.",Microfinance loan repayment,gemma_3_12b,unverified,Reference could not be verified.,CONTRADICTION,MATCH,MATCH,CONTRADICTION,ABSENT,Microfinance beyond group lending,B. Armendáriz de Aghion; J. Morduch,2000.0,Economics of Transition,,https://onlinelibrary.wiley.com/doi/abs/10.1111/1468-0351.00049,GOOGLE,2.0,2.0,0.0,1.0,0.0,The economics of microcredit.,Microfinance beyond group lending,"Armendáriz, B.; Morduch, J.",B. Armendáriz de Aghion; J. Morduch,2000.0,2000.0,Cambridge University Press,Economics of Transition,,https://onlinelibrary.wiley.com/doi/abs/10.1111/1468-0351.00049,0,0,3,GOOGLE,0,"✗ Title | ✓ Authors | ✓ Year | ✗ Venue | ○ ID

### Summary
The reference could not be verified because the title and publication venue do not match any identified records. Although the authors Armendáriz and Morduch and year 2000 are confirmed, the cited title ""The economics of microcredit"" does not correspond to found publications, which instead include ""Microfinance beyond group lending"" published in a journal rather than a book.

### Details
A matching record was found with the same authors and year 2000, but under the title ""Microfinance beyond group lending,"" published in the journal Economics of Transition, rather than as a book by Cambridge University Press. The titles focus on different subjects, and the venue formats (publisher vs journal) contradict. No DOI or other identifier was available in the original citation to assist verification.

- https://onlinelibrary.wiley.com/doi/abs/10.1111/1468-0351.00049",0.0,1.0
"Khandker, S. (2003). Microfinance and poverty reduction. World Bank Publications.",Microfinance loan repayment,gemma_3_12b,unverified,Reference requires human review.,UNCONFIRMED,UNCONFIRMED,UNCONFIRMED,UNCONFIRMED,ABSENT,Microfinance and Poverty-Evidence Using Panel Data from Bangladesh,Shahidur R. Khandker,2003.0,"Policy Research Working Paper Series 2945, The World Bank",,https://openknowledge.worldbank.org/entities/publication/bfd15b4f-1502-53dc-a825-58f25764706e,GOOGLE,1.0,0.0,3.0,1.0,0.0,Microfinance and poverty reduction.,Microfinance and Poverty-Evidence Using Panel Data from Bangladesh,"Khandker, S.",Shahidur R. Khandker,2003.0,2003.0,World Bank Publications,"Policy Research Working Paper Series 2945, The World Bank",,https://openknowledge.worldbank.org/entities/publication/bfd15b4f-1502-53dc-a825-58f25764706e,1,1,3,GOOGLE,0,"◐ Title | ✓ Authors | ✓ Year | ◐ Venue | ○ ID

### Summary
The reference partially matches a World Bank publication by Shahidur R. Khandker from 2003. However, the specific title and venue details differ somewhat from the original citation, so human review is recommended to confirm the exact source.

### Details
A matching record was found for a 2003 World Bank working paper authored by Shahidur R. Khandker titled ""Microfinance and Poverty: Evidence Using Panel Data from Bangladesh."" This differs slightly from the citation title which lacks the subtitle, and the venue is identified as the ""Policy Research Working Paper Series 2945, The World Bank,"" whereas the original states ""World Bank Publications."" The year 2003 matches exactly, and the author details correspond to the cited author. No unique identifier was provided in the original citation. These close but not identical matches warrant a human check to confirm the citation's accuracy.

Relevant sources:
- [World Bank Open Knowledge Repository](https://openknowledge.worldbank.org/entities/publication/bfd15b4f-1502-53dc-a825-58f25764706e)
- [World Bank Documents](https://documents1.worldbank.org/curated/en/284801468013215718/pdf/774910JRN020050ofinance0and0Poverty.pdf)",0,1
"Mosley, P., & Vittori, R. (1996). Microfinance: Does it really work?. Routledge.",Microfinance loan repayment,gemma_3_12b,unverified,Reference could not be verified.,UNCONFIRMED,UNCONFIRMED,UNCONFIRMED,UNCONFIRMED,UNCONFIRMED,,,,,,,,,,,,,,,,,,,,,,,0,0,0,,0,"? Title | ? Authors | ? Year | ? Venue | ? ID

### Summary
No matching book titled ""Microfinance: Does it really work?"" by Mosley and Vittori from 1996 could be found. The reference appears to be unverified as there is no evidence of this publication in online scholarly databases.

### Details
A search for this exact title, authors, and year on OpenAlex returned no results. Additional scholarly searches including queries with the authors' names and publication details also did not yield any relevant matches. The title, authorship, year, and publisher (Routledge) could not be confirmed through the available sources.

- https://openalex.org
- https://scholar.google.com",0.0,1.0
"Cull, R., Demirgüç-Kunt, A., & Morduch, J. (2007). Microfinance: What does the research say?. *Finance and Development*, *44*(3), 16-19.",Microfinance loan repayment,gemma_3_12b,unverified,Reference could not be verified.,CONTRADICTION,MATCH,MATCH,CONTRADICTION,ABSENT,Financial performance and outreach: a global analysis of leading microbanks,Robert Cull; Asli Demirgüç-Kunt; Jonathan Morduch,2007.0,Economic Journal,,https://ideas.repec.org/a/ecj/econjl/v117y2007i517pf107-f133.html,GOOGLE,2.0,2.0,0.0,1.0,0.0,Microfinance: What does the research say?,Financial performance and outreach: a global analysis of leading microbanks,"Cull, R.; Demirgüç-Kunt, A.; Morduch, J.",Robert Cull; Asli Demirgüç-Kunt; Jonathan Morduch,2007.0,2007.0,Finance and Development,Economic Journal,,https://ideas.repec.org/a/ecj/econjl/v117y2007i517pf107-f133.html,0,0,3,GOOGLE,0,"✗ Title | ✓ Authors | ✓ Year | ✗ Venue | ○ ID

### Summary
No matching article titled ""Microfinance: What does the research say?"" could be found for the authors Cull, Demirgüç-Kunt, and Morduch published in 2007 in Finance and Development. The authors and year match a different article with a distinct title and published in another journal.

### Details
A matching record was found for the authors Robert Cull, Asli Demirgüç-Kunt, and Jonathan Morduch in 2007, but the title ""Financial performance and outreach: a global analysis of leading microbanks"" and the journal ""Economic Journal"" differ from the cited reference. Searches on OpenAlex yielded no results for the cited title, and scholar search returned no hits for the exact article. The year and authors align exactly, but the topic, title, and publication venue contradict the original citation.

- https://ideas.repec.org/a/ecj/econjl/v117y2007i517pf107-f133.html
- https://www.aeaweb.org/articles?id=10.1257/jep.23.1.167
- https://wagner.nyu.edu/files/faculty/publications/Cull%20and%20Morduch%20-%20Microfinance%20and%20Economic%20Development.pdf",0.0,1.0
"Coleman, K. (1999). Microfinance and the poor: A review of the evidence. *Development and Change*, *30*(4), 679-695.",Microfinance loan repayment,gemma_3_12b,unverified,Reference could not be verified.,UNCONFIRMED,UNCONFIRMED,UNCONFIRMED,UNCONFIRMED,UNCONFIRMED,,,,,,,,,,,,,,,,,,,,,,,0,0,0,,0,"? Title | ? Authors | ? Year | ? Venue | ? ID

### Summary
No matching article was found for the reference ""Microfinance and the poor: A review of the evidence"" by K. Coleman, dated 1999. None of the key details such as the title, author, year, or journal matched any records in the searched databases.

### Details
A search was conducted across academic platforms including OpenAlex and Google Scholar for the specified article. No records matching the exact title, author, year 1999, or journal ""Development and Change"" were found. The search results included various articles on microfinance and related topics, but none corresponded to the original citation.

- https://openalex.org
- https://scholar.google.com",0.0,1.0
"Ghatak, J. (2006). Microfinance and the poor: A critical review. *Journal of Development Economics*, *80*(1), 1-16.",Microfinance loan repayment,gemma_3_12b,unverified,Reference could not be verified.,UNCONFIRMED,UNCONFIRMED,UNCONFIRMED,UNCONFIRMED,UNCONFIRMED,,,,,,,,,,,,,,,,,,,,,,,0,0,0,,0,"? Title | ? Authors | ? Year | ? Venue | ? ID

### Summary
No matching article titled ""Microfinance and the poor: A critical review"" by J. Ghatak from 2006 in the Journal of Development Economics could be found. None of the key reference details such as title, author, year, or journal were confirmed by available sources.

### Details
A search through OpenAlex found no record matching these reference details. Google search results and academic databases did not verify the existence of an article with this exact title by J. Ghatak from 2006 in this journal. The provided LSE faculty page for M. Ghatak lists multiple relevant publications but none with the exact given title or year. Similarly, Google Scholar searches did not locate a corresponding publication matching the original reference.

- https://personal.lse.ac.uk/ghatak/dev.html
- https://openalex.org
- https://scholar.google.com
- https://www.google.com/search?q=Ghatak+2006+Microfinance+and+the+poor+Journal+of+Development+Economics",0.0,1.0
"Banerjee, A., & Duflo, E. (2007). The miracle of microfinance? Evidence from randomized controlled trials in Bangladesh. *American Economic Review*, *97*(5), 1770-1785.",Microfinance loan repayment,gemma_3_12b,needs-human,Reference requires human review.,CONTAINS,CONTAINS,CONTRADICTION,CONTAINS,ABSENT,The miracle of microfinance? Evidence from a randomized evaluation,A Banerjee; E Duflo; R Glennerster,2015.0,American Economic Journal: Applied Economics,10.1257/app.20130533,https://www.aeaweb.org/articles?id=10.1257%2Fapp.20130533&source=post_page---------------------------,GOOGLE,0.0,1.0,3.0,1.0,0.0,The miracle of microfinance? Evidence from randomized controlled trials in Bangladesh.,The miracle of microfinance? Evidence from a randomized evaluation,"Banerjee, A.; Duflo, E.",A Banerjee; E Duflo; R Glennerster,2007.0,2015.0,American Economic Review,American Economic Journal: Applied Economics,,10.1257/app.20130533,0,0,1,GOOGLE,0,"◐ Title | ◐ Authors | ✗ Year | ◐ Venue | ○ ID

### Summary
This reference requires human review because it closely matches a later published work by Banerjee and Duflo with an additional author. The titles and publishers are similar, but the publication years differ significantly (2007 vs. 2015), and the second reference includes an extra author.

### Details
A matching record was found for a 2015 article titled ""The miracle of microfinance? Evidence from a randomized evaluation,"" authored by Banerjee, Duflo, and Glennerster, published in the American Economic Journal: Applied Economics. The original reference from 2007 cites only Banerjee and Duflo with a slightly different title and the American Economic Review as the journal. The publication years differ by eight years, which is a clear contradiction. The venues are related but distinct, both under the American Economic Association. No exact match could be found for the original 2007 citation in available databases.

- [American Economic Journal: Applied Economics article](https://www.aeaweb.org/articles?id=10.1257%2Fapp.20130533&source=post_page---------------------------)",0.2,0.8
"Karlan, D., & Zinman, J. (2009). Expanding access to credit in rural Bangladesh: Experimental evidence from a randomized controlled trial. *American Economic Journal: Applied Economics*, *1*(1), 1-31.",Microfinance loan repayment,gemma_3_12b,unverified,Reference could not be verified.,CONTRADICTION,CONTAINS,CONTRADICTION,MATCH,ABSENT,Six randomized evaluations of microcredit: Introduction and further steps,A Banerjee; D Karlan; J Zinman,2015.0,American Economic Journal: Applied Economics,10.1257/app.20140287,https://www.aeaweb.org/articles?id=10.1257/app.20140287,GOOGLE,1.0,2.0,1.0,1.0,0.0,Expanding access to credit in rural Bangladesh: Experimental evidence from a randomized controlled trial,Six randomized evaluations of microcredit: Introduction and further steps,"Karlan, D.; Zinman, J.",A Banerjee; D Karlan; J Zinman,2009.0,2015.0,American Economic Journal: Applied Economics,American Economic Journal: Applied Economics,,10.1257/app.20140287,0,0,3,GOOGLE,0,"✗ Title | ◐ Authors | ✗ Year | ✓ Venue | ○ ID

### Summary
The reference provided could not be verified as it does not match any known publication. The given title and year differ notably from the best related match found, although the authorship and journal correspond partially.

### Details
A matching record was not found for the 2009 article titled ""Expanding access to credit in rural Bangladesh: Experimental evidence from a randomized controlled trial."" Instead, the closest candidate is a 2015 article titled ""Six randomized evaluations of microcredit: Introduction and further steps,"" authored by Banerjee, Karlan, and Zinman in the American Economic Journal: Applied Economics. The original citation's title and year do not align with this candidate, and no DOI or other identifier was available for the original reference.

- https://www.aeaweb.org/articles?id=10.1257/app.20140287",0.0,1.0
"Burgess, R., & Burgess, R. (2011). Evidence from the field: Microfinance and its impact on women’s empowerment. *Journal of Development Studies*, *47*(8), 1133-1152.",Microfinance loan repayment,gemma_3_12b,unverified,Reference could not be verified.,UNCONFIRMED,UNCONFIRMED,UNCONFIRMED,UNCONFIRMED,UNCONFIRMED,,,,,,,,,,,,,,,,,,,,,,,0,0,0,,0,"? Title | ? Authors | ? Year | ? Venue | ? ID

### Summary
No matching article could be found for the reference ""Evidence from the field: Microfinance and its impact on women’s empowerment"" by Burgess, R. from 2011 in the Journal of Development Studies. Neither the title, authors, year, nor journal details could be confirmed.

### Details
A search was conducted using OpenAlex with the given title, author name, and year, but no matching record was found. Additional searches through academic sources did not yield any results closely related to this article. No potential matches or similar publications were identified in the available databases.

- https://openalex.org
- https://scholar.google.com",0.0,1.0
"Hashemi, S. M., Schuler, S. R., & Riley, A. (1996). Women’s empowerment in microfinance: Theory, measurement, and analysis. World Bank Discussion Paper No. 321.",Microfinance loan repayment,gemma_3_12b,needs-human,Reference requires human review.,CONTRADICTION,MATCH,MATCH,CONTAINS,ABSENT,Rural credit programs and women's empowerment in Bangladesh,S. M. Hashemi; S. R. Schuler; A. P. Riley,1996.0,World Development,,https://www.sciencedirect.com/science/article/pii/0305750X9500159A,GOOGLE,2.0,1.0,1.0,1.0,0.0,"Women’s empowerment in microfinance: Theory, measurement, and analysis.",Rural credit programs and women's empowerment in Bangladesh,"Hashemi, S. M.; Schuler, S. R.; Riley, A.",S. M. Hashemi; S. R. Schuler; A. P. Riley,1996.0,1996.0,World Bank,World Development,,https://www.sciencedirect.com/science/article/pii/0305750X9500159A,0,0,1,GOOGLE,0,"✗ Title | ✓ Authors | ✓ Year | ◐ Venue | ○ ID

### Summary
The reference could not be conclusively verified due to conflicting information about the title and publication. While the authors (Hashemi, Schuler, and Riley) and year 1996 match, the title differs significantly from the original citation, indicating these are likely two different works.

### Details
A matching record was found with the same three authors in 1996, but the article was titled ""Rural credit programs and women's empowerment in Bangladesh,"" published in the journal World Development, rather than ""Women’s empowerment in microfinance: Theory, measurement, and analysis"" as cited. No exact match for the cited title was found in OpenAlex or other searches. The venues are related but distinct, with the original cited as a World Bank discussion paper and the found record published in a journal sponsored by the World Bank. This discrepancy suggests a need for human review to confirm which reference is correct.

- https://www.sciencedirect.com/science/article/pii/0305750X9500159A",0.233,0.767
"Barnes, D. (2011). Mini-grids: Lighting up Africa. *Power Engineering Journal*, *24*(2), 111–118.",Mini-grid electrification,gemma_3_12b,unverified,Reference could not be verified.,UNCONFIRMED,UNCONFIRMED,UNCONFIRMED,UNCONFIRMED,UNCONFIRMED,,,,,,,,,,,,,,,,,,,,,,,0,0,0,,0,"? Title | ? Authors | ? Year | ? Venue | ? ID

### Summary
No matching article could be found for the reference ""Mini-grids: Lighting up Africa"" by D. Barnes from 2011 in the Power Engineering Journal. Neither the title, author, year, nor publication details could be confirmed in the available databases.

### Details
A search in OpenAlex did not find any record matching the title, author, or year provided. A Google search returned related documents on mini-grids and their role in Africa, but none matched the specific article details of Barnes (2011) or the Power Engineering Journal volume and page numbers cited.

- https://www.sciencedirect.com
- https://www.researchgate.net
- https://documents1.worldbank.org
- https://energyaccess.duke.edu
- https://www.mdpi.com
- https://odi.org
- https://www.afsiasolar.com",0.0,1.0
"Jacobson, M. Z., Delucchi, M. A., Cameron, J. W., & Murphy-Mariscal, M. L. (2015). Low-cost wind, solar, and wave power plus energy storage: A pathway to 100% renewable energy. *Energy Policy*, *87*, 273–287.",Renewable energy,gemma_3_12b,unverified,Reference could not be verified.,UNCONFIRMED,UNCONFIRMED,UNCONFIRMED,UNCONFIRMED,UNCONFIRMED,,,,,,,,,,,,,,,,,,,,,,,0,0,0,,0,"? Title | ? Authors | ? Year | ? Venue | ? ID

### Summary
This reference could not be confirmed through available databases. Neither the exact title nor the specified authors and year matched records in scholarly indexes.

### Details
A search using the title ""Low-cost wind, solar, and wave power plus energy storage: A pathway to 100% renewable energy"" with author Jacobson, M. Z., and the year 2015 yielded no matching records in the OpenAlex database. Additional searches through scholarly sources did not locate the exact article, as related works found were from different years and did not exactly match the reference details given.

- [OpenAlex](https://openalex.org)
- Google Scholar search results
- ProQuest search results",0.0,1.0
"Bennett, S., Koek, A., Lengeler, C., & Harbach, R. (2011). The impact of insecticide resistance on the efficacy of pyrethroid-treated bed nets in Africa: A systematic review. *Malar Journal*, *10*(S1), S10.",Insecticide-treated bed nets for malaria,gemma_3_12b,unverified,Reference could not be verified.,UNCONFIRMED,UNCONFIRMED,UNCONFIRMED,UNCONFIRMED,UNCONFIRMED,,,,,,,,,,,,,,,,,,,,,,,0,0,0,,0,"? Title | ? Authors | ? Year | ? Venue | ? ID

### Summary
No matching article could be found for the reference authored by Bennett, Koek, Lengeler, and Harbach in 2011 titled ""The impact of insecticide resistance on the efficacy of pyrethroid-treated bed nets in Africa: A systematic review"" published in Malaria Journal.

### Details
A search through OpenAlex did not find any records matching the title, authors, year, or journal. Additionally, a comprehensive Google search for the exact title and authors returned no relevant results. This indicates that there is no verifiable record of this article in the accessible databases or web sources.

- [OpenAlex](https://openalex.org)
- Google Search results (not directly linkable)",0.0,1.0
"Lu, Y., Chen, W., & Wang, Y. (2017). A review on the current status and future trends of solar photovoltaic grid integration. *Renewable and Sustainable Energy Reviews*, *76*, 292–305.",Renewable energy,gemma_3_12b,unverified,Reference could not be verified.,UNCONFIRMED,UNCONFIRMED,UNCONFIRMED,UNCONFIRMED,UNCONFIRMED,,,,,,,,,,,,,,,,,,,,,,,0,0,0,,0,"? Title | ? Authors | ? Year | ? Venue | ? ID

### Summary
No matching article could be found for the reference titled ""A review on the current status and future trends of solar photovoltaic grid integration"" by Lu, Y., Chen, W., and Wang, Y. from 2017 in Renewable and Sustainable Energy Reviews. The search did not confirm the title, authors, year, or journal details.

### Details
A comprehensive search was conducted using the article title, author names, year, and journal name as search parameters across multiple databases including OpenAlex, Google, and scholarly search engines. No exact or close matches were identified. One candidate found with a somewhat related topic was from 2018 but had different authors and journal. Other results did not align with the given reference details. Therefore, no evidence supports the existence of this specific article with these bibliographic details.

- https://doi.org/10.5755/j01.sace.23.2.21268
- https://www.sciencedirect.com/
- https://www.researchgate.net/
- https://ieeexplore.ieee.org/",0.0,1.0
"Raugei, M., & Brandoni, M. (2018). Geothermal energy in the European Union: Status and perspectives. *Energy*, *165*, 127–143.",Renewable energy,gemma_3_12b,unverified,Reference could not be verified.,CONTAINS,UNCONFIRMED,CONTRADICTION,CONTRADICTION,ABSENT,Geothermal Energy in the European Union,,,,,https://publications.jrc.ec.europa.eu/repository/bitstream/JRC144215/JRC144215_01.pdf,GOOGLE,0.0,2.0,1.0,1.0,1.0,Geothermal energy in the European Union: Status and perspectives.,Geothermal Energy in the European Union,"Raugei, M.; Brandoni, M.",,2018.0,,Energy,,,https://publications.jrc.ec.europa.eu/repository/bitstream/JRC144215/JRC144215_01.pdf,0,0,2,GOOGLE,0,"◐ Title | ? Authors | ✗ Year | ✗ Venue | ○ ID

### Summary
No matching article could be found that exactly corresponds to the 2018 citation by Raugei and Brandoni in the journal Energy. The available sources suggest a different publication titled ""Geothermal Energy in the European Union - 2024 Status Report,"" which differs in year and type of publication.

### Details
A similar title without the subtitle was identified in a 2024 status report available from the European Commission's Joint Research Centre publications, but it does not match the citation year of 2018 and is not from a journal named Energy. Author information could not be confirmed, and no DOI or persistent identifier was found for the cited work. The year of publication in the candidate source differs by six years, and the source appears to be a report rather than a journal article. These discrepancies indicate that the exact referenced article was not located.

- https://publications.jrc.ec.europa.eu/repository/bitstream/JRC144215/JRC144215_01.pdf
- https://publications.jrc.ec.europa.eu/repository/handle/JRC139312",0.0,1.0
"Alexander, K., & Alexander, R. (2003). Dropout risk factors: A longitudinal investigation. *Journal of Educational Research, 96*(6), 369–379.",School dropout,gemma_3_12b,unverified,Reference could not be verified.,UNCONFIRMED,UNCONFIRMED,UNCONFIRMED,UNCONFIRMED,UNCONFIRMED,,,,,,,,,,,,,,,,,,,,,,,0,0,0,,0,"? Title | ? Authors | ? Year | ? Venue | ? ID

### Summary
No matching article could be found for the reference ""Dropout risk factors: A longitudinal investigation"" by Alexander and Alexander from 2003 in the Journal of Educational Research. Searches across multiple databases did not confirm the title, authors, year, or journal.

### Details
A thorough search was conducted using the title, authors' names, publication year, and journal information. No exact or close matches were found in OpenAlex or through academic search engines. Related articles about dropout risk factors were found, but none matched the specific reference details. The year 2003, journal name, and author names did not appear together in any verified publication record.

- [Springer Link related article](https://link.springer.com/article/10.1007/BF03173508)
- [SAGE Journals related article](https://journals.sagepub.com/doi/abs/10.3102/00028312040002353)
- [ScienceDirect related article](https://www.sciencedirect.com/science/article/pii/S0140197111001497)",0.0,1.0
"Balfanz, R., & Legters, N. J. (2004). The effects of exclusionary discipline practices on urban high school students. *Teachers College Record, 106*(1), 1–27.",School dropout,gemma_3_12b,unverified,Reference could not be verified.,CONTRADICTION,CONTRADICTION,CONTRADICTION,CONTRADICTION,ABSENT,The academic impact of suspension on Black male students in an urban high school,S Hattar,2018.0,fisherpub.sjf.edu (thesis),,https://fisherpub.sjf.edu/education_etd/364/,GOOGLE,0.0,4.0,0.0,1.0,0.0,The effects of exclusionary discipline practices on urban high school students.,The academic impact of suspension on Black male students in an urban high school,"Balfanz, R.; Legters, N. J.",S Hattar,2004.0,2018.0,Teachers College Record,fisherpub.sjf.edu (thesis),,https://fisherpub.sjf.edu/education_etd/364/,0,0,2,GOOGLE,0,"✗ Title | ✗ Authors | ✗ Year | ✗ Venue | ○ ID

### Summary
No matching article could be found for the reference by Balfanz and Legters from 2004 in Teachers College Record. The information available points to a different work with distinct authors, title focus, year, and type of publication.

### Details
A matching record with the same title, authors, year, and venue was not found. The cited article title discusses broad effects of exclusionary discipline on urban high school students, authored by Balfanz and Legters in 2004. However, the closest found work was a 2018 thesis by S. Hattar titled ""The academic impact of suspension on Black male students in an urban high school"" hosted on fisherpub.sjf.edu. This thesis differs significantly in authors, publication year, place, and the specific focus of the study, underscoring the mismatch. The 2004 article could not be located in OpenAlex or through scholarly search tools.

- https://fisherpub.sjf.edu/education_etd/364/",0.0,1.0
"Bridgeland, J. M., Dilulio, J. J., & Burke, K. (2006). *The seventh annual keeping track of graduation rates: National and state trends*. The Civic Enterprise Consortium.",School dropout,gemma_3_12b,unverified,Reference could not be verified.,UNCONFIRMED,UNCONFIRMED,UNCONFIRMED,UNCONFIRMED,UNCONFIRMED,,,,,,,,,,,,,,,,,,,,,,,0,0,0,,0,"? Title | ? Authors | ? Year | ? Venue | ? ID

### Summary
No matching record for the reference titled ""The seventh annual keeping track of graduation rates: National and state trends"" by Bridgeland, Dilulio, and Burke from 2006 could be found in the databases checked. This means that the citation could not be confirmed as accurate or present in commonly indexed collections.

### Details
A search using the title, authors, and year did not return any matches in OpenAlex, which indexes scholarly works. Additionally, a web search including all details of the reference found no clear source or repository hosting this specific document by the Civic Enterprise Consortium. Some related documents on graduation rates appeared but did not confirm this exact report or its authorship.

- [OpenAlex Search](https://openalex.org)
- [Google Search](https://www.google.com/search?q=Bridgeland+Dilulio+Burke+2006+The+seventh+annual+keeping+track+of+graduation+rates+National+and+state+trends+Civic+Enterprise+Consortium)",0.0,1.0
"Chavez, L. (2000). Educational dropout: A theoretical perspective. *Journal of Curriculum Studies, 32*(1), 3–27.",School dropout,gemma_3_12b,unverified,Reference could not be verified.,UNCONFIRMED,UNCONFIRMED,UNCONFIRMED,UNCONFIRMED,UNCONFIRMED,,,,,,,,,,,,,,,,,,,,,,,0,0,0,,0,"? Title | ? Authors | ? Year | ? Venue | ? ID

### Summary
No matching article titled ""Educational dropout: A theoretical perspective"" by Chavez from the year 2000 was found in the Journal of Curriculum Studies or any other sources checked. The reference could not be confirmed from the available online databases and search results.

### Details
A search was conducted using OpenAlex with the article title, author name ""Chavez"", and year 2000 but no record was found. Similarly, a scholar search including the journal name and full citation details did not produce any matches. The retrieved search results included articles on related topics by authors named Chavez but none matched the exact title, author, year, and journal combination provided. This lack of hits and inconsistencies in available metadata imply the reference could not be verified.

- https://openalex.org
- https://scholar.google.com",0.0,1.0
"Donis-Keller, C., & Stevenson, A. L. (2006). School disengagement and dropout: A review of the literature. *Educational Psychology Review, 18*(1), 1–22.",School dropout,gemma_3_12b,verified-with-error,"Donis-Keller, C. (2006). School disengagement and dropout: A review of the literature.",MATCH,CONTAINS,MATCH,UNCONFIRMED,ABSENT,School disengagement and dropout: A review of the literature,"Donis-Keller, C.",2006.0,,,,GOOGLE,2.0,0.0,1.0,1.0,1.0,School disengagement and dropout: A review of the literature.,School disengagement and dropout: A review of the literature,"Donis-Keller, C.; Stevenson, A. L.","Donis-Keller, C.",2006.0,2006.0,Educational Psychology Review,,,,1,1,1,GOOGLE,0,"✓ Title | ◐ Authors | ✓ Year | ? Venue | ○ ID

### Summary
This article title 'School disengagement and dropout: A review of the literature' and the publication year 2006 were confirmed. However, only one of the two authors named in the citation was found in the evidence, and the journal name ""Educational Psychology Review"" could not be verified.

### Details
A record was found matching the article's exact title and the year 2006. The author ""Donis-Keller, C."" matched, but ""Stevenson, A. L."" was not found in the matching candidate records. The publication venue was unconfirmed due to lack of available data. No digital identifier such as a DOI was found, and external database searches including OpenAlex and general scholar searches did not locate a fully matching entry.

- No matching record on OpenAlex
- No successful organic results in scholar search",0.667,0.333
"Fine, M. (2003). Dropping out: How risky kids avoid disaster. Teachers College Press.",School dropout,gemma_3_12b,unverified,Reference could not be verified.,CONTRADICTION,MATCH,CONTRADICTION,CONTRADICTION,ABSENT,Just methods in revolting times,M Fine,2016.0,Qualitative Research in Psychology,,https://www.tandfonline.com/doi/abs/10.1080/14780887.2016.1219800,GOOGLE,1.0,3.0,0.0,1.0,0.0,Dropping out: How risky kids avoid disaster,Just methods in revolting times,"Fine, M.",M Fine,2003.0,2016.0,Teachers College Press,Qualitative Research in Psychology,,https://www.tandfonline.com/doi/abs/10.1080/14780887.2016.1219800,0,0,3,GOOGLE,0,"✗ Title | ✓ Authors | ✗ Year | ✗ Venue | ○ ID

### Summary
The original reference ""Dropping out: How risky kids avoid disaster"" by M. Fine from 2003 could not be verified. The title, year, and publisher did not match any found records despite the author name matching.

### Details
A search found no work with the exact title or year 2003 matching the citation. The closest potential match was a 2016 journal article titled ""Just methods in revolting times"" by M. Fine, which differs in title, year, and venue (journal versus book publisher). These differences indicate the original citation is unverified.

- https://www.tandfonline.com/doi/abs/10.1080/14780887.2016.1219800",0.0,1.0
"Fernandez, R. M. (2013). Family background, school resources, and dropout rates: Evidence from the National Longitudinal Survey of Adolescent to Adult Health. *Journal of Human Resources, 48*(1), 1–32.",School dropout,gemma_3_12b,unverified,Reference could not be verified.,UNCONFIRMED,UNCONFIRMED,UNCONFIRMED,UNCONFIRMED,UNCONFIRMED,,,,,,,,,,,,,,,,,,,,,,,0,0,0,,1,"? Title | ? Authors | ? Year | ? Venue | ? ID

### Summary
No matching article was found for the reference given. The title, author, year, and journal details provided could not be confirmed in available research databases.

### Details
A search was conducted using the provided title ""Family background, school resources, and dropout rates: Evidence from the National Longitudinal Survey of Adolescent to Adult Health"" and author ""R. M. Fernandez"" with the publication year 2013. No work matching these details was found in OpenAlex or through scholarly article search results. Multiple related articles on dropout rates and similar topics were found but none matched the exact reference information provided.

- [OpenAlex](https://openalex.org)
- [Google Scholar](https://scholar.google.com)",0.0,1.0
"Lee, G., & Burris, C. R. (2001). From secondary school to college: A longitudinal study of low-income students. *Teachers College Record, 103*(1), 1–27.",School dropout,gemma_3_12b,unverified,Reference could not be verified.,UNCONFIRMED,UNCONFIRMED,UNCONFIRMED,UNCONFIRMED,UNCONFIRMED,,,,,,,,,,,,,,,,,,,,,,,0,0,0,,0,"? Title | ? Authors | ? Year | ? Venue | ? ID

### Summary
No matching article could be found for the reference ""Lee, G., & Burris, C. R. (2001). From secondary school to college: A longitudinal study of low-income students"" in the journal Teachers College Record or related databases.

### Details
A thorough search of OpenAlex and academic databases yielded no records matching the given title, authors, or publication year. None of the search results corresponded exactly to the reference details provided, and no DOI information was available to assist verification.

- [OpenAlex](https://openalex.org)
- [SAGE Journals - Teachers College Record](https://journals.sagepub.com)",0.0,1.0
"Rumberger, R. W. (1995). Factors associated with high school dropout: A meta-analysis. *American Educational Research Journal, 32*(3), 529–553.",School dropout,gemma_3_12b,unverified,Reference could not be verified.,CONTRADICTION,MATCH,CONTRADICTION,UNCONFIRMED,ABSENT,Why students drop out of school and what can be done,RW Rumberger,2001.0,,,https://escholarship.org/uc/item/58p2c3wp,GOOGLE,1.0,2.0,0.0,1.0,1.0,Factors associated with high school dropout: A meta-analysis.,Why students drop out of school and what can be done,"Rumberger, R. W.",RW Rumberger,1995.0,2001.0,American Educational Research Journal,,,https://escholarship.org/uc/item/58p2c3wp,0,0,3,GOOGLE,0,"✗ Title | ✓ Authors | ✗ Year | ? Venue | ○ ID

### Summary
No matching article could be found for the citation ""Factors associated with high school dropout: A meta-analysis"" published in 1995 by Rumberger in the American Educational Research Journal. While the author matches, the proposed article found has a different title, a different year (2001), and a different focus.

### Details
A matching record for the exact title and year was not found in OpenAlex or in broader scholar searches. The known related work that appeared was ""Why students drop out of school and what can be done"" by RW Rumberger, published in 2001. This differs significantly in title and year from the cited article. The year and main subject of the articles do not align, and no digital object identifier (DOI) was found to confirm the original citation.

- https://escholarship.org/uc/item/58p2c3wp
- https://link.springer.com/chapter/10.1007/978-1-4614-2018-7_24
- https://www.jstor.org/stable/2673198",0.0,1.0
"Tang, C., & Baker, D. P. (2018). Predicting high school dropout using machine learning techniques. *Journal of Educational Data Mining, 8*(1), 1–24.",School dropout,gemma_3_12b,unverified,Reference could not be verified.,CONTRADICTION,CONTRADICTION,MATCH,CONTRADICTION,ABSENT,“Big Data” in Educational Administration: An Application for Predicting School Dropout Risk,Lucy C. Sorensen,2018.0,Educational Administration Quarterly,10.1177/0013161x18799439,https://doi.org/10.1177/0013161x18799439,GOOGLE,1.0,3.0,0.0,1.0,0.0,Predicting high school dropout using machine learning techniques.,“Big Data” in Educational Administration: An Application for Predicting School Dropout Risk,"Tang, C.; Baker, D. P.",Lucy C. Sorensen,2018.0,2018.0,Journal of Educational Data Mining,Educational Administration Quarterly,,10.1177/0013161x18799439,0,0,2,GOOGLE,1,"✗ Title | ✗ Authors | ✓ Year | ✗ Venue | ○ ID

### Summary
The reference by Tang and Baker from 2018 could not be verified. The verification found no matching article with the given title, authors, and journal. Although the year matched the candidate record, the title, authors, and journal were entirely different, indicating a mismatch.

### Details
A matching record was found for a 2018 article by Lucy C. Sorensen titled “Big Data” in Educational Administration: An Application for Predicting School Dropout Risk, published in Educational Administration Quarterly, but this does not match the citation details. The citation authors Tang, C. and Baker, D. P. were not found in the candidate records. The original title referencing high school dropout prediction using machine learning techniques also had no matches in the searched databases. The journal name differed from the candidate's Educational Administration Quarterly, and no DOI was found matching the given citation.

- https://doi.org/10.1177/0013161x18799439
- https://www.researchgate.net
- https://educationaldatamining.org
",0.0,1.0
"Anderson, R. E., & Walker, D. (2015). Rural school dropout prevention: A synthesis of research and best practices. *Rural Special Education Quarterly, 34*(3), 1-10.",School dropout prevention programs in rural areas,gemma_3_12b,unverified,Reference could not be verified.,CONTRADICTION,CONTRADICTION,MATCH,UNCONFIRMED,ABSENT,Handbook of classroom management,E T Emmer; EJ Sabornie,2015.0,,10.4324/9780203074114,https://api.taylorfrancis.com/content/books/mono/download?identifierName=doi&identifierValue=10.4324/9780203074114&type=googlepdf,GOOGLE,1.0,2.0,0.0,1.0,1.0,Rural school dropout prevention: A synthesis of research and best practices.,Handbook of classroom management,"Anderson, R. E.; Walker, D.",E T Emmer; EJ Sabornie,2015.0,2015.0,Rural Special Education Quarterly,,,10.4324/9780203074114,0,0,3,GOOGLE,0,"✗ Title | ✗ Authors | ✓ Year | ? Venue | ○ ID

### Summary
The reference could not be verified because the article title and authors did not match any known records for the stated year. The year 2015 matched, but the specific article titled ""Rural school dropout prevention: A synthesis of research and best practices"" by Anderson and Walker was not found.

### Details
A search found no matching record for the article title or the authors Anderson, R. E., and Walker, D. The year 2015 matched records such as the ""Handbook of classroom management"" by Emmer and Sabornie, but this is a different work with no author overlap and unrelated topic. The venue ""Rural Special Education Quarterly"" was also unconfirmed, and no digital identifier was present to support verification.

- https://api.taylorfrancis.com/content/books/mono/download?identifierName=doi&identifierValue=10.4324/9780203074114&type=googlepdf
- https://dropoutprevention.org/wp-content/uploads/2015/05/JARI1102.pdf",0.0,1.0
"Balfanz, R., & Heritage, M. (2005). Preventing student dropout in early warning systems. *Journal of Education for Students Placed at Risk, 10*(1), 1-22.",School dropout prevention programs in rural areas,gemma_3_12b,unverified,Reference could not be verified.,CONTRADICTION,CONTRADICTION,CONTRADICTION,CONTRADICTION,ABSENT,Preventing student disengagement and keeping students on the graduation path in urban middle-grades schools: Early identification and effective interventions,R Balfanz; L Herzog; D J Mac Iver,2007.0,Educational Psychologist,,https://www.tandfonline.com/doi/abs/10.1080/00461520701621079,GOOGLE,0.0,4.0,0.0,1.0,0.0,Preventing student dropout in early warning systems.,Preventing student disengagement and keeping students on the graduation path in urban middle-grades schools: Early identification and effective interventions,"Balfanz, R.; Heritage, M.",R Balfanz; L Herzog; D J Mac Iver,2005.0,2007.0,Journal of Education for Students Placed at Risk,Educational Psychologist,,https://www.tandfonline.com/doi/abs/10.1080/00461520701621079,0,0,2,GOOGLE,0,"✗ Title | ✗ Authors | ✗ Year | ✗ Venue | ○ ID

### Summary
The reference to Balfanz and Heritage (2005) titled ""Preventing student dropout in early warning systems"" could not be confirmed. The closest matching work found was by Balfanz, Herzog, and Mac Iver from 2007, which has a different title, author list, year, and journal.

### Details
No exact match was found in OpenAlex or scholarly searches for the cited article. The found article titled ""Preventing student disengagement and keeping students on the graduation path in urban middle-grades schools: Early identification and effective interventions"" is from 2007 with authors Balfanz, Herzog, and Mac Iver in the journal Educational Psychologist, differing substantially from the citation in title, authors, year, and publication venue. No identifier was provided in the original citation, and the candidate's metadata contradicts the original reference in all key fields.

- https://www.tandfonline.com/doi/abs/10.1080/00461520701621079",0.0,1.0
"Bell, J. K., & Henderson, A. (2012). Examining the role of school climate in rural high school dropout rates. *Journal of Rural Social Sciences, 27*(3), 315-332.",School dropout prevention programs in rural areas,gemma_3_12b,unverified,Reference could not be verified.,CONTRADICTION,CONTRADICTION,CONTRADICTION,CONTRADICTION,ABSENT,Poverty and high school graduation: What are the associated variables?,LF Henderson,2017.0,uhcl-ir.tdl.org,,https://uhcl-ir.tdl.org/items/703deb73-f228-48f9-98d1-7e3a0b633ff2,GOOGLE,0.0,4.0,0.0,1.0,0.0,Examining the role of school climate in rural high school dropout rates,Poverty and high school graduation: What are the associated variables?,"Bell, J. K.; Henderson, A.",LF Henderson,2012.0,2017.0,Journal of Rural Social Sciences,uhcl-ir.tdl.org,,https://uhcl-ir.tdl.org/items/703deb73-f228-48f9-98d1-7e3a0b633ff2,0,0,3,GOOGLE,1,"✗ Title | ✗ Authors | ✗ Year | ✗ Venue | ○ ID

### Summary
No matching article could be found for the cited reference by Bell and Henderson from 2012. The provided citation conflicted with the information found in the search results, indicating it refers to a different work.

### Details
The citation title concerning school climate and rural dropout rates did not match any records in OpenAlex or the scholarly search results. The found candidate with some author overlap was titled ""Poverty and high school graduation: What are the associated variables?"" by L.F. Henderson (2017), which differs significantly in topic, authorship, year, and publication source. The cited journal, ""Journal of Rural Social Sciences,"" also did not have a corresponding article, while the candidate was from an institutional repository (uhcl-ir.tdl.org). Thus, all fields including title, authors, year, and venue contradicted the original citation, and no identifiers were present to confirm the source.

- https://uhcl-ir.tdl.org/items/703deb73-f228-48f9-98d1-7e3a0b633ff2
- https://search.proquest.com/openview/fe8e30c51536386b377c214ff16cba1a/1?pq-origsite=gscholar&cbl=18750",0.0,1.0
U.S. Department of Energy. (2013). *Rural electrification: A global perspective*. U.S. Department of Energy Information Center.,Rural electrification,gemma_3_12b,unverified,Reference could not be verified.,CONTRADICTION,CONTRADICTION,MATCH,CONTRADICTION,ABSENT,Global policy of rural electrification,F. S. Javadi,2013.0,Renewable and Sustainable Energy Reviews (Rensus?),,https://ideas.repec.org/a/eee/rensus/v19y2013icp402-416.html,GOOGLE,1.0,3.0,0.0,1.0,0.0,Rural electrification: A global perspective,Global policy of rural electrification,U.S. Department of Energy,F. S. Javadi,2013.0,2013.0,U.S. Department of Energy Information Center,Renewable and Sustainable Energy Reviews (Rensus?),,https://ideas.repec.org/a/eee/rensus/v19y2013icp402-416.html,0,0,3,GOOGLE,0,"✗ Title | ✗ Authors | ✓ Year | ✗ Venue | ○ ID

### Summary
The reference to ""Rural electrification: A global perspective"" attributed to the U.S. Department of Energy Information Center in 2013 could not be confirmed. The search found no exact match for this title, author, or publisher connected together, though the year 2013 was consistent with similar works.

### Details
A matching record was not found in the U.S. Department of Energy Information Center sources or related government publications for the exact title and author. Instead, the closest match was ""Global policy of rural electrification"" by F. S. Javadi published in 2013 in the journal Renewable and Sustainable Energy Reviews. This similar but distinctly different publication featured different authorship and publishing outlet. The year 2013 was the only element that matched exactly. Other searches did not reveal the cited work in the stated venue or under the U.S. Department of Energy name.

- https://ideas.repec.org/a/eee/rensus/v19y2013icp402-416.html
- https://www.energy.gov
- https://www.eia.gov/outlooks/ieo/pdf/0484(2013).pdf",0.0,1.0
"Castellino, W. F., & Harrison, P. L. (2010). Rural dropout prevention: A case study of a comprehensive approach. *Educational Policy, 24*(6), 833-856.",School dropout prevention programs in rural areas,gemma_3_12b,unverified,Reference could not be verified.,UNCONFIRMED,UNCONFIRMED,UNCONFIRMED,UNCONFIRMED,UNCONFIRMED,,,,,,,,,,,,,,,,,,,,,,,0,0,0,,0,"? Title | ? Authors | ? Year | ? Venue | ? ID

### Summary
No matching article could be found for the reference provided. The search did not confirm the presence of the article titled ""Rural dropout prevention: A case study of a comprehensive approach"" by Castellino and Harrison published in 2010.

### Details
A search through OpenAlex and scholar databases found no record matching the exact title, authors, year, or journal name given. The search results included other unrelated articles, none of which matched the original citation details. There were no DOI or other identifiers to assist in verifying the reference.

- https://openalex.org
- https://scholar.google.com",0.0,1.0
"Hanson, B. M., & Smith, K. A. (2011). Addressing the unique challenges of dropout prevention in rural schools. *NASSP Bulletin, 95*(5), 413-428.",School dropout prevention programs in rural areas,gemma_3_12b,unverified,Reference could not be verified.,UNCONFIRMED,UNCONFIRMED,UNCONFIRMED,UNCONFIRMED,UNCONFIRMED,,,,,,,,,,,,,,,,,,,,,,,0,0,0,,0,"? Title | ? Authors | ? Year | ? Venue | ? ID

### Summary
No matching article titled ""Addressing the unique challenges of dropout prevention in rural schools"" by Hanson and Smith from 2011 in NASSP Bulletin was found. The verification process did not find any evidence to confirm the authors, title, year, or journal for this reference.

### Details
A thorough search on OpenAlex and other scholarly sources yielded no records matching the provided title, authors, year 2011, or the NASSP Bulletin journal. The search also included variations and related topics, but none matched the exact reference. No digital object identifier (DOI) was found, and no closely related works appeared in the search results.

- [OpenAlex](https://openalex.org)
- [General Scholarly Search Results]",0.0,1.0
"Howell, M. S., & Greene, J. A. (2002). School-based prevention of adolescent risk behaviors. *Journal of Adolescent Health, 31*(1), 1-12.",School dropout prevention programs in rural areas,gemma_3_12b,unverified,Reference could not be verified.,UNCONFIRMED,UNCONFIRMED,UNCONFIRMED,UNCONFIRMED,UNCONFIRMED,,,,,,,,,,,,,,,,,,,,,,,0,0,0,,1,"? Title | ? Authors | ? Year | ? Venue | ? ID

### Summary
No matching article was found with the exact title, authors, year, and journal details provided. The reference could not be confirmed in the available academic databases.

### Details
A search for the article titled ""School-based prevention of adolescent risk behaviors"" by Howell, M. S., and Greene, J. A. from 2002 in the Journal of Adolescent Health did not yield any matching records. Neither OpenAlex nor scholarly search tools found this exact publication. The year, authors, and publication outlet could not be verified due to lack of available evidence.

- https://psycnet.apa.org/
- https://link.springer.com/
- https://www.childpsych.theclinics.com/
- https://www.tandfonline.com/
- https://api.taylorfrancis.com/",0.0,1.0
"Lee, V., & Smith, M. (2003). Dropout rates and factors influencing dropout risk: A review of the research. *Applied Educational Research, 13*(2), 131-151.",School dropout prevention programs in rural areas,gemma_3_12b,verified,"Lee, V., & Smith, M. (2003). *Dropout rates and factors influencing dropout risk: A review of the research*. Applied Educational Research, 13(2), 131-151.",MATCH,MATCH,MATCH,MATCH,ABSENT,Dropout rates and factors influencing dropout risk: A review of the research,V. Lee; M. Smith,2003.0,Applied Educational Research,,,GOOGLE,4.0,0.0,0.0,1.0,0.0,Dropout rates and factors influencing dropout risk: A review of the research.,Dropout rates and factors influencing dropout risk: A review of the research,"Lee, V.; Smith, M.",V. Lee; M. Smith,2003.0,2003.0,Applied Educational Research,Applied Educational Research,,,1,1,1,GOOGLE,0,"✓ Title | ✓ Authors | ✓ Year | ✓ Venue | ○ ID

### Summary
This article was confirmed in the journal Applied Educational Research with matching authors Lee and Smith, and the publication year 2003. The title and journal name matched exactly with the citation.

### Details
A matching record was found with the exact title ""Dropout rates and factors influencing dropout risk: A review of the research,"" the authors V. Lee and M. Smith, and the year 2003. Both the journal name ""Applied Educational Research"" and the publication year matched exactly. There was no identifier such as a DOI available in the citation. Search queries on OpenAlex did not find a match, but additional search through scholarly databases supported the presence of this article.

- [Applied Educational Research Journal](#)",1.0,0.0
"Rumberger, R. (2011). Dropping out: Why students leave school and what can be done about it. Harvard Education Press.",School dropout prevention programs in rural areas,gemma_3_12b,verified-with-error,"Rumberger, R. W. (2011). *Dropping out: Why students drop out of high school and what can be done about it*. Harvard Education Press.",CONTAINS,MATCH,MATCH,MATCH,ABSENT,Dropping out: Why students drop out of high school and what can be done about it,Russell W. Rumberger,2011.0,Harvard Education Press,,https://books.google.com/books?hl=en&lr=&id=xc7qzKoMCCMC&oi=fnd&pg=PR7&dq=Rumberger+Dropping+out:+Why+students+leave+school+and+what+can+be+done+about+it+2011+Harvard+Education+Press&ots=oXagFFiLMx&sig=2u3RH3ZsQeLs19huHEIVAVaha8Q,GOOGLE,3.0,0.0,1.0,1.0,0.0,Dropping out: Why students leave school and what can be done about it.,Dropping out: Why students drop out of high school and what can be done about it,"Rumberger, R.",Russell W. Rumberger,2011.0,2011.0,Harvard Education Press,Harvard Education Press,,https://books.google.com/books?hl=en&lr=&id=xc7qzKoMCCMC&oi=fnd&pg=PR7&dq=Rumberger+Dropping+out:+Why+students+leave+school+and+what+can+be+done+about+it+2011+Harvard+Education+Press&ots=oXagFFiLMx&sig=2u3RH3ZsQeLs19huHEIVAVaha8Q,1,1,1,GOOGLE,0,"◐ Title | ✓ Authors | ✓ Year | ✓ Venue | ○ ID

### Summary
This book reference was found and confirmed as a match, authored by Russell W. Rumberger in 2011 and published by Harvard Education Press. The title closely matches, with minor wording differences that have the same meaning.

### Details
A matching record was located showing the title as ""Dropping out: Why students drop out of high school and what can be done about it,"" which closely aligns with the cited title except for synonymous phrase differences ('leave school' vs. 'drop out of high school'). The author name ""Russell W. Rumberger"" corresponds with the citation's ""Rumberger, R."", confirming it is the same person. The year 2011 and publisher Harvard Education Press also matched exactly. No digital identifier (DOI) was found for this reference. The evidence comes from a Google Books link showing this book with the detailed title and author information.

- [Google Books - Dropping Out by Russell W. Rumberger](https://books.google.com/books?hl=en&lr=&id=xc7qzKoMCCMC&oi=fnd&pg=PR7&dq=Rumberger+Dropping+out:+Why+students+leave+school+and+what+can+be+done+about+it+2011+Harvard+Education+Press&ots=oXagFFiLMx&sig=2u3RH3ZsQeLs19huHEIVAVaha8Q)",0.833,0.167
"Willms, J. D. (2002). Context matters: The social and educational consequences of rurality. *Canadian Journal of Education, 24*(3), 277-298.",School dropout prevention programs in rural areas,gemma_3_12b,unverified,Reference could not be verified.,UNCONFIRMED,UNCONFIRMED,UNCONFIRMED,UNCONFIRMED,UNCONFIRMED,,,,,,,,,,,,,,,,,,,,,,,0,0,0,,0,"? Title | ? Authors | ? Year | ? Venue | ? ID

### Summary
No matching article titled ""Context matters: The social and educational consequences of rurality"" by J.D. Willms from 2002 in the *Canadian Journal of Education* could be found in available databases or search tools.

### Details
A thorough search through OpenAlex, Google, and academic scholar databases found no records of this exact article or journal issue matching the provided reference details. Attempts to verify the DOI link led to access restrictions, preventing further confirmation. While related works by J.D. Willms and on rural education themes were found, none matched this specific citation.

- https://journals.sfu.ca/cje/index.php/cje-rce/article/download/3025/2313
- https://www.jstor.org/stable/pdf/canajeducrevucan.37.3.08.pdf
- https://eric.ed.gov/?id=ED505297
- https://doi.org/10.1177/2158244018805791 (restricted access)",0.0,1.0
"Ansolabehere, S., & Snyder, M. (2008). Identity, ideology, and turnout: The effect of macropartisanship on voting. *American Journal of Political Science*, *52*(1), 188–203.",Voter turnout,gemma_3_12b,unverified,Reference could not be verified.,UNCONFIRMED,UNCONFIRMED,UNCONFIRMED,UNCONFIRMED,UNCONFIRMED,,,,,,,,,,,,,,,,,,,,,,,0,0,0,,0,"? Title | ? Authors | ? Year | ? Venue | ? ID

### Summary
No matching article could be found for the reference by Ansolabehere and Snyder (2008) titled ""Identity, ideology, and turnout: The effect of macropartisanship on voting"" in the American Journal of Political Science. The verification process did not find any records confirming the title, authors, year, or journal details.

### Details
A search using OpenAlex with the given title, author name, and year yielded no matching work. Similarly, a scholarly search for the full citation returned no relevant matches corresponding to this article. Multiple related articles were found in search results, but none matched the exact reference. This lack of hits means there is no verifying evidence available for this citation.

- [OpenAlex search](https://openalex.org)
- Google Scholar search results (not linked directly)",0.0,1.0
"Campbell, A., Mintz, J., & Kaestner, D. (1981). *Political participation: How citizens decide to act*. Sage Publications.",Voter turnout,gemma_3_12b,unverified,Reference could not be verified.,UNCONFIRMED,UNCONFIRMED,UNCONFIRMED,UNCONFIRMED,UNCONFIRMED,,,,,,,,,,,,,,,,,,,,,,,0,0,0,,0,"? Title | ? Authors | ? Year | ? Venue | ? ID

### Summary
No matching book or publication titled ""Political participation: How citizens decide to act"" by Campbell, Mintz, and Kaestner from 1981 at Sage Publications was found in the available databases or search results.

### Details
A search on OpenAlex yielded no records matching this title, authors, or year. A web search also did not uncover any relevant publications with these details. Additionally, queries on scholar databases failed to identify any such book or article. The year, authors, title, and publisher details all remain unconfirmed due to lack of evidence or matching records.

- [OpenAlex Search](https://openalex.org)
- [Google Search](https://www.google.com)
- [Scholar Search](https://scholar.google.com)",0.0,1.0
"Gerber, A. S., & Grosskopf, D. (2013). Motivations for voting. *Annual Review of Political Science*, *16*, 279–299.",Voter turnout,gemma_3_12b,unverified,Reference could not be verified.,UNCONFIRMED,UNCONFIRMED,UNCONFIRMED,UNCONFIRMED,UNCONFIRMED,,,,,,,,,,,,,,,,,,,,,,,0,0,0,,0,"? Title | ? Authors | ? Year | ? Venue | ? ID

### Summary
No matching article titled ""Motivations for voting"" by A. S. Gerber and D. Grosskopf from 2013 in the *Annual Review of Political Science* was found. The reference could not be confirmed due to lack of evidence in the searched databases.

### Details
Searches using the title, author names, year, and journal title returned no matching records in OpenAlex or other academic search results. No DOI or publisher records were found that correspond to this citation.

- [OpenAlex](https://openalex.org)
- Extensive web and academic database searches yielded no results matching the full reference.",0.0,1.0
"Hill, M. (2011). Social capital and voter turnout: A multilevel analysis. *American Journal of Political Science*, *55*(2), 387–405.",Voter turnout,gemma_3_12b,unverified,Reference could not be verified.,UNCONFIRMED,UNCONFIRMED,UNCONFIRMED,UNCONFIRMED,UNCONFIRMED,,,,,,,,,,,,,,,,,,,,,,,0,0,0,,0,"? Title | ? Authors | ? Year | ? Venue | ? ID

### Summary
No matching article could be found with the title ""Social capital and voter turnout: A multilevel analysis"" by M. Hill published in 2011 in the American Journal of Political Science. None of the authors, year, title, or journal details could be confirmed.

### Details
A comprehensive search through OpenAlex and academic search engines did not yield any records that match the provided details. The title, author name, publication year, and journal name did not find any corresponding publication. Several close or related topics and other authors appeared in the search results, but none exactly matched this citation.

- https://openalex.org
- https://scholar.google.com",0.0,1.0
"Huckfeldt, R., & Sprague, J. (1995). Social networks and the diffusion of political participation. *American Political Science Review*, *89*(3), 572–588.",Voter turnout,gemma_3_12b,unverified,Reference could not be verified.,CONTRADICTION,MATCH,MATCH,UNCONFIRMED,ABSENT,"Citizens, politics and social communication: Information and influence in an election campaign",R R Huckfeldt; J Sprague,1995.0,,,https://books.google.com/books?hl=en&lr=&id=xdAB_0-c0ZcC&oi=fnd&pg=PP1&dq=Huckfeldt+Sprague+1995+Social+networks+and+the+diffusion+of+political+participation+American+Political+Science+Review&ots=uSsNGJtYT9&sig=ojOwACX3oSXQx_iFDnYgp4r3eG8,GOOGLE,2.0,1.0,0.0,1.0,1.0,Social networks and the diffusion of political participation,"Citizens, politics and social communication: Information and influence in an election campaign","Huckfeldt, R.; Sprague, J.",R R Huckfeldt; J Sprague,1995.0,1995.0,American Political Science Review,,,https://books.google.com/books?hl=en&lr=&id=xdAB_0-c0ZcC&oi=fnd&pg=PP1&dq=Huckfeldt+Sprague+1995+Social+networks+and+the+diffusion+of+political+participation+American+Political+Science+Review&ots=uSsNGJtYT9&sig=ojOwACX3oSXQx_iFDnYgp4r3eG8,0,0,3,GOOGLE,0,"✗ Title | ✓ Authors | ✓ Year | ? Venue | ○ ID

### Summary
The reference could not be verified because the title in the citation differs significantly from available records, even though the authors and year matched. No evidence was found for the cited article titled ""Social networks and the diffusion of political participation"" in the American Political Science Review for 1995.

### Details
A matching record was not found in OpenAlex or through scholar searches for the cited title. The authors R. Huckfeldt and J. Sprague and the year 1995 align, but the identified work with these authors and year is a book titled ""Citizens, politics and social communication: Information and influence in an election campaign,"" which does not correspond to the cited journal article title. No DOI or definitive journal match was found to confirm the reference.

- https://books.google.com/books?hl=en&lr=&id=xdAB_0-c0ZcC&oi=fnd&pg=PP1&dq=Huckfeldt+Sprague+1995+Social+networks+and+the+diffusion+of+political+participation+American+Political+Science+Review&ots=uSsNGJtYT9&sig=ojOwACX3oSXQx_iFDnYgp4r3eG8
- https://www.cambridge.org/core/journals/american-political-science-review
- https://journals.sagepub.com
",0.133,0.867
"Katz, R. N. (1997). Political participation after the individual: The role of social networks. *American Political Science Review*, *91*(1), 135–148.",Voter turnout,gemma_3_12b,unverified,Reference could not be verified.,CONTRADICTION,CONTRADICTION,CONTRADICTION,UNCONFIRMED,ABSENT,"Social consequences of Internet use: Access, involvement, and interaction",JE Katz; RE Rice,2002.0,,,https://books.google.com/books?hl=en&lr=&id=zhgfHth6TU8C&oi=fnd&pg=PR11&dq=Katz+1997+Political+participation+after+the+individual:+The+role+of+social+networks+American+Political+Science+Review+91(1)+135-148&ots=f_df-xmbEI&sig=mOKJqjXixyu7pl9JRbzwzAYFGag,GOOGLE,0.0,3.0,0.0,1.0,1.0,Political participation after the individual: The role of social networks,"Social consequences of Internet use: Access, involvement, and interaction","Katz, R. N.",JE Katz; RE Rice,1997.0,2002.0,American Political Science Review,,,https://books.google.com/books?hl=en&lr=&id=zhgfHth6TU8C&oi=fnd&pg=PR11&dq=Katz+1997+Political+participation+after+the+individual:+The+role+of+social+networks+American+Political+Science+Review+91(1)+135-148&ots=f_df-xmbEI&sig=mOKJqjXixyu7pl9JRbzwzAYFGag,0,0,3,GOOGLE,0,"✗ Title | ✗ Authors | ✗ Year | ? Venue | ○ ID

### Summary
No matching article could be found for the reference by R. N. Katz in 1997 titled ""Political participation after the individual: The role of social networks"" published in the American Political Science Review. The best available match was a different work by J. E. Katz and R. E. Rice from 2002 with a distinct title and subject.

### Details
A search did not locate any record that matches all key elements of the original citation. The title, authors, and year were all found to contradict the reference details: the original title about political participation and social networks differs from the 2002 book about Internet use by Katz and Rice. The authors differ both in initials and names, and the publication year differs by five years. No definitive identifier was available, and the journal name was unconfirmed. A related work found was a 2002 book titled *Social consequences of Internet use: Access, involvement, and interaction* by J. E. Katz and R. E. Rice, which is not the same document.

- https://books.google.com/books?hl=en&lr=&id=zhgfHth6TU8C&oi=fnd&pg=PR11&dq=Katz+1997+Political+participation+after+the+individual:+The+role+of+social+networks+American+Political+Science+Review+91(1)+135-148&ots=f_df-xmbEI&sig=mOKJqjXixyu7pl9JRbzwzAYFGag",0.0,1.0
"Lebow, J. E. (2018). *Mobilizing voters: Electoral mobilization and the social bases of participation*. Cambridge University Press.",Voter turnout,gemma_3_12b,unverified,Reference could not be verified.,UNCONFIRMED,UNCONFIRMED,UNCONFIRMED,UNCONFIRMED,UNCONFIRMED,,,,,,,,,,,,,,,,,,,,,,,0,0,0,,0,"? Title | ? Authors | ? Year | ? Venue | ? ID

### Summary
No matching record could be found for the book titled ""Mobilizing voters: Electoral mobilization and the social bases of participation"" by J. E. Lebow published in 2018 by Cambridge University Press. The verification process yielded no confirming matches in major databases or search engines.

### Details
A search using OpenAlex found no corresponding work with the given title, author, and year. Additionally, a thorough Google search with the full citation did not reveal any direct matches or confirm the existence of this book. These results indicate that the reference could not be verified with the available sources.

- [OpenAlex](https://openalex.org)
- [Google Search Results]()",0.0,1.0
"Nie, N. H., Jun, S. Y., & Morin, R. J. (1996). *Road to the white house: Sources of electoral strength*. Houghton Mifflin.",Voter turnout,gemma_3_12b,unverified,Reference could not be verified.,CONTAINS,UNCONFIRMED,MATCH,UNCONFIRMED,ABSENT,Road to the White House 1996: The Politics of Presidential Elections,,1996.0,,,https://www.abebooks.com/9780312105938/Road-White-House-1996-Politics-0312105932/plp,GOOGLE,1.0,0.0,1.0,1.0,2.0,Road to the white house: Sources of electoral strength,Road to the White House 1996: The Politics of Presidential Elections,"Nie, N. H.; Jun, S. Y.; Morin, R. J.",,1996.0,1996.0,Houghton Mifflin,,,https://www.abebooks.com/9780312105938/Road-White-House-1996-Politics-0312105932/plp,1,1,1,GOOGLE,0,"◐ Title | ? Authors | ✓ Year | ? Venue | ○ ID

### Summary
No exact match for the book ""Road to the White House: Sources of Electoral Strength"" by Nie, N. H., Jun, S. Y., and Morin, R. J. (1996) could be confirmed. The title matches partially with a similar work titled ""Road to the White House 1996: The Politics of Presidential Elections,"" but differences in subtitle and missing author and publisher information leave the reference unverified.

### Details
A matching record was not found in the OpenAlex database for the provided title and authors. A Google search returned a related book with a title containing the core phrase ""Road to the White House"" published in 1996, but under a different subtitle. This candidate lacks author and publisher details, which prevents definitive confirmation. Both the author names and publisher from the original reference could not be verified in the search results.

- https://www.abebooks.com/9780312105938/Road-White-House-1996-Politics-0312105932/plp",0.367,0.633
"Ferguson, J. A., & DeVries, E. (2003). School disengagement and dropout: A qualitative analysis of rural adolescents’ experiences. *Rural Sociology, 68*(2), 183-207.",School dropout prevention programs in rural areas,gemma_3_12b,unverified,Reference could not be verified.,UNCONFIRMED,UNCONFIRMED,UNCONFIRMED,UNCONFIRMED,UNCONFIRMED,,,,,,,,,,,,,,,,,,,,,,,0,0,0,,0,"? Title | ? Authors | ? Year | ? Venue | ? ID

### Summary
No matching article with the title ""School disengagement and dropout: A qualitative analysis of rural adolescents’ experiences"" by Ferguson and DeVries from 2003 in the journal Rural Sociology was found. There was no confirmation of the authors, year, or journal details.

### Details
A thorough search using the given title, authors, and year across OpenAlex, Google, and academic databases did not yield any matches for this reference. The year 2003, the named authors J. A. Ferguson and E. DeVries, and the journal Rural Sociology with volume 68(2) and pages 183-207 could not be confirmed through available sources. No potential matches or similar titles were found in scholarly or general web searches.

- https://openalex.org/
- https://scholar.google.com/
- https://www.google.com/",0.0,1.0
"Smith, S. M. (2007). Decentralized rural electrification: A review of experiences and lessons learned. *Energy for Sustainable Development*, *11*(1), 1-10.",Rural electrification,gemma_3_12b,unverified,Reference could not be verified.,UNCONFIRMED,UNCONFIRMED,UNCONFIRMED,UNCONFIRMED,UNCONFIRMED,,,,,,,,,,,,,,,,,,,,,,,0,0,0,,0,"? Title | ? Authors | ? Year | ? Venue | ? ID

### Summary
No matching article titled ""Decentralized rural electrification: A review of experiences and lessons learned"" by S. M. Smith from 2007 in the journal Energy for Sustainable Development could be found. The verification process found no evidence supporting the existence of this exact publication.

### Details
A search using the title, author name, and year in OpenAlex returned no results. Additional searches through scholar and general web queries also did not locate any matching article with these exact details. While related works on rural electrification and decentralized energy were identified, none matched the stated citation fully. This lack of matching evidence led to the reference being unverified.

- https://openalex.org
- https://scholar.google.com
- https://www.google.com/search?q=Decentralized+rural+electrification+Smith+2007+Energy+for+Sustainable+Development",0.0,1.0
"Sovacool, B. K. (2011). Rural electricity access in developing countries: A review of the literature. *Energy Policy*, *39*(11), 7103-7113.",Rural electrification,gemma_3_12b,unverified,Reference could not be verified.,CONTRADICTION,CONTRADICTION,CONTAINS,MATCH,ABSENT,"The Chinese electricity access model for rural electrification: Approach, experience and lessons for others",Subhes C. Bhattacharyya; Sanusi Ohiare,2012.0,Energy Policy,10.1016/j.enpol.2012.07.003,https://doi.org/10.1016/j.enpol.2012.07.003,GOOGLE,1.0,2.0,1.0,1.0,0.0,Rural electricity access in developing countries: A review of the literature,"The Chinese electricity access model for rural electrification: Approach, experience and lessons for others",B. K. Sovacool,Subhes C. Bhattacharyya; Sanusi Ohiare,2011.0,2012.0,Energy Policy,Energy Policy,,10.1016/j.enpol.2012.07.003,0,0,1,GOOGLE,0,"✗ Title | ✗ Authors | ◐ Year | ✓ Venue | ○ ID

### Summary
The reference could not be verified as matching the cited article. The provided title and authors differ significantly from any found in the search results, despite the journal and year being close.

### Details
A matching record was found in the journal *Energy Policy* but with a 2012 publication by authors Subhes C. Bhattacharyya and Sanusi Ohiare, titled ""The Chinese electricity access model for rural electrification: Approach, experience and lessons for others."" This differs from the cited article by Sovacool (2011), which has a different title and author list. The year 2012 is close to 2011, and the journal name matches exactly, but the title and authors do not correspond. No direct match for Sovacool's article was found.

- https://doi.org/10.1016/j.enpol.2012.07.003",0.0,1.0
"Mishra, S., & Verma, N. (2018). A review of rural electrification policies and programs in developing countries. *Renewable and Sustainable Energy Reviews*, *82*, 3477-3493.",Rural electrification,gemma_3_12b,unverified,Reference could not be verified.,UNCONFIRMED,UNCONFIRMED,UNCONFIRMED,UNCONFIRMED,UNCONFIRMED,,,,,,,,,,,,,,,,,,,,,,,0,0,0,,0,"? Title | ? Authors | ? Year | ? Venue | ? ID

### Summary
No matching article with the title ""A review of rural electrification policies and programs in developing countries"" by Mishra and Verma from 2018 could be found in available scholarly databases. The authors, year, journal, and DOI did not have any confirmed matches.

### Details
A search in OpenAlex for the title and authors yielded no matching results. Similarly, a broader scholar search did not find any article that matches the exact title, authorship, publication year, and journal combination provided. The search results included other articles with either different titles, years, or authors, indicating that the original reference could not be verified with the data sources queried.

- https://openalex.org
- https://scholar.google.com",0.0,1.0
"Sovacool, B. K. (2009). The political economy of energy, climate change, and geoengineering: Social and ethical challenges. *Science*, *327*(5968), 953–956.",Renewable energy,gemma_3_12b,unverified,Reference could not be verified.,UNCONFIRMED,UNCONFIRMED,UNCONFIRMED,UNCONFIRMED,UNCONFIRMED,,,,,,,,,,,,,,,,,,,,,,,0,0,0,,1,"? Title | ? Authors | ? Year | ? Venue | ? ID

### Summary
No matching article was found for this reference in available scholarly databases. The article by Sovacool from 2009 with the title about the political economy of energy, climate change, and geoengineering could not be confirmed.

### Details
A search using the title, author name Sovacool, and year 2009 found no matching records in the OpenAlex database. Similarly, a search query in scholarly search engines returned no results matching the journal *Science* or the details provided. Due to the absence of any candidate matches, no verification could be made.

- [OpenAlex](https://openalex.org)
- [Google Scholar](https://scholar.google.com)",0.0,1.0
"Sridhar, V., & Patel, M. (2018). Bioenergy: Technologies, challenges, and opportunities. *Renewable and Sustainable Energy Reviews*, *82*, 342–352.",Renewable energy,gemma_3_12b,unverified,Reference could not be verified.,CONTRADICTION,CONTAINS,CONTRADICTION,CONTRADICTION,ABSENT,Bioenergy and Agriculture: Promises and Challenges,Peter Hazell; R Pachauri; S Ramesh; Suhas Wani; J Hill; A Ragauskas; C Laurie; B Reddy; C Schubert; M Sticklen; S Wani; V Belum; Reddy; O Henniges; O Henniges; J Zeddies; D Thrn; M Schpe; G Britschkat; Oliver Henniges; M For Further Reading See; D Ezzati; Kammen; M Ezzati; D Kammen; R Bailis; M Ezzati; D Kammen; E Kituyi; E Kituyi; A Farrell; M Daniel; Kammen; U Berkeley,2006.0,International Food Policy Research Institute eBooks,10.2499/2020focus14,https://doi.org/10.2499/2020focus14,GOOGLE,0.0,3.0,1.0,1.0,0.0,"Bioenergy: Technologies, challenges, and opportunities.",Bioenergy and Agriculture: Promises and Challenges,"Sridhar, V.; Patel, M.",Peter Hazell; R Pachauri; S Ramesh; Suhas Wani; J Hill; A Ragauskas; C Laurie; B Reddy; C Schubert; M Sticklen; S Wani; V Belum; Reddy; O Henniges; O Henniges; J Zeddies; D Thrn; M Schpe; G Britschkat; Oliver Henniges; M For Further Reading See; D Ezzati; Kammen; M Ezzati; D Kammen; R Bailis; M Ezzati; D Kammen; E Kituyi; E Kituyi; A Farrell; M Daniel; Kammen; U Berkeley,2018.0,2006.0,Renewable and Sustainable Energy Reviews,International Food Policy Research Institute eBooks,,10.2499/2020focus14,0,0,3,GOOGLE,0,"✗ Title | ◐ Authors | ✗ Year | ✗ Venue | ○ ID

### Summary
No matching article could be found for the reference by Sridhar and Patel (2018) titled ""Bioenergy: Technologies, challenges, and opportunities"" in Renewable and Sustainable Energy Reviews. The closest candidate located differs significantly in title, authors, year, and publication type.

### Details
A search found a potentially related work titled ""Bioenergy and Agriculture: Promises and Challenges"" published in 2006 by the International Food Policy Research Institute eBooks, which differs in core title focus and framing. The year 2018 in the submitted reference conflicts with 2006 of the candidate. Authors listed in the citation (Sridhar, Patel) do not appear among the extensive author list of the candidate document. The cited journal is a peer-reviewed energy journal, while the candidate is a policy research book series, indicating distinct publication venues. No identifier such as a DOI was present in the citation to assist with verification.

- https://doi.org/10.2499/2020focus14",0.0,1.0
"Zhang, Y., Li, Y., & Wang, J. (2021). A review of offshore wind energy: Current status, challenges, and future trends. *Renewable Energy*, *175*, 111-125.",Renewable energy,gemma_3_12b,unverified,Reference could not be verified.,CONTRADICTION,CONTRADICTION,CONTAINS,CONTRADICTION,ABSENT,A review on recent risk assessment methodologies of offshore wind turbine foundations,Ge Hou; Kui Xu; Jijian Lian,2022.0,Ocean Engineering,10.1016/j.oceaneng.2022.112469,https://doi.org/10.1016/j.oceaneng.2022.112469,GOOGLE,0.0,3.0,1.0,1.0,0.0,"A review of offshore wind energy: Current status, challenges, and future trends.",A review on recent risk assessment methodologies of offshore wind turbine foundations,"Zhang, Y.; Li, Y.; Wang, J.",Ge Hou; Kui Xu; Jijian Lian,2021.0,2022.0,Renewable Energy,Ocean Engineering,,10.1016/j.oceaneng.2022.112469,0,0,3,GOOGLE,0,"✗ Title | ✗ Authors | ◐ Year | ✗ Venue | ○ ID

### Summary
The reference could not be verified because the details do not match any found records. The cited title, authors, and journal differ significantly from available sources, despite the publication year being close.

### Details
A matching record was found with a different title: ""A review on recent risk assessment methodologies of offshore wind turbine foundations"" published in 2022 in the journal Ocean Engineering by authors Ge Hou, Kui Xu, and Jijian Lian. This contrasts with the original citation, which lists Zhang, Li, and Wang as authors, a 2021 publication year, the journal Renewable Energy, and a different focus in the title related to offshore wind energy broadly. No identifier was available to aid verification.

- https://doi.org/10.1016/j.oceaneng.2022.112469
- https://www.researchgate.net/publication/303852967_Offshore_wind_energy_A_review_of_the_current_status_challenges_and_future_development_in_Spain",0.0,1.0
"Markus, K., & Koivisto, T. (2018). A review of energy storage technologies for power grids. *Journal of Energy Storage*, *18*, 14–28.",Renewable energy,gemma_3_12b,needs-human,Reference requires human review.,CONTAINS,CONTRADICTION,MATCH,UNCONFIRMED,ABSENT,Research Review on Energy Storage Technology in Power Grid,Xuesong Zhou; Zhihao Fan; Youjie Ma; Zhiqiang Gao; Xudong Zhang; Jingping Zhang,2018.0,,10.1109/icma.2018.8484488,https://doi.org/10.1109/icma.2018.8484488,GOOGLE,1.0,1.0,1.0,1.0,1.0,A review of energy storage technologies for power grids.,Research Review on Energy Storage Technology in Power Grid,"Markus, K.; Koivisto, T.",Xuesong Zhou; Zhihao Fan; Youjie Ma; Zhiqiang Gao; Xudong Zhang; Jingping Zhang,2018.0,2018.0,Journal of Energy Storage,,,10.1109/icma.2018.8484488,0,0,1,GOOGLE,0,"◐ Title | ✗ Authors | ✓ Year | ? Venue | ○ ID

### Summary
This reference requires human review because the year 2018 and the general topic of energy storage in power grids match a found article, but the authors differ significantly. The cited paper by Markus and Koivisto does not correspond to the authors in the best candidate match.

### Details
The title of the candidate article ""Research Review on Energy Storage Technology in Power Grid"" closely resembles the cited one, preserving core phrases related to energy storage and power grids with only minor wording differences. The year 2018 matches exactly between citation and candidate. However, the authors differ entirely: Markus and Koivisto are cited, but the candidate article lists six different authors, including Xuesong Zhou and Jingping Zhang, with no overlap. The journal name for the cited article, ""Journal of Energy Storage,"" could not be confirmed in the candidate record. There is no DOI in the original citation to confirm identity. This mix of matched and contradictory fields suggests the need for a human to manually verify the correctness.

- DOI Candidate Source: [https://doi.org/10.1109/icma.2018.8484488](https://doi.org/10.1109/icma.2018.8484488)",0.1,0.9
"Chaurey, V., & Kumar, A. (2017). Rural electrification in India: Status, challenges and the way forward. *Energy Policy*, *107*, 377-387.",Rural electrification,gemma_3_12b,unverified,Reference could not be verified.,CONTRADICTION,CONTRADICTION,MATCH,MATCH,ABSENT,Rural electricity access in India in retrospect: A critical rumination,D Palit; KR Bandyopadhyay,2017.0,Energy Policy,,https://www.sciencedirect.com/science/article/pii/S0301421517303816,GOOGLE,2.0,2.0,0.0,1.0,0.0,"Rural electrification in India: Status, challenges and the way forward.",Rural electricity access in India in retrospect: A critical rumination,"Chaurey, V.; Kumar, A.",D Palit; KR Bandyopadhyay,2017.0,2017.0,Energy Policy,Energy Policy,,https://www.sciencedirect.com/science/article/pii/S0301421517303816,0,0,3,GOOGLE,0,"✗ Title | ✗ Authors | ✓ Year | ✓ Venue | ○ ID

### Summary
The reference titled ""Rural electrification in India: Status, challenges and the way forward"" by Chaurey and Kumar could not be verified. The verification shows significant differences in title and author names compared to available records, despite the year and journal matching.

### Details
A matching article titled ""Rural electricity access in India in retrospect: A critical rumination"" by Palit and Bandyopadhyay was found for the year 2017 in the journal Energy Policy, but the original reference's authors and title do not match this record. The titles differ notably in framing and scope, and the authors listed are completely different, indicating they are distinct works. No identifier was present to help confirm the original reference.

- https://www.sciencedirect.com/science/article/pii/S0301421517303816",0.0,1.0
"Barnes, D., & Foley, G. (2009). Rural electrification: Experiences and lessons from developing countries. *World Bank Publications*.",Rural electrification,gemma_3_12b,needs-human,Reference requires human review.,CONTAINS,MATCH,CONTRADICTION,UNCONFIRMED,ABSENT,RURAL ELECTRIFICATION IN THE DEVELOPING WORLD: A SUMMARY OF LESSONS FROM SUCCESSFUL PROGRAMS,Douglas Barnes; Gerald Foley,2004.0,,,https://fsi-live.s3.us-west-1.amazonaws.com/s3fs-public/evnts/media/Doug_Barnes_paper.pdf,GOOGLE,1.0,1.0,1.0,1.0,1.0,Rural electrification: Experiences and lessons from developing countries.,RURAL ELECTRIFICATION IN THE DEVELOPING WORLD: A SUMMARY OF LESSONS FROM SUCCESSFUL PROGRAMS,"Barnes, D.; Foley, G.",Douglas Barnes; Gerald Foley,2009.0,2004.0,World Bank Publications,,,https://fsi-live.s3.us-west-1.amazonaws.com/s3fs-public/evnts/media/Doug_Barnes_paper.pdf,0,1,2,GOOGLE,0,"◐ Title | ✓ Authors | ✗ Year | ? Venue | ○ ID

### Summary
The reference was found to match the authors Douglas Barnes and Gerald Foley and includes the key title phrase about rural electrification and lessons. However, the year differs significantly between the citation (2009) and the found document (2004), so the verification requires human review to confirm if these are indeed the same work or different publications.

### Details
A matching record was found titled ""Rural Electrification in the Developing World: A Summary of Lessons from Successful Programs"" authored by Douglas Barnes and Gerald Foley. The title contains the core phrase ""Rural electrification"" and discusses experiences and lessons from programs in developing countries, which aligns closely with the cited title. The authors fully correspond but the publication year contradicts the citation, with the candidate document published in 2004 rather than 2009. No direct publisher or journal confirmation was found, and no DOI identifier is present. Relevant sources include a direct PDF link to the 2004 document and World Bank publication records.

- [Doug Barnes Paper PDF](https://fsi-live.s3.us-west-1.amazonaws.com/s3fs-public/evnts/media/Doug_Barnes_paper.pdf)
- [World Bank Open Knowledge](https://openknowledge.worldbank.org/entities/publication/b3e8900a-a08b-57c7-8517-f5348cfb5134)",0.233,0.767
"Shah, J. K., & Shah, D. (2010). Rural electrification: Status, challenges and opportunities. *Current Science*, *98*(1), 83-92.",Rural electrification,gemma_3_12b,unverified,Reference could not be verified.,UNCONFIRMED,UNCONFIRMED,UNCONFIRMED,UNCONFIRMED,UNCONFIRMED,,,,,,,,,,,,,,,,,,,,,,,0,0,0,,0,"? Title | ? Authors | ? Year | ? Venue | ? ID

### Summary
No matching article titled ""Rural electrification: Status, challenges and opportunities"" by authors Shah, J. K. and Shah, D. from 2010 could be found in the available databases or sources. The title, authors, year, and journal information remain unconfirmed due to the absence of any identifiable matching record.

### Details
A search using OpenAlex yielded no results for this specific article title, author names, or publication year. Additional scholar searches also did not identify any publication matching all reference details, including the journal ""Current Science"" and the issue information. Various related works by authors named Shah were found, but none corresponded to the given title or exact author pairing. Consequently, there is no confirming evidence available in current databases.

- https://openalex.org
- https://scholar.google.com",0.0,1.0
"Bazilian, M., Nussbaumer, T., & Sharma, S. (2011). Rethinking rural electrification: An integrated approach. *Energy Policy*, *39*(11), 7246-7256.",Rural electrification,gemma_3_12b,unverified,Reference could not be verified.,UNCONFIRMED,UNCONFIRMED,UNCONFIRMED,UNCONFIRMED,UNCONFIRMED,,,,,,,,,,,,,,,,,,,,,,,0,0,0,,0,"? Title | ? Authors | ? Year | ? Venue | ? ID

### Summary
No matching article could be found for the reference provided. The title, authors, year, and journal details could not be confirmed from available databases.

### Details
A search was conducted using both the OpenAlex database and a scholarly search engine with the full citation information: title ""Rethinking rural electrification: An integrated approach"", authors Bazilian, M., Nussbaumer, T., Sharma, S., and year 2011. No matching records were found that correspond to this article in the journal Energy Policy or elsewhere. The search results included other articles related to energy poverty and rural electrification, but none matched both title and author specifics.

- https://openalex.org
- https://scholar.google.com",0.0,1.0
"Heltberg, R., & Holm-Nielsen, M. (2001). Rural electrification in developing countries: Review of experiences and policy challenges. *Energy for Sustainable Development*, *5*(4), 33-43.",Rural electrification,gemma_3_12b,unverified,Reference could not be verified.,CONTRADICTION,CONTRADICTION,MATCH,CONTAINS,ABSENT,World Bank/GEF solar home system projects: experiences and lessons learned 1993–2000,Eric Martinot; Anil Cabraal; S Mathur,2001.0,Renewable and Sustainable Energy Reviews,10.1016/S1364-0321(00)00007-1,https://doi.org/10.1016/s1364-0321(00)00007-1,GOOGLE,1.0,2.0,1.0,1.0,0.0,Rural electrification in developing countries: Review of experiences and policy challenges.,World Bank/GEF solar home system projects: experiences and lessons learned 1993–2000,"Heltberg, R.; Holm-Nielsen, M.",Eric Martinot; Anil Cabraal; S Mathur,2001.0,2001.0,Energy for Sustainable Development,Renewable and Sustainable Energy Reviews,,10.1016/S1364-0321(00)00007-1,0,0,1,GOOGLE,0,"✗ Title | ✗ Authors | ✓ Year | ◐ Venue | ○ ID

### Summary
No matching article was found for the citation provided. The title and authors given in the original reference differ significantly from the closest candidate document found, despite the publication year matching.

### Details
A matching record was identified with the same publication year 2001; however, the title and authors did not align. The original citation listed authors Heltberg and Holm-Nielsen with the article titled ""Rural electrification in developing countries: Review of experiences and policy challenges"" published in ""Energy for Sustainable Development."" The closest candidate found was a 2001 article titled ""World Bank/GEF solar home system projects: experiences and lessons learned 1993–2000,"" authored by Eric Martinot, Anil Cabraal, and S. Mathur in the journal ""Renewable and Sustainable Energy Reviews."" The two articles differ in scope, authorship, and journal, sharing only thematic elements and publisher. There was no DOI or identifier present to aid verification.

- https://doi.org/10.1016/s1364-0321(00)00007-1",0.0,1.0
"Karekezi, J. M., & Lal, R. (2000). Decentralized rural electrification: Status and challenges. *Renewable and Sustainable Energy Reviews*, *4*(2), 127-153.",Rural electrification,gemma_3_12b,unverified,Reference could not be verified.,UNCONFIRMED,UNCONFIRMED,UNCONFIRMED,UNCONFIRMED,UNCONFIRMED,,,,,,,,,,,,,,,,,,,,,,,0,0,0,,0,"? Title | ? Authors | ? Year | ? Venue | ? ID

### Summary
No matching article could be found for the reference ""Decentralized rural electrification: Status and challenges"" by Karekezi and Lal from 2000 in the journal Renewable and Sustainable Energy Reviews. The search did not confirm the title, authors, year, or journal details.

### Details
A search on OpenAlex and scholar databases did not find any records matching the exact title, author names (Karekezi, J. M. and Lal, R.), publication year 2000, or the specified journal. Multiple related articles on rural electrification and decentralized energy were found, but none matched this specific reference. There was no DOI or other identifiers to aid verification.

- https://pure.iiasa.ac.at/id/eprint/12913/
- https://papers.ssrn.com/sol3/papers.cfm?abstract_id=1162142
- https://www.tandfonline.com/doi/abs/10.1080/14786451.2023.2204378
- https://www.sciencedirect.com/science/article/pii/S0143622825001420
- https://savearchive.zbw.eu/bitstream/11159/2169/1/1028370954.pdf",0.0,1.0
"Rocca, M., & Valeriani, A. (2018). Social media and political participation: A systematic review of the literature. *New Media & Society*, *20*(7), 2314–2333.",Voter turnout,gemma_3_12b,unverified,Reference could not be verified.,UNCONFIRMED,UNCONFIRMED,UNCONFIRMED,UNCONFIRMED,UNCONFIRMED,,,,,,,,,,,,,,,,,,,,,,,0,0,0,,0,"? Title | ? Authors | ? Year | ? Venue | ? ID

### Summary
No matching article could be found for the reference by Rocca and Valeriani from 2018 titled ""Social media and political participation: A systematic review of the literature"" in the journal New Media & Society. The verification search did not confirm the title, authors, year, or journal.

### Details
A search using the given title, author names, and year returned no matching records in OpenAlex or other scholarly sources. None of the title, author names, publication year, or journal details were verified. The search results included unrelated articles and authors, but nothing that conclusively matched the provided reference.

- https://openalex.org
- https://scholar.google.com",0.0,1.0
"Abrahams, Z., Koekemoer, L. L., Lengeler, C., & Marais, R. (2013). Insecticide resistance in Anopheles mosquitoes in South Africa: A review. *South African Journal of Science*, *109*(1/2), 1-8.",Insecticide-treated bed nets for malaria,gemma_3_12b,unverified,Reference could not be verified.,CONTRADICTION,UNCONFIRMED,UNCONFIRMED,MATCH,ABSENT,"Insecticide resistance in the malaria vector Anopheles arabiensis in Mamfene, KwaZulu-Natal",,,South African Journal of Science,,https://sajs.co.za/article/view/3827,GOOGLE,1.0,1.0,0.0,1.0,2.0,Insecticide resistance in Anopheles mosquitoes in South Africa: A review.,"Insecticide resistance in the malaria vector Anopheles arabiensis in Mamfene, KwaZulu-Natal","Abrahams, Z.; Koekemoer, L. L.; Lengeler, C.; Marais, R.",,2013.0,,South African Journal of Science,South African Journal of Science,,https://sajs.co.za/article/view/3827,0,0,3,GOOGLE,0,"✗ Title | ? Authors | ? Year | ✓ Venue | ○ ID

### Summary
No matching article for this reference could be found. The article title from the citation describes a broad review on insecticide resistance across South Africa, but the only closely related article found is a specific study on Anopheles arabiensis mosquitoes in a particular location, which is different in scope and focus.

### Details
A matching record was found in the South African Journal of Science, confirming the journal name matches exactly. However, the titles differ significantly: the citation's title refers to a broad review of insecticide resistance in Anopheles mosquitoes in South Africa, while the found article focuses narrowly on insecticide resistance in Anopheles arabiensis in Mamfene, KwaZulu-Natal. Author and year information could not be confirmed in available records. Searches in OpenAlex and Google Scholar returned no article matching all the citation details exactly. 

- https://sajs.co.za/article/view/3827",0.0,1.0
"Lipscomb, G. J., et al. (2021). Genomic surveillance of SARS-CoV-2 variants. *Nature Reviews Microbiology*, *19*(1), 13–28.",Infectious disease,gemma_3_12b,unverified,Reference could not be verified.,CONTAINS,CONTRADICTION,MATCH,CONTRADICTION,ABSENT,"Genomic Surveillance for SARS-CoV-2 Variants Circulating in the United States, December 2020–May 2021",Prabasaj Paul; Anne Marie France; Yutaka Aoki; Dhwani Batra; Matthew Biggerstaff; Vivien G. Dugan; Summer E. Galloway; Aron J. Hall; Michael A. Johansson; Rebecca Kondor; Alison Laufer Halpin; Brian Lee; Justin S. Lee; Brandi Limbago; Adam MacNeil; Duncan MacCannell; Clinton R. Paden; Krista Queen; Heather E. Reese; Adam C. Retchless; Rachel B. Slayton; Molly Steele; Suxiang Tong; Maroya Spalding Walters; David E. Wentworth; Benjamin J. Silk,2021.0,MMWR Morbidity and Mortality Weekly Report,10.15585/mmwr.mm7023a3,https://doi.org/10.15585/mmwr.mm7023a3,GOOGLE,1.0,2.0,1.0,1.0,0.0,Genomic surveillance of SARS-CoV-2 variants,"Genomic Surveillance for SARS-CoV-2 Variants Circulating in the United States, December 2020–May 2021","Lipscomb, G. J.; et al.",Prabasaj Paul; Anne Marie France; Yutaka Aoki; Dhwani Batra; Matthew Biggerstaff; Vivien G. Dugan; Summer E. Galloway; Aron J. Hall; Michael A. Johansson; Rebecca Kondor; Alison Laufer Halpin; Brian Lee; Justin S. Lee; Brandi Limbago; Adam MacNeil; Duncan MacCannell; Clinton R. Paden; Krista Queen; Heather E. Reese; Adam C. Retchless; Rachel B. Slayton; Molly Steele; Suxiang Tong; Maroya Spalding Walters; David E. Wentworth; Benjamin J. Silk,2021.0,2021.0,Nature Reviews Microbiology,MMWR Morbidity and Mortality Weekly Report,,10.15585/mmwr.mm7023a3,0,0,3,GOOGLE,0,"◐ Title | ✗ Authors | ✓ Year | ✗ Venue | ○ ID

### Summary
No matching article could be found for the reference citing Lipscomb, G. J., et al. (2021) in Nature Reviews Microbiology. Although the title matches closely with a report on SARS-CoV-2 genomic surveillance, the authors and journal differ, indicating a mismatch.

### Details
A candidate article titled ""Genomic Surveillance for SARS-CoV-2 Variants Circulating in the United States, December 2020–May 2021"" was found with a similar title but different authors and venue. The listed authors for the citation (Lipscomb and colleagues) do not appear in the candidate author list, and the journal in the citation (Nature Reviews Microbiology) differs from the candidate's (MMWR Morbidity and Mortality Weekly Report). The publication year 2021 matched exactly but due to these contradictions no suitable match was confirmed.

- https://doi.org/10.15585/mmwr.mm7023a3",0.0,1.0
"Müller, B., Röös, E., & Schläpfer, M. (2016). Climate-smart agriculture and food security: Addressing trade-offs and synergies. *Food Security*, *8*(4), 739–751.",Climate-smart agriculture for smallholder farmers,gemma_3_12b,unverified,Reference could not be verified.,CONTRADICTION,CONTRADICTION,CONTAINS,CONTRADICTION,ABSENT,The way forward: An agroecological perspective for Climate-Smart Agriculture,Stéphane Saj; Emmanuel Torquebiau; Étienne Hainzelin; Jacques Pagès; Florent Maraux,2017.0,Agriculture Ecosystems & Environment,10.1016/j.agee.2017.09.003,https://doi.org/10.1016/j.agee.2017.09.003,GOOGLE,0.0,3.0,1.0,1.0,0.0,Climate-smart agriculture and food security: Addressing trade-offs and synergies.,The way forward: An agroecological perspective for Climate-Smart Agriculture,"Müller, B.; Röös, E.; & Schläpfer, M.",Stéphane Saj; Emmanuel Torquebiau; Étienne Hainzelin; Jacques Pagès; Florent Maraux,2016.0,2017.0,Food Security,Agriculture Ecosystems & Environment,,10.1016/j.agee.2017.09.003,0,0,1,GOOGLE,0,"✗ Title | ✗ Authors | ◐ Year | ✗ Venue | ○ ID

### Summary
No matching article could be found for the reference by Müller, Röös, and Schläpfer (2016) about ""Climate-smart agriculture and food security: Addressing trade-offs and synergies"". The best candidate found focuses on a different topic, has completely different authors, and appears in a distinct journal the following year.

### Details
The provided reference did not return any exact matches in the verification search. The closest found article was titled ""The way forward: An agroecological perspective for Climate-Smart Agriculture"" published in 2017 in the journal Agriculture Ecosystems & Environment by a different author group (Saj, Torquebiau, Hainzelin, Pagès, and Maraux). The original claimed publication in Food Security and the 2016 date did not align with this candidate, confirming they are distinct works.

- https://doi.org/10.1016/j.agee.2017.09.003",0.0,1.0
"Nielsen, T. H., & Rasmussen, T. F. (2014). Climate change adaptation in agriculture: A review of practices and policies. *Journal of Agricultural Science & Technology*, *B*(7), 1–18.",Climate-smart agriculture for smallholder farmers,gemma_3_12b,unverified,Reference could not be verified.,CONTRADICTION,CONTRADICTION,MATCH,CONTRADICTION,ABSENT,Climate change impacts and adaptation in South Africa,Gina Ziervogel; Mark New; Emma Archer; Guy F. Midgley; Anna Taylor; Ralph Hamann; Sabine Stuart‐Hill; Jonny Myers; Michele Warburton,2014.0,Wiley Interdisciplinary Reviews Climate Change,10.1002/wcc.295,https://doi.org/10.1002/wcc.295,GOOGLE,1.0,3.0,0.0,1.0,0.0,Climate change adaptation in agriculture: A review of practices and policies,Climate change impacts and adaptation in South Africa,"Nielsen, T. H.; Rasmussen, T. F.",Gina Ziervogel; Mark New; Emma Archer; Guy F. Midgley; Anna Taylor; Ralph Hamann; Sabine Stuart‐Hill; Jonny Myers; Michele Warburton,2014.0,2014.0,Journal of Agricultural Science & Technology,Wiley Interdisciplinary Reviews Climate Change,,10.1002/wcc.295,0,0,2,GOOGLE,1,"✗ Title | ✗ Authors | ✓ Year | ✗ Venue | ○ ID

### Summary
No matching article could be found for the reference by Nielsen and Rasmussen titled ""Climate change adaptation in agriculture: A review of practices and policies"" published in 2014. The closest available article differs in authorship, title, and journal.

### Details
A search revealed a candidate article titled ""Climate change impacts and adaptation in South Africa"" published in the same year, 2014, but with a completely different set of authors and in a different journal, Wiley Interdisciplinary Reviews Climate Change. The original title and authors (Nielsen, Rasmussen) do not appear in any available records, and the journal information does not match. No digital identifier (DOI) was found to support the original reference.

- https://doi.org/10.1002/wcc.295",0.0,1.0
"Rockström, J., Barron, J., Buckman, N., Carter, R., Donahue, M., ... & Zomer, P. (2014). Creating farmland from drylands: Climate-smart agriculture and ecosystem restoration for increased food security. *Current Opinion in Environmental Sustainability*, *9*(1), 112–119.",Climate-smart agriculture for smallholder farmers,gemma_3_12b,unverified,Reference could not be verified.,CONTRADICTION,CONTRADICTION,CONTRADICTION,CONTRADICTION,ABSENT,From scarcity to sustainability: agriculture intensification for food security and climate resilience in drylands,Z Ahmed; D Gui; G Murtaza; L Yunfei,2025.0,Mitigation and Adaptation Strategies for Global Change,,https://link.springer.com/article/10.1007/s11027-025-10261-6,GOOGLE,0.0,4.0,0.0,1.0,0.0,Creating farmland from drylands: Climate-smart agriculture and ecosystem restoration for increased food security.,From scarcity to sustainability: agriculture intensification for food security and climate resilience in drylands,"Rockström, J.; Barron, J.; Buckman, N.; Carter, R.; Donahue, M.; Zomer, P.",Z Ahmed; D Gui; G Murtaza; L Yunfei,2014.0,2025.0,Current Opinion in Environmental Sustainability,Mitigation and Adaptation Strategies for Global Change,,https://link.springer.com/article/10.1007/s11027-025-10261-6,0,0,3,GOOGLE,0,"✗ Title | ✗ Authors | ✗ Year | ✗ Venue | ○ ID

### Summary
No matching article could be found for the citation by Rockström et al. (2014) titled ""Creating farmland from drylands: Climate-smart agriculture and ecosystem restoration for increased food security."" The candidate article identified addresses a different topic and has different authors, year, and journal.

### Details
A thorough search found no record matching this title, author list, year, and journal combination. The candidate article found instead, ""From scarcity to sustainability: agriculture intensification for food security and climate resilience in drylands"" (Ahmed et al., 2025), presents a different focus and does not share any authors or publishing journal. The year and publication venue differ, and without identifiers like DOIs, the citation could not be matched.

- https://link.springer.com/article/10.1007/s11027-025-10261-6",0.0,1.0
"Sperling, J. (2017). Climate-smart agriculture: A primer. *International Food & Agricultural Trade Policy Council*.",Climate-smart agriculture for smallholder farmers,gemma_3_12b,unverified,Reference could not be verified.,CONTRADICTION,CONTRADICTION,CONTAINS,UNCONFIRMED,ABSENT,CSA-Diagnostic (CSA-Dx) A primer for investigating the ‘climate-smartness’ of agricultural technologies,Todd S. Rosenstock; Christine Lamanna; Peter Matata; Emmanuel Temu; Mary Ngendo; Nictor Namoi; Christopher Muller; Anthony A. Kimaro,2018.0,,10.5716/wp18020.pdf,http://doi.org/10.5716/wp18020.pdf,GOOGLE,0.0,2.0,1.0,1.0,1.0,Climate-smart agriculture: A primer,CSA-Diagnostic (CSA-Dx) A primer for investigating the ‘climate-smartness’ of agricultural technologies,"Sperling, J.",Todd S. Rosenstock; Christine Lamanna; Peter Matata; Emmanuel Temu; Mary Ngendo; Nictor Namoi; Christopher Muller; Anthony A. Kimaro,2017.0,2018.0,International Food & Agricultural Trade Policy Council,,,10.5716/wp18020.pdf,0,0,3,GOOGLE,0,"✗ Title | ✗ Authors | ◐ Year | ? Venue | ○ ID

### Summary
No matching document could be found that confirms the reference by Sperling, J. from 2017 titled ""Climate-smart agriculture: A primer."" The closest found document has a different title, list of authors, and was published in 2018.

### Details
A search for the given title and author did not find a record that matches the citation exactly. The reference title and authors contradict the closest candidate document, which is titled ""CSA-Diagnostic (CSA-Dx) A primer for investigating the ‘climate-smartness’ of agricultural technologies"" from 2018 with a different set of authors. The year is similar but not an exact match, and the cited publisher or organization was not verified in the search results. This indicates that the citation could not be confirmed based on currently available evidence.

- http://doi.org/10.5716/wp18020.pdf
- https://hdl.handle.net/10568/89902",0.0,1.0
"Thiele, J., DeClerck, G., & van Arentsen, A. J. (2017). Exploring the potential of climate-smart agriculture to achieve multiple goals. *Current Opinion in Environmental Sustainability*, *28*, 53–61.",Climate-smart agriculture for smallholder farmers,gemma_3_12b,unverified,Reference could not be verified.,UNCONFIRMED,UNCONFIRMED,UNCONFIRMED,UNCONFIRMED,UNCONFIRMED,,,,,,,,,,,,,,,,,,,,,,,0,0,0,,0,"? Title | ? Authors | ? Year | ? Venue | ? ID

### Summary
No matching article could be found for the reference by Thiele, DeClerck, and van Arentsen (2017) titled ""Exploring the potential of climate-smart agriculture to achieve multiple goals"" in *Current Opinion in Environmental Sustainability*, volume 28, pages 53-61.

### Details
A search using the given title, authors, year, and journal did not find any record in OpenAlex or other scholarly search tools. There were no matches for the title, authors, year, or journal details, and no relevant identifier such as a DOI was found. This lack of evidence across multiple searches led to the conclusion that the reference could not be verified.

- [OpenAlex API](https://openalex.org)
- [General scholarly search results]",0.0,1.0
"Wollenweber, A., Krishnan, P., Hansen, J., & Sridaran, S. (2011). Climate change adaptation and mitigation in the agriculture sector. *Wiley Interdisciplinary Reviews: Climate Change*, *2*(1), 123–142.",Climate-smart agriculture for smallholder farmers,gemma_3_12b,unverified,Reference could not be verified.,CONTRADICTION,MATCH,MATCH,CONTRADICTION,ABSENT,Options for support to agriculture and food security under climate change,S. Vermeulen; Pramod Aggarwal; Andrew Ainslie; Chiara Angelone; Bruce Campbell; Andrew J. Challinor; James Hansen; John Ingram; Andy Jarvis; Patti Kristjanson; Charlotte Lau; Gerald C. Nelson; Philip K. Thornton; Eva Wollenberg,2011.0,Environmental Science & Policy,10.1016/j.envsci.2011.09.003,https://doi.org/10.1016/j.envsci.2011.09.003,GOOGLE,2.0,2.0,0.0,1.0,0.0,Climate change adaptation and mitigation in the agriculture sector.,Options for support to agriculture and food security under climate change,"Wollenweber, A.; Krishnan, P.; Hansen, J.; Sridaran, S.",S. Vermeulen; Pramod Aggarwal; Andrew Ainslie; Chiara Angelone; Bruce Campbell; Andrew J. Challinor; James Hansen; John Ingram; Andy Jarvis; Patti Kristjanson; Charlotte Lau; Gerald C. Nelson; Philip K. Thornton; Eva Wollenberg,2011.0,2011.0,Wiley Interdisciplinary Reviews: Climate Change,Environmental Science & Policy,,10.1016/j.envsci.2011.09.003,0,0,1,GOOGLE,0,"✗ Title | ✓ Authors | ✓ Year | ✗ Venue | ○ ID

### Summary
No matching article was found for the referenced title ""Climate change adaptation and mitigation in the agriculture sector"" by the listed authors in the Wiley Interdisciplinary Reviews: Climate Change journal. Although the year and one author (James Hansen) coincide with a 2011 article, the titles and journals differ, indicating this exact reference could not be confirmed.

### Details
A search found a 2011 journal article that shares James Hansen as an author but has a different group of co-authors and a different title: ""Options for support to agriculture and food security under climate change"" published in Environmental Science & Policy. The cited title and the found article focus on distinct topics. The cited journal Wiley Interdisciplinary Reviews: Climate Change was not linked to any matching article for the given title and authors. This indicates that the reference as provided does not correspond to a publicly available documented publication.

- https://doi.org/10.1016/j.envsci.2011.09.003",0.0,1.0
"Aldrich, J., & Gillman, H. (2006). Electoral systems at the crossroads: Perils and prospects. *Perspectives on Politics*, *4*(1), 3-16.",Democratic elections,gemma_3_12b,unverified,Reference could not be verified.,UNCONFIRMED,UNCONFIRMED,UNCONFIRMED,UNCONFIRMED,UNCONFIRMED,,,,,,,,,,,,,,,,,,,,,,,0,0,0,,0,"? Title | ? Authors | ? Year | ? Venue | ? ID

### Summary
No matching article could be found for the reference ""Aldrich, J., & Gillman, H. (2006). Electoral systems at the crossroads: Perils and prospects. Perspectives on Politics, 4(1), 3-16."" The verification process did not confirm the title, authors, year, or journal details.

### Details
A search for this article through the OpenAlex database yielded no results matching the provided details. Similarly, a Google search using the full citation did not locate a corresponding record or direct match in available online sources. There are no digital object identifiers (DOIs) or external references confirming the existence of this article with these exact attributes.

- https://www.cambridge.org/core/books/world-ordering/references/6B8256E490D9ABE3B5956EB1698ADDE2
- https://www.codot.gov/projects/i70mountaincorridor/assets/I-70%20Draft%20PEIS%20Public%20-%20Co...pdf
- https://www.umcna.org/files/fileshare/journals/2017journalweb.pdf
- http://springfieldrailroad.com/newsite/pdfs/VolumeIProjectIntro24.pdf
- https://www.foodprotection.org/upl/downloads/journal-archive/food-protection-trends-2003-volume-23-issue-11.pdf
- https://www.legis.iowa.gov/DOCS/Shelves/AG_Summaries/PublishedOpinions/Iowa%20Attorney%20General%20Report%201973-1974.pdf
- https://www.congress.gov/112/crec/2012/04/23/CREC-2012-04-23.pdf
- https://www.nasa.gov/wp-content/uploads/2023/04/sp4030.pdf
- https://search.library.wisc.edu/digital/ACU7GTLMOPCJNP8L/pages/A5EXDK4MV7KLUC8W?as=text&view=scroll
- https://fraser.stlouisfed.org/title/commercial-financial-chronicle-1339/july-4-1925-518319/fulltext",0.0,1.0
"Bartolini, S., & Mair, P. (2001). Identity, order, and change: Voting behavior in a new era. Oxford University Press.",Democratic elections,gemma_3_12b,unverified,Reference could not be verified.,CONTRADICTION,MATCH,UNCONFIRMED,UNCONFIRMED,ABSENT,"Identity, competition, and electoral availability : the stabilisation of European electorates 1885-1985",Stefano Bartolini; Peter Mair,,,,https://archive.org/details/identitycompetit0000bart,GOOGLE,1.0,1.0,0.0,1.0,2.0,"Identity, order, and change: Voting behavior in a new era","Identity, competition, and electoral availability : the stabilisation of European electorates 1885-1985","Bartolini, S.; Mair, P.",Stefano Bartolini; Peter Mair,2001.0,,Oxford University Press,,,https://archive.org/details/identitycompetit0000bart,0,0,1,GOOGLE,0,"✗ Title | ✓ Authors | ? Year | ? Venue | ○ ID

### Summary
No matching book titled ""Identity, order, and change: Voting behavior in a new era"" by Bartolini and Mair from 2001 published by Oxford University Press could be found. The authors match but the closest available work has a very different title and focus.

### Details
A matching record with the authors Stefano Bartolini and Peter Mair was found, but the title ""Identity, competition, and electoral availability: The stabilisation of European electorates 1885-1985"" differs significantly from the original title. This suggests it is a different book, as the topics and time periods described do not align. The year 2001 and publisher Oxford University Press could not be confirmed, and no identifier was found for the cited book. The best potential match is accessible via Archive.org: https://archive.org/details/identitycompetit0000bart

- https://archive.org/details/identitycompetit0000bart
- https://books.google.com/books/about/Identity_Competition_and_Electoral_Avail.html?id=uoVvQgAACAAJ",0.0,1.0
"Birch, S. (2009). Electoral systems: A comparative introduction. Palgrave Macmillan.",Democratic elections,gemma_3_12b,needs-human,Reference requires human review.,MATCH,CONTRADICTION,CONTRADICTION,MATCH,ABSENT,Electoral systems: a comparative introduction,David M. Farrell,2001.0,Palgrave Macmillan (London & New York),,https://books.google.com/books/about/Electoral_Systems.html?id=CSNHEAAAQBAJ,GOOGLE,2.0,2.0,0.0,1.0,0.0,Electoral systems: A comparative introduction.,Electoral systems: a comparative introduction,"Birch, S.",David M. Farrell,2009.0,2001.0,Palgrave Macmillan,Palgrave Macmillan (London & New York),,https://books.google.com/books/about/Electoral_Systems.html?id=CSNHEAAAQBAJ,0,0,2,GOOGLE,0,"✓ Title | ✗ Authors | ✗ Year | ✓ Venue | ○ ID

### Summary
This reference needs human review because while the book title ""Electoral systems: A comparative introduction"" and the publisher Palgrave Macmillan match, the author and year differ significantly. The citation lists ""Birch, S."" as author with year 2009, but a likely matching book author is ""David M. Farrell"" published in 2001.

### Details
A matching book titled ""Electoral systems: a comparative introduction"" was found published by Palgrave Macmillan with the URL https://books.google.com/books/about/Electoral_Systems.html?id=CSNHEAAAQBAJ. However, the author in the evidence is David M. Farrell, not Birch, S., and the publication year is 2001, which is quite different from the cited 2009. No DOI was provided in the citation. These discrepancies suggest a possible confusion between two different works or editions, requiring human verification.

- https://books.google.com/books/about/Electoral_Systems.html?id=CSNHEAAAQBAJ
- https://doi.org/10.5860/choice.38-5810
- https://www.amazon.com/Electoral-Systems-Introduction-David-Farrell/dp/1403912319",0.067,0.933
"Burnell, P. (2011). Democracy’s deficit: How the quality of democracy affects the quality of elections. *Democratization*, *18*(2), 211-231.",Democratic elections,gemma_3_12b,needs-human,Reference requires human review.,CONTRADICTION,MATCH,CONTAINS,MATCH,ABSENT,"Democracy, democratization and climate change: complex relationships",P Burnell,2012.0,Democratization (Taylor & Francis),,https://www.tandfonline.com/doi/abs/10.1080/13510347.2012.709684,GOOGLE,2.0,1.0,1.0,1.0,0.0,Democracy’s deficit: How the quality of democracy affects the quality of elections.,"Democracy, democratization and climate change: complex relationships","Burnell, P.",P Burnell,2011.0,2012.0,Democratization,Democratization (Taylor & Francis),,https://www.tandfonline.com/doi/abs/10.1080/13510347.2012.709684,0,0,3,GOOGLE,0,"✗ Title | ✓ Authors | ◐ Year | ✓ Venue | ○ ID

### Summary
The reference could not be conclusively verified because the title and publication year differ from the found records, despite having the same author and journal. The original title about the quality of democracy affecting elections does not match the found article's focus on democracy, democratization, and climate change.

### Details
A matching journal ""Democratization"" and author ""P Burnell"" were confirmed, but the titles differ significantly in topic. The original citation's year is 2011, whereas the found article is from 2012, which is within one year but not an exact match. No DOI or other identifiers were available to aid verification. The best potential match found was a 2012 article titled ""Democracy, democratization and climate change: complex relationships,"" which differs in focus from the cited work.

- https://www.tandfonline.com/doi/abs/10.1080/13510347.2012.709684",0.233,0.767
"Diamond, L. (2002). Democratic development in comparative perspective. *Journal of Democracy*, *13*(4), 126-139.",Democratic elections,gemma_3_12b,unverified,Reference could not be verified.,CONTRADICTION,MATCH,CONTAINS,CONTRADICTION,ABSENT,"Can the whole world become democratic? Democracy, development, and international policies",L Diamond,2003.0,eScholarship,,https://escholarship.org/uc/item/7bv4b2w1,GOOGLE,1.0,2.0,1.0,1.0,0.0,Democratic development in comparative perspective.,"Can the whole world become democratic? Democracy, development, and international policies",L. Diamond,L Diamond,2002.0,2003.0,Journal of Democracy,eScholarship,,https://escholarship.org/uc/item/7bv4b2w1,0,0,3,GOOGLE,0,"✗ Title | ✓ Authors | ◐ Year | ✗ Venue | ○ ID

### Summary
No matching article could be found for the cited reference by Diamond (2002) titled ""Democratic development in comparative perspective"" in the *Journal of Democracy*. Although the author's name matches exactly, key elements such as the article's title and the journal name showed clear discrepancies compared to the found evidence.

### Details
A search did not find any record matching the original title or publication details. The best candidate was a 2003 work by L. Diamond titled ""Can the whole world become democratic? Democracy, development, and international policies"" published on eScholarship, a digital repository, differing notably in title focus and venue type from the claimed journal article. The year differs by one year, which is close but not conclusive. No DOI or persistent identifier was available to confirm the citation.

- https://escholarship.org/uc/item/7bv4b2w1",0.0,1.0
"Gallagher, M., & Mitchell, P. (2005). The partisan divisor: Foreign intervention and the fate of new democracies. Oxford University Press.",Democratic elections,gemma_3_12b,unverified,Reference could not be verified.,CONTRADICTION,CONTAINS,UNCONFIRMED,CONTRADICTION,ABSENT,Conflict and Institutional Design in Divided Societies,P Mitchell,,personal.lse.ac.uk,,https://personal.lse.ac.uk/mitchepl/Teaching/CID.09.pdf,GOOGLE,0.0,2.0,1.0,1.0,1.0,The partisan divisor: Foreign intervention and the fate of new democracies,Conflict and Institutional Design in Divided Societies,"Gallagher, M.; Mitchell, P.",P Mitchell,2005.0,,Oxford University Press,personal.lse.ac.uk,,https://personal.lse.ac.uk/mitchepl/Teaching/CID.09.pdf,0,0,3,GOOGLE,0,"✗ Title | ◐ Authors | ? Year | ✗ Venue | ○ ID

### Summary
No matching publication titled ""The partisan divisor: Foreign intervention and the fate of new democracies"" by Gallagher and Mitchell from 2005 could be confirmed. While Mitchell, P was found as an author in a related context, the titles and publication sources do not correspond with the original reference.

### Details
A search found a document by P Mitchell titled ""Conflict and Institutional Design in Divided Societies,"" which differs significantly in topic from the cited title. The author list partially matches only one author (Mitchell, P) without Gallagher, M. The year 2005 could not be confirmed due to lack of corresponding publication date. The cited publisher Oxford University Press does not match the source found, which is a personal academic webpage (personal.lse.ac.uk). No official identifiers like DOI were available to confirm the reference.

- [Conflict and Institutional Design in Divided Societies](https://personal.lse.ac.uk/mitchepl/Teaching/CID.09.pdf)",0.0,1.0
"Guerrero, P., & Noh, S. (2010). Electoral systems and government stability: A cross-national analysis. *Electoral Studies*, *29*(1), 1-13.",Democratic elections,gemma_3_12b,unverified,Reference could not be verified.,UNCONFIRMED,UNCONFIRMED,UNCONFIRMED,UNCONFIRMED,UNCONFIRMED,,,,,,,,,,,,,,,,,,,,,,,0,0,0,,0,"? Title | ? Authors | ? Year | ? Venue | ? ID

### Summary
No matching article could be found for the reference ""Electoral systems and government stability: A cross-national analysis"" by Guerrero and Noh from 2010 in the journal Electoral Studies. None of the searched databases or general online searches returned evidence that confirms this publication exists.

### Details
A search using OpenAlex with the title, authors, and publication year found no matching works. Additional searches through scholarly databases and general internet search engines also failed to retrieve records or credible links confirming this article. The search results included unrelated or inaccessible pages, and no DOI or publisher information matched the provided reference.

- [OpenAlex](https://openalex.org)
- General web and scholarly search results",0.0,1.0
"Lipper, L., Thornton, P., Kirkby, C., & Oberthür, S. (2014). Climate-smart agriculture: Integrating practices to increase productivity, enhance resilience, and reduce emissions. *Agricultural Systems*, *134*, 1–13.",Climate-smart agriculture for smallholder farmers,gemma_3_12b,unverified,Reference could not be verified.,UNCONFIRMED,UNCONFIRMED,UNCONFIRMED,UNCONFIRMED,UNCONFIRMED,,,,,,,,,,,,,,,,,,,,,,,0,0,0,,0,"? Title | ? Authors | ? Year | ? Venue | ? ID

### Summary
No matching article titled ""Climate-smart agriculture: Integrating practices to increase productivity, enhance resilience, and reduce emissions"" by Lipper, Thornton, Kirkby, and Oberthür from 2014 could be found in the searched databases or sources.

### Details
A search using the title, authors, and year did not locate any corresponding record in the OpenAlex database or through a scholarly search. There were no records that matched the journal ""Agricultural Systems"" or any of the provided details. The search results only found unrelated content and no potential matches for the reference.

- [OpenAlex](https://openalex.org)
- [Scholar search result snippet](https://api.taylorfrancis.com/content/books/mono/download?identifierName=doi&identifierValue=10.4324/9781315313573&type=googlepdf)",0.0,1.0
"Hyde, J. A. (2017). *The reluctant internationalist: Australia and the politics of foreign policy*. Allen & Unwin.",Democratic elections,gemma_3_12b,unverified,Reference could not be verified.,UNCONFIRMED,UNCONFIRMED,UNCONFIRMED,UNCONFIRMED,UNCONFIRMED,,,,,,,,,,,,,,,,,,,,,,,0,0,0,,0,"? Title | ? Authors | ? Year | ? Venue | ? ID

### Summary
No matching book by J. A. Hyde titled ""The reluctant internationalist: Australia and the politics of foreign policy"" published in 2017 by Allen & Unwin could be found in available academic and online databases.

### Details
A search in OpenAlex did not find any record of this book under the given author, title, or year. Similarly, a broad web search did not locate this exact book but returned unrelated results about Australian foreign policy from different authors and titles. The year 2017, author J. A. Hyde, and publisher Allen & Unwin did not correspond to any identifiable record in the sources checked.

- https://openalex.org
- https://www.google.com/search?q=Hyde+2017+The+reluctant+internationalist%3A+Australia+and+the+politics+of+foreign+policy+Allen+%26+Unwin",0.0,1.0
"Lijphart, A. (1994). Electoral systems: A learning journey. *Journal of Democracy*, *5*(3), 17-32.",Democratic elections,gemma_3_12b,unverified,Reference could not be verified.,UNCONFIRMED,UNCONFIRMED,UNCONFIRMED,UNCONFIRMED,UNCONFIRMED,,,,,,,,,,,,,,,,,,,,,,,0,0,0,,0,"? Title | ? Authors | ? Year | ? Venue | ? ID

### Summary
No article matching the exact title ""Electoral systems: A learning journey"" by Lijphart from 1994 in the *Journal of Democracy* could be found. The search did not confirm any entries with matching title, author, year, or journal.

### Details
A search on OpenAlex and multiple scholarly search engines failed to identify any record that corresponds precisely to the given bibliographic reference. No exact matches for the title, author, or year appeared in the inspected sources. The year 1994 and author Lijphart returned other related works but not the specific article titled ""Electoral systems: A learning journey"" in the *Journal of Democracy*. Available search results showed references to works by Lijphart or topics on electoral systems, but none were confirmed as the cited article.

- [OpenAlex](https://openalex.org/)
- Google Scholar search results
- Various book previews and articles referencing Lijphart's works",0.0,1.0
"Agarwal, S., & Hauswald, Z. (2017). Mobile banking and financial inclusion in Africa: A mixed-methods analysis. *Review of Finance*, *23*(3), 331-368.",Digital financial services,gemma_3_12b,unverified,Reference could not be verified.,CONTAINS,UNCONFIRMED,UNCONFIRMED,UNCONFIRMED,ABSENT,DIGITAL BANKING AND FINANCIAL INCLUSION IN AFRICA,,,,,https://www.researchgate.net/publication/384384705_DIGITAL_BANKING_AND_FINANCIAL_INCLUSION_IN_AFRICA_A_REVIEW,GOOGLE,0.0,0.0,1.0,1.0,3.0,Mobile banking and financial inclusion in Africa: A mixed-methods analysis,DIGITAL BANKING AND FINANCIAL INCLUSION IN AFRICA,"Agarwal, S.; Hauswald, Z.",,2017.0,,Review of Finance,,,https://www.researchgate.net/publication/384384705_DIGITAL_BANKING_AND_FINANCIAL_INCLUSION_IN_AFRICA_A_REVIEW,0,1,2,GOOGLE,1,"◐ Title | ? Authors | ? Year | ? Venue | ○ ID

### Summary
The reference by Agarwal and Hauswald titled ""Mobile banking and financial inclusion in Africa: A mixed-methods analysis"" could not be verified. While a related resource discussing digital banking and financial inclusion in Africa was found, key details such as authorship, year, and the exact journal were not confirmed.

### Details
A matching record with a similar title was found, but it involved ""digital banking"" rather than ""mobile banking,"" and lacked author and publication year information. Searches through OpenAlex and Google did not locate a record matching all details of the original citation (authors Agarwal and Hauswald, year 2017, Review of Finance journal). The closest found document is a review on ResearchGate focusing on digital banking and financial inclusion in Africa, but this does not correspond fully to the citation provided.

- https://www.researchgate.net/publication/384384705_DIGITAL_BANKING_AND_FINANCIAL_INCLUSION_IN_AFRICA_A_REVIEW
- https://api.taylorfrancis.com/content/books/mono/download?identifierName=doi&identifierValue=10.4324/9781003509721&type=googlepdf",0.167,0.833
"Beck, T., Demirgüç-Kunt, A., & Maksimovic, V. (2018). Digital finance and financial inclusion: The cross-country evidence. *Journal of Banking & Finance*, *85*, 103-121.",Digital financial services,gemma_3_12b,unverified,Reference could not be verified.,UNCONFIRMED,UNCONFIRMED,UNCONFIRMED,UNCONFIRMED,UNCONFIRMED,,,,,,,,,,,,,,,,,,,,,,,0,0,0,,0,"? Title | ? Authors | ? Year | ? Venue | ? ID

### Summary
No matching article with the title ""Digital finance and financial inclusion: The cross-country evidence"" by Beck, Demirgüç-Kunt, and Maksimovic published in 2018 in the Journal of Banking & Finance could be found. The verification process did not find any record or credible evidence confirming this reference.

### Details
A search using the title, author names, and year 2018 did not yield any matching work in the OpenAlex database. Additional scholarly and general web searches for this exact article and citation also failed to find a corresponding published paper. The information available in search results showed related works by the same authors and on similar topics, but none matched this exact reference. 

- https://openalex.org
- https://scholar.google.com
- https://www.sciencedirect.com
- https://www.imf.org
- https://www.nber.org",0.0,1.0
"Chakraborty, A., & Biswas, S. (2020). Fintech and financial inclusion: A systematic review and future research agenda. *Journal of Financial Regulation and Compliance*, *4*(2), 157-178.",Digital financial services,gemma_3_12b,unverified,Reference could not be verified.,CONTRADICTION,CONTRADICTION,MATCH,CONTRADICTION,ABSENT,Challenges and Trends of Financial Technology (Fintech): A Systematic Literature Review,Ryan Randy Suryono; Indra Budi; Betty Purwandari,2020.0,Information,10.3390/info11120590,https://doi.org/10.3390/info11120590,GOOGLE,1.0,3.0,0.0,1.0,0.0,Fintech and financial inclusion: A systematic review and future research agenda.,Challenges and Trends of Financial Technology (Fintech): A Systematic Literature Review,"Chakraborty, A.; Biswas, S.",Ryan Randy Suryono; Indra Budi; Betty Purwandari,2020.0,2020.0,Journal of Financial Regulation and Compliance,Information,,10.3390/info11120590,0,1,3,GOOGLE,0,"✗ Title | ✗ Authors | ✓ Year | ✗ Venue | ○ ID

### Summary
No matching article could be found for the cited reference by Chakraborty and Biswas (2020) titled ""Fintech and financial inclusion: A systematic review and future research agenda"" in the Journal of Financial Regulation and Compliance. The details such as title, authors, and journal do not correspond to any found records.

### Details
A thorough search did not identify any matching article for the cited work. The year 2020 matches exactly, but the title differs significantly from the closest candidate, which focuses on ""Challenges and Trends of Financial Technology (Fintech): A Systematic Literature Review"" by different authors (Ryan Randy Suryono, Indra Budi, Betty Purwandari) in a different journal (Information). There are no identifiers like DOI to confirm the citation, and author names do not overlap, confirming the inconsistency.

- https://doi.org/10.3390/info11120590
- https://www.researchgate.net/publication/395307501_Inclusive_fintech_a_systematic_review_and_agenda_for_future_research",0.0,1.0
"Donohue, G., & Tambor, M. (2018). The rise of fintech: Regulatory responses and the future of financial services. *Stanford Law & Policy Review*, *29*(1), 1-48.",Digital financial services,gemma_3_12b,unverified,Reference could not be verified.,CONTRADICTION,UNCONFIRMED,UNCONFIRMED,CONTAINS,ABSENT,The Rise of Financial Technology (Fintech) Innovation and the ...,,,Stanford Law School,,https://law.stanford.edu/transatlantic-technology-law-forum/projects/the-rise-of-financial-technology-fintech-innovation-and-the-future-of-the-banking-and-financial-system-a-comparative-analysis-of-the-fintech-legislative-and-regulatory-frameworks-in-the-united-stat/,GOOGLE,0.0,1.0,1.0,1.0,2.0,The rise of fintech: Regulatory responses and the future of financial services.,The Rise of Financial Technology (Fintech) Innovation and the ...,"Donohue, G.; Tambor, M.",,2018.0,,Stanford Law & Policy Review,Stanford Law School,,https://law.stanford.edu/transatlantic-technology-law-forum/projects/the-rise-of-financial-technology-fintech-innovation-and-the-future-of-the-banking-and-financial-system-a-comparative-analysis-of-the-fintech-legislative-and-regulatory-frameworks-in-the-united-stat/,0,0,3,GOOGLE,1,"✗ Title | ? Authors | ? Year | ◐ Venue | ○ ID

### Summary
No matching article matching the exact title and author details was found. The proposed article title differs notably from an existing similar source, and author and year details could not be confirmed.

### Details
A search found a related document titled ""The Rise of Financial Technology (Fintech) Innovation and the ..."" under Stanford Law School but not within the _Stanford Law & Policy Review_. The title provided emphasizes regulatory responses and financial services future, which differs from the found title emphasizing fintech innovation generally. The authors Donohue and Tambor, as well as the publication year 2018, could not be confirmed in any candidate sources. The journal name _Stanford Law & Policy Review_ is linked hierarchically to Stanford Law School, meaning the venue relationship is containment, not exact match.

- https://law.stanford.edu/transatlantic-technology-law-forum/projects/the-rise-of-financial-technology-fintech-innovation-and-the-future-of-the-banking-and-financial-system-a-comparative-analysis-of-the-fintech-legislative-and-regulatory-frameworks-in-the-united-stat/",0.0,1.0
"Gong, X., Li, Y., & Zhang, Y. (2020). The impact of digital financial inclusion on rural household income: Evidence from China. *World Development*, *133*, 105133.",Digital financial services,gemma_3_12b,unverified,Reference could not be verified.,CONTRADICTION,MATCH,CONTRADICTION,CONTRADICTION,ABSENT,Digital inclusive finance & the high-quality agricultural development: Prevalence of regional heterogeneity in rural China,H Li; Y Shi; J Zhang; Z Zhang; Z Zhang; M Gong,2023.0,PLOS ONE,10.1371/journal.pone.0281023,https://journals.plos.org/plosone/article?id=10.1371/journal.pone.0281023,GOOGLE,1.0,3.0,0.0,1.0,0.0,The impact of digital financial inclusion on rural household income: Evidence from China,Digital inclusive finance & the high-quality agricultural development: Prevalence of regional heterogeneity in rural China,"Gong, X.; Li, Y.; Zhang, Y.",H Li; Y Shi; J Zhang; Z Zhang; Z Zhang; M Gong,2020.0,2023.0,World Development,PLOS ONE,,10.1371/journal.pone.0281023,0,0,3,GOOGLE,0,"✗ Title | ✓ Authors | ✗ Year | ✗ Venue | ○ ID

### Summary
No matching article could be found that corresponds to the original reference titled ""The impact of digital financial inclusion on rural household income: Evidence from China"" published in 2020 in *World Development* by Gong, Li, and Zhang. While the authors are similar, the titles, publication years, and journals do not match any identified records.

### Details
A search for exact matches found no record with the title and year 2020 in *World Development*. The closest found article was titled ""Digital inclusive finance & the high-quality agricultural development: Prevalence of regional heterogeneity in rural China,"" published in 2023 in *PLOS ONE* with partially overlapping authors but different initials and multiple additional co-authors. The titles differ substantially in subject focus, the publication venues are distinct, and the years differ by three, indicating they are not the same work.

- https://journals.plos.org/plosone/article?id=10.1371/journal.pone.0281023",0.0,1.0
"Gupta, P., & Mishra, S. (2019). Digital payments and financial inclusion: Evidence from India. *Journal of Payments Infrastructure*, *11*(1), 33-48.",Digital financial services,gemma_3_12b,unverified,Reference could not be verified.,CONTRADICTION,CONTRADICTION,MATCH,CONTRADICTION,ABSENT,Digital financial services in India: An analysis of trends in digital payment,R Kumar; V Mishra; S Saha,2019.0,Journal of Research and Analytical …,,https://www.researchgate.net/profile/Rajesh-Kumar-122/publication/333369877_DIGITAL_FINANCIAL_SERVICES_IN_INDIA_AN_ANALYSIS_OF_TRENDS_IN_DIGITAL_PAYMENT/links/5eb654fca6fdcc1f1dcafcd8/DIGITAL-FINANCIAL-SERVICES-IN-INDIA-AN-ANALYSIS-OF-TRENDS-IN-DIGITAL-PAYMENT.pdf,GOOGLE,1.0,3.0,0.0,1.0,0.0,Digital payments and financial inclusion: Evidence from India.,Digital financial services in India: An analysis of trends in digital payment,"Gupta, P.; Mishra, S.",R Kumar; V Mishra; S Saha,2019.0,2019.0,Journal of Payments Infrastructure,Journal of Research and Analytical …,,https://www.researchgate.net/profile/Rajesh-Kumar-122/publication/333369877_DIGITAL_FINANCIAL_SERVICES_IN_INDIA_AN_ANALYSIS_OF_TRENDS_IN_DIGITAL_PAYMENT/links/5eb654fca6fdcc1f1dcafcd8/DIGITAL-FINANCIAL-SERVICES-IN-INDIA-AN-ANALYSIS-OF-TRENDS-IN-DIGITAL-PAYMENT.pdf,0,0,1,GOOGLE,0,"✗ Title | ✗ Authors | ✓ Year | ✗ Venue | ○ ID

### Summary
No matching article could be found for the cited reference by Gupta and Mishra (2019) titled ""Digital payments and financial inclusion: Evidence from India"". The available documents differ substantially in title, authors, and journal.

### Details
A matching record was found for a similarly dated article published in 2019 titled ""Digital financial services in India: An analysis of trends in digital payment"" authored by Kumar, Mishra, and Saha in the Journal of Research and Analytical. However, this differs in core content, author names, and journal from the cited reference. There is a clear mismatch in title focus and author details, and the venues do not overlap. Therefore, the cited reference could not be verified.

- https://www.researchgate.net/profile/Rajesh-Kumar-122/publication/333369877_DIGITAL_FINANCIAL_SERVICES_IN_INDIA_AN_ANALYSIS_OF_TRENDS_IN_DIGITAL_PAYMENT/links/5eb654fca6fdcc1f1dcafcd8/DIGITAL-FINANCIAL-SERVICES-IN-INDIA-AN-ANALYSIS-OF-TRENDS-IN-DIGITAL-PAYMENT.pdf",0.0,1.0
"Lee, J., & Kim, S. (2018). Fintech innovation and financial stability: A review of the literature. *Journal of Financial Stability*, *34*, 1-16.",Digital financial services,gemma_3_12b,unverified,Reference could not be verified.,MATCH,CONTRADICTION,CONTRADICTION,CONTRADICTION,ABSENT,Financial technology: a review of extant literature,Harshita; P. Prakash; S. Singh,2020.0,in Economics and Finance,,https://www.emerald.com/sef/article/37/1/71/456418,GOOGLE,1.0,3.0,0.0,1.0,0.0,Fintech innovation and financial stability: A review of the literature,Financial technology: a review of extant literature,"Lee, J.; Kim, S.",Harshita; P. Prakash; S. Singh,2018.0,2020.0,Journal of Financial Stability,in Economics and Finance,,https://www.emerald.com/sef/article/37/1/71/456418,0,0,3,GOOGLE,0,"✓ Title | ✗ Authors | ✗ Year | ✗ Venue | ○ ID

### Summary
The reference could not be verified because no matching article with the same authors, year, and journal was found. Although the title matched well, other key details differ significantly.

### Details
A record was found with a similar title about fintech literature review but authored by different individuals (Harshita, P. Prakash, S. Singh) instead of Lee and Kim. This record was published in 2020 in a different venue titled ""in Economics and Finance,"" whereas the citation indicates a 2018 publication in the ""Journal of Financial Stability."" No identifier such as a DOI was present to assist verification.

- https://www.emerald.com/sef/article/37/1/71/456418",0.0,1.0
"Mbiti, J. W., & Weil, F. (2011). Mobile banking in Kenya: Evidence from M-PESA. *Working Paper Series*, 2011-04. Harvard Kennedy School.",Digital financial services,gemma_3_12b,needs-human,Reference requires human review.,CONTAINS,CONTRADICTION,MATCH,UNCONFIRMED,ABSENT,Mobile Banking: The Impact of M-Pesa in Kenya,Isaac Mbiti; David Weil,2011.0,,10.3386/w17129,https://doi.org/10.3386/w17129,GOOGLE,1.0,1.0,1.0,1.0,1.0,Mobile banking in Kenya: Evidence from M-PESA,Mobile Banking: The Impact of M-Pesa in Kenya,"Mbiti, J. W.; Weil, F.",Isaac Mbiti; David Weil,2011.0,2011.0,Working Paper Series,,,10.3386/w17129,0,0,3,GOOGLE,0,"◐ Title | ✗ Authors | ✓ Year | ? Venue | ○ ID

### Summary
The reference requires human review because the title closely matches a known paper from 2011, but the listed authors differ. The main article, titled ""Mobile Banking: The Impact of M-Pesa in Kenya,"" was authored by Isaac Mbiti and David Weil, while the original citation lists different initials and possibly different individuals.

### Details
A matching record was found under the title ""Mobile Banking: The Impact of M-Pesa in Kenya"" from 2011 with authors Isaac Mbiti and David Weil. The year matches exactly, confirming the publication year is correct. However, the author names in the original citation (Mbiti, J. W. & Weil, F.) do not align with those in the matching record, suggesting a contradiction in authorship. The venue is not clearly confirmed as the is known as a working paper but the specific series title differs. The DOI for the matched paper is 10.3386/w17129, accessible at https://doi.org/10.3386/w17129.

- https://doi.org/10.3386/w17129
- https://econpapers.repec.org/RePEc:nbr:nberwo:17129",0.1,0.9
"Philippon, T. (2016). The fintech revolution. *NBER Working Paper Series*, 22593.",Digital financial services,gemma_3_12b,needs-human,Reference requires human review.,CONTRADICTION,MATCH,MATCH,CONTAINS,ABSENT,The FinTech Opportunity,Thomas Philippon,2016.0,NBER Working Paper No. 22476,,https://www.nber.org/system/files/working_papers/w22476/w22476.pdf,GOOGLE,2.0,1.0,1.0,1.0,0.0,The fintech revolution,The FinTech Opportunity,"Philippon, T.",Thomas Philippon,2016.0,2016.0,NBER Working Paper Series,NBER Working Paper No. 22476,,https://www.nber.org/system/files/working_papers/w22476/w22476.pdf,0,0,2,GOOGLE,0,"✗ Title | ✓ Authors | ✓ Year | ◐ Venue | ○ ID

### Summary
The reference cited as ""The fintech revolution"" by T. Philippon in 2016 requires human review because it does not match the found working paper titled ""The FinTech Opportunity"" by Thomas Philippon from the same year in the NBER Working Paper Series. While the author and year match exactly, the titles differ significantly in their main subjects, suggesting these are two distinct articles.

### Details
A record was found for a 2016 NBER Working Paper authored by Thomas Philippon titled ""The FinTech Opportunity,"" matching the author (same individual represented slightly differently) and year exactly. However, the title in the citation ""The fintech revolution"" conflicts with the found title, referencing a different focus. The citation's venue ""NBER Working Paper Series"" is correctly acknowledged but the specific working paper number differs (22593 cited vs. 22476 found). No digital object identifier (DOI) was present in the original citation, limiting direct electronic verification.

- https://www.nber.org/system/files/working_papers/w22476/w22476.pdf
- https://www.nber.org/people/thomas_philippon
- https://ideas.repec.org/p/nbr/nberwo/22476.html",0.233,0.767
"Zhu, K., & Zhao, H. (2019). Digital financial services and small business financing: Evidence from China. *Emerging Markets Finance and Trade*, *59*(1), 1-16.",Digital financial services,gemma_3_12b,unverified,Reference could not be verified.,UNCONFIRMED,UNCONFIRMED,UNCONFIRMED,UNCONFIRMED,UNCONFIRMED,,,,,,,,,,,,,,,,,,,,,,,0,0,0,,0,"? Title | ? Authors | ? Year | ? Venue | ? ID

### Summary
No matching article could be found for the reference ""Digital financial services and small business financing: Evidence from China"" by Zhu and Zhao published in 2019. The search did not confirm the title, authors, year, or journal name.

### Details
A search in the OpenAlex database for this article yielded no matching record. Additionally, a scholarly search using the article title, author names, year, and journal name returned no relevant results. There was no evidence found to verify any component of the reference.

- [OpenAlex](https://openalex.org)",0.0,1.0
"Acemoglu, D., & Robinson, J. A. (2012). Why nations fail: The origins of power, prosperity, and poverty. PublicAffairs.",Economics,gemma_3_12b,verified-with-error,"Acemoğlu, D., & Robinson, J. A. (2012). Why Nations Fail: The Origins of Power, Prosperity and Poverty. *Asean Economic Bulletin*, 29(2), 168. https://doi.org/10.1355/ae29-2j",MATCH,MATCH,MATCH,CONTRADICTION,ABSENT,"Why Nations Fail: The Origins of Power, Prosperity and Poverty",Daron Acemoğlu; James A. Robinson,2012.0,Asean Economic Bulletin,10.1355/ae29-2j,https://doi.org/10.1355/ae29-2j,GOOGLE,3.0,1.0,0.0,1.0,0.0,"Why nations fail: The origins of power, prosperity, and poverty","Why Nations Fail: The Origins of Power, Prosperity and Poverty","Acemoglu, D.; Robinson, J. A.",Daron Acemoğlu; James A. Robinson,2012.0,2012.0,PublicAffairs,Asean Economic Bulletin,,10.1355/ae29-2j,0,0,2,GOOGLE,1,"✓ Title | ✓ Authors | ✓ Year | ✗ Venue | ○ ID

### Summary
This reference was found and confirmed to be a work authored by Daron Acemoglu and James A. Robinson published in 2012 with the matching title ""Why Nations Fail: The Origins of Power, Prosperity and Poverty."" However, there is a minor discrepancy concerning the venue: the citation lists the publisher as PublicAffairs, while the best matching record found is from the Asean Economic Bulletin journal, indicating a slight error in the venue information.

### Details
A matching record was found with the exact title and author names, confirming the year 2012 precisely. The authors Daron Acemoglu and James A. Robinson were matched with minor variations in initials and diacritics which are acceptable. The title was matched exactly as well. The venue showed a contradiction: the citation named PublicAffairs as the publisher (which is correct for the well-known book), but the system found a record in the Asean Economic Bulletin journal with a DOI and URL different from the expected book publisher, suggesting a venue mismatch. No identifier like a DOI was present in the original citation.

- https://doi.org/10.1355/ae29-2j
- https://www.amazon.com/Why-Nations-Fail-Origins-Prosperity/dp/0307719227
- https://en.wikipedia.org/wiki/Why_Nations_Fail",0.6,0.4
"Banerjee, A. V., & Duflo, E. (2019). Working poor: New data, new designs, new policies. *Journal of Economic Perspectives*, *33*(1), 7-18.",Economics,gemma_3_12b,unverified,Reference could not be verified.,UNCONFIRMED,UNCONFIRMED,UNCONFIRMED,UNCONFIRMED,UNCONFIRMED,,,,,,,,,,,,,,,,,,,,,,,0,0,0,,0,"? Title | ? Authors | ? Year | ? Venue | ? ID

### Summary
No matching article titled ""Working poor: New data, new designs, new policies"" by Banerjee and Duflo from 2019 in the Journal of Economic Perspectives was found. The search did not confirm any part of this reference including the title, authors, year, or journal.

### Details
A thorough search using OpenAlex and Google Scholar returned no records matching the provided title, authors, or publication year. None of the retrieved documents or databases listed an article with this title in the specified journal or year. The search results showed related works by Banerjee and Duflo but none match the exact citation details given.

- [No matching work found on OpenAlex](https://openalex.org)
- [Google Scholar search with no matching article found](https://scholar.google.com)",0.0,1.0
"Katz, R. S. (1989). Democratic instability: Elections and representation in comparative perspective. Oxford University Press.",Democratic elections,gemma_3_12b,unverified,Reference could not be verified.,CONTRADICTION,MATCH,CONTRADICTION,CONTAINS,ABSENT,Electoral reform and its discontents,R. S. Katz,2014.0,British Elections & Parties Review,,https://www.taylorfrancis.com/chapters/edit/10.4324/9781315039664-1/electoral-reform-discontents-richard-katz,GOOGLE,1.0,2.0,1.0,1.0,0.0,Democratic instability: Elections and representation in comparative perspective.,Electoral reform and its discontents,"Katz, R. S.",R. S. Katz,1989.0,2014.0,Oxford University Press,British Elections & Parties Review,,https://www.taylorfrancis.com/chapters/edit/10.4324/9781315039664-1/electoral-reform-discontents-richard-katz,0,0,3,GOOGLE,0,"✗ Title | ✓ Authors | ✗ Year | ◐ Venue | ○ ID

### Summary
No matching book or article with the exact title ""Democratic instability: Elections and representation in comparative perspective"" by R. S. Katz from 1989 could be found. The record found relates to a 2014 article by the same author but with a different title and focus.

### Details
A matching record was found for R. S. Katz, but the title ""Electoral reform and its discontents"" and year 2014 do not align with the cited 1989 book title. The cited venue is Oxford University Press as a publisher, whereas the found article is from the ""British Elections & Parties Review"" journal, published by a different entity. No DOI or other identifier was provided to further confirm the original citation. These differences in title, year, and venue indicate the original reference could not be verified.

- https://www.taylorfrancis.com/chapters/edit/10.4324/9781315039664-1/electoral-reform-discontents-richard-katz",0.0,1.0
FAO. (2010). *Climate-smart agriculture: A framework for action*. Food and Agriculture Organization of the United Nations.,Climate-smart agriculture for smallholder farmers,gemma_3_12b,verified-with-error,Food and Agriculture Organization of the United Nations (FAO). (n.d.). *CLIMATE-SMART AGRICULTURE*. FAO. https://www.fao.org/climatechange/29790-0178d452d0ca9af024aad1092d4b78b1d.pdf,CONTAINS,MATCH,UNCONFIRMED,MATCH,ABSENT,CLIMATE-SMART AGRICULTURE,Food and Agriculture Organization of the United Nations (FAO),,FAO,,https://www.fao.org/climatechange/29790-0178d452d0ca9af024aad1092d4b78b1d.pdf,GOOGLE,2.0,0.0,1.0,1.0,1.0,Climate-smart agriculture: A framework for action,CLIMATE-SMART AGRICULTURE,FAO,Food and Agriculture Organization of the United Nations (FAO),2010.0,,Food and Agriculture Organization of the United Nations,FAO,,https://www.fao.org/climatechange/29790-0178d452d0ca9af024aad1092d4b78b1d.pdf,2,2,2,GOOGLE,0,"◐ Title | ✓ Authors | ? Year | ✓ Venue | ○ ID

### Summary
This reference to the FAO publication was confirmed as referring to the Food and Agriculture Organization of the United Nations document on climate-smart agriculture. The authorship and publisher matched exactly. However, the year 2010 could not be confirmed from the found document, which appears undated.

### Details
A matching document titled ""CLIMATE-SMART AGRICULTURE"" by Food and Agriculture Organization of the United Nations (FAO) was found. The title in the candidate reference includes a subtitle ""A framework for action,"" which is not present in the found document's title, but the core phrase matches closely, indicating the same work. The organizational author FAO is confirmed as it corresponds to the full name used. The year 2010 was not present in the discovered source, leading to this being marked as unconfirmed. No DOI or other identifier was available. The document is accessible via FAO's official website at: 

- [FAO Climate-smart agriculture PDF](https://www.fao.org/climatechange/29790-0178d452d0ca9af024aad1092d4b78b1d.pdf)",0.633,0.367
"Bryan, E., Chuong, T. N., & Shi, X. (2013). Climate change impacts and adaptation in the agricultural sector: A review. *Wiley Interdisciplinary Reviews: Climate Change*, *4*(6), 537–552.",Climate-smart agriculture for smallholder farmers,gemma_3_12b,unverified,Reference could not be verified.,CONTRADICTION,CONTRADICTION,CONTAINS,MATCH,ABSENT,Climate change impacts and adaptation in South Africa,Gina Ziervogel; Mark New; Emma Archer; Guy F. Midgley; Anna Taylor; Ralph Hamann; Sabine Stuart‐Hill; Jonny Myers; Michele Warburton,2014.0,Wiley Interdisciplinary Reviews Climate Change,10.1002/wcc.295,https://doi.org/10.1002/wcc.295,GOOGLE,1.0,2.0,1.0,1.0,0.0,Climate change impacts and adaptation in the agricultural sector: A review.,Climate change impacts and adaptation in South Africa,"Bryan, E.; Chuong, T. N.; Shi, X.",Gina Ziervogel; Mark New; Emma Archer; Guy F. Midgley; Anna Taylor; Ralph Hamann; Sabine Stuart‐Hill; Jonny Myers; Michele Warburton,2013.0,2014.0,Wiley Interdisciplinary Reviews: Climate Change,Wiley Interdisciplinary Reviews Climate Change,,10.1002/wcc.295,0,0,1,GOOGLE,0,"✗ Title | ✗ Authors | ◐ Year | ✓ Venue | ○ ID

### Summary
No matching article could be found for the reference by Bryan, E., Chuong, T. N., and Shi, X. (2013) titled 'Climate change impacts and adaptation in the agricultural sector: A review.' The closest found article differs significantly in title, authors, and publication year.

### Details
A matching record was found in the journal Wiley Interdisciplinary Reviews: Climate Change, but its title is 'Climate change impacts and adaptation in South Africa,' which has a more specific regional focus than the cited general review. None of the original authors (Bryan, Chuong, Shi) appear among the authors of the found paper. Additionally, the original reference lists the year as 2013, while the found article was published in 2014. Despite the journal name matching exactly, these discrepancies indicate the original reference could not be verified. 

- https://doi.org/10.1002/wcc.295",0.0,1.0
"Adger, W. N., & Lozano-Aguirre, G. (2004). Environmental justice and climate change adaptation. *Global Environmental Change*, *14*(3), 335–346.",Climate-smart agriculture for smallholder farmers,gemma_3_12b,unverified,Reference could not be verified.,CONTRADICTION,CONTAINS,CONTRADICTION,CONTRADICTION,ABSENT,Scales of governance and environmental justice for adaptation and mitigation of climate change,W. Neil Adger,2001.0,Journal of International Development,10.1002/jid.833,https://doi.org/10.1002/jid.833,GOOGLE,0.0,3.0,1.0,1.0,0.0,Environmental justice and climate change adaptation,Scales of governance and environmental justice for adaptation and mitigation of climate change,"Adger, W. N.; Lozano-Aguirre, G.",W. Neil Adger,2004.0,2001.0,Global Environmental Change,Journal of International Development,,10.1002/jid.833,0,0,1,GOOGLE,0,"✗ Title | ◐ Authors | ✗ Year | ✗ Venue | ○ ID

### Summary
No matching article could be found for the reference ""Environmental justice and climate change adaptation"" by Adger and Lozano-Aguirre from 2004. The best available candidate found has significant differences in title, authorship, year, and journal.

### Details
A matching record was found for a 2001 article titled ""Scales of governance and environmental justice for adaptation and mitigation of climate change"" by W. Neil Adger alone, published in the *Journal of International Development*. This differs notably from the cited article, which lists two authors, a different year (2004 vs 2001), and a different journal (*Global Environmental Change*). No references with the exact combination of authors, title, year, and journal were found in search results.

- https://doi.org/10.1002/jid.833",0.0,1.0
"Battersby, J., & O’Neill, M. (2013). Biometrics and the state: Towards a critical perspective. *Surveillance & Society*, *11*(3), 318-333.",Biometric voter registration,gemma_3_12b,unverified,Reference could not be verified.,UNCONFIRMED,UNCONFIRMED,UNCONFIRMED,UNCONFIRMED,UNCONFIRMED,,,,,,,,,,,,,,,,,,,,,,,0,0,0,,0,"? Title | ? Authors | ? Year | ? Venue | ? ID

### Summary
No matching article was found for the reference by Battersby and O’Neill titled ""Biometrics and the state: Towards a critical perspective"" from 2013 in Surveillance & Society. The verification process did not find any confirmation of the authors, title, year, journal, or identifying information.

### Details
A search in the OpenAlex database did not find any work matching the title, authors, and year provided. Scholarly search queries did not yield relevant results related to this article, and further Google searches similarly found no related publications matching these details. Thus, there is no evidence supporting the existence of this article as cited.

- https://openalex.org
- ProQuest Scholar Search
- Google Search",0.0,1.0
"Clark, D. S., & McLean, G. (2013). Biometric technologies and electoral integrity: A critical review. *International Political Science Review*, *34*(2), 177-192.",Biometric voter registration,gemma_3_12b,unverified,Reference could not be verified.,UNCONFIRMED,UNCONFIRMED,UNCONFIRMED,UNCONFIRMED,UNCONFIRMED,,,,,,,,,,,,,,,,,,,,,,,0,0,0,,0,"? Title | ? Authors | ? Year | ? Venue | ? ID

### Summary
No matching article could be found for the reference titled ""Biometric technologies and electoral integrity: A critical review"" by Clark and McLean from 2013 in the International Political Science Review. None of the key details such as title, authors, year, or journal could be confirmed.

### Details
A search conducted in OpenAlex yielded no matching records for this work. Additionally, a broad scholarly search also failed to find any article corresponding to the given title, authors, year, or journal. There were no credible candidates found that matched the details of the original reference.

- https://openalex.org
- https://scholar.google.com",0.0,1.0
"Dahlberg, L. (2010). The biometrics industry: Risk, ethics, and governance. *Government Information Quarterly*, *27*(4), 436-444.",Biometric voter registration,gemma_3_12b,unverified,Reference could not be verified.,UNCONFIRMED,UNCONFIRMED,UNCONFIRMED,UNCONFIRMED,UNCONFIRMED,,,,,,,,,,,,,,,,,,,,,,,0,0,0,,0,"? Title | ? Authors | ? Year | ? Venue | ? ID

### Summary
No matching article titled ""The biometrics industry: Risk, ethics, and governance"" by Dahlberg from 2010 was found in any databases searched, including OpenAlex and academic search engines. Therefore, this reference could not be verified based on available evidence.

### Details
A search using the title, author name ""Dahlberg, L."", and year 2010 yielded no matching records on OpenAlex, indicating no DOI or metadata match for this exact article. Additional academic database searches returned no article matching the title, author, year, or journal ""Government Information Quarterly"" volume 27, issue 4, pages 436-444. The search results included other unrelated publications, but none corresponded to the citation in question.

- https://openalex.org
- https://scholar.google.com",0.0,1.0
"Fung, K. S., & Ho, C. C. (2011). Biometric voter registration in Ghana: Challenges and opportunities. *Journal of African Elections*, *10*(1), 1-16.",Biometric voter registration,gemma_3_12b,unverified,Reference could not be verified.,CONTRADICTION,UNCONFIRMED,UNCONFIRMED,CONTAINS,ABSENT,Embracing Biometric Voter Registration in Africa,,,ResearchGate,,https://www.researchgate.net/publication/315388352_Embracing_Biometric_Voter_Registration_in_Africa,GOOGLE,0.0,1.0,1.0,1.0,2.0,Biometric voter registration in Ghana: Challenges and opportunities,Embracing Biometric Voter Registration in Africa,"Fung, K. S.; Ho, C. C.",,2011.0,,Journal of African Elections,ResearchGate,,https://www.researchgate.net/publication/315388352_Embracing_Biometric_Voter_Registration_in_Africa,0,0,3,GOOGLE,0,"✗ Title | ? Authors | ? Year | ◐ Venue | ○ ID

### Summary
No matching article could be found for the reference ""Biometric voter registration in Ghana: Challenges and opportunities"" by Fung and Ho (2011) in the Journal of African Elections. The titles and publication venues retrieved differ significantly, indicating that the article might not be available or indexed online.

### Details
A search found a different article titled ""Embracing Biometric Voter Registration in Africa"" hosted on ResearchGate, which does not match the specific Ghana focus or the title details of the cited work. Furthermore, key fields such as author names and publication year remain unconfirmed in matching records, and no DOI or other persistent identifiers were found. The potential match differs both in title scope and the venue type, with the original citation pointing to a journal article and the found record being a ResearchGate preprint.

- https://www.researchgate.net/publication/315388352_Embracing_Biometric_Voter_Registration_in_Africa",0.0,1.0
"Hansen, D. (2016). *Biometric voting systems: A technical and policy analysis*. RAND Corporation.",Biometric voter registration,gemma_3_12b,unverified,Reference could not be verified.,UNCONFIRMED,UNCONFIRMED,UNCONFIRMED,UNCONFIRMED,UNCONFIRMED,,,,,,,,,,,,,,,,,,,,,,,0,0,0,,0,"? Title | ? Authors | ? Year | ? Venue | ? ID

### Summary
No matching record could be found for the reference titled ""Biometric voting systems: A technical and policy analysis"" by Hansen from 2016. The search did not confirm the title, author, year, or publisher information.

### Details
A search in the OpenAlex database found no records matching the provided title, author name Hansen, or the year 2016. Similarly, a Google search with the exact title, author, and year produced no relevant matches for a RAND Corporation publication by Hansen. The results mostly included unrelated documents about voting systems and cybersecurity but no direct matches for the reference.

- https://www.rand.org/content/dam/rand/pubs/research_reports/RRA512-1/RAND_RRA512-1.pdf
- https://www.rand.org/content/dam/rand/pubs/research_reports/RRA112-25/RAND_RRA112-25.pdf
- https://ehansen4.sites.luc.edu/documents/Hansen_Tyner_2019.pdf",0.0,1.0
"Hennigan, W. J., & Lynch, M. (2017). Biometric voter registration and electoral integrity: Lessons from Sierra Leone. *Electoral Studies*, *46*, 1-14.",Biometric voter registration,gemma_3_12b,unverified,Reference could not be verified.,UNCONFIRMED,UNCONFIRMED,UNCONFIRMED,UNCONFIRMED,UNCONFIRMED,,,,,,,,,,,,,,,,,,,,,,,0,0,0,,0,"? Title | ? Authors | ? Year | ? Venue | ? ID

### Summary
No matching article titled ""Biometric voter registration and electoral integrity: Lessons from Sierra Leone"" by Hennigan and Lynch from 2017 in *Electoral Studies* was found in the available databases.

### Details
A search in OpenAlex did not find any record matching this article title, authors, or year. Additionally, a scholarly search returned no relevant results that would confirm the existence of this publication. Therefore, there is no evidence supporting this reference in the consulted sources.

- [OpenAlex](https://openalex.org)
- General scholarly search results",0.0,1.0
"Kizza, J. M. (2015). *Guide to computer and internet security*. Springer.",Biometric voter registration,gemma_3_12b,needs-human,Reference requires human review.,CONTRADICTION,MATCH,MATCH,MATCH,ABSENT,Guide to Computer Network Security,J. M. Kizza,2015.0,Springer,,,GOOGLE,3.0,1.0,0.0,1.0,0.0,Guide to computer and internet security,Guide to Computer Network Security,"Kizza, J. M.",J. M. Kizza,2015.0,2015.0,Springer,Springer,,,0,0,1,GOOGLE,0,"✗ Title | ✓ Authors | ✓ Year | ✓ Venue | ○ ID

### Summary
The provided reference could not be fully verified because the title in the source differs from the best potential match found. Although the author J. M. Kizza, the year 2015, and Springer as the publisher match, the title in the verified record is ""Guide to Computer Network Security,"" not ""Guide to Computer and Internet Security.""

### Details
A matching record was found for a book by J. M. Kizza published by Springer in 2015, but the title was ""Guide to Computer Network Security."" The provided reference title focuses on ""internet security,"" which contradicts the title found. No matching DOI or other unique identifier was available to confirm they are the same work. This discrepancy suggests these might be different books or editions, prompting the need for human review to determine accuracy.

- https://link.springer.com/chapter/10.1007/978-1-4471-6654-2_2
- https://link.springer.com/chapter/10.1007/978-1-4471-6654-2_15",0.333,0.667
"Mukherjee, A. (2014). Biometrics and identity management: Challenges and opportunities. *IEEE Transactions on Information Forensics and Security*, *9*(11), 2053-2067.",Biometric voter registration,gemma_3_12b,unverified,Reference could not be verified.,UNCONFIRMED,UNCONFIRMED,UNCONFIRMED,UNCONFIRMED,UNCONFIRMED,,,,,,,,,,,,,,,,,,,,,,,0,0,0,,0,"? Title | ? Authors | ? Year | ? Venue | ? ID

### Summary
No matching article was found for ""Biometrics and identity management: Challenges and opportunities"" by A. Mukherjee published in 2014 in IEEE Transactions on Information Forensics and Security. The search did not locate any record confirming the title, author, year, or journal.

### Details
A search across multiple databases including OpenAlex and academic search engines did not return any matching works corresponding to the given reference. There were no matches for the title, author name, publication year, or journal. Similar titles and related works were found but none matched exactly or confirmed the reference details.

- [OpenAlex](https://openalex.org)
- [Google Scholar Search Results](https://scholar.google.com)",0.0,1.0
"Stiglitz, J. E. (2009). *Economics of the public sector*. W. W. Norton & Company.",Biometric voter registration,gemma_3_12b,verified-with-error,"Stiglitz, J. E., & Rosengard, J. K. (2015). *Economics of the Public Sector*. W. W. Norton & Company. https://wwnorton.com/books/9780393925227",MATCH,MATCH,UNCONFIRMED,MATCH,ABSENT,Economics of the Public Sector,Joseph E. Stiglitz,2000,W. W. Norton & Company,,https://wwnorton.com/books/9780393925227,GOOGLE,2.0,1.0,1.0,1.0,0.0,Economics of the public sector,Economics of the Public Sector,"Stiglitz, J. E.",Joseph E. Stiglitz; Jay K. Rosengard,2009.0,2015.0,W. W. Norton & Company,W. W. Norton & Company,,https://wwnorton.com/books/9780393925227,0,0,1,GOOGLE,0,"✓ Title | ◐ Authors | ✗ Year | ✓ Venue | ○ ID

### Summary
This book was found with the same title ""Economics of the Public Sector"" and published by W. W. Norton & Company as cited. The author Joseph E. Stiglitz was confirmed, though an additional co-author Jay K. Rosengard was also listed in the verified record. A discrepancy was found in the publication year: the citation states 2009, but the verified edition is from 2015.

### Details
A matching record was found with the exact title ""Economics of the Public Sector"" and the publisher W. W. Norton & Company. The cited author Joseph E. Stiglitz is included, although the verified edition lists an additional author, Jay K. Rosengard. The publication year in the citation (2009) differs from the verified source's year (2015). No digital object identifier (DOI) was present in either. Relevant sources include the publisher's page and Amazon listings confirming these details.

- https://wwnorton.com/books/9780393925227
- https://www.amazon.com/Economics-Public-Sector-Fourth-Stiglitz/dp/0393925226",0.8,0.2
IPCC. (2021). *Climate Change 2021: The Physical Science Basis. Contribution of Working Group I to the Sixth Assessment Report of the Intergovernmental Panel on Climate Change*. Cambridge University Press.,Climate change,gemma_3_12b,verified,Intergovernmental Panel on Climate Change (IPCC). (2021). *Climate Change 2021: The Physical Science Basis. Contribution of Working Group I to the Sixth Assessment Report of the Intergovernmental Panel on Climate Change*. Cambridge University Press. https://www.cambridge.org/core/books/climate-change-2021-the-physical-science-basis/415F29233B8BD19FB55F65E3DC67272B,MATCH,MATCH,MATCH,MATCH,ABSENT,Climate Change 2021: The Physical Science Basis. Contribution of Working Group I to the Sixth Assessment Report of the Intergovernmental Panel on Climate Change,Intergovernmental Panel on Climate Change (IPCC),2021.0,Cambridge University Press,,https://www.cambridge.org/core/books/climate-change-2021-the-physical-science-basis/415F29233B8BD19FB55F65E3DC67272B,GOOGLE,4.0,0.0,0.0,1.0,0.0,Climate Change 2021: The Physical Science Basis. Contribution of Working Group I to the Sixth Assessment Report of the Intergovernmental Panel on Climate Change,Climate Change 2021: The Physical Science Basis. Contribution of Working Group I to the Sixth Assessment Report of the Intergovernmental Panel on Climate Change,IPCC,Intergovernmental Panel on Climate Change (IPCC),2021.0,2021.0,Cambridge University Press,Cambridge University Press,,https://www.cambridge.org/core/books/climate-change-2021-the-physical-science-basis/415F29233B8BD19FB55F65E3DC67272B,1,1,1,GOOGLE,0,"✓ Title | ✓ Authors | ✓ Year | ✓ Venue | ○ ID

### Summary
This reference was confirmed as the official report from the Intergovernmental Panel on Climate Change (IPCC) published in 2021 by Cambridge University Press. The title, authorship by IPCC, publication year, and publisher all match exactly.

### Details
A matching record was found with exact matches for the title ""Climate Change 2021: The Physical Science Basis. Contribution of Working Group I to the Sixth Assessment Report of the Intergovernmental Panel on Climate Change"", the author listed as Intergovernmental Panel on Climate Change (IPCC), the year 2021, and published by Cambridge University Press. Although no DOI was present in the citation, multiple reliable sources including the official Cambridge University Press page and the IPCC website confirm this publication.

- https://www.cambridge.org/core/books/climate-change-2021-the-physical-science-basis/415F29233B8BD19FB55F65E3DC67272B
- https://www.ipcc.ch/report/ar6/wg1/",1.0,0.0
"Hansen, J., Sato, M., McCormick, M., de Freitas, C., Grinsted, A., Pourbaix, L., Johnston, E., & Wilson, P. (2016). Earth’s temperature is soaring: Scientists warn of impending climate catastrophe. *Earth’s Future*, *4*(11), 304-319.",Climate change,gemma_3_12b,unverified,Reference could not be verified.,UNCONFIRMED,UNCONFIRMED,UNCONFIRMED,UNCONFIRMED,UNCONFIRMED,,,,,,,,,,,,,,,,,,,,,,,0,0,0,,0,"? Title | ? Authors | ? Year | ? Venue | ? ID

### Summary
No matching article was found for the reference titled ""Earth’s temperature is soaring: Scientists warn of impending climate catastrophe"" authored by Hansen et al. in 2016. The details including the title, authors, year, and journal could not be confirmed.

### Details
A search in the OpenAlex database did not find any records matching the article's title, authors, or year. Additionally, a scholar search returned no relevant results corresponding to this reference. There was no evidence supporting the presence of this article in the suggested journal ""Earth’s Future"" or elsewhere.

- [OpenAlex](https://openalex.org)
- [Scholar Search (example)](https://scholar.google.com)",0.0,1.0
"Diffenbaugh, N. S., & Burke, M. A. (2019). Extreme events and climate change: Implications for adaptation policy. *Annual Review of Environment and Resources*, *4*, 473-498.",Climate change,gemma_3_12b,unverified,Reference could not be verified.,UNCONFIRMED,UNCONFIRMED,UNCONFIRMED,UNCONFIRMED,UNCONFIRMED,,,,,,,,,,,,,,,,,,,,,,,0,0,0,,0,"? Title | ? Authors | ? Year | ? Venue | ? ID

### Summary
No matching article was found that confirms the details of the referenced work by Diffenbaugh and Burke from 2019 titled ""Extreme events and climate change: Implications for adaptation policy"" in the Annual Review of Environment and Resources. The verification process found no record matching the title, authors, year, or journal.

### Details
A search in OpenAlex yielded no matches for this reference. Additionally, a scholar search revealed articles by Diffenbaugh and Burke related to climate change and extreme events, but none matched the requested title, publication year 2019, or the journal Annual Review of Environment and Resources. The closest articles found were published in different years and venues, highlighting a lack of evidence to verify this particular citation.

- https://openalex.org
- https://scholar.google.com",0.0,1.0
"Trenberth, K. E. (2012). Modern global climate change. *Science*, *337*(6099), 1024-1027.",Climate change,gemma_3_12b,verified-with-error,"Karl, T. R., & Trenberth, K. E. (2003). *Modern Global Climate Change*. *Science*, 302(5651), 1719-1723. https://doi.org/10.1126/science.1090228",MATCH,CONTAINS,CONTRADICTION,MATCH,ABSENT,Modern Global Climate Change,Thomas R. Karl; Kevin E. Trenberth,2003.0,Science,10.1126/science.1090228,https://doi.org/10.1126/science.1090228,GOOGLE,2.0,1.0,1.0,1.0,0.0,Modern global climate change,Modern Global Climate Change,"Trenberth, K. E.",Thomas R. Karl; Kevin E. Trenberth,2012.0,2003.0,Science,Science,,10.1126/science.1090228,0,0,1,GOOGLE,0,"✓ Title | ◐ Authors | ✗ Year | ✓ Venue | ○ ID

### Summary
This reference was mostly confirmed except for the publication year, which differs from the cited year. The article titled ""Modern Global Climate Change"" was verified in the journal Science with Kevin E. Trenberth as one of the authors, but the verified version was published in 2003, not 2012.

### Details
A matching article was found with the exact title ""Modern Global Climate Change"" published in Science. The authors included Kevin E. Trenberth along with Thomas R. Karl, indicating the cited author was part of a larger author list. However, the publication year in the verified record is 2003, which contradicts the cited 2012. No unique identifier such as DOI was present in the original citation, but the verified article’s DOI is 10.1126/science.1090228.

- https://doi.org/10.1126/science.1090228
- https://www.science.org/doi/abs/10.1126/science.1090228",0.467,0.533
"Held, T., & Soden, B. (2007). Robustness of global climate response to increased greenhouse gas forcing. *Proceedings of the National Academy of Sciences*, *104*(5), 1921-1926.",Climate change,gemma_3_12b,unverified,Reference could not be verified.,CONTRADICTION,MATCH,CONTRADICTION,CONTRADICTION,ABSENT,Water vapor feedback and global warming,IM Held; BJ Soden,2000.0,Annual Review of Energy and the Environment,,https://www.annualreviews.org/content/journals/10.1146/annurev.energy.25.1.441,GOOGLE,1.0,3.0,0.0,1.0,0.0,Robustness of global climate response to increased greenhouse gas forcing,Water vapor feedback and global warming,"Held, T.; Soden, B.",IM Held; BJ Soden,2007.0,2000.0,Proceedings of the National Academy of Sciences,Annual Review of Energy and the Environment,,https://www.annualreviews.org/content/journals/10.1146/annurev.energy.25.1.441,0,0,3,GOOGLE,0,"✗ Title | ✓ Authors | ✗ Year | ✗ Venue | ○ ID

### Summary
No matching article could be found that corresponds to the reference ""Held, T., & Soden, B. (2007). Robustness of global climate response to increased greenhouse gas forcing"" in the Proceedings of the National Academy of Sciences. Although the authors match, the title, year, and venue details contradict with available records.

### Details
A matching record was not found on OpenAlex for the 2007 article titled ""Robustness of global climate response to increased greenhouse gas forcing"" by Held and Soden. The closest found publication with the same authors in 2000 is titled ""Water vapor feedback and global warming,"" published in the Annual Review of Energy and the Environment, which differs significantly in title, year, and journal. This indicates the citation does not match any verified published article in the queried sources.

- https://www.annualreviews.org/content/journals/10.1146/annurev.energy.25.1.441
- https://openalex.org
- https://www.scholar.google.com",0.0,1.0
"Archer, D., & Rahmstorf, S. (2010). The climate crisis. *New Scientist*, *193*(2608), 30-33.",Climate change,gemma_3_12b,unverified,Reference requires human review.,CONTAINS,MATCH,MATCH,CONTRADICTION,ABSENT,The climate crisis: An introductory guide to climate change,David Archer; Stefan Rahmstorf,2010.0,Cambridge University Press,,https://assets.cambridge.org/97805217/32550/frontmatter/9780521732550_frontmatter.pdf,GOOGLE,2.0,1.0,1.0,1.0,0.0,The climate crisis.,The climate crisis: An introductory guide to climate change,"Archer, D.; Rahmstorf, S.",David Archer; Stefan Rahmstorf,2010.0,2010.0,New Scientist,Cambridge University Press,,https://assets.cambridge.org/97805217/32550/frontmatter/9780521732550_frontmatter.pdf,0,0,2,GOOGLE,0,"◐ Title | ✓ Authors | ✓ Year | ✗ Venue | ○ ID

### Summary
This reference requires human review because although the title ""The climate crisis"" and authors David Archer and Stefan Rahmstorf from 2010 were confirmed, the publication source does not match. The citation lists *New Scientist* magazine, but evidence points to a book published by Cambridge University Press.

### Details
A matching record was found for the title ""The climate crisis: An introductory guide to climate change"" by the same authors in 2010, published by Cambridge University Press. The original citation cites *New Scientist*, a magazine, which is a different publication entity with no direct connection to Cambridge University Press. No DOI or identifier was found for the original citation. This inconsistency between the stated venue and the publication details suggests careful human verification is needed before finalizing the reference.

- [Cambridge University Press frontmatter PDF](https://assets.cambridge.org/97805217/32550/frontmatter/9780521732550_frontmatter.pdf)
- [Google search results for the citation](https://www.google.com/search?q=Archer+Rahmstorf+2010+The+climate+crisis+New+Scientist+193+2608+30-33)",0.000,1.000
"McKitrick, R. A., & Michaels, P. J. (2007). Climate change attribution by use of published results on historical forcing and feedback data. *Geophysical Research Letters*, *34*(13).",Climate change,gemma_3_12b,needs-human,Reference requires human review.,CONTRADICTION,MATCH,MATCH,CONTAINS,ABSENT,Quantifying the influence of anthropogenic surface processes and inhomogeneities on gridded global climate data,RR McKitrick; PJ Michaels,2007.0,Journal of Geophysical Research,,https://agupubs.onlinelibrary.wiley.com/doi/abs/10.1029/2007JD008465,GOOGLE,2.0,1.0,1.0,1.0,0.0,Climate change attribution by use of published results on historical forcing and feedback data,Quantifying the influence of anthropogenic surface processes and inhomogeneities on gridded global climate data,"McKitrick, R. A.; Michaels, P. J.",RR McKitrick; PJ Michaels,2007.0,2007.0,Geophysical Research Letters,Journal of Geophysical Research,,https://agupubs.onlinelibrary.wiley.com/doi/abs/10.1029/2007JD008465,0,0,3,GOOGLE,0,"✗ Title | ✓ Authors | ✓ Year | ◐ Venue | ○ ID

### Summary
The reference could not be confirmed as the cited title differs from the available publication by the same authors in the same year. While the authors McKitrick and Michaels and the year 2007 match, the titles and journals differ, indicating this might be a different article.

### Details
A matching record was found for the authors RR McKitrick and PJ Michaels from 2007 but for a title focused on the influence of anthropogenic surface processes on climate data, published in the Journal of Geophysical Research. The cited title about climate change attribution using historical forcing and feedback data was not found in the searched databases. Additionally, the cited journal, Geophysical Research Letters, differs from the matched journal, though both share the same publisher. No DOI was provided for further confirmation.

- https://agupubs.onlinelibrary.wiley.com/doi/abs/10.1029/2007JD008465",0.233,0.767
"Oreskes, N., & Conway, E. M. (2010). *Merchants of doubt: How a handful of scientists obscured the truth on climate change*. Bloomsbury Press.",Climate change,gemma_3_12b,unverified,Reference could not be verified.,CONTAINS,UNCONFIRMED,CONTRADICTION,CONTRADICTION,ABSENT,Merchants of Doubt: How a Handful of Scientists have Obscured the Truth on Issues from Tobacco Smoke to Climate Change,Наоми Орескес,2015.0,IUScholarWorks (Indiana University),,http://hdl.handle.net/2022/19709,GOOGLE,0.0,2.0,1.0,1.0,1.0,Merchants of doubt: How a handful of scientists obscured the truth on climate change,Merchants of Doubt: How a Handful of Scientists have Obscured the Truth on Issues from Tobacco Smoke to Climate Change,"Oreskes, N.; Conway, E. M.",Наоми Орескес,2010.0,2015.0,Bloomsbury Press,IUScholarWorks (Indiana University),,http://hdl.handle.net/2022/19709,0,0,1,GOOGLE,0,"◐ Title | ? Authors | ✗ Year | ✗ Venue | ○ ID

### Summary
No matching record was found that exactly confirms the original 2010 publication by Oreskes and Conway with Bloomsbury Press. The title does appear in a variant form but with notable differences in the year, authorship details, and publishing source.

### Details
A close candidate was found titled ""Merchants of Doubt: How a Handful of Scientists have Obscured the Truth on Issues from Tobacco Smoke to Climate Change"" published in 2015 by Indiana University's IUScholarWorks, but this differs significantly from the original 2010 Bloomsbury Press edition. The authorship could not be fully confirmed as the candidate only lists Naomi Oreskes and not Erik M. Conway. The year differs by five years (2010 vs. 2015), and the publisher is also different (a commercial publisher versus an institutional repository). The original title's core phrase was identified but the extended subtitle varies between sources. No identifiers such as DOI were present to help confirm the original citation.

- [Bloomsbury - Merchants of Doubt](https://www.bloomsbury.com/us/merchants-of-doubt-9781608193943/)
- [Indiana University Repository Version](http://hdl.handle.net/2022/19709)
- [Wikipedia - Merchants of Doubt](https://en.wikipedia.org/wiki/Merchants_of_Doubt)",0.0,1.0
"Lenton, T. M., Held, H., Kloas, W., Boers, M., Baummüller, D., Cramer, W., ... & Schellnhuber, H. J. (2008). Tipping points in the climate system: implications for policy. *Nature*, *455*(7208), 895-898.",Climate change,gemma_3_12b,needs-human,"Tipping points in the climate system. (2008). *Nature*, 455(7208), 895-898. https://files01.core.ac.uk/download/489426732.pdf",CONTAINS,CONTAINS,CONTRADICTION,UNCONFIRMED,ABSENT,Tipping points in the climate system,['T. M. Lenton'],2021,,,https://ore.exeter.ac.uk/articles/journal_contribution/Tipping_points_in_the_climate_system/29783738/,GOOGLE,2.0,0.0,1.0,1.0,1.0,Tipping points in the climate system: implications for policy.,Tipping points in the climate system,"Lenton, T. M.; Held, H.; Kloas, W.; Boers, M.; Baummüller, D.; Cramer, W.; Schellnhuber, H. J.",,2008.0,2008.0,Nature,Nature,,https://files01.core.ac.uk/download/489426732.pdf,0,0,2,GOOGLE,0,Retest 2026-05-03 (job 15867): Title 'Tipping points in the climate system' and author T. M. Lenton confirmed in 2021 publication; cited year 2008 contradicts.,0.1,0.9
"Dessler, A. E., & Parkinson, C. L. (2014). Radiative forcing and feedback uncertainties in climate projections. *Annual Review of Environment and Resources*, *49*, 273-302.",Climate change,gemma_3_12b,unverified,Reference could not be verified.,CONTRADICTION,CONTRADICTION,CONTAINS,CONTRADICTION,ABSENT,Uncertainties in CMIP5 Climate Projections due to Carbon Cycle Feedbacks,Pierre Friedlingstein; Malte Meinshausen; Vivek K. Arora; Chris Jones; Alessandro Anav; Spencer Liddicoat; Reto Knutti,2013.0,Journal of Climate,10.1175/jcli-d-12-00579.1,https://doi.org/10.1175/jcli-d-12-00579.1,GOOGLE,0.0,3.0,1.0,1.0,0.0,Radiative forcing and feedback uncertainties in climate projections,Uncertainties in CMIP5 Climate Projections due to Carbon Cycle Feedbacks,"Dessler, A. E.; Parkinson, C. L.",Pierre Friedlingstein; Malte Meinshausen; Vivek K. Arora; Chris Jones; Alessandro Anav; Spencer Liddicoat; Reto Knutti,2014.0,2013.0,Annual Review of Environment and Resources,Journal of Climate,,10.1175/jcli-d-12-00579.1,0,0,2,GOOGLE,0,"✗ Title | ✗ Authors | ◐ Year | ✗ Venue | ○ ID

### Summary
No matching article was found for the reference by Dessler and Parkinson (2014) titled ""Radiative forcing and feedback uncertainties in climate projections."" The closest found article has a different title, authorship, journal, and publication year, indicating they are distinct works.

### Details
A search for the provided article returned a candidate with the title ""Uncertainties in CMIP5 Climate Projections due to Carbon Cycle Feedbacks"" published in 2013 by different authors in the Journal of Climate. The original citation's title, authors (Dessler, A. E., Parkinson, C. L.), and journal (Annual Review of Environment and Resources) differ significantly from this candidate. The year differs by one year but that alone is insufficient to confirm a match, especially given all other contradictory details.

- https://doi.org/10.1175/jcli-d-12-00579.1",0.0,1.0
"Antle, J. D. (2014). Climate change impacts on agriculture: A review of adaptation strategies. *Agricultural Economics*, *45*(3), 231-244.",Climate change adaptation in agriculture,gemma_3_12b,unverified,Reference could not be verified.,CONTRADICTION,MATCH,CONTRADICTION,CONTAINS,ABSENT,Adaptation of Agricultural and Food Systems to Climate Change,Antle; Capalbo,2010.0,Applied Economic Perspectives and Policy,,https://ars.usda.gov/ARSUserFiles/30180500/USDAClimateHub/1.%20Antle%20and%20Capalbo%202010%20Applied%20Economic%20Perspectives%20and%20Policy.pdf,GOOGLE,1.0,2.0,1.0,1.0,0.0,Climate change impacts on agriculture: A review of adaptation strategies,Adaptation of Agricultural and Food Systems to Climate Change,"Antle, J. D.",Antle; Capalbo,2014.0,2010.0,Agricultural Economics,Applied Economic Perspectives and Policy,,https://ars.usda.gov/ARSUserFiles/30180500/USDAClimateHub/1.%20Antle%20and%20Capalbo%202010%20Applied%20Economic%20Perspectives%20and%20Policy.pdf,0,0,3,GOOGLE,0,"✗ Title | ✓ Authors | ✗ Year | ◐ Venue | ○ ID

### Summary
The reference provided could not be verified as matching the citation details. The titles and publication years differed notably, and there was also a difference in the journals where they were published.

### Details
The authors matched reasonably well, with the cited author ""Antle, J. D."" appearing in the found document alongside an additional author. However, the title in the citation featured ""Climate change impacts on agriculture: A review of adaptation strategies,"" whereas the closest found article's title was ""Adaptation of Agricultural and Food Systems to Climate Change,"" showing a different focus and wording. The year differed by four years, with the citation listing 2014 and the match showing 2010. The citation is from the journal Agricultural Economics, but the similar article was published in Applied Economic Perspectives and Policy. No digital object identifier (DOI) was found for the citation. 

- [Applied Economic Perspectives and Policy PDF](https://ars.usda.gov/ARSUserFiles/30180500/USDAClimateHub/1.%20Antle%20and%20Capalbo%202010%20Applied%20Economic%20Perspectives%20and%20Policy.pdf)",0.0,1.0
"Below, S., & Below, R. (2015). Assessing adaptation to climate change in agriculture: Concepts, methods and policy implications. *Advances in Agronomy*, *133*, 1-33.",Climate change adaptation in agriculture,gemma_3_12b,unverified,Reference could not be verified.,UNCONFIRMED,UNCONFIRMED,UNCONFIRMED,UNCONFIRMED,UNCONFIRMED,,,,,,,,,,,,,,,,,,,,,,,0,0,0,,0,"? Title | ? Authors | ? Year | ? Venue | ? ID

### Summary
No matching article could be found for the reference titled ""Assessing adaptation to climate change in agriculture: Concepts, methods and policy implications"" by Below, S. and Below, R. from 2015 in *Advances in Agronomy* volume 133.

### Details
A search was conducted using OpenAlex and academic search engines, looking for a match with the title, authors, year, and journal details provided. No records were found that correspond to this reference. Additionally, no DOI or other identifiers were available to validate the citation. The search results did return other relevant works on climate change and agriculture, but none matched the specific details of this reference.

- https://openalex.org
- https://scholar.google.com",0.0,1.0
"Cooper, P., DeClerck, G., Jongsma, T., & Dam, K. V. (2014). Adapting crops to climate change: Multi-stakeholder approaches. *Food Security*, *6*(4), 633-643.",Climate change adaptation in agriculture,gemma_3_12b,unverified,Reference could not be verified.,CONTAINS,UNCONFIRMED,UNCONFIRMED,CONTRADICTION,ABSENT,Adapting crops for climate change - Frontiers,,,Frontiers,,https://www.frontiersin.org/journals/science/article-hubs/adapting-crops-for-climate-change-abiotic-stress/explainer,GOOGLE,0.0,1.0,1.0,1.0,2.0,Adapting crops to climate change: Multi-stakeholder approaches.,Adapting crops for climate change - Frontiers,"Cooper, P.; DeClerck, G.; Jongsma, T.; Dam, K. V.",,2014.0,,Food Security,Frontiers,,https://www.frontiersin.org/journals/science/article-hubs/adapting-crops-for-climate-change-abiotic-stress/explainer,0,0,1,GOOGLE,0,"◐ Title | ? Authors | ? Year | ✗ Venue | ○ ID

### Summary
The article titled ""Adapting crops to climate change: Multi-stakeholder approaches"" could not be verified as matching the information provided. While the core title phrase was confirmed, the authors, publication year, and journal did not have supporting evidence or found records, and the venue was shown to contradict known data.

### Details
A matching record was not found on OpenAlex or other academic search tools for the provided authors and year. Although the title phrase was partially confirmed, the venue listed as ""Food Security"" contradicted evidence linking similarly titled works to ""Frontiers,"" a distinct publisher. No author or year confirmation was obtained from search results. Due to these inconsistencies and absence of a stable identifier, the reference could not be verified.

- https://www.frontiersin.org/journals/science/article-hubs/adapting-crops-for-climate-change-abiotic-stress/explainer
- https://afjrdev.org/index.php/jos/article/view/659
- https://www.researchgate.net/publication/395944647_Multi-stakeholder_approaches_to_food_security_and_adaptive_governance_for_sustainable_agriculture_in_Sub-Saharan_Africa",0.0,1.0
"Derpsch, D., Paetzold, B., & Runge, J. (2010). Climate change and agricultural management: A review of adaptation options. *Agronomy for Sustainable Development*, *30*(1), 1-13.",Climate change adaptation in agriculture,gemma_3_12b,unverified,Reference could not be verified.,CONTRADICTION,CONTRADICTION,CONTAINS,CONTRADICTION,ABSENT,Climate impacts on European agriculture and water management in the context of adaptation and mitigation—The importance of an integrated approach,Pete Falloon; Richard Betts,2009.0,The Science of The Total Environment,10.1016/j.scitotenv.2009.05.002,https://doi.org/10.1016/j.scitotenv.2009.05.002,GOOGLE,0.0,3.0,1.0,1.0,0.0,Climate change and agricultural management: A review of adaptation options,Climate impacts on European agriculture and water management in the context of adaptation and mitigation—The importance of an integrated approach,"Derpsch, D.; Paetzold, B.; Runge, J.",Pete Falloon; Richard Betts,2010.0,2009.0,Agronomy for Sustainable Development,The Science of The Total Environment,,10.1016/j.scitotenv.2009.05.002,0,0,1,GOOGLE,0,"✗ Title | ✗ Authors | ◐ Year | ✗ Venue | ○ ID

### Summary
No matching article could be found for the citation by Derpsch, Paetzold, and Runge (2010) titled ""Climate change and agricultural management: A review of adaptation options."" The search instead found a different article by Falloon and Betts (2009) that has a distinct title, different authors, and was published in another journal.

### Details
A search through publication databases did not locate any record matching the cited title or authors. The found candidate article focuses on European agriculture and water management with different authors (Pete Falloon and Richard Betts), published a year earlier in 2009 in ""The Science of The Total Environment."" The citation's venue, ""Agronomy for Sustainable Development,"" and the cited authors (Derpsch, Paetzold, Runge) do not match any found records. Online search engines also returned no results for the cited combination of title and authors.

- https://doi.org/10.1016/j.scitotenv.2009.05.002",0.0,1.0
"Lobell, D. B., Schlenker, W., Costa-Roberts, J., & Lobell, D. (2011). Climate trends and global crop production since 1980. *Science*, *333*(6042), 616-620.",Climate change adaptation in agriculture,gemma_3_12b,verified,"Lobell, D. B., Schlenker, W., & Costa-Roberts, J. (2011). *Climate Trends and Global Crop Production Since 1980*. *Science*, 333(6042), 616-620. https://doi.org/10.1126/science.1204531",MATCH,MATCH,MATCH,MATCH,ABSENT,Climate Trends and Global Crop Production Since 1980,David B. Lobell; Wolfram Schlenker; Justin Costa-Roberts,2011.0,Science,10.1126/science.1204531,https://doi.org/10.1126/science.1204531,GOOGLE,4.0,0.0,0.0,1.0,0.0,Climate trends and global crop production since 1980,Climate Trends and Global Crop Production Since 1980,"Lobell, D. B.; Schlenker, W.; Costa-Roberts, J.; Lobell, D.",David B. Lobell; Wolfram Schlenker; Justin Costa-Roberts,2011.0,2011.0,Science,Science,,10.1126/science.1204531,1,1,1,GOOGLE,0,"✓ Title | ✓ Authors | ✓ Year | ✓ Venue | ○ ID

### Summary
This article was confirmed in the journal Science with matching authors David B. Lobell, Wolfram Schlenker, and Justin Costa-Roberts, as well as the publication year 2011. The title ""Climate Trends and Global Crop Production Since 1980"" matched exactly.

### Details
A matching record was found with an exact title match. The authors correspond fully when considering initials and full names, with no discrepancy despite the duplicate 'Lobell' in the citation. The year 2011 and the journal Science matched exactly. Although no DOI was provided in the original citation, a DOI was found for this article: 10.1126/science.1204531.

- https://doi.org/10.1126/science.1204531",1.0,0.0
"Mendelsohn, R., & Dinar, A. (2003). Climate change impacts on agriculture and the scope for adaptation. *Mitigation and Adaptation Strategies for Global Change*, *8*(3), 223-241.",Climate change adaptation in agriculture,gemma_3_12b,unverified,Reference could not be verified.,CONTRADICTION,MATCH,CONTRADICTION,CONTRADICTION,ABSENT,"Climate change and agriculture: an economic analysis of global impacts, adaptation and distributional effects",R Mendelsohn; A Dinar,2009.0,Climate Change and Agriculture,,https://www.elgaronline.com/downloadpdf/monobook/9781847206701.pdf,GOOGLE,1.0,3.0,0.0,1.0,0.0,Climate change impacts on agriculture and the scope for adaptation,"Climate change and agriculture: an economic analysis of global impacts, adaptation and distributional effects","Mendelsohn, R.; Dinar, A.",R Mendelsohn; A Dinar,2003.0,2009.0,Mitigation and Adaptation Strategies for Global Change,Climate Change and Agriculture,,https://www.elgaronline.com/downloadpdf/monobook/9781847206701.pdf,0,0,3,GOOGLE,0,"✗ Title | ✓ Authors | ✗ Year | ✗ Venue | ○ ID

### Summary
The reference could not be verified as matching. Although the authors Mendelsohn and Dinar are the same, the title, publication year, and journal differ significantly, indicating the cited work likely refers to a different publication.

### Details
A matching record was not found with the exact title ""Climate change impacts on agriculture and the scope for adaptation"" from 2003. Instead, a similar work by the same authors was found titled ""Climate change and agriculture: an economic analysis of global impacts, adaptation and distributional effects"" published in 2009 in a different source, ""Climate Change and Agriculture."" This shows discrepancies in the title focus, year of publication (2003 vs 2009), and the journal name, leading to the conclusion that the original reference does not match the available records.

- https://www.elgaronline.com/downloadpdf/monobook/9781847206701.pdf",0.0,1.0
"Nelson, A., Rosegrant, M., Paladino, F., Koo, J., Robertson, R., Sulser, M., ... & Valmonte-Santos, M. (2009). Climate change: Impact on agriculture and costs of adaptation. *International Food Policy Research Institute*.",Climate change adaptation in agriculture,gemma_3_12b,verified,"Nelson, G. C., Rosegrant, M. W., Koo, J., Robertson, R. D., Sulser, T., Zhu, T., Ringler, C., Msangi, S., Palazzo, A., Batka, M., Magalhaes, M., Valmonte-Santos, R., Ewing, M., & Lee, D. R. (2009). *Climate change: Impact on agriculture and costs of adaptation* (Food Policy Report No. 21). International Food Policy Research Institute. https://doi.org/10.2499/089629535",MATCH,MATCH,MATCH,MATCH,ABSENT,Climate change : Impact on agriculture and costs of adaptation,Gerald C. Nelson; Mark W. Rosegrant; Jawoo Koo; Richard D. Robertson; Timothy Sulser; Tingju Zhu; Claudia Ringler; Siwa Msangi; Amanda Palazzo; Miroslav Batka; Marilia Magalhaes; Rowena Valmonte-Santos; Mandy Ewing; David R. Lee,2009.0,"Food Policy Report 21, International Food Policy Research Institute",10.2499/089629535,https://hdl.handle.net/10568/162050,GOOGLE,4.0,0.0,0.0,1.0,0.0,Climate change: Impact on agriculture and costs of adaptation.,Climate change : Impact on agriculture and costs of adaptation,"Nelson, A.; Rosegrant, M.; Paladino, F.; Koo, J.; Robertson, R.; Sulser, M.; Valmonte-Santos, M.",Gerald C. Nelson; Mark W. Rosegrant; Jawoo Koo; Richard D. Robertson; Timothy Sulser; Tingju Zhu; Claudia Ringler; Siwa Msangi; Amanda Palazzo; Miroslav Batka; Marilia Magalhaes; Rowena Valmonte-Santos; Mandy Ewing; David R. Lee,2009.0,2009.0,International Food Policy Research Institute,"Food Policy Report 21, International Food Policy Research Institute",,10.2499/089629535,1,1,1,GOOGLE,0,"✓ Title | ✓ Authors | ✓ Year | ✓ Venue | ○ ID

### Summary
This publication titled ""Climate change: Impact on agriculture and costs of adaptation"" was confirmed as published by the International Food Policy Research Institute in 2009. The authors listed, including Nelson, Rosegrant, Koo, Robertson, Sulser, and Valmonte-Santos, were matched closely between the citation and the verified record.

### Details
A matching record was found with an exact title match and year 2009 matching exactly. The core authors align very well despite some differences in name format, confirming the identification. The venue corresponds to the Food Policy Report series issued by the International Food Policy Research Institute, matching the citation's publishing body. Although the citation lacked a DOI, the verified record has the DOI 10.2499/089629535 with accessible links to the full report.

- https://doi.org/10.2499/089629535
- https://econpapers.repec.org/RePEc:fpr:fprepo:21
- https://hdl.handle.net/10568/162050",1.0,0.0
"Reilly, J., Hassan, M., & Fischer, G. (2003). Developing and using integrated assessment models to assess the impacts of climate change on agriculture. *Climatic Change*, *59*(1-2), 27-39.",Climate change adaptation in agriculture,gemma_3_12b,unverified,Reference could not be verified.,UNCONFIRMED,UNCONFIRMED,UNCONFIRMED,UNCONFIRMED,UNCONFIRMED,,,,,,,,,,,,,,,,,,,,,,,0,0,0,,0,"? Title | ? Authors | ? Year | ? Venue | ? ID

### Summary
No matching article could be found for the reference by Reilly, Hassan, and Fischer from 2003 about integrated assessment models and climate change impacts on agriculture.

### Details
A thorough search through OpenAlex and academic databases failed to find any record matching the title, authors, year, or journal details provided. There were no potential matches close enough to confirm the reference, and the system found no evidence candidates for comparison. This suggests the cited article may not exist as stated or is not indexed in the queried sources.

- https://openalex.org
- https://scholar.google.com",0.0,1.0
"Smith, D. R., & Judson, M. (2015). Climate change adaptation and mitigation in agriculture. *Wiley Interdisciplinary Reviews: Climate Change*, *6*(4), 459-482.",Climate change adaptation in agriculture,gemma_3_12b,unverified,Reference requires human review.,CONTRADICTION,CONTRADICTION,MATCH,MATCH,ABSENT,Integrating climate change mitigation and adaptation in agriculture and forestry: opportunities and trade‐offs,Bruno Locatelli; Charlotte Pavageau; E. Pramova; Monica Di Gregorio,2015.0,Wiley Interdisciplinary Reviews Climate Change,10.1002/wcc.357,https://doi.org/10.1002/wcc.357,GOOGLE,2.0,1.0,1.0,1.0,0.0,Climate change adaptation and mitigation in agriculture.,Integrating climate change mitigation and adaptation in agriculture and forestry: opportunities and trade‐offs,"Smith, D. R.; Judson, M.",Bruno Locatelli; Charlotte Pavageau; E. Pramova; Monica Di Gregorio,2015.0,2015.0,Wiley Interdisciplinary Reviews: Climate Change,Wiley Interdisciplinary Reviews Climate Change,,10.1002/wcc.357,0,0,3,GOOGLE,0,"◐ Title | ✗ Authors | ✓ Year | ✓ Venue | ○ ID

### Summary
The reference provided could not be directly matched. While the year 2015 and journal ""Wiley Interdisciplinary Reviews: Climate Change"" matched, the author names differ completely from those found in the best candidate article. This suggests the original citation might be referring to a different work or there may have been an error in the author listing.

### Details
A potential match was found titled ""Integrating climate change mitigation and adaptation in agriculture and forestry: opportunities and trade‐offs"" published in 2015 in the same journal. However, its authors (Locatelli, Pavageau, Pramova, Di Gregorio) differ from the citation authors (Smith, Judson). The core thematic phrases in the titles suggest related topics but not the exact same article. No identifier like DOI was present in the citation to help confirm the match.

- https://doi.org/10.1002/wcc.357",0,1
"Thornton, P., Von Braun, J., & Lipper, L. (2011). Climate change and food security: A framework for assessing adaptation options. *Food Security*, *3*(1), 1-11.",Climate change adaptation in agriculture,gemma_3_12b,unverified,Reference could not be verified.,CONTRADICTION,MATCH,CONTRADICTION,CONTRADICTION,ABSENT,Climate-smart agriculture for food security,L Lipper; P Thornton; BM Campbell; T Baedeker,2014.0,Nature Climate Change,,https://www.nature.com/articles/nclimate2437,GOOGLE,1.0,3.0,0.0,1.0,0.0,Climate change and food security: A framework for assessing adaptation options.,Climate-smart agriculture for food security,"Thornton, P.; Von Braun, J.; Lipper, L.",L Lipper; P Thornton; BM Campbell; T Baedeker,2011.0,2014.0,Food Security,Nature Climate Change,,https://www.nature.com/articles/nclimate2437,0,0,1,GOOGLE,0,"✗ Title | ✓ Authors | ✗ Year | ✗ Venue | ○ ID

### Summary
No matching article could be found that exactly corresponds to the reference titled ""Climate change and food security: A framework for assessing adaptation options"" from 2011 in the journal Food Security. Although some authors match, the title, year, and journal do not align with any known records.

### Details
A search for the 2011 work did not find any record with that title or journal. The closest related document found is titled ""Climate-smart agriculture for food security,"" published in 2014 in Nature Climate Change, which includes some of the same authors (Thornton and Lipper) but differs substantially in title, year, and publication source. These differences indicate the original reference does not correspond to this or any other identified publication in the sources searched.

- https://www.nature.com/articles/nclimate2437",0.0,1.0
"Becker, G. S. (1964). Human capital. *National Bureau of Economic Research*.",Economics,gemma_3_12b,verified-with-error,"Becker, G. S. (1964). *Human Capital: A Theoretical and Empirical Analysis with Special Reference to Education*. National Bureau of Economic Research. https://www.nber.org/books-and-chapters/human-capital-theoretical-and-empirical-analysis-special-reference-education-first-edition",CONTAINS,MATCH,MATCH,MATCH,ABSENT,Human Capital: A Theoretical and Empirical Analysis with Special Reference to Education (First Edition),Gary S. Becker,1964.0,National Bureau of Economic Research,,https://www.nber.org/books-and-chapters/human-capital-theoretical-and-empirical-analysis-special-reference-education-first-edition,GOOGLE,3.0,0.0,1.0,1.0,0.0,Human capital,Human Capital: A Theoretical and Empirical Analysis with Special Reference to Education (First Edition),"Becker, G. S.",Gary S. Becker,1964.0,1964.0,National Bureau of Economic Research,National Bureau of Economic Research,,https://www.nber.org/books-and-chapters/human-capital-theoretical-and-empirical-analysis-special-reference-education-first-edition,1,1,2,GOOGLE,0,"◐ Title | ✓ Authors | ✓ Year | ✓ Venue | ○ ID

### Summary
This reference to Becker's work on ""Human capital"" from 1964 was confirmed as published by the National Bureau of Economic Research with the author and year correctly matched. However, the title in the citation is a shortened version, missing the full subtitle ""A Theoretical and Empirical Analysis with Special Reference to Education (First Edition)"".

### Details
A matching record was found with the exact author Gary S. Becker and year 1964, and the publisher name exactly matches the National Bureau of Economic Research. The title in the citation contains the core phrase ""Human capital"" but the full official title is longer, including a detailed subtitle and edition information. No DOI was provided in the original citation. The full work can be accessed at the National Bureau's site: [NBER link](https://www.nber.org/books-and-chapters/human-capital-theoretical-and-empirical-analysis-special-reference-education-first-edition).  

- https://www.nber.org/books-and-chapters/human-capital-theoretical-and-empirical-analysis-special-reference-education-first-edition",0.833,0.167
"Khan, A. S., et al. (2004). Avian influenza (H5N1): Lessons from outbreaks. *Emerging Infectious Diseases*, *10*(6), 983–990.",Infectious disease,gemma_3_12b,unverified,Reference could not be verified.,CONTRADICTION,CONTRADICTION,CONTRADICTION,MATCH,ABSENT,"Highly pathogenic avian influenza A (H5N1) virus infection among workers at live bird markets, Bangladesh, 2009–2010",S Nasreen; SU Khan; SP Luby,2015.0,Emerging Infectious Diseases,,https://pmc.ncbi.nlm.nih.gov/articles/PMC4378465/,GOOGLE,1.0,3.0,0.0,1.0,0.0,Avian influenza (H5N1): Lessons from outbreaks,"Highly pathogenic avian influenza A (H5N1) virus infection among workers at live bird markets, Bangladesh, 2009–2010","Khan, A. S.; et al.",S Nasreen; SU Khan; SP Luby,2004.0,2015.0,Emerging Infectious Diseases,Emerging Infectious Diseases,,https://pmc.ncbi.nlm.nih.gov/articles/PMC4378465/,0,0,3,GOOGLE,0,"✗ Title | ✗ Authors | ✗ Year | ✓ Venue | ○ ID

### Summary
No matching article corresponding to the cited reference by Khan, A. S. et al. (2004) with the title ""Avian influenza (H5N1): Lessons from outbreaks"" could be found. The evidence found instead refers to a different article published in 2015 about avian influenza infections among live bird market workers in Bangladesh.

### Details
A search for the referenced article revealed contradictions in key fields: the title referenced a broad overview from 2004, while the closest found article focused on a specific study from 2015 involving different authors and a distinct topic. Although the journal ""Emerging Infectious Diseases"" matched exactly, the authors and publication years did not align, and no DOI or identifier was found for the cited work. The closest candidate was an article by Nasreen, S., Khan, S. U., & Luby, S. P. published in 2015, which is distinct from the reference provided.

- https://pmc.ncbi.nlm.nih.gov/articles/PMC4378465/",0.0,1.0
"Diamond, P. A. (1963). American economic welfare: Measurement and theory. *Journal of Economic Literature*, *1*(2), 228-235.",Economics,gemma_3_12b,unverified,Reference could not be verified.,CONTRADICTION,CONTRADICTION,CONTRADICTION,MATCH,ABSENT,The welfare basis of real income comparisons: A survey,A Sen,1979.0,Journal of Economic Literature,,https://www.jstor.org/stable/2723639,GOOGLE,1.0,3.0,0.0,1.0,0.0,American economic welfare: Measurement and theory,The welfare basis of real income comparisons: A survey,"Diamond, P. A.",A Sen,1963.0,1979.0,Journal of Economic Literature,Journal of Economic Literature,,https://www.jstor.org/stable/2723639,0,0,3,GOOGLE,0,"✗ Title | ✗ Authors | ✗ Year | ✓ Venue | ○ ID

### Summary
The reference to an article by Diamond, P. A. titled ""American economic welfare: Measurement and theory"" from 1963 could not be confirmed. The journal name matches a known journal, but the author, title, and year do not match any found records.

### Details
A search found no matching article with the given title and author from 1963. The closest matching journal was the *Journal of Economic Literature*, but other key details differ. The title found in the evidence relates to ""The welfare basis of real income comparisons: A survey"" by A. Sen from 1979, which differs significantly in authorship, title topic, and publication year. No DOI or identifier was available to help confirm the reference.

- https://www.jstor.org/stable/2723639",0.0,1.0
"Frey, B. S. (1997). Should economists join the welfare debate?. *Journal of Economic Perspectives*, *11*(2), 173-182.",Economics,gemma_3_12b,unverified,Reference could not be verified.,UNCONFIRMED,UNCONFIRMED,UNCONFIRMED,UNCONFIRMED,UNCONFIRMED,,,,,,,,,,,,,,,,,,,,,,,0,0,0,,1,"? Title | ? Authors | ? Year | ? Venue | ? ID

### Summary
No matching article was found for the reference provided. The search did not confirm the title ""Should economists join the welfare debate?"" by Bruno S. Frey from 1997 in the Journal of Economic Perspectives.

### Details
A search using OpenAlex and scholar databases did not find any record matching all key details: title, author, year, and journal. Related works by Frey from nearby years or on related topics were returned, but none matched the exact reference. The year 1997 and the journal name could not be confirmed with any available publications by the author. 

- https://openalex.org
- Google Scholar search results",0.0,1.0
"Abu-Hatab, M., & Abu-Tineh, A. (2018). Factors affecting girls’ participation in STEM education: A systematic review. *International Journal of STEM Education, 4*(1), 1-18.",Girls education,gemma_3_12b,unverified,Reference could not be verified.,CONTAINS,UNCONFIRMED,UNCONFIRMED,UNCONFIRMED,ABSENT,"A systematic review of the factors affecting girls' participation in science, technology, engineering, and mathematics subjects",,,,10.1002/cae.22707,https://www.semanticscholar.org/paper/321cba5b5cd6b6b997463b7924f69ff0bb8aa899,GOOGLE,0.0,0.0,1.0,1.0,3.0,Factors affecting girls’ participation in STEM education: A systematic review,"A systematic review of the factors affecting girls' participation in science, technology, engineering, and mathematics subjects","Abu-Hatab, M.; Abu-Tineh, A.",,2018.0,,International Journal of STEM Education,,,10.1002/cae.22707,0,1,1,GOOGLE,0,"◐ Title | ? Authors | ? Year | ? Venue | ○ ID

### Summary
No exact match for the article by Abu-Hatab and Abu-Tineh (2018) was found. While a closely related article with a very similar title about factors influencing girls’ participation in STEM subjects appeared in searches, the author names, year, and journal could not be confirmed.

### Details
A matching record with a highly similar title, ""A systematic review of the factors affecting girls' participation in science, technology, engineering, and mathematics subjects,"" was found through web search and semantic scholar sources. However, this record lacked author and year information matching the original citation, and no entry for the cited DOI or publication in the International Journal of STEM Education was identified. The original citation's title was confirmed to be related but authorship and publication details remain unverified.

- https://www.semanticscholar.org/paper/321cba5b5cd6b6b997463b7924f69ff0bb8aa899
- https://www.researchgate.net/publication/376950055_A_systematic_review_of_the_factors_affecting_girls'_participation_in_science_technology_engineering_and_mathematics_subjects",0.167,0.833
"Anderson, K., & Mobarak, A. M. (2012). Female schooling, labor market outcomes, and economic growth in rural Bangladesh. *The Review of Economics and Statistics, 94*(2), 417-432.",Girls education,gemma_3_12b,unverified,Reference could not be verified.,CONTAINS,UNCONFIRMED,UNCONFIRMED,UNCONFIRMED,ABSENT,"Female Schooling, Labor Force Participation, and Marriage: Evidence from Rural Bangladesh",田中友実,,,,https://grips.repo.nii.ac.jp/record/1733/files/k215_report_PHD14412.pdf,GOOGLE,0.0,0.0,1.0,1.0,3.0,"Female schooling, labor market outcomes, and economic growth in rural Bangladesh","Female Schooling, Labor Force Participation, and Marriage: Evidence from Rural Bangladesh","Anderson, K.; Mobarak, A. M.",田中友実,2012.0,,The Review of Economics and Statistics,,,https://grips.repo.nii.ac.jp/record/1733/files/k215_report_PHD14412.pdf,0,1,3,GOOGLE,0,"◐ Title | ? Authors | ? Year | ? Venue | ○ ID

### Summary
No matching article could be found for the reference by Anderson and Mobarak (2012) titled ""Female schooling, labor market outcomes, and economic growth in rural Bangladesh."" While the title contains key phrases related to female schooling in rural Bangladesh, no confirmed matches were found in authors, year, or journal.

### Details
A matching record was not found on OpenAlex for this exact citation. The closest potential match found via scholar search has a similar title, ""Female Schooling, Labor Force Participation, and Marriage: Evidence from Rural Bangladesh,"" but it differs in authors (Japanese author only) and lacks year and journal information. The core phrase ""female schooling"" and the focus on rural Bangladesh overlap, but differences in the specific outcomes studied and missing author/year details mean the citation could not be confirmed. No DOI or other identifiers were available to aid verification.

- https://grips.repo.nii.ac.jp/record/1733/files/k215_report_PHD14412.pdf",0.167,0.833
"Beaman, L., Duflo, E., Pande, M., & Topalova, P. (2012). Remittances, returns to schooling, and female empowerment: Evidence from India. *The World Bank Research Observer, 27*(2), 189-224.",Girls education,gemma_3_12b,unverified,Reference could not be verified.,CONTRADICTION,MATCH,MATCH,UNCONFIRMED,ABSENT,Female Leadership Raises Aspirations and Educational Attainment for Girls: A Policy Experiment in India,Lori Beaman; Esther Duflo; Rohini Pande; Petia Topalova,2012.0,,,https://openknowledge.worldbank.org/bitstreams/8d1f6ae2-03ad-4269-89ca-b7586875849f/download,GOOGLE,2.0,1.0,0.0,1.0,1.0,"Remittances, returns to schooling, and female empowerment: Evidence from India",Female Leadership Raises Aspirations and Educational Attainment for Girls: A Policy Experiment in India,"Beaman, L.; Duflo, E.; Pande, M.; Topalova, P.",Lori Beaman; Esther Duflo; Rohini Pande; Petia Topalova,2012.0,2012.0,The World Bank Research Observer,,,https://openknowledge.worldbank.org/bitstreams/8d1f6ae2-03ad-4269-89ca-b7586875849f/download,0,0,1,GOOGLE,0,"✗ Title | ✓ Authors | ✓ Year | ? Venue | ○ ID

### Summary
The reference could not be verified as the exact article titled ""Remittances, returns to schooling, and female empowerment: Evidence from India"" was not found. Although the authors and year (2012) match, the titles differ substantially, indicating two distinct papers by the same authors.

### Details
A search in OpenAlex returned no matching record for the cited title. Web searches found a different paper by the same authors published in 2012 titled ""Female Leadership Raises Aspirations and Educational Attainment for Girls: A Policy Experiment in India."" This title focuses on female leadership and education rather than remittances and schooling returns, indicating the original reference does not correspond to a found article. No digital identifiers were found to confirm the citation. Evidence includes author name and year matches, but the key subject and title contradict the original citation.

- https://openknowledge.worldbank.org/bitstreams/8d1f6ae2-03ad-4269-89ca-b7586875849f/download
- https://pubmed.ncbi.nlm.nih.gov/22245740/",0.133,0.867
"Chowdhury, F., & Ahmed, S. (2018). Barriers to girls’ education in rural Bangladesh: A qualitative study. *Journal of Education and Development, 46*(3), 1-11.",Girls education,gemma_3_12b,unverified,Reference could not be verified.,CONTRADICTION,CONTRADICTION,CONTRADICTION,CONTRADICTION,ABSENT,Barriers to transition from primary to secondary schools in Chittagong hill tracts: is it all about ethnic background?,P Chowdhury,2024.0,dspace.bracu.ac.bd,,https://dspace.bracu.ac.bd/xmlui/handle/10361/24265,GOOGLE,0.0,4.0,0.0,1.0,0.0,Barriers to girls’ education in rural Bangladesh: A qualitative study,Barriers to transition from primary to secondary schools in Chittagong hill tracts: is it all about ethnic background?,"Chowdhury, F.; Ahmed, S.",P Chowdhury,2018.0,2024.0,Journal of Education and Development,dspace.bracu.ac.bd,,https://dspace.bracu.ac.bd/xmlui/handle/10361/24265,0,0,3,GOOGLE,0,"✗ Title | ✗ Authors | ✗ Year | ✗ Venue | ○ ID

### Summary
No matching article could be found for the reference given. The original citation refers to a 2018 article by Chowdhury, F., and Ahmed, S. on barriers to girls’ education in rural Bangladesh published in the Journal of Education and Development. However, the search results showed no record matching these details.

### Details
A search for the 2018 article titled ""Barriers to girls’ education in rural Bangladesh: A qualitative study"" with authors Chowdhury, F. and Ahmed, S. found no matches in OpenAlex or other scholarly databases. The closest related work found was a 2024 study by P. Chowdhury on barriers to transition from primary to secondary schools in the Chittagong hill tracts, which differs significantly in title, authorship, publication year, and venue from the cited article. No DOI or other identifiers were found to link the original citation to the available records.

- https://dspace.bracu.ac.bd/xmlui/handle/10361/24265",0.0,1.0
"Dumont, W., & Trappmann, K. (2018). Gender stereotypes and educational choices: Evidence from a large-scale survey. *Economics of Education Review, 67*, 1-12.",Girls education,gemma_3_12b,unverified,Reference could not be verified.,UNCONFIRMED,UNCONFIRMED,UNCONFIRMED,UNCONFIRMED,UNCONFIRMED,,,,,,,,,,,,,,,,,,,,,,,0,0,0,,0,"? Title | ? Authors | ? Year | ? Venue | ? ID

### Summary
No matching article could be found for the reference by Dumont and Trappmann titled ""Gender stereotypes and educational choices: Evidence from a large-scale survey"" published in 2018. The search did not confirm the title, authors, year, or journal.

### Details
A search on OpenAlex returned no matching records for this title or these authors in 2018. Additionally, a broader scholar search also failed to locate any article fitting this reference or with closely related metadata in the stated journal, Economics of Education Review. No evidence candidates were identified, indicating the reference does not appear in accessible academic databases or indexes searched.

- https://openalex.org
- https://scholar.google.com",0.0,1.0
"Evans, J. R. (2011). Education and health: Exploring the mechanisms. *Journal of Economic Perspectives, 25*(2), 117-134.",Girls education,gemma_3_12b,unverified,Reference could not be verified.,UNCONFIRMED,UNCONFIRMED,UNCONFIRMED,UNCONFIRMED,UNCONFIRMED,,,,,,,,,,,,,,,,,,,,,,,0,0,0,,0,"? Title | ? Authors | ? Year | ? Venue | ? ID

### Summary
No matching article titled ""Education and health: Exploring the mechanisms"" by J. R. Evans published in 2011 in the Journal of Economic Perspectives could be found. The search did not confirm the title, authors, year, or journal of this reference.

### Details
A thorough search on OpenAlex failed to find any record matching this article. Additional searches through scholarly databases also did not locate any publication by J. R. Evans with this title or year in the specified journal. The year 2011 and the journal name were not confirmed by any found records, and no related works matched the details provided.

- [OpenAlex](https://openalex.org)
- [Google Scholar search results snippet]()",0.0,1.0
"King, K., & Hill, K. (2001). Gender and learning: What do we know? *Review of Educational Research, 71*(3), 341-382.",Girls education,gemma_3_12b,unverified,Reference could not be verified.,UNCONFIRMED,UNCONFIRMED,UNCONFIRMED,UNCONFIRMED,UNCONFIRMED,,,,,,,,,,,,,,,,,,,,,,,0,0,0,,1,"? Title | ? Authors | ? Year | ? Venue | ? ID

### Summary
No matching article could be found for the reference ""Gender and learning: What do we know?"" by King and Hill from 2001 in the Review of Educational Research.

### Details
A search in the OpenAlex database found no record matching the title, authors, year, or journal. Additional searches using Google Scholar provided several related articles on gender and education topics but none matched the exact title or author combination from the original reference. The year 2001 does appear frequently in related articles, but none correspond to the stated paper. This lack of matching records suggests that the article may not exist in major accessible databases or may have citation errors.

- https://openalex.org
- https://scholar.google.com",0.0,1.0
"UNESCO. (2015). *Global Education Monitoring Report 2015: Education for All 2000-2015: Reflections on the Past, Visions for the Future*. UNESCO Publishing.",Girls education,gemma_3_12b,verified-with-error,UNESCO. (2015). *Education for all 2000-2015: Achievements and challenges*. UNESCO Publishing. https://unesdoc.unesco.org/ark:/48223/pf0000232565,CONTAINS,MATCH,MATCH,MATCH,ABSENT,Education for all 2000-2015: achievements and challenges,UNESCO,2015.0,UNESCO Publishing,,https://unesdoc.unesco.org/ark:/48223/pf0000232565,GOOGLE,3.0,0.0,1.0,1.0,0.0,"Global Education Monitoring Report 2015: Education for All 2000-2015: Reflections on the Past, Visions for the Future",Education for all 2000-2015: achievements and challenges,UNESCO,UNESCO,2015.0,2015.0,UNESCO Publishing,UNESCO Publishing,,https://unesdoc.unesco.org/ark:/48223/pf0000232565,1,1,1,GOOGLE,0,"◐ Title | ✓ Authors | ✓ Year | ✓ Venue | ○ ID

### Summary
This UNESCO 2015 publication was confirmed with matching author, year, and publisher details. However, there is a minor title discrepancy: the verified document is titled ""Education for all 2000-2015: Achievements and challenges,"" which presumably corresponds to the cited Global Education Monitoring Report 2015 but with a slightly different subtitle.

### Details
A matching record was identified with the exact year 2015 and author UNESCO, published by UNESCO Publishing. The title in the source contains the core phrase ""Education for all 2000-2015,"" confirming it refers to the same report despite subtitle differences. No digital object identifier (DOI) was available. The evidence included official UNESCO webpages and PDF reports linking to the document: [https://unesdoc.unesco.org/ark:/48223/pf0000232565](https://unesdoc.unesco.org/ark:/48223/pf0000232565).

- https://unesdoc.unesco.org/ark:/48223/pf0000232565",0.833,0.167
"Walker, M., Heise, L., & Sharp, D. (2008). *Violence against women: What works and what doesn’t?*. World Health Organization.",Girls education,gemma_3_12b,unverified,Reference requires human review.,UNCONFIRMED,UNCONFIRMED,UNCONFIRMED,UNCONFIRMED,ABSENT,Addressing violence against women and HIV/AIDS – What works?,World Health Organization,,World Health Organization,,https://www.who.int/publications/i/item/9789241599863,GOOGLE,1.0,0.0,2.0,1.0,1.0,Violence against women: What works and what doesn’t?,Addressing violence against women and HIV/AIDS – What works?,"Walker, M.; Heise, L.; Sharp, D.",World Health Organization,2008.0,,World Health Organization,World Health Organization,,https://www.who.int/publications/i/item/9789241599863,1,1,3,GOOGLE,0,"◐ Title | ◐ Authors | ? Year | ✓ Venue | ○ ID

### Summary
This reference requires human review because the best matching document found is titled ""Addressing violence against women and HIV/AIDS – What works?"" by the World Health Organization, which is similar but not identical to the cited title. The listed individual authors (Walker, Heise, Sharp) do not appear in the found record, which instead lists the World Health Organization as author.

### Details
A matching record was found at the World Health Organization website titled ""Addressing violence against women and HIV/AIDS – What works?"" with the institution as author and the same publisher. The original title's key phrases ""violence against women"" and ""what works"" are present but with added terms, suggesting a related or broader report. The year 2008 could not be confirmed because the found document does not specify a publication year. Individual authors named in the citation were not found in the matching record. No relevant DOI was identified.

- https://www.who.int/publications/i/item/9789241599863
- https://pubmed.ncbi.nlm.nih.gov/12429451/
- https://www.who.int/news-room/fact-sheets/detail/violence-against-women",0,1
"World Bank. (2018). *They Count Her: Girls, Education, and Economies*. World Bank.",Girls education,gemma_3_12b,needs-human,Reference requires human review.,CONTRADICTION,MATCH,MATCH,MATCH,ABSENT,"Not Educating Girls Costs Countries Trillions of Dollars, Says New World Bank Report",World Bank,2018.0,World Bank,,https://www.worldbank.org/en/news/press-release/2018/07/11/not-educating-girls-costs-countries-trillions-of-dollars-says-new-world-bank-report,GOOGLE,3.0,1.0,0.0,1.0,0.0,"They Count Her: Girls, Education, and Economies","Not Educating Girls Costs Countries Trillions of Dollars, Says New World Bank Report",World Bank,World Bank,2018.0,2018.0,World Bank,World Bank,,https://www.worldbank.org/en/news/press-release/2018/07/11/not-educating-girls-costs-countries-trillions-of-dollars-says-new-world-bank-report,0,0,3,GOOGLE,0,"✗ Title | ✓ Authors | ✓ Year | ✓ Venue | ○ ID

### Summary
The citation matches the World Bank as author, the year 2018, and the publisher correctly, but the title given in the citation does not match the title found in potential sources. Because the titles differ significantly, this reference needs human review to confirm if they refer to the same document or if the citation is inaccurate.

### Details
A matching record was found for the World Bank in 2018 published by the World Bank, but the title found was ""Not Educating Girls Costs Countries Trillions of Dollars, Says New World Bank Report,"" which differs from the cited title ""They Count Her: Girls, Education, and Economies."" The titles are not minor variants but appear to differ in substance, with one being a report title and the other a news-style headline or summary. No DOI was available to clarify the match. OpenAlex had no record matching the cited title, and the World Bank webpage linked in the search results took too long to respond to verify the document.

- https://www.worldbank.org/en/news/press-release/2018/07/11/not-educating-girls-costs-countries-trillions-of-dollars-says-new-world-bank-report",0.333,0.667
"Baumeister, R. F., Bushman, B. J., & Bratski, V. (2013). Quantity versus quality in self-regulation. *Perspectives on Psychological Science*, *8*(4), 425–439.",Health,gemma_3_12b,unverified,Reference could not be verified.,CONTRADICTION,CONTRADICTION,CONTAINS,CONTRADICTION,ABSENT,Contributing high quantity and quality knowledge to online Q&A communities,Jie Lou; Yulin Fang; Kai H. Lim; Jerry Zeyu Peng,2012.0,Journal of the American Society for Information Science and Technology,10.1002/asi.22750,https://doi.org/10.1002/asi.22750,GOOGLE,0.0,3.0,1.0,1.0,0.0,Quantity versus quality in self-regulation.,Contributing high quantity and quality knowledge to online Q&A communities,"Baumeister, R. F.; Bushman, B. J.; Bratski, V.",Jie Lou; Yulin Fang; Kai H. Lim; Jerry Zeyu Peng,2013.0,2012.0,Perspectives on Psychological Science,Journal of the American Society for Information Science and Technology,,10.1002/asi.22750,0,0,1,GOOGLE,0,"✗ Title | ✗ Authors | ◐ Year | ✗ Venue | ○ ID

### Summary
No matching article was found with the title, authors, venue, and year provided in the reference. The cited work about self-regulation by Baumeister and colleagues in 2013 does not match any available records.

### Details
A search for the given title ""Quantity versus quality in self-regulation"" and authors Baumeister, Bushman, and Bratski for the year 2013 returned no exact matches. The closest candidate found was a different article published in 2012 titled ""Contributing high quantity and quality knowledge to online Q&A communities"" by Lou, Fang, Lim, and Peng in the Journal of the American Society for Information Science and Technology. These titles and authors are distinct, and the venues differ significantly—psychology versus information science—which confirms there is no match. 

- [https://doi.org/10.1002/asi.22750](https://doi.org/10.1002/asi.22750)",0.0,1.0
"Bloom, D. E., & Catalano, R. F. (2001). Relationship between health risk behaviors and academic achievement among high school students. *Journal of Adolescent Health*, *28*(3), 285–292.",Health,gemma_3_12b,unverified,Reference could not be verified.,UNCONFIRMED,UNCONFIRMED,UNCONFIRMED,UNCONFIRMED,UNCONFIRMED,,,,,,,,,,,,,,,,,,,,,,,0,0,0,,0,"? Title | ? Authors | ? Year | ? Venue | ? ID

### Summary
No matching article could be found for the reference by Bloom and Catalano (2001) regarding health risk behaviors and academic achievement among high school students. None of the databases or search queries returned a work that matched the title, authors, year, or journal.

### Details
A search in OpenAlex and a broader scholarly search did not find any records matching the article title, authors, year 2001, or the journal ""Journal of Adolescent Health."" Multiple related articles on health behaviors and academic achievement were retrieved, but none matched the exact details given. This lack of evidence suggests the reference could not be verified.

- [OpenAlex](https://openalex.org)
- Resulting scholarly search snippets and links included various related literature but no exact match.",0.0,1.0
"Brown, R. S., & Birch, L. L. (2008). Influence of familiarity on children’s food preferences. *Appetite*, *53*(2), 187–193.",Health,gemma_3_12b,unverified,Reference could not be verified.,CONTRADICTION,CONTRADICTION,MATCH,MATCH,ABSENT,The role of familiarity on modeling of eating and food consumption in children,S J Salvy; L R Vartanian; J S Coelho; D Jarrin; P P Pliner,2008.0,Appetite,,https://www.sciencedirect.com/science/article/pii/S0195666307004199,GOOGLE,2.0,2.0,0.0,1.0,0.0,Influence of familiarity on children’s food preferences.,The role of familiarity on modeling of eating and food consumption in children,"Brown, R. S.; Birch, L. L.",S J Salvy; L R Vartanian; J S Coelho; D Jarrin; P P Pliner,2008.0,2008.0,Appetite,Appetite,,https://www.sciencedirect.com/science/article/pii/S0195666307004199,0,0,2,GOOGLE,0,"✗ Title | ✗ Authors | ✓ Year | ✓ Venue | ○ ID

### Summary
The reference could not be verified because the title and authors do not match any known records despite matching on year and journal. The cited article by Brown and Birch in 2008 about children's food preferences in Appetite does not correspond to any identified publication.

### Details
A matching record was found for a 2008 article in Appetite titled ""The role of familiarity on modeling of eating and food consumption in children"" authored by Salvy, Vartanian, Coelho, Jarrin, and Pliner. However, this differs significantly from the cited title and author names Brown and Birch. The year and journal match exactly, but the title and authors differ completely, indicating these are distinct works. No DOI was present in the citation to aid identification.

- https://www.sciencedirect.com/science/article/pii/S0195666307004199",0.0,1.0
"Mooney, S. A., et al. (2005). Trophic cascades in ecological communities. *Ecology*, *86*(3), 605-615.",Environmental Science,gemma_3_12b,unverified,Reference could not be verified.,CONTRADICTION,CONTRADICTION,MATCH,MATCH,ABSENT,PREDATOR-AVOIDANCE BEHAVIOR EXTENDS TROPHIC CASCADES TO REFUGE HABITATS,Jonathan H. Grabowski; David L. Kimbro,2005.0,Ecology,10.1890/04-1216,https://doi.org/10.1890/04-1216,GOOGLE,2.0,2.0,0.0,1.0,0.0,Trophic cascades in ecological communities.,PREDATOR-AVOIDANCE BEHAVIOR EXTENDS TROPHIC CASCADES TO REFUGE HABITATS,"Mooney, S. A.",Jonathan H. Grabowski; David L. Kimbro,2005.0,2005.0,Ecology,Ecology,,10.1890/04-1216,0,0,1,GOOGLE,0,"✗ Title | ✗ Authors | ✓ Year | ✓ Venue | ○ ID

### Summary
No matching article with the title ""Trophic cascades in ecological communities"" by Mooney, S. A. in the journal Ecology from 2005 could be found. The closest candidate found has a different title and different authors despite matching in year and journal.

### Details
A specific search for the exact article title and author did not return any matches. Instead, a candidate article titled ""Predator-avoidance behavior extends trophic cascades to refuge habitats"" by Jonathan H. Grabowski and David L. Kimbro was found in the same journal and year, but this differs significantly from the citation's authors and topic. The year 2005 and journal Ecology matched exactly, but neither the title nor the author list matched the citation. No identifier was available to confirm the reference further.

- [DOI Candidate Article](https://doi.org/10.1890/04-1216)",0.0,1.0
"Choi, S. Y., Kim, S., & Lee, H. (2017). The impact of social support on psychological well-being among older adults with chronic diseases. *Aging & Mental Health*, *21*(1), 1–8.",Health,gemma_3_12b,unverified,Reference could not be verified.,CONTRADICTION,CONTRADICTION,CONTRADICTION,CONTRADICTION,ABSENT,A Model for Predicting the Psychological Well-Being of Older Adults in South Korea.,H Park; H Cho; S Y Yoo,2023.0,Journal of Mental Health Promotion,,https://search.ebscohost.com/login.aspx?direct=true&profile=ehost&scope=site&authtype=crawler&jrnl=14623730&AN=174229524,GOOGLE,0.0,4.0,0.0,1.0,0.0,The impact of social support on psychological well-being among older adults with chronic diseases.,A Model for Predicting the Psychological Well-Being of Older Adults in South Korea.,"Choi, S. Y.; Kim, S.; Lee, H.",H Park; H Cho; S Y Yoo,2017.0,2023.0,Aging & Mental Health,Journal of Mental Health Promotion,,https://search.ebscohost.com/login.aspx?direct=true&profile=ehost&scope=site&authtype=crawler&jrnl=14623730&AN=174229524,0,0,3,GOOGLE,0,"✗ Title | ✗ Authors | ✗ Year | ✗ Venue | ○ ID

### Summary
No matching article could be found for the referenced work by Choi, S. Y., Kim, S., & Lee, H. (2017) titled ""The impact of social support on psychological well-being among older adults with chronic diseases"" in the journal *Aging & Mental Health*. The verification process identified a completely different article with no overlapping authors, title, year, or journal.

### Details
A search was conducted but no record matched the provided citation. The closest found article was from 2023 with authors Park, Cho, and Yoo in the *Journal of Mental Health Promotion*, which had a different focus and content. The citation claims authors Choi, Kim, and Lee from 2017 in *Aging & Mental Health*, but none of these elements—title, authors, year, or journal—matched the search results. No unique identifiers like DOI were available to aid verification.

- [Search result for closest match](https://search.ebscohost.com/login.aspx?direct=true&profile=ehost&scope=site&authtype=crawler&jrnl=14623730&AN=174229524)",0.0,1.0
"Frank, L. R., et al. (2010). Land use, transportation, and physical activity: Implications for health. *Journal of Urban Health*, *87*(5), 723–736.",Health,gemma_3_12b,unverified,Reference could not be verified.,CONTRADICTION,MATCH,CONTRADICTION,UNCONFIRMED,ABSENT,How Land Use and Transportation Systems Impact Public Health,Lawrence D. Frank,2001.0,,,https://www.researchgate.net/publication/235358197_How_Land_Use_and_Transportation_Systems_Impact_Public_Health_A_Literature_Review_of_the_Relationship_Between_Physical_Activity_and_Built_Form,GOOGLE,1.0,2.0,0.0,1.0,1.0,"Land use, transportation, and physical activity: Implications for health",How Land Use and Transportation Systems Impact Public Health,"Frank, L. R.; et al.",Lawrence D. Frank,2010.0,2001.0,Journal of Urban Health,,,https://www.researchgate.net/publication/235358197_How_Land_Use_and_Transportation_Systems_Impact_Public_Health_A_Literature_Review_of_the_Relationship_Between_Physical_Activity_and_Built_Form,0,0,3,GOOGLE,0,"✗ Title | ✓ Authors | ✗ Year | ? Venue | ○ ID

### Summary
The reference could not be verified as the titles and publication years do not match. Although the authors align, the main document found relates to a different paper published in 2001 rather than 2010.

### Details
A matching record was found for Lawrence D. Frank authored work, but the title ""How Land Use and Transportation Systems Impact Public Health"" differs notably from the cited title. The year discovered is 2001, which conflicts with the cited year 2010. No matching article with the exact title and year combination was found in the Journal of Urban Health or elsewhere. No digital object identifier (DOI) was present in the citation to aid verification.

- https://www.researchgate.net/publication/235358197_How_Land_Use_and_Transportation_Systems_Impact_Public_Health_A_Literature_Review_of_the_Relationship_Between_Physical_Activity_and_Built_Form",0.0,1.0
"Gatchel, R. J., et al. (2007). Psychological interventions for chronic low back pain: A systematic review. *Clinical Psychology Review*, *27*(1), 18–32.",Health,gemma_3_12b,unverified,Reference could not be verified.,CONTAINS,UNCONFIRMED,UNCONFIRMED,UNCONFIRMED,ABSENT,Psychological Support for Chronic Low Back Pain: A Systematic ...,,,,,https://pubmed.ncbi.nlm.nih.gov/39976652/,GOOGLE,0.0,0.0,1.0,1.0,3.0,Psychological interventions for chronic low back pain: A systematic review.,Psychological Support for Chronic Low Back Pain: A Systematic ...,"Gatchel, R. J.",,2007.0,,Clinical Psychology Review,,,https://pubmed.ncbi.nlm.nih.gov/39976652/,0,2,2,GOOGLE,0,"◐ Title | ? Authors | ? Year | ? Venue | ○ ID

### Summary
No matching article with the exact title, authors, year, and journal details of ""Gatchel, R. J., et al. (2007). Psychological interventions for chronic low back pain: A systematic review"" was found. The title closely resembles another document about psychological support for chronic low back pain, but author and year information could not be confirmed.

### Details
A near title match was found with the phrase ""Psychological Support for Chronic Low Back Pain: A Systematic ..."" but this record lacks author, year, and journal information and does not confirm the original citation's specifics. The original reference's year (2007), author Gatchel, and journal (Clinical Psychology Review) could not be verified in any candidate records. No DOI or other identifier was present to assist verification. Further searching yielded related articles on psychological interventions for chronic low back pain, but none matched all citation elements exactly.

- https://pubmed.ncbi.nlm.nih.gov/39976652/
- https://www.researchgate.net/publication/355812322_Psychological_Interventions_in_Chronic_Low_Back_Pain_A_Systematic_Review
- https://irjns.org/article-1-265-en.html",0.167,0.833
"Kawachi, I., et al. (2002). Income inequality and health: A systematic review and metaanalysis. *American Journal of Public Health*, *92*(3), 383–389.",Health,gemma_3_12b,unverified,Reference could not be verified.,UNCONFIRMED,UNCONFIRMED,UNCONFIRMED,UNCONFIRMED,UNCONFIRMED,,,,,,,,,,,,,,,,,,,,,,,0,0,0,,0,"? Title | ? Authors | ? Year | ? Venue | ? ID

### Summary
No matching article could be found for the reference ""Kawachi, I., et al. (2002). Income inequality and health: A systematic review and metaanalysis. American Journal of Public Health, 92(3), 383–389."" The verification search did not locate any work with the same title, authors, or publication details.

### Details
A search using OpenAlex found no matching record under the provided title or author name ""Kawachi"" for the year 2002. Additional broader search efforts also failed to find an article precisely matching the title and citation information. The presented search results contained articles on related themes but none that corresponded exactly to the provided reference information.

- https://openalex.org
- Scholar search results (various URLs in evidence)",0.0,1.0
"Proctor, E., et al. (2011). Behavior change techniques in interventions for health-related behaviors: A synthesis of systematic reviews. *Cochrane Database of Systematic Reviews*, *(11)*, CD008275.",Health,gemma_3_12b,unverified,Reference could not be verified.,CONTRADICTION,CONTRADICTION,CONTAINS,MATCH,ABSENT,Taping for knee osteoarthritis,Ibtesam A Almoammar; Afaf Saleh Al-Mansoof; Nadrah Z Alamri,2010.0,Cochrane Database of Systematic Reviews,10.1002/14651858.cd008275,https://doi.org/10.1002/14651858.cd008275,GOOGLE,1.0,2.0,1.0,1.0,0.0,Behavior change techniques in interventions for health-related behaviors: A synthesis of systematic reviews,Taping for knee osteoarthritis,"Proctor, E. et al.",Ibtesam A Almoammar; Afaf Saleh Al-Mansoof; Nadrah Z Alamri,2011.0,2010.0,Cochrane Database of Systematic Reviews,Cochrane Database of Systematic Reviews,,10.1002/14651858.cd008275,0,0,2,GOOGLE,0,"✗ Title | ✗ Authors | ◐ Year | ✓ Venue | ○ ID

### Summary
No matching article could be found for the reference by Proctor et al. (2011) titled ""Behavior change techniques in interventions for health-related behaviors: A synthesis of systematic reviews."" The found record relates to a different topic and authors.

### Details
A matching record was found with the same DOI (10.1002/14651858.cd008275) in the Cochrane Database of Systematic Reviews, but it corresponds to a different article titled ""Taping for knee osteoarthritis"" authored by Ibtesam A Almoammar, Afaf Saleh Al-Mansoof, and Nadrah Z Alamri from 2010. The reference's title and authors did not match the found record, and the publication year was close but not exact (2011 vs 2010). There was no identifier in the original reference to confirm the match, and further web searches did not retrieve the purported Proctor et al. article with the citation details given.

- https://doi.org/10.1002/14651858.cd008275",0.0,1.0
"Subramanian, S. V., et al. (2006). Education and health: Redefining the pathways. *Social Science & Medicine*, *62*(12), 2863–2873.",Health,gemma_3_12b,unverified,Reference could not be verified.,UNCONFIRMED,UNCONFIRMED,UNCONFIRMED,UNCONFIRMED,UNCONFIRMED,,,,,,,,,,,,,,,,,,,,,,,0,0,0,,0,"? Title | ? Authors | ? Year | ? Venue | ? ID

### Summary
No evidence was found to confirm the existence of the article titled ""Education and health: Redefining the pathways"" by Subramanian, S. V., published in 2006 in the journal Social Science & Medicine. None of the key details such as authors, title, year, or journal matched any records in the searched databases.

### Details
A search was conducted using OpenAlex with the provided title, author, and year, but no matching record was found. Additionally, a broad Google search with citation details returned no direct matches to this specific article. None of the retrieved search results referenced the article or confirmed its details, resulting in no evidence supporting its existence.

- https://openalex.org
- https://scholar.google.com
- https://www.researchgate.net",0.0,1.0
"Lipsitch, M., & Swerdlow, D. L. (2010). On the use of routine measles vaccination for population-wide herd immunity. *PLoS Medicine*, *7*(2), e1000025.",Infectious disease,gemma_3_12b,unverified,Reference could not be verified.,UNCONFIRMED,UNCONFIRMED,UNCONFIRMED,UNCONFIRMED,UNCONFIRMED,,,,,,,,,,,,,,,,,,,,,,,0,0,0,,0,"? Title | ? Authors | ? Year | ? Venue | ? ID

### Summary
No matching article could be found for the reference by Lipsitch and Swerdlow from 2010 titled ""On the use of routine measles vaccination for population-wide herd immunity."" The verification process did not find any record confirming the title, authors, year, or journal.

### Details
A search using the title, author names, and year in OpenAlex returned no records. Additionally, a broader search through scholarly databases did not yield any relevant matches either, showing no direct evidence of this article existing with the specified details. The lack of any citation or record suggests this specific article or its bibliographic data is not present in the checked sources.

- https://openalex.org
- https://search.proquest.com",0.0,1.0
"Riley, S., Morse, D. L., Tauxe, L., Hedberg, C. W., & Hargrett, T. A. (1994). Epidemic Escherichia coli O157:H7. *New England Journal of Medicine*, *330*(15), 1086–1092.",Infectious disease,gemma_3_12b,unverified,Reference could not be verified.,CONTAINS,CONTRADICTION,MATCH,CONTRADICTION,ABSENT,Epidemic Escherichia coli O157:H7 gastroenteritis and hemolytic-uremic syndrome in a Canadian Inuit community: Intestinal illness in family members as a risk factor,Peter C. Rowe; Elaine Orrbine; Malcolm R. Ogborn; George A. Wells; Wendy Winther; H. Lior; Douglas G. Manuel; Peter N. McLaine,1994.0,The Journal of Pediatrics,10.1016/S0022-3476(94)70249-7,https://doi.org/10.1016/s0022-3476(94)70249-7,GOOGLE,1.0,2.0,1.0,1.0,0.0,Epidemic Escherichia coli O157:H7.,Epidemic Escherichia coli O157:H7 gastroenteritis and hemolytic-uremic syndrome in a Canadian Inuit community: Intestinal illness in family members as a risk factor,"Riley, S.; Morse, D. L.; Tauxe, L.; Hedberg, C. W.; Hargrett, T. A.",Peter C. Rowe; Elaine Orrbine; Malcolm R. Ogborn; George A. Wells; Wendy Winther; H. Lior; Douglas G. Manuel; Peter N. McLaine,1994.0,1994.0,New England Journal of Medicine,The Journal of Pediatrics,,10.1016/S0022-3476(94)70249-7,0,0,1,GOOGLE,0,"◐ Title | ✗ Authors | ✓ Year | ✗ Venue | ○ ID

### Summary
No matching article could be found that confirms the reference details. While the year 1994 and a similar topic about Epidemic Escherichia coli O157:H7 were identified, the listed authors and the journal (New England Journal of Medicine) do not match any records found.

### Details
A matching record was found with a closely related title about Epidemic Escherichia coli O157:H7 gastroenteritis published in 1994, but this article appeared in The Journal of Pediatrics, not the New England Journal of Medicine. Moreover, the authors of the found article do not overlap with the citation's listed authors, showing a clear contradiction. No DOI or direct identifier was present in the citation to aid verification. Based on this, the reference could not be verified as stated.

- https://doi.org/10.1016/s0022-3476(94)70249-7
- https://www.ncbi.nlm.nih.gov/books/NBK114501/",0.0,1.0
"Dye, C., French, N., & Henderson, M. (2001). Control of infectious diseases: A global challenge. *Emerging Infectious Diseases*, *7*(1), 1–6.",Infectious disease,gemma_3_12b,unverified,Reference could not be verified.,UNCONFIRMED,UNCONFIRMED,UNCONFIRMED,UNCONFIRMED,UNCONFIRMED,,,,,,,,,,,,,,,,,,,,,,,0,0,0,,0,"? Title | ? Authors | ? Year | ? Venue | ? ID

### Summary
No matching article could be found that corresponds exactly to the reference by Dye, French, and Henderson from 2001 titled ""Control of infectious diseases: A global challenge"" in the journal Emerging Infectious Diseases.

### Details
A search in the OpenAlex database returned no matching work for the title, authors, and year provided. Additional internet searches found related publications on infectious diseases but none that matched all the key details of the reference. Therefore, there is no evidence supporting the existence of the cited article with these exact details.

- [OpenAlex](https://openalex.org)
- Google Scholar search results",0.0,1.0
"Anderson, R. M., & May, R. M. (1991). *Infectious diseases of humans: Dynamics and control*. Oxford University Press.",Infectious disease,gemma_3_12b,verified,"Anderson, R. M., & May, R. M. (1991). *Infectious Diseases of Humans: Dynamics and Control*. Oxford University Press. https://global.oup.com/academic/product/infectious-diseases-of-humans-9780198540403",MATCH,MATCH,MATCH,MATCH,ABSENT,Infectious Diseases of Humans: Dynamics and Control,Roy M. Anderson; Robert M. May,1991.0,Oxford University Press,,https://global.oup.com/academic/product/infectious-diseases-of-humans-9780198540403,GOOGLE,4.0,0.0,0.0,1.0,0.0,Infectious diseases of humans: Dynamics and control,Infectious Diseases of Humans: Dynamics and Control,"Anderson, R. M.; May, R. M.",Roy M. Anderson; Robert M. May,1991.0,1991.0,Oxford University Press,Oxford University Press,,https://global.oup.com/academic/product/infectious-diseases-of-humans-9780198540403,1,1,1,GOOGLE,0,"✓ Title | ✓ Authors | ✓ Year | ✓ Venue | ○ ID

### Summary
This book reference was confirmed as accurate. The title ""Infectious Diseases of Humans: Dynamics and Control,"" the authors Roy M. Anderson and Robert M. May, the year 1991, and the publisher Oxford University Press all match exactly.

### Details
A matching record was found showing perfect alignment between the citation and authoritative sources. The title and the authors were consistent, despite different formats of author names (initials vs. full names). The publication year 1991 and the publisher Oxford University Press were verified through multiple independent sources including Google search results pointing to Oxford's academic site and other reputable listings. Although no DOI was provided in the citation, the reference details strongly support its accuracy.

- https://global.oup.com/academic/product/infectious-diseases-of-humans-9780198540403
- https://en.wikipedia.org/wiki/Infectious_Diseases_of_Humans:_Dynamics_and_Control
- https://www.cambridge.org/core/journals/epidemiology-and-infection/article/infectious-diseases-of-humans-dynamics-and-control-r-m-anderson-r-m-may-pp-757-oxford-university-press-1991-5000/1F1BDF226A60746329883BBA5BE2DD1F",1.0,0.0
"Plotkin, S. A. (2008). Vaccines: What we know and what we don't. *Jones & Bartlett Learning*.",Infectious disease,gemma_3_12b,needs-human,Reference requires human review.,CONTAINS,CONTAINS,UNCONFIRMED,CONTRADICTION,ABSENT,Plotkin's Vaccines,Walter A. Orenstein; Paul A. Offit; Kathryn M. Edwards; Stanley A. Plotkin,,Elsevier,,https://shop.elsevier.com/books/plotkins-vaccines/orenstein/978-0-323-79058-1,GOOGLE,0.0,1.0,2.0,1.0,1.0,Vaccines: What we know and what we don't.,Plotkin's Vaccines,"Plotkin, S. A.",Walter A. Orenstein; Paul A. Offit; Kathryn M. Edwards; Stanley A. Plotkin,2008.0,,Jones & Bartlett Learning,Elsevier,,https://shop.elsevier.com/books/plotkins-vaccines/orenstein/978-0-323-79058-1,0,0,2,GOOGLE,0,"◐ Title | ◐ Authors | ? Year | ✗ Venue | ○ ID

### Summary
This reference requires a human review because the citation appears to refer to a specific chapter or subtitle related to vaccines by Stanley A. Plotkin, while the best matching work is a comprehensive book titled ""Plotkin's Vaccines"". The authors partially match but the publication years and publishers differ, creating some contradictions.

### Details
A matching record was found for ""Plotkin's Vaccines,"" a book edited by Walter A. Orenstein, Paul A. Offit, Kathryn M. Edwards, and Stanley A. Plotkin, published by Elsevier. The title in the citation seems to reflect a chapter or segment within this broader work rather than a standalone publication. The citation's year of 2008 and publisher Jones & Bartlett Learning could not be confirmed or matched, as Elsevier is the listed publisher for the candidate book. The citation authors form a subset of those found in this edition, suggesting the citation might refer to content within this collective work rather than the whole book.

- https://shop.elsevier.com/books/plotkins-vaccines/orenstein/978-0-323-79058-1",0.1,0.9
"Murray, M., Lopez, A. D., Chinowa, W., & Pixley, S. (1992). Quantitative risk assessment of global disease burden. *The Lancet*, *340*(8813), 1403–1408.",Infectious disease,gemma_3_12b,unverified,Reference could not be verified.,CONTRADICTION,MATCH,CONTRADICTION,UNCONFIRMED,ABSENT,Comparative quantification of health risks : global and regional burden of disease attributable to selected major risk factors,Majid Ezzati; Alan D López; Anthony Rodgers; Christopher J L Murray,2004.0,,,https://espace.library.uq.edu.au/view/UQ:113876,GOOGLE,1.0,2.0,0.0,1.0,1.0,Quantitative risk assessment of global disease burden.,Comparative quantification of health risks : global and regional burden of disease attributable to selected major risk factors,"Murray, M.; Lopez, A. D.; Chinowa, W.; Pixley, S.",Majid Ezzati; Alan D López; Anthony Rodgers; Christopher J L Murray,1992.0,2004.0,The Lancet,,,https://espace.library.uq.edu.au/view/UQ:113876,0,0,1,GOOGLE,0,"✗ Title | ✓ Authors | ✗ Year | ? Venue | ○ ID

### Summary
No matching article could be found for the 1992 reference by Murray et al. titled ""Quantitative risk assessment of global disease burden"" in *The Lancet*. The authors partially overlap but significant differences in title and year indicate it is not the same work.

### Details
A search did not locate any record matching the exact 1992 article or title. The closest candidate found from 2004, ""Comparative quantification of health risks: global and regional burden of disease attributable to selected major risk factors,"" has some authors in common but a substantially different title and publication year. The year 1992 and the 2004 candidate differ by 12 years, while the title wording also diverges notably. No DOI or direct link was found for the original citation.

- https://espace.library.uq.edu.au/view/UQ:113876",0.0,1.0
"Koelle, K., & Riveau, J. (2017). Evolution of infectious diseases in a changing world. *Current Opinion in Virology*, *22*, 1–7.",Infectious disease,gemma_3_12b,unverified,Reference could not be verified.,CONTRADICTION,CONTRADICTION,MATCH,CONTRADICTION,ABSENT,Emerging infectious diseases: A proactive approach,David E. Bloom; Steven Black; Rino Rappuoli,2017.0,Proceedings of the National Academy of Sciences,10.1073/pnas.1701410114,https://doi.org/10.1073/pnas.1701410114,GOOGLE,1.0,3.0,0.0,1.0,0.0,Evolution of infectious diseases in a changing world.,Emerging infectious diseases: A proactive approach,"Koelle, K.; Riveau, J.",David E. Bloom; Steven Black; Rino Rappuoli,2017.0,2017.0,Current Opinion in Virology,Proceedings of the National Academy of Sciences,,10.1073/pnas.1701410114,0,0,3,GOOGLE,0,"✗ Title | ✗ Authors | ✓ Year | ✗ Venue | ○ ID

### Summary
The reference could not be verified as matching the article titled ""Evolution of infectious diseases in a changing world"" by Koelle and Riveau in *Current Opinion in Virology*. The best available match found was a different article with a different title, authors, and publication venue, despite the year 2017 being consistent.

### Details
A matching record was not found for the citation by Koelle and Riveau. The title provided differs from the best candidate article found, which is titled ""Emerging infectious diseases: A proactive approach."" The authors of the cited reference (Koelle, K. and Riveau, J.) do not overlap with the authors of the candidate article (David E. Bloom, Steven Black, and Rino Rappuoli). The publication venues also differ, with the citation referencing *Current Opinion in Virology* and the candidate article appearing in *Proceedings of the National Academy of Sciences*. Only the year 2017 matched exactly. No DOI or other identifier was provided in the original reference to assist verification.

- https://doi.org/10.1073/pnas.1701410114",0.0,1.0
"Grenfell, B., & Watmough, J. (2004). Modeling infectious disease dynamics. *Trends in Ecology & Evolution*, *19*(12), 635–642.",Infectious disease,gemma_3_12b,unverified,Reference could not be verified.,MATCH,CONTRADICTION,CONTRADICTION,CONTRADICTION,ABSENT,Modeling infectious disease dynamics,Sarah Cobey,2020.0,Science,10.1126/science.abb5659,https://doi.org/10.1126/science.abb5659,GOOGLE,1.0,3.0,0.0,1.0,0.0,Modeling infectious disease dynamics.,Modeling infectious disease dynamics,"Grenfell, B.; Watmough, J.",Sarah Cobey,2004.0,2020.0,Trends in Ecology & Evolution,Science,,10.1126/science.abb5659,0,2,3,GOOGLE,0,"✓ Title | ✗ Authors | ✗ Year | ✗ Venue | ○ ID

### Summary
No matching article could be found for the reference by Grenfell and Watmough (2004) titled ""Modeling infectious disease dynamics"" in Trends in Ecology & Evolution. The verification process identified that the candidate with the same title was authored only by Sarah Cobey in Science (2020), which does not align with the original citation's authors, year, or journal.

### Details
A matching record with the exact title ""Modeling infectious disease dynamics"" was found but was authored solely by Sarah Cobey and published in 2020 in the journal Science. This differs significantly from the citation authors Grenfell and Watmough, the publication year 2004, and the journal Trends in Ecology & Evolution. The year differed by 16 years and the journals are unrelated, with no overlapping publication details. No identifier was present in the original citation to confirm a link.

- [DOI link to 2020 Science article](https://doi.org/10.1126/science.abb5659)
- [PubMed search results for Grenfell Watmough 2004 article](https://pubmed.ncbi.nlm.nih.gov/17848059/)
- [Google search results for Grenfell Watmough 2004 Modeling infectious disease dynamics](https://www.google.com/search?q=Grenfell+Watmough+2004+Modeling+infectious+disease+dynamics+Trends+in+Ecology+%26+Evolution+19+12+635+642)",0.0,1.0
"Engle-Warnick, J. R., et al. (2018). Social determinants of health: An overview. *American Journal of Preventive Medicine*, *55*(5), 603–609.",Health,gemma_3_12b,unverified,Reference could not be verified.,CONTAINS,CONTRADICTION,CONTAINS,CONTRADICTION,ABSENT,Disparities in health in the United States: An overview of the social determinants of health for otolaryngologists,Regan W. Bergmark; Ahmad R. Sedaghat,2017.0,Laryngoscope Investigative Otolaryngology,10.1002/lio2.81,https://doi.org/10.1002/lio2.81,GOOGLE,0.0,2.0,2.0,1.0,0.0,Social determinants of health: An overview,Disparities in health in the United States: An overview of the social determinants of health for otolaryngologists,"Engle-Warnick, J. R., et al.",Regan W. Bergmark; Ahmad R. Sedaghat,2018.0,2017.0,American Journal of Preventive Medicine,Laryngoscope Investigative Otolaryngology,,10.1002/lio2.81,0,1,2,GOOGLE,0,"◐ Title | ✗ Authors | ◐ Year | ✗ Venue | ○ ID

### Summary
No matching article could be found for the citation ""Engle-Warnick, J. R., et al. (2018). Social determinants of health: An overview. American Journal of Preventive Medicine."" The retrieved records do not include this article or authors, and the journals do not match.

### Details
A potential candidate found is titled ""Disparities in health in the United States: An overview of the social determinants of health for otolaryngologists"" (2017) by Bergmark and Sedaghat in Laryngoscope Investigative Otolaryngology. However, this differs in authors, year, and journal from the citation. The citation's authors Engle-Warnick, J. R., and the journal American Journal of Preventive Medicine were not confirmed in any retrieved records. The title overlap is partial but the core authors and venue differ, leading to the unverified status.

- https://doi.org/10.1002/lio2.81
- https://pubmed.ncbi.nlm.nih.gov/37866828/",0.0,1.0
"Pauli, N., et al. (2018). Microplastic pollution in freshwater ecosystems. *Environmental Science & Technology*, *52*(17), 9572-9585.",Environmental Science,gemma_3_12b,unverified,Reference could not be verified.,CONTAINS,CONTRADICTION,CONTAINS,CONTRADICTION,ABSENT,Using the Asian clam as an indicator of microplastic pollution in freshwater ecosystems,Lei Su; Huiwen Cai; Prabhu Kolandhasamy; Chenxi Wu; Chelsea M. Rochman; Huahong Shi,2017.0,Environmental Pollution,10.1016/j.envpol.2017.11.075,https://doi.org/10.1016/j.envpol.2017.11.075,GOOGLE,0.0,2.0,2.0,1.0,0.0,Microplastic pollution in freshwater ecosystems.,Using the Asian clam as an indicator of microplastic pollution in freshwater ecosystems,"Pauli, N.",Lei Su; Huiwen Cai; Prabhu Kolandhasamy; Chenxi Wu; Chelsea M. Rochman; Huahong Shi,2018.0,2017.0,Environmental Science & Technology,Environmental Pollution,,10.1016/j.envpol.2017.11.075,0,0,3,GOOGLE,0,"◐ Title | ✗ Authors | ◐ Year | ✗ Venue | ○ ID

### Summary
No matching article with the author 'Pauli, N.' or the journal 'Environmental Science & Technology' from 2018 was found. While a closely related article with a similar title on microplastic pollution in freshwater ecosystems was identified from 2017, it has different authors and was published in a different journal.

### Details
A matching record was found for a 2017 article titled ""Using the Asian clam as an indicator of microplastic pollution in freshwater ecosystems"" published in *Environmental Pollution*. However, none of the authors matched 'Pauli, N.', and the journal was different from the cited one. The cited year 2018 is close to 2017 but not the same. No DOI was provided in the citation. Additional searches yielded no records matching both the author and journal given. 

- https://doi.org/10.1016/j.envpol.2017.11.075",0.0,1.0
"Diamond, J. M. (1984). Recovery of forest structure and function after disturbance: A synthesis. *Science*, *224*(4648), 735-743.",Environmental Science,gemma_3_12b,unverified,Reference could not be verified.,UNCONFIRMED,UNCONFIRMED,UNCONFIRMED,UNCONFIRMED,UNCONFIRMED,,,,,,,,,,,,,,,,,,,,,,,0,0,0,,0,"? Title | ? Authors | ? Year | ? Venue | ? ID

### Summary
No matching article could be found for the reference by J. M. Diamond from 1984 titled ""Recovery of forest structure and function after disturbance: A synthesis"" in *Science*. None of the major bibliographic databases or search tools returned any records that confirm this article exists with the given details.

### Details
A search in OpenAlex using the title, author name, and year did not find any matching work. Additional web searches did not yield any credible sources or listings of this article. There is no evidence to confirm the presence of this article in the journal *Science* or found under this exact title and author. 

- https://openalex.org
- Google web search results",0.0,1.0
"Jackson, R. B., et al. (2017). Agriculture and the resilience of ecological systems. *Annual Review of Environment and Resources*, *2*, 355-382.",Environmental Science,gemma_3_12b,unverified,Reference could not be verified.,CONTRADICTION,CONTRADICTION,MATCH,CONTRADICTION,ABSENT,Ways forward for resilience thinking: lessons from the field for those exploring social-ecological systems in agriculture and natural resource management,K.B. Sinclair; Andrea Rawluk; Saideepa Kumar; Allan Curtis,2017.0,Ecology and Society,10.5751/es-09705-220421,https://doi.org/10.5751/es-09705-220421,GOOGLE,1.0,3.0,0.0,1.0,0.0,Agriculture and the resilience of ecological systems,Ways forward for resilience thinking: lessons from the field for those exploring social-ecological systems in agriculture and natural resource management,"Jackson, R. B.",K.B. Sinclair; Andrea Rawluk; Saideepa Kumar; Allan Curtis,2017.0,2017.0,Annual Review of Environment and Resources,Ecology and Society,,10.5751/es-09705-220421,0,0,1,GOOGLE,0,"✗ Title | ✗ Authors | ✓ Year | ✗ Venue | ○ ID

### Summary
The reference could not be confirmed as matching the provided citation. The title, authors, and journal all differ from those given, despite sharing the same publication year of 2017.

### Details
A found candidate has the title ""Ways forward for resilience thinking: lessons from the field for those exploring social-ecological systems in agriculture and natural resource management,"" which is distinct from the cited ""Agriculture and the resilience of ecological systems."" The candidate authors (Sinclair, Rawluk, Kumar, Curtis) do not include Jackson, R. B., who is listed in the citation. Furthermore, the cited article is said to be from the ""Annual Review of Environment and Resources,"" whereas the candidate was published in ""Ecology and Society""—a different journal. No unique identifier like a DOI was available for the cited work to aid verification.

- https://doi.org/10.5751/es-09705-220421
- https://www.annualreviews.org/content/journals/energy/browse",0.0,1.0
"Kahneman, D. (2011). Thinking, fast and slow. *Trafalgar Square Publishing*.",Economics,gemma_3_12b,verified-with-error,"Kahneman, D. (2011). *Thinking, fast and slow*. Farrar, Straus and Giroux.",MATCH,MATCH,MATCH,CONTRADICTION,ABSENT,"Thinking, Fast and Slow",Daniel Kahneman,2011.0,"Farrar, Straus and Giroux",,https://www.penguinrandomhouse.com/books/89308/thinking-fast-and-slow-by-daniel-kahneman/,GOOGLE,3.0,1.0,0.0,1.0,0.0,"Thinking, fast and slow","Thinking, Fast and Slow","Kahneman, D.",Daniel Kahneman,2011.0,2011.0,Trafalgar Square Publishing,"Farrar, Straus and Giroux",,https://www.penguinrandomhouse.com/books/89308/thinking-fast-and-slow-by-daniel-kahneman/,0,0,1,GOOGLE,0,"✓ Title | ✓ Authors | ✓ Year | ✗ Venue | ○ ID

### Summary
This book was confirmed with the matching title ""Thinking, Fast and Slow,"" author Daniel Kahneman, and year 2011. However, there is a discrepancy regarding the publisher: the citation lists Trafalgar Square Publishing, while the verified record indicates the publisher is Farrar, Straus and Giroux.

### Details
A matching record was found showing the exact title and author, Daniel Kahneman, with the publication year 2011 exactly matching. The main issue is the publisher name; Trafalgar Square Publishing does not correspond to the verified publisher Farrar, Straus and Giroux, which is widely recognized as the original publisher of this work. No DOI was found in the citation to assist identification.

- [Verified record on Penguin Random House](https://www.penguinrandomhouse.com/books/89308/thinking-fast-and-slow-by-daniel-kahneman/)
- [Amazon listing confirming publisher Farrar, Straus and Giroux](https://www.amazon.com/Thinking-Fast-Slow-Daniel-Kahneman/dp/0374275637)
- [Wikipedia entry for Thinking, Fast and Slow](https://en.wikipedia.org/wiki/Thinking,_Fast_and_Slow)",0.6,0.4
"Krugman, P. R. (1991). Increasing returns and economic growth. *Journal of Political Economy*, *99*(5), 1373-1392.",Economics,gemma_3_12b,needs-human,Reference requires human review.,CONTRADICTION,MATCH,MATCH,MATCH,ABSENT,Increasing returns and economic geography,P Krugman,1991.0,Journal of Political Economy,10.1086/261763,https://www.journals.uchicago.edu/doi/abs/10.1086/261763,GOOGLE,3.0,1.0,0.0,1.0,0.0,Increasing returns and economic growth,Increasing returns and economic geography,"Krugman, P. R.",P Krugman,1991.0,1991.0,Journal of Political Economy,Journal of Political Economy,,10.1086/261763,0,0,3,GOOGLE,0,"✗ Title | ✓ Authors | ✓ Year | ✓ Venue | ○ ID

### Summary
The reference could not be fully verified because it appears to confuse two different articles by Paul Krugman from 1991 published in the Journal of Political Economy. The provided citation mentions ""Increasing returns and economic growth,"" but the closest found article has the title ""Increasing returns and economic geography."" Both share the same author, year, and journal but differ in focus.

### Details
A matching record was found for an article titled ""Increasing returns and economic geography"" authored by P. Krugman, published in 1991 in the Journal of Political Economy. The year and journal match exactly, and the author details align despite abbreviation differences. However, the title in the citation emphasizes ""economic growth,"" while the verified article focuses on ""economic geography,"" indicating they are not the same paper. No digital identifier (DOI) was provided in the original citation to help disambiguate. The best potential match's details can be found at the publisher's website: [https://www.journals.uchicago.edu/doi/abs/10.1086/261763](https://www.journals.uchicago.edu/doi/abs/10.1086/261763).

- https://www.journals.uchicago.edu/doi/abs/10.1086/261763
- https://pr.princeton.edu/pictures/g-k/krugman/krugman-increasing_returns_1991.pdf
- https://www.nber.org/system/files/working_papers/w3275/w3275.pdf
- http://dave-donaldson.com/wp-content/uploads/2015/12/krugman91.pdf
- https://ideas.repec.org/a/ucp/jpolec/v99y1991i3p483-99.html",0.333,0.667
"Mankiw, N. G. (2021). Principles of economics (9th ed.). Cengage Learning.",Economics,gemma_3_12b,verified-with-error,"Mankiw, N. G. (2021). *Principles of Economics* (9th ed.). Cengage Learning. https://www.cengage.com/c/principles-of-economics-9e-mankiw/9780357038314/",CONTAINS,MATCH,MATCH,MATCH,ABSENT,"Principles of Economics, 9th Edition",N. Gregory Mankiw,2021.0,Cengage Learning,,https://www.cengage.com/c/principles-of-economics-9e-mankiw/9780357038314/,GOOGLE,3.0,0.0,1.0,1.0,0.0,Principles of economics (9th ed.),"Principles of Economics, 9th Edition","Mankiw, N. G.",N. Gregory Mankiw,2021.0,2021.0,Cengage Learning,Cengage Learning,,https://www.cengage.com/c/principles-of-economics-9e-mankiw/9780357038314/,2,2,2,GOOGLE,0,"◐ Title | ✓ Authors | ✓ Year | ✓ Venue | ○ ID

### Summary
This book was verified as ""Principles of Economics"" by N. Gregory Mankiw, published by Cengage Learning in 2021, matching the 9th edition reference. The authors, publication year, and publisher were confirmed as correct, with minor formatting differences in the title presentation.

### Details
A matching record was found confirming N. G. Mankiw as the author (full name N. Gregory Mankiw). The year 2021 matched exactly, and the publisher name ""Cengage Learning"" was confirmed. The core identifying phrase ""Principles of Economics"" with ""9th edition"" was preserved, though the title's formatting varied slightly (parentheses vs commas, ""ed."" abbreviation). No DOI or other identifier was found. Multiple sources, including the official publisher webpage, support this match:

- https://www.cengage.com/c/principles-of-economics-9e-mankiw/9780357038314/",0.833,0.167
"Stiglitz, J. E. (2002). Economics of the public sector (3rd ed.). W. W. Norton & Company.",Economics,gemma_3_12b,verified-with-error,"Stiglitz, J. E. (1986). *Economics of the Public Sector.*",MATCH,CONTAINS,UNCONFIRMED,MATCH,ABSENT,Economics of the Public Sector,Joseph E. Stiglitz,1986.0,,,,GOOGLE,2.0,0.0,1.0,1.0,1.0,Economics of the public sector,Economics of the Public Sector,"Stiglitz, J. E.",Joseph E. Stiglitz,2002.0,1986.0,W. W. Norton & Company,,,,1,1,2,GOOGLE,0,"✓ Title | ◐ Authors | ? Year | ✓ Venue | ○ ID

### Summary
This book was found with the title ""Economics of the Public Sector"" matching exactly and the publisher W. W. Norton & Company confirmed. The author Joseph E. Stiglitz was present but alongside a co-author not listed in the original citation. However, the year 2002 stated in the citation could not be confirmed and likely the book found corresponds to an earlier edition from 1986.

### Details
A matching record was found with the exact title and the publisher matching W. W. Norton & Company. The author list in the evidence contains Joseph E. Stiglitz (matching the cited author) and Jay K. Rosengard, indicating the original citation contains only part of the authorship. The publication year 2002 was not confirmed as the retrieved record shows a year of 1986, thus it appears the citation refers to the third edition while the verified record corresponds to an earlier edition. No DOI or unique identifier was available in the citation or search results.

- [W. W. Norton official page](https://wwnorton.com/books/9780393925227)
- [OpenAlex search results](https://openalex.org/search?q=Economics+of+the+public+sector+Stiglitz+2002)
- [Google Search - PDF and listings](https://www.google.com/search?q=Stiglitz+Economics+of+the+Public+Sector+3rd+edition+2002+Norton)",0.667,0.333
"Darling-Hammond, L. (2010). The flat world and education: How America’s commitment to equity will determine our future. *Teachers College Record, 112*(1), 5–31.",Education,gemma_3_12b,verified,"Darling-Hammond, L. (2010). *The flat world and education: How America's commitment to equity will determine our future*. Teachers College Press. https://www.tcpress.com/the-flat-world-and-education-9780807749623",MATCH,MATCH,MATCH,CONTAINS,ABSENT,The flat world and education: How America's commitment to equity will determine our future,Linda Darling-Hammond,2010.0,Teachers College Press,,https://www.tcpress.com/the-flat-world-and-education-9780807749623,GOOGLE,3.0,0.0,1.0,1.0,0.0,The flat world and education: How America’s commitment to equity will determine our future.,The flat world and education: How America's commitment to equity will determine our future,"Darling-Hammond, L.",Linda Darling-Hammond,2010.0,2010.0,Teachers College Record,Teachers College Press,,https://www.tcpress.com/the-flat-world-and-education-9780807749623,1,1,1,GOOGLE,0,"✓ Title | ✓ Authors | ✓ Year | ◐ Venue | ○ ID

### Summary
This book by Linda Darling-Hammond titled ""The flat world and education: How America's commitment to equity will determine our future"" was confirmed with a matching author and publication year. Although the reference cites the publication as from ""Teachers College Record,"" the verified source shows it published by Teachers College Press, which is closely related to the cited venue.

### Details
A matching record was found with the exact title ""The flat world and education: How America's commitment to equity will determine our future"" and the author Linda Darling-Hammond. The year 2010 aligned exactly as well. The cited ""Teachers College Record"" and the verified ""Teachers College Press"" share institutional connections, which support the close venue match. No DOI was provided in the citation. 

- [Teachers College Press: The Flat World and Education](https://www.tcpress.com/the-flat-world-and-education-9780807749623)",0.9,0.1
"Hmelo-Silver, C. E., Duncan, R. G., & Chinn, J. A. (2007). Scaffolding and the Future of Learning. *Science, 317*(5839), 481–483.",Education,gemma_3_12b,unverified,Reference could not be verified.,CONTRADICTION,MATCH,MATCH,CONTRADICTION,ABSENT,Scaffolding and Achievement in Problem-Based and Inquiry Learning,Cindy E. Hmelo-Silver; Ravit Golan Duncan; Clark A. Chinn,2007.0,"Educational Psychologist, 42(2), 99-107",,https://eric.ed.gov/?id=EJ772220,GOOGLE,2.0,2.0,0.0,1.0,0.0,Scaffolding and the Future of Learning.,Scaffolding and Achievement in Problem-Based and Inquiry Learning,"Hmelo-Silver, C. E.; Duncan, R. G.; Chinn, J. A.",Cindy E. Hmelo-Silver; Ravit Golan Duncan; Clark A. Chinn,2007.0,2007.0,Science,"Educational Psychologist, 42(2), 99-107",,https://eric.ed.gov/?id=EJ772220,0,0,1,GOOGLE,0,"✗ Title | ✓ Authors | ✓ Year | ✗ Venue | ○ ID

### Summary
No matching article titled ""Scaffolding and the Future of Learning"" published in *Science* could be found. Although the authors and year matched, the best available evidence points to a different 2007 article by the same authors titled ""Scaffolding and Achievement in Problem-Based and Inquiry Learning,"" which appeared in the journal *Educational Psychologist*.

### Details
A matching record was not found for the title ""Scaffolding and the Future of Learning"" in the journal *Science*. The authors Cindy E. Hmelo-Silver, Ravit Golan Duncan, and Clark A. Chinn were confirmed as the same individuals listed but on an article with a different title and published in *Educational Psychologist*, not *Science*. The publication year 2007 matched exactly. The difference in title subjects and publication venues shows these are distinct articles. 

- https://eric.ed.gov/?id=EJ772220
- https://www.sfu.ca/~jcnesbit/EDUC220/ThinkPaper/HmeloSilverDuncan2007.pdf",0.0,1.0
"Pintrich, P. R., Smith, D. A., Garcia, R., & McKeachie, W. J. (1991). Toward a conceptual framework for student motivation. *Educational Psychologist, 26*(4), 379–393.",Education,gemma_3_12b,unverified,Reference could not be verified.,CONTRADICTION,MATCH,CONTRADICTION,CONTRADICTION,ABSENT,Student motivation and self-regulated learning in the college classroom,P. R. Pintrich; A. Zusho,2007.0,learning in higher education: An evidence-based …,,https://link.springer.com/content/pdf/10.1007/1-4020-5742-3.pdf#page=733,GOOGLE,1.0,3.0,0.0,1.0,0.0,Toward a conceptual framework for student motivation,Student motivation and self-regulated learning in the college classroom,"Pintrich, P. R.; Smith, D. A.; Garcia, R.; McKeachie, W. J.",P. R. Pintrich; A. Zusho,1991.0,2007.0,Educational Psychologist,learning in higher education: An evidence-based …,,https://link.springer.com/content/pdf/10.1007/1-4020-5742-3.pdf#page=733,0,0,2,GOOGLE,0,"✗ Title | ✓ Authors | ✗ Year | ✗ Venue | ○ ID

### Summary
No matching article could be found for the 1991 reference by Pintrich et al. The closest related work found differed significantly in title, authors, publication year, and journal, indicating this reference is unverified.

### Details
A matching record with the exact title ""Toward a conceptual framework for student motivation"" was not found. Although the author Pintrich, P. R. was present, the other authors did not fully match. The publication year of 1991 conflicts with a related work from 2007, and the venues also differ, with the cited article listed in Educational Psychologist, while the found publication appeared in a different collection related to higher education. No DOI or other identifier was available to confirm the original citation.

- https://link.springer.com/content/pdf/10.1007/1-4020-5742-3.pdf#page=733
- https://api.taylorfrancis.com
- https://bpspsychub.onlinelibrary.wiley.com/doi/abs/10.1348/000709901158424
- https://link.springer.com/article/10.1007/s10648-004-0006-x",0.0,1.0
"Vygotsky, L. S. (1978). *Mind in society: The development of higher psychological processes*. Harvard University Press.",Education,gemma_3_12b,verified-with-error,"Vygotsky, L. S. (1978). *Mind in society: The development of higher psychological processes*. books.google.com. https://books.google.com/books?hl=en&lr=&id=RxjjUefze_oC&oi=fnd&pg=PA1&dq=Mind+in+Society:+The+Development+of+Higher+Psychological+Processes+Vygotsky+1978+Harvard+University+Press&ots=okCVX5r3ap&sig=CRAXQoucQ7VApJaZJPNXyJT0Gf0",MATCH,MATCH,MATCH,CONTRADICTION,ABSENT,Mind in Society: The Development of Higher Psychological Processes,L. S. Vygotsky,1978.0,books.google.com,,https://books.google.com/books?hl=en&lr=&id=RxjjUefze_oC&oi=fnd&pg=PA1&dq=Mind+in+Society:+The+Development+of+Higher+Psychological+Processes+Vygotsky+1978+Harvard+University+Press&ots=okCVX5r3ap&sig=CRAXQoucQ7VApJaZJPNXyJT0Gf0,GOOGLE,3.0,1.0,0.0,1.0,0.0,Mind in society: The development of higher psychological processes,Mind in Society: The Development of Higher Psychological Processes,"Vygotsky, L. S.",L. S. Vygotsky,1978.0,1978.0,Harvard University Press,books.google.com,,https://books.google.com/books?hl=en&lr=&id=RxjjUefze_oC&oi=fnd&pg=PA1&dq=Mind+in+Society:+The+Development+of+Higher+Psychological+Processes+Vygotsky+1978+Harvard+University+Press&ots=okCVX5r3ap&sig=CRAXQoucQ7VApJaZJPNXyJT0Gf0,0,0,2,GOOGLE,0,"✓ Title | ✓ Authors | ✓ Year | ✗ Venue | ○ ID

### Summary
The book titled ""Mind in Society: The Development of Higher Psychological Processes"" by L. S. Vygotsky from 1978 was confirmed with matching title, author, and year. However, there is a minor inconsistency regarding the venue: the citation lists Harvard University Press as the publisher, but the matching record found references a Google Books link as the source platform.

### Details
A matching book was found with the exact title and author L. S. Vygotsky, published in 1978. The citation accurately reflects the year and author but lists Harvard University Press as the publisher, while the evidence source identifies the venue as books.google.com. This discrepancy arises because the found record points to a Google Books page where the book is accessible, not the original publisher. No unique identifier like a DOI was present in the citation. The confirmation stems from bibliographic and search records including a Harvard University Press URL showing the book and bibliographic details.

- [Harvard University Press book page](https://www.hup.harvard.edu/books/9780674576292)
- [Google Books entry](https://books.google.com/books?hl=en&lr=&id=RxjjUefze_oC&oi=fnd&pg=PA1&dq=Mind+in+Society:+The+Development+of+Higher+Psychological+Processes+Vygotsky+1978+Harvard+University+Press&ots=okCVX5r3ap&sig=CRAXQoucQ7VApJaZJPNXyJT0Gf0)
- [OpenAlex matching record](https://ci.nii.ac.jp/ncid/BA03570814)",0.6,0.4
"Bandura, A. (1977). Self-efficacy: Toward a unifying theory of behavioral change. *Psychological Review, 84*(2), 191–215.",Education,gemma_3_12b,verified-with-error,"Larasati, Y. P. (1977). *Self-efficacy: Toward a unifying theory of behavioral change.* *Psychological Review*, 84(2), 191-215. https://doi.org/10.1037/0033-295x.84.2.191",MATCH,CONTRADICTION,MATCH,MATCH,ABSENT,Self-efficacy: Toward a unifying theory of behavioral change.,Yasmine Parawina Larasati,1977.0,Psychological Review,10.1037/0033-295x.84.2.191,https://doi.org/10.1037/0033-295x.84.2.191,GOOGLE,3.0,1.0,0.0,1.0,0.0,Self-efficacy: Toward a unifying theory of behavioral change.,Self-efficacy: Toward a unifying theory of behavioral change.,"Bandura, A.",Yasmine Parawina Larasati,1977.0,1977.0,Psychological Review,Psychological Review,,10.1037/0033-295x.84.2.191,0,0,1,GOOGLE,0,"✓ Title | ✗ Authors | ✓ Year | ✓ Venue | ○ ID

### Summary
This article was confirmed in Psychological Review with a matching title and year. However, a discrepancy was found as the listed author in the verified source, Yasmine Parawina Larasati, does not match the cited author, A. Bandura.

### Details
A matching article with the exact title ""Self-efficacy: Toward a unifying theory of behavioral change"" was found published in Psychological Review in 1977. The year and journal matched exactly the citation. However, the author recorded in the verified source differs, showing Yasmine Parawina Larasati instead of Bandura, A. No DOI was provided in the original citation, but a reliable DOI link (https://doi.org/10.1037/0033-295x.84.2.191) exists for the article. This suggests the citation is mostly accurate except for the error in authorship.

- https://doi.org/10.1037/0033-295x.84.2.191",0.467,0.533
"Duckworth, A. L., & Seligman, M. P. (2005). Self-discipline outstrips intelligence in predicting academic performance. *Psychological Science, 16*(10), 857–862.",Education,gemma_3_12b,verified-with-error,"Duckworth, A. L., & Seligman, M. E. P. (2005). Self-discipline outdoes IQ in predicting academic performance of adolescents. *Psychological Science*, 16, 939–944. https://pubmed.ncbi.nlm.nih.gov/16313657/",CONTAINS,MATCH,MATCH,MATCH,ABSENT,Self-Discipline Outdoes IQ in Predicting Academic Performance of Adolescents,Angela L. Duckworth; Martin E. P. Seligman,2005.0,Psychological Science,,https://pubmed.ncbi.nlm.nih.gov/16313657/,GOOGLE,3.0,0.0,1.0,1.0,0.0,Self-discipline outstrips intelligence in predicting academic performance.,Self-Discipline Outdoes IQ in Predicting Academic Performance of Adolescents,"Duckworth, A. L.; Seligman, M. P.",Angela L. Duckworth; Martin E. P. Seligman,2005.0,2005.0,Psychological Science,Psychological Science,,https://pubmed.ncbi.nlm.nih.gov/16313657/,1,1,1,GOOGLE,0,"◐ Title | ✓ Authors | ✓ Year | ✓ Venue | ○ ID

### Summary
This article was found and confirmed with matching authors Angela L. Duckworth and Martin E. P. Seligman, the year 2005, and the journal Psychological Science. The title closely matches the original but with minor differences in wording and focus, such as using ""outdoes IQ"" instead of ""outstrips intelligence"" and specifying ""adolescents."" These small variations do not indicate a different publication.

### Details
A matching publication was located titled ""Self-Discipline Outdoes IQ in Predicting Academic Performance of Adolescents"" by the same authors and published in 2005 in Psychological Science. Although the specific volume and page numbers differ slightly from the original citation, the core information and research focus align strongly. No DOI was available for direct identifier confirmation, but the retrieved article URL (https://pubmed.ncbi.nlm.nih.gov/16313657/) supports the match. The differences in title wording and inclusion of demographic detail are minor and do not undermine the verification.

- https://pubmed.ncbi.nlm.nih.gov/16313657/",0.833,0.167
"Wiliam, D. (2011). Bringing the assessment triangle together. *Assessment in Education: Principles, Policy & Practice, 18*(1), 1–11.",Education,gemma_3_12b,unverified,Reference could not be verified.,CONTRADICTION,MATCH,CONTRADICTION,CONTRADICTION,ABSENT,Embedded formative assessment:(Strategies for classroom assessment that drives student engagement and learning),D Wiliam,2017.0,books.google.com,,"https://books.google.com/books?hl=en&lr=&id=bGeJEQAAQBAJ&oi=fnd&pg=PT8&dq=Bringing+the+assessment+triangle+together+Dylan+Wiliam+2011+Assessment+in+Education:+Principles,+Policy+%26+Practice&ots=RgLsRfXDaO&sig=DOUw3TMQRBojnghklxq1cNhiqUQ",GOOGLE,1.0,3.0,0.0,1.0,0.0,Bringing the assessment triangle together.,Embedded formative assessment:(Strategies for classroom assessment that drives student engagement and learning),"Wiliam, D.",D Wiliam,2011.0,2017.0,"Assessment in Education: Principles, Policy & Practice",books.google.com,,"https://books.google.com/books?hl=en&lr=&id=bGeJEQAAQBAJ&oi=fnd&pg=PT8&dq=Bringing+the+assessment+triangle+together+Dylan+Wiliam+2011+Assessment+in+Education:+Principles,+Policy+%26+Practice&ots=RgLsRfXDaO&sig=DOUw3TMQRBojnghklxq1cNhiqUQ",0,0,3,GOOGLE,0,"✗ Title | ✓ Authors | ✗ Year | ✗ Venue | ○ ID

### Summary
No matching article could be found for the reference titled ""Bringing the assessment triangle together"" by Dylan Wiliam from 2011 in the specified journal. Although the author matched, the title, year, and journal details did not align with any records found.

### Details
A search did not reveal any record matching the 2011 article in ""Assessment in Education: Principles, Policy & Practice."" The closest match found was a 2017 book by Dylan Wiliam titled ""Embedded formative assessment: (Strategies for classroom assessment that drives student engagement and learning),"" which differs significantly in title, year, and publication type. The journal title and publication year from the citation contradicted the evidence found, and there was no digital identifier to assist confirmation.

- https://books.google.com/books?hl=en&lr=&id=bGeJEQAAQBAJ&oi=fnd&pg=PT8&dq=Bringing+the+assessment+triangle+together+Dylan+Wiliam+2011+Assessment+in+Education:+Principles,+Policy+%26+Practice&ots=RgLsRfXDaO&sig=DOUw3TMQRBojnghklxq1cNhiqUQ",0.0,1.0
"Hattie, J. (2009). *Visible learning: A synthesis of over 800 meta-analyses relating to achievement*. Routledge.",Education,gemma_3_12b,verified,"Hattie, J. (2008). *Visible Learning: A synthesis of over 800 meta-analyses relating to achievement*. Routledge. https://doi.org/10.4324/9780203887332",MATCH,MATCH,CONTAINS,MATCH,ABSENT,Visible Learning: A Synthesis of Over 800 Meta-Analyses Relating to Achievement,John Hattie,2008.0,Routledge,10.4324/9780203887332,https://www.taylorfrancis.com/books/mono/10.4324/9780203887332/visible-learning-john-hattie,GOOGLE,3.0,0.0,1.0,1.0,0.0,Visible learning: A synthesis of over 800 meta-analyses relating to achievement,Visible Learning: A Synthesis of Over 800 Meta-Analyses Relating to Achievement,"Hattie, J.",John Hattie,2009.0,2008.0,Routledge,Routledge,,10.4324/9780203887332,1,1,1,GOOGLE,0,"✓ Title | ✓ Authors | ◐ Year | ✓ Venue | ○ ID

### Summary
This book was confirmed as ""Visible Learning: A Synthesis of Over 800 Meta-Analyses Relating to Achievement"" by John Hattie. The publisher Routledge matches exactly, and the title and author details are consistent. The publication year differs slightly by one year (2009 vs. 2008), which is a minor issue often seen between print and online versions.

### Details
A matching record was found with the exact book title and author John Hattie, published by Routledge. The year of publication is given as 2008 in the evidence, differing by one year from the citation's 2009, likely reflecting different publication formats. No identifier was provided in the citation. The verification is supported by multiple sources, including Taylor & Francis and various academic references.

- https://www.taylorfrancis.com/books/mono/10.4324/9780203887332/visible-learning-john-hattie
- https://inspirasifoundation.org/wp-content/uploads/2020/05/John-Hattie-Visible-Learning_-A-synthesis-of-over-800-meta-analyses-relating-to-achievement-2008.pdf
- https://www.routledge.com/Visible-Learning-A-Synthesis-of-Over-800-Meta-Analyses-Relating-to-Achievement/Hattie/p/book/9780415476188",0.9,0.1
"Dweck, C. S. (2006). Mindset: The new psychology of success. *Scientific American Mind, 17*(4), 46–51.",Education,gemma_3_12b,verified-with-error,"Dweck, C. S. (2006). *Mindset The New Psychology of Success*. New York: Random House Publishing Group. https://www.scirp.org/reference/ReferencesPapers?ReferenceID=1850818",MATCH,MATCH,MATCH,CONTRADICTION,ABSENT,Mindset The New Psychology of Success,C. S. Dweck,2006.0,Random House Publishing Group,,https://www.scirp.org/reference/ReferencesPapers?ReferenceID=1850818,GOOGLE,3.0,1.0,0.0,1.0,0.0,Mindset: The new psychology of success.,Mindset The New Psychology of Success,"Dweck, C. S.",C. S. Dweck,2006.0,2006.0,Scientific American Mind,Random House Publishing Group,,https://www.scirp.org/reference/ReferencesPapers?ReferenceID=1850818,0,0,2,GOOGLE,0,"✓ Title | ✓ Authors | ✓ Year | ✗ Venue | ○ ID

### Summary
This reference was mostly confirmed with matching title, author, and year details. However, there was a minor issue: the publication venue listed as ""Scientific American Mind"" in the citation contradicts the verified venue ""Random House Publishing Group,"" which is a separate publisher.

### Details
The title ""Mindset: The New Psychology of Success"" was an exact match, as was the author Carol S. Dweck, with formatting differences noted but recognized as the same person. The year 2006 matched exactly. The venue, however, differed; the citation indicated publication in the magazine ""Scientific American Mind,"" whereas the evidence supported a book published by ""Random House Publishing Group."" No DOI or unique identifier was found for further confirmation.

- https://www.scirp.org/reference/ReferencesPapers?ReferenceID=1850818
- https://www.amazon.com/Mindset-Psychology-Carol-S-Dweck/dp/0345472322
- https://doi.org/10.5860/choice.44-2397",0.6,0.4
IEA. (2023). *World Energy Outlook 2023*. International Energy Agency.,Energy,gemma_3_12b,verified,International Energy Agency. (2023). *World Energy Outlook 2023*. International Energy Agency. https://www.iea.org/reports/world-energy-outlook-2023,MATCH,MATCH,MATCH,MATCH,ABSENT,World Energy Outlook 2023,International Energy Agency,2023.0,International Energy Agency,,https://www.iea.org/reports/world-energy-outlook-2023,GOOGLE,4.0,0.0,0.0,1.0,0.0,World Energy Outlook 2023,World Energy Outlook 2023,IEA,International Energy Agency,2023.0,2023.0,International Energy Agency,International Energy Agency,,https://www.iea.org/reports/world-energy-outlook-2023,1,1,1,GOOGLE,0,"✓ Title | ✓ Authors | ✓ Year | ✓ Venue | ○ ID

### Summary
This report was confirmed as the ""World Energy Outlook 2023"" published by the International Energy Agency in 2023. The authorship, title, year, and publisher information exactly match the verified source.

### Details
A matching record was found with the exact title ""World Energy Outlook 2023."" The author ""IEA"" corresponds to ""International Energy Agency,"" confirming consistent authorship. The year 2023 matched exactly, as did the publisher information. Although no identifier like a DOI was present, the official URL from the International Energy Agency website supports the reference's validity.

- https://www.iea.org/reports/world-energy-outlook-2023",1.0,0.0
"Smil, V. (2017). *Energy Transitions: History, Requirements, Prospects*. Routledge.",Energy,gemma_3_12b,verified-with-error,"Smil, V. (2010). *Energy Transitions: History, Requirements, Prospects*. Praeger. http://bvbr.bib-bvb.de:8991/F?func=service&amp;doc_library=BVB01&amp;local_base=BVB01&amp;doc_number=024452027&amp;sequence=000001&amp;line_number=0001&amp;func_code=DB_RECORDS&amp;service_type=MEDIA",MATCH,MATCH,CONTRADICTION,CONTRADICTION,ABSENT,"Energy Transitions: History, Requirements, Prospects",Vaclav Smil,2010.0,Praeger,,http://bvbr.bib-bvb.de:8991/F?func=service&amp;doc_library=BVB01&amp;local_base=BVB01&amp;doc_number=024452027&amp;sequence=000001&amp;line_number=0001&amp;func_code=DB_RECORDS&amp;service_type=MEDIA,GOOGLE,2.0,2.0,0.0,1.0,0.0,"Energy Transitions: History, Requirements, Prospects","Energy Transitions: History, Requirements, Prospects","Smil, V.",Vaclav Smil,2017.0,2010.0,Routledge,Praeger,,http://bvbr.bib-bvb.de:8991/F?func=service&amp;doc_library=BVB01&amp;local_base=BVB01&amp;doc_number=024452027&amp;sequence=000001&amp;line_number=0001&amp;func_code=DB_RECORDS&amp;service_type=MEDIA,0,0,1,GOOGLE,0,"✓ Title | ✓ Authors | ✗ Year | ✗ Venue | ○ ID

### Summary
This book was confirmed under the title ""Energy Transitions: History, Requirements, Prospects"" by author Vaclav Smil. However, there are minor issues because the publication year and publisher differ from the citation; the verified version was published in 2010 by Praeger, not in 2017 by Routledge.

### Details
A matching book record was found with the exact title ""Energy Transitions: History, Requirements, Prospects"" and author Vaclav Smil, confirming the author and title fields. The year in the verified record is 2010, which contradicts the cited 2017. The publisher identified is Praeger, not Routledge as cited. No unique identifier like a DOI was present. This indicates the reference is largely correct but with some small publication details needing adjustment.

- http://bvbr.bib-bvb.de:8991/F?func=service&doc_library=BVB01&local_base=BVB01&doc_number=024452027&sequence=000001&line_number=0001&func_code=DB_RECORDS&service_type=MEDIA
- https://vaclavsmil.com/publications/",0.2,0.8
"Sovacool, B. K. (2009). Contextualizing global energy transitions: An introduction. *Energy Policy*, *37*(11), 4249–4253.",Energy,gemma_3_12b,needs-human,Reference requires human review.,CONTRADICTION,MATCH,MATCH,MATCH,ABSENT,"Contextualizing avian mortality: A preliminary appraisal of bird and bat fatalities from wind, fossil-fuel, and nuclear electricity",B. K. Sovacool,2009.0,Energy Policy,,https://www.sciencedirect.com/science/article/pii/S0301421509001074,GOOGLE,3.0,1.0,0.0,1.0,0.0,Contextualizing global energy transitions: An introduction,"Contextualizing avian mortality: A preliminary appraisal of bird and bat fatalities from wind, fossil-fuel, and nuclear electricity","Sovacool, B. K.",B. K. Sovacool,2009.0,2009.0,Energy Policy,Energy Policy,,https://www.sciencedirect.com/science/article/pii/S0301421509001074,0,0,1,GOOGLE,0,"✗ Title | ✓ Authors | ✓ Year | ✓ Venue | ○ ID

### Summary
The reference could not be confirmed because the title does not match the available publications by the author in the same year and journal. Although the author, year, and journal are consistent, the titles differ significantly, covering distinct topics.

### Details
A matching record was found for the author B. K. Sovacool in 2009 in Energy Policy, but the title was ""Contextualizing avian mortality: A preliminary appraisal of bird and bat fatalities from wind, fossil-fuel, and nuclear electricity,"" which is about wildlife impacts of energy production rather than a general introduction to global energy transitions. Search in academic databases did not find any record with the queried title. This discrepancy suggests the need for human review.

- https://www.sciencedirect.com/science/article/pii/S0301421509001074",0.333,0.667
"Yang, W., & Wang, Q. (2021). A review of energy storage technologies for renewable energy integration. *Renewable and Sustainable Energy Reviews*, *141*, 110833.",Energy,gemma_3_12b,needs-human,Reference requires human review.,CONTAINS,CONTRADICTION,MATCH,CONTAINS,ABSENT,Empowering smart grid: A comprehensive review of energy storage technology and application with renewable energy integration,Kang Miao Tan; Thanikanti Sudhakar Babu; Vigna K. Ramachandaramurthy; Padmanathan Kasinathan; Sunil Govinda Solanki; Shangari K. Raveendran,2021.0,Journal of Energy Storage,10.1016/j.est.2021.102591,https://doi.org/10.1016/j.est.2021.102591,GOOGLE,1.0,1.0,2.0,1.0,0.0,A review of energy storage technologies for renewable energy integration.,Empowering smart grid: A comprehensive review of energy storage technology and application with renewable energy integration,"Yang, W.; Wang, Q.",Kang Miao Tan; Thanikanti Sudhakar Babu; Vigna K. Ramachandaramurthy; Padmanathan Kasinathan; Sunil Govinda Solanki; Shangari K. Raveendran,2021.0,2021.0,Renewable and Sustainable Energy Reviews,Journal of Energy Storage,,10.1016/j.est.2021.102591,0,0,3,GOOGLE,1,"◐ Title | ✗ Authors | ✓ Year | ◐ Venue | ○ ID

### Summary
This reference needs human review because the article title about energy storage and renewable energy integration is somewhat similar to a found paper, but the authors are completely different. The year 2021 matches exactly, but the authors listed in the match do not include Yang or Wang.

### Details
A matching record was found for a 2021 article titled ""Empowering smart grid: A comprehensive review of energy storage technology and application with renewable energy integration"" published in the Journal of Energy Storage. This title contains key concepts from the cited title. However, the authors in the candidate set (Kang Miao Tan et al.) differ from the original authors (Yang, W., and Wang, Q.). Also, the venues differ but are related as journals published by the same publisher, Elsevier. A direct match for the cited article was not found in the searches performed.

- https://doi.org/10.1016/j.est.2021.102591",0.2,0.8
"Raugei, M., & Brandoni, M. (2020). Energy transition and the role of hydrogen: A review. *Renewable and Sustainable Energy Reviews*, *128*, 109883.",Energy,gemma_3_12b,needs-human,Reference requires human review.,CONTAINS,CONTRADICTION,CONTAINS,CONTAINS,ABSENT,Hydrogen in energy transition: A review,Ankica Kovač; Matej Paranos; Doria Marciuš,2021.0,International Journal of Hydrogen Energy,10.1016/j.ijhydene.2020.11.256,https://doi.org/10.1016/j.ijhydene.2020.11.256,GOOGLE,0.0,1.0,3.0,1.0,0.0,Energy transition and the role of hydrogen: A review.,Hydrogen in energy transition: A review,"Raugei, M.; Brandoni, M.",Ankica Kovač; Matej Paranos; Doria Marciuš,2020.0,2021.0,Renewable and Sustainable Energy Reviews,International Journal of Hydrogen Energy,,10.1016/j.ijhydene.2020.11.256,0,0,3,GOOGLE,0,"◐ Title | ✗ Authors | ◐ Year | ◐ Venue | ○ ID

### Summary
This reference requires human review because while the title and year are close, the authors and journal do not match. The article cited has authors Raugei and Brandoni and was published in 2020 in *Renewable and Sustainable Energy Reviews*, but the closest found article is by different authors published in a different journal in 2021.

### Details
A matching record was found with the title containing similar key terms ""hydrogen"" and ""energy transition,"" but with a rearranged wording: ""Hydrogen in energy transition: A review"". The authors differ completely—none of the cited authors Raugei or Brandoni appear in the found article, which lists Ankica Kovač and colleagues. The publication years differ by one year, with the cited article from 2020 and the candidate from 2021. Lastly, the venues do not match: the cited reference is from *Renewable and Sustainable Energy Reviews*, while the potential match comes from the *International Journal of Hydrogen Energy*. These differences suggest the references are not the same and human judgment is needed.

- https://doi.org/10.1016/j.ijhydene.2020.11.256",0.1,0.9
"Lund, H. (2014). Renewable energy systems: A review of their potential and challenges. *Energy*, *68*, 321–332.",Energy,gemma_3_12b,unverified,Reference could not be verified.,CONTRADICTION,CONTRADICTION,MATCH,CONTRADICTION,ABSENT,Renewable energy-driven desalination technologies: A comprehensive review on challenges and potential applications of integrated systems,Noreddine Ghaffour; Jochen Bundschuh; Hacène Mahmoudi; Mattheus F. A. Goosen,2014.0,Desalination,10.1016/j.desal.2014.10.024,https://doi.org/10.1016/j.desal.2014.10.024,GOOGLE,1.0,3.0,0.0,1.0,0.0,Renewable energy systems: A review of their potential and challenges.,Renewable energy-driven desalination technologies: A comprehensive review on challenges and potential applications of integrated systems,"Lund, H.",Noreddine Ghaffour; Jochen Bundschuh; Hacène Mahmoudi; Mattheus F. A. Goosen,2014.0,2014.0,Energy,Desalination,,10.1016/j.desal.2014.10.024,0,0,2,GOOGLE,0,"✗ Title | ✗ Authors | ✓ Year | ✗ Venue | ○ ID

### Summary
No matching article could be found that corresponds to the original reference by Lund, H. (2014) titled ""Renewable energy systems: A review of their potential and challenges"" published in *Energy* volume 68. The details of the closest candidate differ notably in title, authors, and journal.

### Details
A matching record was not found for the cited article. The year 2014 matched exactly, but other key fields contradicted the original reference. The closest found article was titled ""Renewable energy-driven desalination technologies: A comprehensive review on challenges and potential applications of integrated systems,"" authored by Ghaffour et al., and published in the journal *Desalination*. None of the original author or title elements matched, and the journals are distinct with differing topics and scopes. Searches in multiple databases and general web searches did not retrieve any record confirming the cited reference.

- https://doi.org/10.1016/j.desal.2014.10.024",0.0,1.0
"Stern, N. (2007). *The Economics of Climate Change: The Stern Review*. Cambridge University Press.",Energy,gemma_3_12b,verified-with-error,"Stern, N. (2007). *The Economics of Climate Change: The Stern Review*. London School of Economics and Political Science Research Online (London School of Economics and Political Science). https://doi.org/10.1017/cbo9780511817434",MATCH,MATCH,MATCH,CONTRADICTION,ABSENT,The Economics of Climate Change: The Stern Review,Nicholas Stern,2007.0,London School of Economics and Political Science Research Online (London School of Economics and Political Science),10.1017/cbo9780511817434,http://eprints.lse.ac.uk/3781/,GOOGLE,3.0,1.0,0.0,1.0,0.0,The Economics of Climate Change: The Stern Review,The Economics of Climate Change: The Stern Review,"Stern, N.",Nicholas Stern,2007.0,2007.0,Cambridge University Press,London School of Economics and Political Science Research Online (London School of Economics and Political Science),,10.1017/cbo9780511817434,0,0,1,GOOGLE,0,"✓ Title | ✓ Authors | ✓ Year | ✗ Venue | ○ ID

### Summary
This book was confirmed by matching the exact title, author Nicholas Stern, and the publication year 2007. However, there is a discrepancy regarding the publisher information: the reference lists Cambridge University Press, while the verified record comes from the London School of Economics Research Online.

### Details
A matching record was found with the exact title ""The Economics of Climate Change: The Stern Review"" and author Nicholas Stern, published in 2007. The discrepancy arises in the venue field where the original reference cites Cambridge University Press, but the verified entry corresponds to the London School of Economics and Political Science Research Online repository. No identifier like a DOI was originally provided, but the verified record includes the DOI 10.1017/cbo9780511817434 and a URL to the LSE repository.

- [LSE Repository Record](http://eprints.lse.ac.uk/3781/)
- [DOI Information](https://doi.org/10.1017/cbo9780511817434)",0.6,0.4
"Gilbert, R. I. (2011). Energy, sustainability and the transition to a low-carbon economy. *Energy Policy*, *39*(11), 7175–7182.",Energy,gemma_3_12b,needs-human,Reference requires human review.,CONTAINS,CONTRADICTION,MATCH,CONTAINS,ABSENT,A coevolutionary framework for analysing a transition to a sustainable low carbon economy,Timothy J. Foxon,2011.0,Ecological Economics,10.1016/j.ecolecon.2011.07.014,https://doi.org/10.1016/j.ecolecon.2011.07.014,GOOGLE,1.0,1.0,2.0,1.0,0.0,"Energy, sustainability and the transition to a low-carbon economy.",A coevolutionary framework for analysing a transition to a sustainable low carbon economy,"Gilbert, R. I.",Timothy J. Foxon,2011.0,2011.0,Energy Policy,Ecological Economics,,10.1016/j.ecolecon.2011.07.014,0,0,3,GOOGLE,1,"◐ Title | ✗ Authors | ✓ Year | ◐ Venue | ○ ID

### Summary
The reference could not be fully verified because the authors listed do not match, although the article titles and publication year are similar. The title phrase ""transition to a low-carbon economy"" is present in both records, but one is authored by R. I. Gilbert and the other by Timothy J. Foxon. They also appear in different journals.

### Details
A matching record was found with the title ""A coevolutionary framework for analysing a transition to a sustainable low carbon economy"" published in 2011. However, the authors differ: the candidate is by Timothy J. Foxon, while the citation claims R. I. Gilbert as the author. The cited journal is Energy Policy, but the found record is from Ecological Economics. The publication year matches exactly, but no DOI was provided in the original reference to further confirm the citation.

- https://doi.org/10.1016/j.ecolecon.2011.07.014",0.2,0.8
"MacKay, D. J. C. (2008). *Sustainable Energy – Without the Hot Air*. UIT Cambridge.",Energy,gemma_3_12b,verified,"MacKay, D. J. C. (2008). *Sustainable Energy — without the hot air*. UIT Cambridge. https://www.withouthotair.com/",MATCH,MATCH,MATCH,MATCH,ABSENT,Sustainable Energy — without the hot air,David J. C. MacKay,2008.0,UIT Cambridge,,https://www.withouthotair.com/,GOOGLE,4.0,0.0,0.0,1.0,0.0,Sustainable Energy – Without the Hot Air,Sustainable Energy — without the hot air,D. J. C. MacKay,David J. C. MacKay,2008.0,2008.0,UIT Cambridge,UIT Cambridge,,https://www.withouthotair.com/,1,1,1,GOOGLE,0,"✓ Title | ✓ Authors | ✓ Year | ✓ Venue | ○ ID

### Summary
This book, *Sustainable Energy – Without the Hot Air* by David J. C. MacKay, was confirmed as published by UIT Cambridge in 2008. The title, author name, publication year, and publisher all match exactly to the evidence found.

### Details
A matching record was found with the exact title and author name showing ""David J. C. MacKay"" as the author and the publication year is 2008. The publisher UIT Cambridge matches perfectly. Although no DOI was available, multiple sources including the official website (www.withouthotair.com) and related PDFs confirm the publication details. The author is consistently identified and the exact book version with this title from 2008 was confirmed.

- [Official book website](https://www.withouthotair.com/)
- [PDF version at inference.org.uk](http://www.inference.org.uk/sustainable/book/tex/cft.0803.pdf)
- [Academia.edu PDF](https://www.academia.edu/30953572/Sustainable_Energy_without_the_hot_air)",1.0,0.0
"Hoffacker, M., & McKain, G. (2018). The future of energy: Shifting landscapes and emerging technologies. *Issues in Science and Technology*, *34*(3), 39–46.",Energy,gemma_3_12b,unverified,Reference could not be verified.,UNCONFIRMED,UNCONFIRMED,UNCONFIRMED,UNCONFIRMED,UNCONFIRMED,,,,,,,,,,,,,,,,,,,,,,,0,0,0,,0,"? Title | ? Authors | ? Year | ? Venue | ? ID

### Summary
No matching article was found with the title ""The future of energy: Shifting landscapes and emerging technologies"" by Hoffacker and McKain published in 2018 in Issues in Science and Technology. The authors, title, year, and journal could not be confirmed through available databases.

### Details
A search using the title, authors, and year in OpenAlex returned no results. Additional searches via Google and scholarly databases also failed to locate any record matching these details in the given journal or elsewhere. No DOI or other identifier was available to verify the reference. The lack of any potential matches across multiple sources supports the conclusion that the reference could not be verified.

- [OpenAlex](https://openalex.org)
- Google Search results
- Scholarly database search results",0.0,1.0
"Bradshaw, A. H., & Chadwick, E. A. (2016). Habitat fragmentation and its effect on biodiversity loss. *Biological Conservation*, *199*, 49-58.",Environmental Science,gemma_3_12b,unverified,Reference could not be verified.,CONTAINS,CONTRADICTION,CONTAINS,CONTRADICTION,ABSENT,Habitat fragmentation and its lasting impact on Earth’s ecosystems,Nick M. Haddad; Lars A. Brudvig; Jean Clobert; Kendi F. Davies; Andrew Gonzalez; Robert D. Holt; Thomas Ε. Lovejoy; Joe Sexton; Mike P. Austin; Cathy D. Collins; William M. Cook; Ellen I. Damschen; Robert M. Ewers; Bryan L. Foster; Clinton N. Jenkins; Andrew J. King; William F. Laurance; Douglas J. Levey; Chris Margules; Brett A. Melbourne; Anthony Nicholls; John L. Orrock; Dan-Xia Song; John Townshend,2015.0,Science Advances,10.1126/sciadv.1500052,https://doi.org/10.1126/sciadv.1500052,GOOGLE,0.0,2.0,2.0,1.0,0.0,Habitat fragmentation and its effect on biodiversity loss.,Habitat fragmentation and its lasting impact on Earth’s ecosystems,"Bradshaw, A. H.; Chadwick, E. A.",Nick M. Haddad; Lars A. Brudvig; Jean Clobert; Kendi F. Davies; Andrew Gonzalez; Robert D. Holt; Thomas Ε. Lovejoy; Joe Sexton; Mike P. Austin; Cathy D. Collins; William M. Cook; Ellen I. Damschen; Robert M. Ewers; Bryan L. Foster; Clinton N. Jenkins; Andrew J. King; William F. Laurance; Douglas J. Levey; Chris Margules; Brett A. Melbourne; Anthony Nicholls; John L. Orrock; Dan-Xia Song; John Townshend,2016.0,2015.0,Biological Conservation,Science Advances,,10.1126/sciadv.1500052,0,0,1,GOOGLE,0,"◐ Title | ✗ Authors | ◐ Year | ✗ Venue | ○ ID

### Summary
No matching article could be found that corresponds exactly to the reference by Bradshaw and Chadwick (2016) titled ""Habitat fragmentation and its effect on biodiversity loss"" in *Biological Conservation*. The closest found article has a similar title but different authors, publication year, and journal.

### Details
A record was found for an article titled ""Habitat fragmentation and its lasting impact on Earth's ecosystems"" published in 2015 in *Science Advances*. This article has no author overlap with the citation authors Bradshaw and Chadwick, and the journal and year differ from the provided reference. The presence of distinct authors and venue confirms that the cited article could not be verified. 

- https://doi.org/10.1126/sciadv.1500052
- https://pmc.ncbi.nlm.nih.gov/articles/PMC4643828/",0.0,1.0
"Tilman, D., May, R. M., & Lehman, C. L. (1997). Biodiversity and ecosystem stability. *Ecology*, *78*(3), 350-355.",Environmental Science,gemma_3_12b,unverified,Reference requires human review.,MATCH,CONTRADICTION,CONTRADICTION,CONTRADICTION,ABSENT,Biodiversity and ecosystem stability,Jianhui Huang; Han Xing-Guo,1995,Biodiversity Science,10.17520/biods.1995006,,GOOGLE,1.0,0.0,3.0,1.0,0.0,Biodiversity and ecosystem stability,Biodiversity: population versus ecosystem stability,"Tilman, D.; May, R. M.; Lehman, C. L.",D. Tilman,1997.0,1996.0,Ecology,Ecology,,,1,1,2,GOOGLE,0,"◐ Title | ◐ Authors | ◐ Year | ✓ Venue | ○ ID

### Summary
The reference provided is ambiguous and requires human review before verification. While the title and journal match, there are discrepancies in authorship and publication year that prevent full confirmation.

### Details
A candidate article titled ""Biodiversity: population versus ecosystem stability"" by D. Tilman published in Ecology in 1996 was found. This title contains the core terms from the cited title ""Biodiversity and ecosystem stability"" but includes a subtitle that differs slightly. The cited reference lists three authors (Tilman, May, Lehman), but the candidate only includes D. Tilman. The publication year differs by one year (1997 cited vs. 1996 candidate). The journal name ""Ecology"" matches exactly. No digital object identifier (DOI) or direct URL is available for the cited reference, adding to the uncertainty.

- [PubMed article search](https://pubmed.ncbi.nlm.nih.gov/16738658/)
- [Bio-Nica PDF](http://www.bio-nica.info/biblioteca/Tilman1996EcosistemsStability.pdf)
- [University experts page](https://experts.umn.edu/en/publications/biodiversity-population-versus-ecosystem-stability)",0,1
"Post, E., et al. (2009). Shifts in Arctic plant communities and shrub expansion in response to warming. *Ecology*, *90*(8), 2133-2143.",Environmental Science,gemma_3_12b,unverified,Reference could not be verified.,UNCONFIRMED,UNCONFIRMED,UNCONFIRMED,UNCONFIRMED,UNCONFIRMED,,,,,,,,,,,,,,,,,,,,,,,0,0,0,,0,"? Title | ? Authors | ? Year | ? Venue | ? ID

### Summary
No matching article could be found for the reference citing Post et al. (2009) with the title ""Shifts in Arctic plant communities and shrub expansion in response to warming"" published in Ecology. None of the searched databases or search queries returned a record that confirmed this publication.

### Details
Multiple search attempts were made using the article title, author name Post, and publication year 2009 across sources including OpenAlex and Google Scholar. No records matching the full reference were found, and the search results did not reveal any closely related or similarly titled works by the same author in the specified journal or year. Search queries returned unrelated articles and no DOI or definite identifier linked to the claim. These findings indicate that there is no available evidence to confirm the existence of this article as cited.

- [No matching work found on OpenAlex](https://openalex.org)
- [Google Scholar search results](https://scholar.google.com)",0.0,1.0
"Vitousek, P. M., et al. (1997). Human alteration of the global phosphorus cycle: Sources, sinks, and feedback. *Global Change Biology*, *3*(7), 186-201.",Environmental Science,gemma_3_12b,needs-human,Reference requires human review.,CONTRADICTION,CONTAINS,MATCH,CONTAINS,ABSENT,Human alteration of the global nitrogen cycle: sources and consequences,P. M. Vitousek; J. D. Aber; R. W. Howarth,1997.0,Ecological …,,https://esajournals.onlinelibrary.wiley.com/doi/abs/10.1890/1051-0761(1997)007[0737:HAOTGN]2.0.CO;2,GOOGLE,1.0,1.0,2.0,1.0,0.0,"Human alteration of the global phosphorus cycle: Sources, sinks, and feedback",Human alteration of the global nitrogen cycle: sources and consequences,"Vitousek, P. M.",P. M. Vitousek; J. D. Aber; R. W. Howarth,1997.0,1997.0,Global Change Biology,Ecological …,,https://esajournals.onlinelibrary.wiley.com/doi/abs/10.1890/1051-0761(1997)007[0737:HAOTGN]2.0.CO;2,0,0,2,GOOGLE,0,"✗ Title | ◐ Authors | ✓ Year | ◐ Venue | ○ ID

### Summary
This reference could not be confirmed as the one provided. The key subject of the reference appears to be the phosphorus cycle, but the best matching article found discusses the nitrogen cycle instead, despite sharing some authors and the publication year.

### Details
A matching record was found for an article titled ""Human alteration of the global nitrogen cycle: sources and consequences"" authored by P. M. Vitousek and colleagues, published in 1997 in an ecological journal. However, this differs significantly in topic and publication venue from the cited article on the phosphorus cycle in ""Global Change Biology."" No record matching the exact phosphorus cycle title was found in searches or identifier databases.

- [Wiley Online Library: Human alteration of the global nitrogen cycle](https://esajournals.onlinelibrary.wiley.com/doi/abs/10.1890/1051-0761(1997)007[0737:HAOTGN]2.0.CO;2)",0.1,0.9
"Folke, C., et al. (2010). Resilience thinking: Integrating resilience, adaptability and transformability. *Ecology and Society*, *15*(4), 14.",Environmental Science,gemma_3_12b,verified,"Folke, C., Carpenter, S. R., Walker, B., Scheffer, M., Chapin, T., & Rockström, J. (2010). Resilience Thinking: Integrating Resilience, Adaptability and Transformability. *Ecology and Society*, 15(4). https://doi.org/10.5751/es-03610-150420",MATCH,MATCH,MATCH,MATCH,ABSENT,"Resilience Thinking: Integrating Resilience, Adaptability and Transformability",Carl Folke; Stephen R. Carpenter; Brian Walker; Marten Scheffer; Terry Chapin; Johan Rockström,2010.0,Ecology and Society,10.5751/es-03610-150420,https://doi.org/10.5751/es-03610-150420,GOOGLE,4.0,0.0,0.0,1.0,0.0,"Resilience thinking: Integrating resilience, adaptability and transformability","Resilience Thinking: Integrating Resilience, Adaptability and Transformability","Folke, C.",Carl Folke; Stephen R. Carpenter; Brian Walker; Marten Scheffer; Terry Chapin; Johan Rockström,2010.0,2010.0,Ecology and Society,Ecology and Society,,10.5751/es-03610-150420,1,1,1,GOOGLE,0,"✓ Title | ✓ Authors | ✓ Year | ✓ Venue | ○ ID

### Summary
This article was confirmed in Ecology and Society with matching authors and year. The title ""Resilience Thinking: Integrating Resilience, Adaptability and Transformability"" was matched exactly.

### Details
A matching record was found with the exact title and publication year 2010. The citation author ""Folke, C."" corresponds to Carl Folke among multiple authors listed in the evidence, which is consistent with the use of ""et al."" in the citation. The journal name ""Ecology and Society"" also matched exactly. No DOI was present in the citation, but it is available in the evidence as 10.5751/es-03610-150420, confirming the source.

- https://doi.org/10.5751/es-03610-150420",1.0,0.0
"Easterly, W. (2006). The lost decade: Handbook of development economics. *Elsevier*.",Economics,gemma_3_12b,unverified,Reference could not be verified.,CONTRADICTION,MATCH,MATCH,UNCONFIRMED,ABSENT,The white man's burden: Why the West's efforts to aid the rest have done so much ill and so little good,W Easterly,2006.0,,,https://books.google.com/books?hl=en&lr=&id=Dcj_Ju1wICkC&oi=fnd&pg=PA3&dq=Easterly+2006+The+Lost+Decade+Handbook+of+Development+Economics&ots=LgEl7y_vqF&sig=gxqZCZSW9sv1396bawJzhC5ZoJE,GOOGLE,2.0,1.0,0.0,1.0,1.0,The lost decade: Handbook of development economics.,The white man's burden: Why the West's efforts to aid the rest have done so much ill and so little good,"Easterly, W.",W Easterly,2006.0,2006.0,Elsevier,,,https://books.google.com/books?hl=en&lr=&id=Dcj_Ju1wICkC&oi=fnd&pg=PA3&dq=Easterly+2006+The+Lost+Decade+Handbook+of+Development+Economics&ots=LgEl7y_vqF&sig=gxqZCZSW9sv1396bawJzhC5ZoJE,0,0,2,GOOGLE,0,"✗ Title | ✓ Authors | ✓ Year | ? Venue | ○ ID

### Summary
The reference could not be verified because the title given does not match any known work by William Easterly in 2006. Although the author and year match, the title ""The lost decade: Handbook of development economics"" conflicts with the found work titled ""The white man's burden: Why the West's efforts to aid the rest have done so much ill and so little good."" No consistent source confirms this citation.

### Details
A matching author name (W Easterly) and publication year (2006) were found, but the title from the evidence differs significantly from the cited title, indicating they refer to different works. The venue (Elsevier) could not be confirmed. No unique identifier was present to assist verification. The best potential match is Easterly's 2006 book titled ""The white man's burden,"" which has a different topic and title than the citation. This discrepancy led to the conclusion that the reference is unverified.

- [Google Books - The white man's burden](https://books.google.com/books?hl=en&lr=&id=Dcj_Ju1wICkC&oi=fnd&pg=PA3&dq=Easterly+2006+The+Lost+Decade+Handbook+of+Development+Economics&ots=LgEl7y_vqF&sig=gxqZCZSW9sv1396bawJzhC5ZoJE)",0.133,0.867
"Verba, S., Schlozman, K. L., & Brady, H. E. (1995). *Voice and equality: Civic voluntarism in American politics*. Harvard University Press.",Voter turnout,gemma_3_12b,verified,"Verba, S., Schlozman, K. L., & Brady, H. E. (1995). *Voice and equality: civic voluntarism in American politics*. Harvard University Press.",MATCH,MATCH,MATCH,MATCH,ABSENT,Voice and equality: civic voluntarism in American politics,Sidney Verba; Kay Lehman Schlozman; Henry E. Brady,1995.0,Harvard University Press,,https://archive.org/details/voiceequalityciv0000verb,GOOGLE,4.0,0.0,0.0,1.0,0.0,Voice and equality: Civic voluntarism in American politics,Voice and equality: civic voluntarism in American politics,"Verba, S.; Schlozman, K. L.; Brady, H. E.",Sidney Verba; Kay Lehman Schlozman; Henry E. Brady,1995.0,1995.0,Harvard University Press,Harvard University Press,,https://archive.org/details/voiceequalityciv0000verb,1,1,1,GOOGLE,0,"✓ Title | ✓ Authors | ✓ Year | ✓ Venue | ○ ID

### Summary
This book was confirmed as ""Voice and equality: Civic voluntarism in American politics"" published by Harvard University Press in 1995. The authors Sidney Verba, Kay Lehman Schlozman, and Henry E. Brady were matched exactly as listed in the original reference.

### Details
A matching record was found with all key details exactly aligning: the title, authors, year (1995), and publisher (Harvard University Press). The authors' names matched even though different name formats were used (initials vs full names). Although no DOI was provided in the original citation, multiple external sources including library catalogs and archive.org confirmed the book's publication. Relevant URLs include the archive.org page for the book and various online listings confirming the title and authors.

- https://archive.org/details/voiceequalityciv0000verb
- https://www.jstor.org/stable/j.ctv1pnc1k7
- https://www.amazon.com/Voice-Equality-Voluntarism-American-Politics/dp/0674942930",1.0,0.0
"National Research Council. (2000). *How people learn: Brain, mind, experience, and school*. National Academies Press.",Education,gemma_3_12b,needs-human,Reference requires human review.,MATCH,CONTRADICTION,CONTAINS,UNCONFIRMED,ABSENT,"How people learn: Brain, mind, experience, and school.",John D. Bransford; Ann L. Brown; Rodney R. Cocking,1999,,,https://bvbr.bib-bvb.de:443/F?func=service&doc_library=BVB01&local_base=BVB01&doc_number=009133948&sequence=000002&line_number=0001&func_code=DB_RECORDS&service_type=MEDIA,GOOGLE,1,1,1,1,1,"How people learn: Brain, mind, experience, and school","How people learn: Brain, mind, experience, and school.",National Research Council,John D. Bransford; Ann L. Brown; Rodney R. Cocking,2000,1999,National Academies Press,,,https://bvbr.bib-bvb.de:443/F?func=service&doc_library=BVB01&local_base=BVB01&doc_number=009133948&sequence=000002&line_number=0001&func_code=DB_RECORDS&service_type=MEDIA,0,0,1,GOOGLE,0,"✓ Title | ✗ Authors | ◐ Year | ? Venue | ○ ID

### Summary
This reference needs human review because the title ""How people learn: Brain, mind, experience, and school"" was confirmed as an exact match, but the authors differ. The citation credits the National Research Council as author, while the evidence shows individual editors John D. Bransford, Ann L. Brown, and Rodney R. Cocking. The year is close, cited as 2000 with evidence pointing to 1999, and the publisher is largely unconfirmed in the match.

### Details
A matching record was found with the exact book title ""How people learn: Brain, mind, experience, and school."" The citation lists the National Research Council (2000) as the author and publisher (National Academies Press). However, evidence from OpenAlex and official sources identifies individual editors ""John D. Bransford, Ann L. Brown, Rodney R. Cocking"" as the main authors, published in 1999. The official National Academies Press page shows the 2000 expanded edition with the National Research Council as the overseeing body but credits these editors for the content. There is no DOI but a reliable URL to the National Academies Press publication was found.

- [National Academies Press publication](https://www.nationalacademies.org/publications/9853)
- [OpenAlex matching record](https://bvbr.bib-bvb.de:443/F?func=service&doc_library=BVB01&local_base=BVB01&doc_number=009133948&sequence=000002&line_number=0001&func_code=DB_RECORDS&service_type=MEDIA)
- [Official National Academies reading page](https://www.nationalacademies.org/read/9853)",0.167,0.833
