reference,topic,model,svris_status,svris_reference,field_title,field_authors,field_year,field_venue,field_id,candidate_title,candidate_authors,candidate_year,candidate_venue,candidate_doi,candidate_url,candidate_source,candidate_matches,candidate_contradictions,candidate_contains,candidate_absent,candidate_unconfirmed,cmp_title_citation,cmp_title_candidate,cmp_authors_citation,cmp_authors_candidate,cmp_year_citation,cmp_year_candidate,cmp_venue_citation,cmp_venue_candidate,cmp_id_citation,cmp_id_candidate,match_set_size,contained_set_size,total_candidates,sources_queried,processing_time_ms,svris_message,score,error_distance
"Ananny, M. J., & Crawford, K. (2018). Rethinking biometric identity: Social justice, data privacy, and the limits of technological solutionism. *New Media & Society, 20*(5), 1788–1806.",Biometric voter registration,gemma_3_27b,unverified,Reference could not be verified.,UNCONFIRMED,UNCONFIRMED,UNCONFIRMED,UNCONFIRMED,UNCONFIRMED,,,,,,,,,,,,,,,,,,,,,,,0,0,0,,0,"? Title | ? Authors | ? Year | ? Venue | ? ID

### Summary
No matching article could be found for the reference by Ananny and Crawford from 2018 titled ""Rethinking biometric identity: Social justice, data privacy, and the limits of technological solutionism."" None of the key details such as title, authors, year, or journal were confirmed.

### Details
A search in OpenAlex returned no results matching the exact title, authors, or year. Further web searches also did not find any record that directly corresponds to the full citation provided. Various related works referencing similar topics and authors appeared, but none matched exactly with all the details of this article, including the journal name or publication year.

- https://openalex.org
- https://scholar.google.com",0.0,1.0
"Hassan, K. K., & Alam, M. M. (2016). Factors affecting loan repayment performance of microfinance institutions in Bangladesh. *Journal of Business Studies Quarterly*, *7*(2), 102–114.",Microfinance loan repayment,gemma_3_27b,verified,"Hassan, K. K., & Alam. (2016). *Factors affecting loan repayment performance of microfinance institutions in Bangladesh*. *Journal of Business Studies Quarterly*.",MATCH,MATCH,MATCH,MATCH,ABSENT,Factors affecting loan repayment performance of microfinance institutions in Bangladesh,K. K. Hassan; Alam,2016.0,Journal of Business Studies Quarterly,,,GOOGLE,4.0,0.0,0.0,1.0,0.0,Factors affecting loan repayment performance of microfinance institutions in Bangladesh,Factors affecting loan repayment performance of microfinance institutions in Bangladesh,"Hassan, K. K.; Alam, M. M.",K. K. Hassan; Alam,2016.0,2016.0,Journal of Business Studies Quarterly,Journal of Business Studies Quarterly,,,1,1,1,GOOGLE,0,"✓ Title | ✓ Authors | ✓ Year | ✓ Venue | ○ ID

### Summary
This article was confirmed in the Journal of Business Studies Quarterly with matching authors and the publication year 2016. The exact title and journal name were found to match perfectly, confirming the accuracy of the reference.

### Details
A matching record was found where the title ""Factors affecting loan repayment performance of microfinance institutions in Bangladesh"" matches exactly. The authors ""Hassan, K. K."" and ""Alam, M. M."" correspond accurately despite slight formatting differences, and the year 2016 aligns perfectly. The journal name ""Journal of Business Studies Quarterly"" was identical in both the citation and evidence. No DOI or other identifier was present, but the other critical fields confirm this citation as correct.

- https://www.tandfonline.com
- https://www.emerald.com
- https://link.springer.com",1.0,0.0
"Kaboski, J. P., & Townsend, R. M. (2012). The impact of credit on rural households in Thailand. *American Economic Journal: Applied Economics*, *4*(1), 1–34.",Microfinance loan repayment,gemma_3_27b,needs-human,Reference requires human review.,CONTRADICTION,MATCH,MATCH,MATCH,ABSENT,The impact of credit on village economies,J P Kaboski; R M Townsend,2012.0,American Economic Journal: Applied Economics,10.1257/app.4.2.98,https://pubs.aeaweb.org/doi/abs/10.1257/app.4.2.98,GOOGLE,3.0,1.0,0.0,1.0,0.0,The impact of credit on rural households in Thailand.,The impact of credit on village economies,"Kaboski, J. P.; Townsend, R. M.",J P Kaboski; R M Townsend,2012.0,2012.0,American Economic Journal: Applied Economics,American Economic Journal: Applied Economics,,10.1257/app.4.2.98,0,0,2,GOOGLE,0,"✗ Title | ✓ Authors | ✓ Year | ✓ Venue | ○ ID

### Summary
The reference could not be conclusively verified because the main title about credit impact differs in focus and geographic scope from the best available match, despite matching authors, year, and journal. The cited article mentions rural households in Thailand, while the verified one focuses on village economies.

### Details
A matching record with the same authors (Kaboski and Townsend), year (2012), and journal (American Economic Journal: Applied Economics) was found, but the title ""The impact of credit on village economies"" contradicts the queried title ""The impact of credit on rural households in Thailand."" The geographic focus and unit of analysis differ, suggesting they are not the same document. No digital identifier was found to help resolve this discrepancy.

- https://pubs.aeaweb.org/doi/abs/10.1257/app.4.2.98",0.333,0.667
"Khandker, S. R. (2005). Microfinance and poverty: Evidence from Bangladesh. *World Bank Publications*.",Microfinance loan repayment,gemma_3_27b,verified-with-error,"Khandker, S. R. (2005). *Microfinance and Poverty: Evidence Using Panel Data from Bangladesh*. *The World Bank Economic Review*, 19(2), 263-286. https://doi.org/10.1093/wber/lhi008",CONTAINS,MATCH,MATCH,CONTAINS,ABSENT,Microfinance and Poverty: Evidence Using Panel Data from Bangladesh,Shahidur R. Khandker,2005.0,The World Bank Economic Review,10.1093/wber/lhi008,https://doi.org/10.1093/wber/lhi008,GOOGLE,2.0,0.0,2.0,1.0,0.0,Microfinance and poverty: Evidence from Bangladesh,Microfinance and Poverty: Evidence Using Panel Data from Bangladesh,"Khandker, S. R.",Shahidur R. Khandker,2005.0,2005.0,World Bank Publications,The World Bank Economic Review,,10.1093/wber/lhi008,2,2,2,GOOGLE,0,"◐ Title | ✓ Authors | ✓ Year | ◐ Venue | ○ ID

### Summary
The reference was verified but with minor differences found in the details. The author and year matched exactly, and the core part of the title was confirmed, though the verified article includes an extended subtitle ""Using Panel Data"". The venue differs slightly; the original states ""World Bank Publications,"" while the verified source is an article from ""The World Bank Economic Review,"" which are related but distinct entities.

### Details
A matching document was found for Shahidur R. Khandker in 2005 with the title ""Microfinance and Poverty: Evidence Using Panel Data from Bangladesh."" This matches the cited work's key title elements and author, confirming them reliably. The publication year is the same, supporting a strong temporal match. The venue differs as the original cites the publisher ""World Bank Publications,"" whereas the verification found the paper published in the journal ""The World Bank Economic Review,"" published by Oxford University Press for the World Bank. No DOI was originally given; the matched article's DOI is 10.1093/wber/lhi008. URLs from World Bank and Oxford University Press sources provide further evidence.

- https://doi.org/10.1093/wber/lhi008
- https://documents1.worldbank.org/curated/en/284801468013215718/pdf/774910JRN020050ofinance0and0Poverty.pdf",0.733,0.267
"Masuda, T., & Alam, M. M. (2018). The role of social capital in microfinance loan repayment: Evidence from Bangladesh. *Journal of Rural Studies*, *59*, 128–137.",Microfinance loan repayment,gemma_3_27b,unverified,Reference could not be verified.,UNCONFIRMED,UNCONFIRMED,UNCONFIRMED,UNCONFIRMED,UNCONFIRMED,,,,,,,,,,,,,,,,,,,,,,,0,0,0,,0,"? Title | ? Authors | ? Year | ? Venue | ? ID

### Summary
No matching article titled ""The role of social capital in microfinance loan repayment: Evidence from Bangladesh"" by Masuda and Alam from 2018 was found. The reference could not be confirmed in the Journal of Rural Studies or through other searches.

### Details
A search in OpenAlex with the given title, authors, and year returned no matching work. Additionally, a Google Scholar search did not find any article matching the exact title or authors in the specified journal and year. Several unrelated publications mentioning microfinance or Bangladesh appeared, but none corresponded to this reference.

- https://openalex.org
- https://scholar.google.com",0.0,1.0
"Morduch, J. (1999). The microfinance revolution: An overview. *Journal of Economic Literature*, *37*(1), 1565–1594.",Microfinance loan repayment,gemma_3_27b,needs-human,Reference requires human review.,CONTRADICTION,MATCH,MATCH,MATCH,ABSENT,The Microfinance Promise,J Morduch,1999.0,Journal of Economic Literature,10.1257/jel.37.4.1569,https://www.aeaweb.org/articles?id=10.1257/jel.37.4.1569,GOOGLE,3.0,1.0,0.0,1.0,0.0,The microfinance revolution: An overview,The Microfinance Promise,"Morduch, J.",J Morduch,1999.0,1999.0,Journal of Economic Literature,Journal of Economic Literature,,10.1257/jel.37.4.1569,0,0,2,GOOGLE,0,"✗ Title | ✓ Authors | ✓ Year | ✓ Venue | ○ ID

### Summary
The original reference and the found article both list Jonathan Morduch as the author and were published in 1999 in the Journal of Economic Literature. However, the titles differ significantly: the original title is ""The microfinance revolution: An overview,"" while the confirmed article's title is ""The Microfinance Promise."" Because the core subject in the titles is different, the verification result requires human review.

### Details
A matching author and year were found: Jonathan Morduch (J Morduch) in 1999, published in the Journal of Economic Literature. However, the title in the original reference does not match the confirmed article's title. The original mentions ""The microfinance revolution: An overview,"" but the found article is titled ""The Microfinance Promise"" with DOI 10.1257/jel.37.4.1569 and URL https://www.aeaweb.org/articles?id=10.1257/jel.37.4.1569. Multiple searches confirmed that ""The Microfinance Promise"" by Morduch (1999) is the known article in that journal and year, while the other title appears linked to different authors or sources. This inconsistency means manual checking is needed to verify the correct reference.

- https://www.aeaweb.org/articles?id=10.1257/jel.37.4.1569
- https://www.researchgate.net/publication/5047480_The_Microfinance_Revolution_An_Overview",0.333,0.667
"Puhazhendhi, V., & Satyasai, K. J. S. (2016). Factors influencing loan repayment performance of self-help groups in India. *International Journal of Bank Marketing*, *34*(7), 948–964.",Microfinance loan repayment,gemma_3_27b,unverified,Reference could not be verified.,UNCONFIRMED,UNCONFIRMED,UNCONFIRMED,UNCONFIRMED,UNCONFIRMED,,,,,,,,,,,,,,,,,,,,,,,0,0,0,,0,"? Title | ? Authors | ? Year | ? Venue | ? ID

### Summary
No matching article could be found for the reference ""Factors influencing loan repayment performance of self-help groups in India"" by Puhazhendhi and Satyasai from 2016 in the International Journal of Bank Marketing.

### Details
A search using the title, author names, year, and journal name was conducted but did not yield any matching records in OpenAlex or through scholarly search engines. There was no evidence to confirm the title, authors, year, or publication in the specified journal. The search results showed no potential matches or related articles.

- [OpenAlex](https://openalex.org)
- [Google Scholar](https://scholar.google.com)",0.0,1.0
"Rahman, A., & Islam, M. M. (2017). Determinants of loan repayment performance: A study on microfinance institutions in Bangladesh. *Journal of Development Studies*, *53*(6), 938–953.",Microfinance loan repayment,gemma_3_27b,unverified,Reference could not be verified.,CONTRADICTION,CONTRADICTION,MATCH,CONTRADICTION,ABSENT,Can the availability of informal loans be detrimental to microloan repayment?: Some empirical evidence from Bangladesh,A H Khan; H Dewan,2017.0,The Journal of Developing Areas,,https://muse.jhu.edu/pub/51/article/662847/summary,GOOGLE,1.0,3.0,0.0,1.0,0.0,Determinants of loan repayment performance: A study on microfinance institutions in Bangladesh,Can the availability of informal loans be detrimental to microloan repayment?: Some empirical evidence from Bangladesh,"Rahman, A.; Islam, M. M.",A H Khan; H Dewan,2017.0,2017.0,Journal of Development Studies,The Journal of Developing Areas,,https://muse.jhu.edu/pub/51/article/662847/summary,0,0,3,GOOGLE,0,"✗ Title | ✗ Authors | ✓ Year | ✗ Venue | ○ ID

### Summary
No matching article was found that corresponds to the cited reference. The search identified a different 2017 article on a related topic but with different authors and a different journal.

### Details
A search for the article titled ""Determinants of loan repayment performance: A study on microfinance institutions in Bangladesh"" by Rahman, A. and Islam, M. M. published in 2017 did not locate any record matching these authors, title, or journal. Instead, a 2017 article titled ""Can the availability of informal loans be detrimental to microloan repayment?: Some empirical evidence from Bangladesh"" was found, authored by A H Khan and H Dewan and published in ""The Journal of Developing Areas."" The titles and authors do not overlap, and the journals named are different, indicating these are separate works.

- https://muse.jhu.edu/pub/51/article/662847/summary",0.0,1.0
"Yaron, J. (1994). Microcredit: A new approach to poverty alleviation. *World Bank Discussion Papers*, *268*.",Microfinance loan repayment,gemma_3_27b,unverified,Reference could not be verified.,UNCONFIRMED,UNCONFIRMED,UNCONFIRMED,UNCONFIRMED,UNCONFIRMED,,,,,,,,,,,,,,,,,,,,,,,0,0,0,,0,"? Title | ? Authors | ? Year | ? Venue | ? ID

### Summary
No matching record could be found for the reference ""Yaron, J. (1994). Microcredit: A new approach to poverty alleviation. World Bank Discussion Papers, 268."" None of the key details such as the title, author, year, or publication series were confirmed.

### Details
A search using the title, author, and year on OpenAlex returned no matches. Extensive web searches, including queries targeting the exact title and publication number, also failed to find a corresponding World Bank Discussion Paper numbered 268 by J. Yaron in 1994. While other works by J. Yaron related to rural finance and World Bank papers exist, this specific reference does not appear in accessible records or databases.

- https://openalex.org
- https://documents1.worldbank.org
- Google web search results",0.0,1.0
"Bazilian, M., Onyeji, I., Liebreich, M., MacGill, I., Chase, J., Shah, J., ... & Rogner, H. H. (2011). Re-considering the economics of photovoltaic power. *Renewable and Sustainable Energy Reviews, 15*(5), 2683–2692.",Mini-grid electrification,gemma_3_27b,verified-with-error,"Bazilian, M., Onyeji, I., Liebreich, M., MacGill, I., Chase, J., Shah, J., Gielen, D., Arent, D. J., Landfear, D., & Shi, Z. (2013). Re-considering the economics of photovoltaic power. *Renewable Energy*, 53, 329-338. https://doi.org/10.1016/j.renene.2012.11.029",MATCH,MATCH,CONTRADICTION,CONTAINS,ABSENT,Re-considering the economics of photovoltaic power,Morgan Bazilian; Ijeoma Onyeji; Michael Liebreich; I MacGill; J. Chase; Jigar Shah; Dolf Gielen; D. J. Arent; Doug Landfear; Shi Zhengrong,2013.0,Renewable Energy,10.1016/j.renene.2012.11.029,https://doi.org/10.1016/j.renene.2012.11.029,GOOGLE,2.0,1.0,1.0,1.0,0.0,Re-considering the economics of photovoltaic power,Re-considering the economics of photovoltaic power,"Bazilian, M.; Onyeji, I.; Liebreich, M.; MacGill, I.; Chase, J.; Shah, J.; Rogner, H. H.",Morgan Bazilian; Ijeoma Onyeji; Michael Liebreich; I MacGill; J. Chase; Jigar Shah; Dolf Gielen; D. J. Arent; Doug Landfear; Shi Zhengrong,2011.0,2013.0,Renewable and Sustainable Energy Reviews,Renewable Energy,,10.1016/j.renene.2012.11.029,0,0,1,GOOGLE,0,"✓ Title | ✓ Authors | ✗ Year | ◐ Venue | ○ ID

### Summary
This reference was confirmed but with some discrepancies. The article titled ""Re-considering the economics of photovoltaic power"" was found, authored by many of the same researchers, though there are additional authors and the source journal and year differ slightly from the original.

### Details
A matching record was found with the exact same title and significant author overlap, including Morgan Bazilian, Ijeoma Onyeji, and Michael Liebreich, though the verified record lists more authors and excludes Rogner H.H. The year of publication is 2013, two years later than the provided 2011 date. Also, the original cited journal ""Renewable and Sustainable Energy Reviews"" differs from the verified journal ""Renewable Energy,"" though both are Elsevier publications. No DOI was present in the original reference, but the verified article includes https://doi.org/10.1016/j.renene.2012.11.029.

- https://doi.org/10.1016/j.renene.2012.11.029",0.5,0.5
"Chaurey, A., Kumar, A., & Kandpal, T. C. (2010). Assessment of rural electrification through renewable energy sources–A case study of a remote village in Uttarakhand, India. *Energy, 35*(4), 1634–1641.",Mini-grid electrification,gemma_3_27b,needs-human,Reference requires human review.,CONTRADICTION,CONTAINS,MATCH,CONTAINS,ABSENT,Assessment and evaluation of PV based decentralized rural electrification: An overview,A Chaurey; T C Kandpal,2010.0,Renewable and Sustainable Energy Reviews,,https://ideas.repec.org/a/eee/rensus/v14y2010i8p2266-2278.html,GOOGLE,1.0,1.0,2.0,1.0,0.0,"Assessment of rural electrification through renewable energy sources–A case study of a remote village in Uttarakhand, India.",Assessment and evaluation of PV based decentralized rural electrification: An overview,"Chaurey, A.; Kumar, A.; Kandpal, T. C.",A Chaurey; T C Kandpal,2010.0,2010.0,Energy,Renewable and Sustainable Energy Reviews,,https://ideas.repec.org/a/eee/rensus/v14y2010i8p2266-2278.html,0,0,2,GOOGLE,1,"✗ Title | ◐ Authors | ✓ Year | ◐ Venue | ○ ID

### Summary
The reference could not be conclusively verified because the titles differ significantly. While the authors Chaurey and Kandpal appear in both sources from 2010, the cited article involves three authors including Kumar, and the suggested match has only two authors. The venues differ as well, with one article published in *Energy* and the other in *Renewable and Sustainable Energy Reviews*.

### Details
A potential match was found from 2010 involving authors Chaurey and Kandpal but missing Kumar. The title differs notably: the citation mentions a detailed case study on rural electrification in Uttarakhand, India, whereas the candidate article provides an overview of PV-based decentralized rural electrification. The cited article is listed in *Energy* journal, while the other is in *Renewable and Sustainable Energy Reviews*. No DOI was found to help verify the exact document. Due to these contradicting details, human review is needed.

- [OpenAlex search result](https://openalex.org)
- [Potential match on RePEc](https://ideas.repec.org/a/eee/rensus/v14y2010i8p2266-2278.html)",0.1,0.9
"Dinesh, A., & Sahu, S. K. (2018). Mini-grid development for rural electrification: A review of policies and business models. *Renewable and Sustainable Energy Reviews, 81*, 1418–1430.",Mini-grid electrification,gemma_3_27b,unverified,Reference could not be verified.,CONTRADICTION,CONTRADICTION,MATCH,MATCH,ABSENT,Electrification of Sub-Saharan Africa through PV/hybrid mini-grids: Reducing the gap between current business models and on-site experience,Magda Moner‐Girona; M. Solano-Peralta; Marilena Lazopoulou; Emmanuel Ackom; Xavier Vallvé; S. Szabó,2018.0,Renewable and Sustainable Energy Reviews,10.1016/j.rser.2018.04.018,https://doi.org/10.1016/j.rser.2018.04.018,GOOGLE,2.0,2.0,0.0,1.0,0.0,Mini-grid development for rural electrification: A review of policies and business models,Electrification of Sub-Saharan Africa through PV/hybrid mini-grids: Reducing the gap between current business models and on-site experience,"Dinesh, A.; Sahu, S. K.",Magda Moner‐Girona; M. Solano-Peralta; Marilena Lazopoulou; Emmanuel Ackom; Xavier Vallvé; S. Szabó,2018.0,2018.0,Renewable and Sustainable Energy Reviews,Renewable and Sustainable Energy Reviews,,10.1016/j.rser.2018.04.018,0,0,1,GOOGLE,0,"✗ Title | ✗ Authors | ✓ Year | ✓ Venue | ○ ID

### Summary
The cited article could not be confirmed as the exact work by Dinesh, A., & Sahu, S. K. from 2018. The verification search instead found a different article published in the same journal and year but with completely different authors and a different topic.

### Details
A matching record was found in the journal Renewable and Sustainable Energy Reviews from 2018, but the title, authors, and focus differed. The found article is titled ""Electrification of Sub-Saharan Africa through PV/hybrid mini-grids: Reducing the gap between current business models and on-site experience"" by Moner‐Girona et al., which does not have any author overlap with Dinesh and Sahu. The year 2018 and journal match exactly, but the main subjects and authors do not correspond. No DOI or identifier was provided in the original reference to aid verification.

- https://doi.org/10.1016/j.rser.2018.04.018",0.0,1.0
"Esteban, J., & González-Bravo, A. (2016). Mini-grids for rural electrification: A review of technical, economic and social aspects. *Renewable and Sustainable Energy Reviews, 65*, 1162–1179.",Mini-grid electrification,gemma_3_27b,unverified,Reference could not be verified.,UNCONFIRMED,UNCONFIRMED,UNCONFIRMED,UNCONFIRMED,UNCONFIRMED,,,,,,,,,,,,,,,,,,,,,,,0,0,0,,0,"? Title | ? Authors | ? Year | ? Venue | ? ID

### Summary
No matching article titled ""Mini-grids for rural electrification: A review of technical, economic and social aspects"" by Esteban, J. and González-Bravo, A. from 2016 was found. The reference could not be confirmed in any database or search.

### Details
A search was performed using the article title, author names, and publication year, but no matching record was found on OpenAlex or via a detailed web search. The year 2016 and authors Esteban, J. and González-Bravo, A. did not correspond to any available entries. There were no relevant matches in the journal ""Renewable and Sustainable Energy Reviews"" or similar sources.

- [OpenAlex](https://openalex.org)
- [Google search results](https://www.google.com/search?q=Esteban+J.+Gonz%C3%A1lez-Bravo+2016+Mini-grids+for+rural+electrification%3A+A+review+of+technical%2C+economic+and+social+aspects+Renewable+and+Sustainable+Energy+Reviews+65+1162+1179)",0.0,1.0
"Aghion, P., Algan, Y., & Cahuc, P. (2003). Trust, contractual gaps and economic development. *European Economic Review*, *47*(4), 681–710.",Microfinance loan repayment,gemma_3_27b,unverified,Reference could not be verified.,CONTRADICTION,MATCH,CONTRADICTION,UNCONFIRMED,ABSENT,REGULATION AND DISTRUST PHILIPPE AGHION YANN ALGAN PIERRE CAHUC,P Aghion; Y Algan; P Cahuc,2010.0,,,http://houdekpetr.cz/!data/public_html/papers/economics_psychology/Aghion%20et%20al%202010.pdf,GOOGLE,1.0,2.0,0.0,1.0,1.0,"Trust, contractual gaps and economic development.",REGULATION AND DISTRUST PHILIPPE AGHION YANN ALGAN PIERRE CAHUC,"Aghion, P.; Algan, Y.; Cahuc, P.",P Aghion; Y Algan; P Cahuc,2003.0,2010.0,European Economic Review,,,http://houdekpetr.cz/!data/public_html/papers/economics_psychology/Aghion%20et%20al%202010.pdf,0,0,3,GOOGLE,0,"✗ Title | ✓ Authors | ✗ Year | ? Venue | ○ ID

### Summary
The reference could not be verified as the article titled ""Trust, contractual gaps and economic development"" from 2003 does not match available records. While the authors Aghion, Algan, and Cahuc were confirmed, the title and year differ from existing documents.

### Details
A matching record was not found for the 2003 article titled ""Trust, contractual gaps and economic development."" The authors matched exactly (Aghion, Algan, Cahuc) but the year differs significantly (2003 vs. 2010) and the title found is ""Regulation and Distrust,"" focusing on a different subject. The journal ""European Economic Review"" was unconfirmed. No DOI or identifier was available for further confirmation.

- [Link to related 2010 paper PDF](http://houdekpetr.cz/!data/public_html/papers/economics_psychology/Aghion%20et%20al%202010.pdf)",0.0,1.0
"Fischer, D., & Shah, J. (2011). Mini-grids for rural electrification: A review of lessons learned and future directions. *Energy Policy, 39*(12), 7338–7349.",Mini-grid electrification,gemma_3_27b,unverified,Reference could not be verified.,UNCONFIRMED,UNCONFIRMED,UNCONFIRMED,UNCONFIRMED,UNCONFIRMED,,,,,,,,,,,,,,,,,,,,,,,0,0,0,,0,"? Title | ? Authors | ? Year | ? Venue | ? ID

### Summary
No matching article with the title ""Mini-grids for rural electrification: A review of lessons learned and future directions"" by Fischer and Shah in 2011 was found in recognized databases or scholarly searches. Therefore, this reference could not be verified.

### Details
A search was performed on OpenAlex with the given title, authors, and year, but no matching record was found. Additional queries through scholarly search engines did not identify any work corresponding exactly to this reference. The searches did find other works related to mini-grids, rural electrification, and renewable energy authored by others or in different years, but none matched all the key details of this citation.

- https://openalex.org
- Various scholarly search results from Google Scholar and others",0.0,1.0
"Karekezi, S., & Kithyoma, W. (2002). Mini-grids for rural electrification in Africa: A status report. *African Energy Policy Research Network. Technical Report*.",Mini-grid electrification,gemma_3_27b,unverified,Reference could not be verified.,CONTRADICTION,MATCH,MATCH,CONTRADICTION,ABSENT,Renewable energy strategies for rural Africa: Is a PV-led renewable energy strategy the right approach for providing modern energy to the rural poor to sub-Saharan Africa,S. Karekezi; W. Kithyoma,2002.0,ResearchGate / Scirp listing (from search result),,https://www.researchgate.net/publication/222671982_Renewable_energy_strategies_for_rural_Africa_Is_a_PV-led_renewable_energy_strategy_the_right_approach_for_providing_modern_energy_to_the_rural_poor_to_sub-Saharan_Africa,GOOGLE,2.0,2.0,0.0,1.0,0.0,Mini-grids for rural electrification in Africa: A status report,Renewable energy strategies for rural Africa: Is a PV-led renewable energy strategy the right approach for providing modern energy to the rural poor to sub-Saharan Africa,"Karekezi, S.; Kithyoma, W.",S. Karekezi; W. Kithyoma,2002.0,2002.0,African Energy Policy Research Network,ResearchGate / Scirp listing (from search result),,https://www.researchgate.net/publication/222671982_Renewable_energy_strategies_for_rural_Africa_Is_a_PV-led_renewable_energy_strategy_the_right_approach_for_providing_modern_energy_to_the_rural_poor_to_sub-Saharan_Africa,0,0,2,GOOGLE,0,"✗ Title | ✓ Authors | ✓ Year | ✗ Venue | ○ ID

### Summary
No matching reference was found for the cited report titled ""Mini-grids for rural electrification in Africa: A status report"" by Karekezi and Kithyoma (2002). Although the authors and year align, the available sources refer to a different publication focused on renewable energy strategies rather than mini-grid status.

### Details
A matching record was not found on OpenAlex or other academic databases for the cited title. The two author names (Karekezi, S., and Kithyoma, W.) and the year 2002 were confirmed as matching. However, the title found in search results instead involved renewable energy strategies for rural Africa, not mini-grids specifically. Additionally, the venue information did not align; the citation refers to a technical report from the African Energy Policy Research Network, but the closest evidence is a listing on ResearchGate or SCIRP, which reflects a different document. No identifiers such as DOI were found.

- [ResearchGate listing](https://www.researchgate.net/publication/222671982_Renewable_energy_strategies_for_rural_Africa_Is_a_PV-led_renewable_energy_strategy_the_right_approach_for_providing_modern_energy_to_the_rural_poor_to_sub-Saharan_Africa)
- [SCIRP reference](https://www.scirp.org/reference/referencespapers?referenceid=3656469)",0.0,1.0
"Lund, H., & Østergaard, S. (2004). Distributed generation and smart grids: A review of the literature. *Progress in Energy and Combustion Science, 30*(4), 385–404.",Mini-grid electrification,gemma_3_27b,unverified,Reference could not be verified.,CONTAINS,UNCONFIRMED,UNCONFIRMED,UNCONFIRMED,ABSENT,DISTRIBUTED GENERATION AND SMART GRID,,,,,https://www.researchgate.net/publication/347425042_DISTRIBUTED_GENERATION_AND_SMART_GRID,GOOGLE,0.0,0.0,1.0,1.0,3.0,Distributed generation and smart grids: A review of the literature,DISTRIBUTED GENERATION AND SMART GRID,"Lund, H.; Østergaard, S.",,2004.0,,Progress in Energy and Combustion Science,,,https://www.researchgate.net/publication/347425042_DISTRIBUTED_GENERATION_AND_SMART_GRID,0,1,3,GOOGLE,0,"◐ Title | ? Authors | ? Year | ? Venue | ○ ID

### Summary
No matching article by Lund and Østergaard from 2004 titled ""Distributed generation and smart grids: A review of the literature"" could be confirmed. While the core phrase in the title was found in a related document, other key details such as authors, year, and journal could not be verified.

### Details
A record with a similar title ""DISTRIBUTED GENERATION AND SMART GRID"" was identified, but it lacks matching author and year information. The original title's subtitle was missing in the candidate, and there was a slight variation between ""grids"" and ""grid"". Searches in the OpenAlex database and broader web queries found no exact match for this citation in ""Progress in Energy and Combustion Science"" for 2004. Relevant links include a related ResearchGate publication that shows partial title overlap but insufficient bibliographic details to confirm this exact reference.

- https://www.researchgate.net/publication/347425042_DISTRIBUTED_GENERATION_AND_SMART_GRID",0.167,0.833
"Ravi, S., & Singh, A. (2014). Rural electrification through renewable energy sources: A case study of India. *International Journal of Energy and Environmental Engineering, 5*(3), 229–238.",Mini-grid electrification,gemma_3_27b,unverified,Reference could not be verified.,UNCONFIRMED,UNCONFIRMED,UNCONFIRMED,UNCONFIRMED,UNCONFIRMED,,,,,,,,,,,,,,,,,,,,,,,0,0,0,,0,"? Title | ? Authors | ? Year | ? Venue | ? ID

### Summary
No matching article titled ""Rural electrification through renewable energy sources: A case study of India"" by authors Ravi and Singh published in 2014 could be found. The verification process found no confirmed matches for the title, authors, year, or journal.

### Details
A search on OpenAlex and academic databases found no record corresponding to this specific article. The year 2014, author names, and exact title did not match any documents in the available sources. Related articles on rural electrification and renewable energy in India exist but none matched all citation details exactly.

- [OpenAlex](https://openalex.org)
- Various academic search results as per the full evidence dossier",0.0,1.0
"Sovacool, B. K. (2009). Contextualizing smart grids: Assessing the socio-technical challenges of electricity infrastructure transitions. *Utilities Policy, 17*(4), 117–126.",Mini-grid electrification,gemma_3_27b,unverified,Reference could not be verified.,UNCONFIRMED,UNCONFIRMED,UNCONFIRMED,UNCONFIRMED,UNCONFIRMED,,,,,,,,,,,,,,,,,,,,,,,0,0,0,,0,"? Title | ? Authors | ? Year | ? Venue | ? ID

### Summary
No matching article by Sovacool from 2009 titled ""Contextualizing smart grids: Assessing the socio-technical challenges of electricity infrastructure transitions"" was found in the queried databases or search results. The reference could not be confirmed in Utilities Policy or other sources.

### Details
A search using the article title, author name, and year yielded no matching records in OpenAlex. Google search queries returned related content on smart grids and socio-technical challenges but no exact match to this specific article. Scholar search results included works by Sovacool and related topics, but none matched the given title or publication year exactly.

- https://openalex.org
- https://www.sciencedirect.com
- https://scholar.google.com",0.0,1.0
"Liao, S., & Li, D. (2017). Mobile banking adoption: A comprehensive review of technology acceptance models. *International Journal of Information Management, 37*(6), 503–513.",Mobile banking,gemma_3_27b,unverified,Reference could not be verified.,CONTRADICTION,CONTRADICTION,MATCH,CONTRADICTION,ABSENT,Literature review of mobile banking and individual performance,C Tam; T Oliveira,2017.0,International Journal of Bank Marketing,,https://www.emerald.com/ijbm/article-abstract/35/7/1044/110823,GOOGLE,1.0,3.0,0.0,1.0,0.0,Mobile banking adoption: A comprehensive review of technology acceptance models.,Literature review of mobile banking and individual performance,"Liao, S.; Li, D.",C Tam; T Oliveira,2017.0,2017.0,International Journal of Information Management,International Journal of Bank Marketing,,https://www.emerald.com/ijbm/article-abstract/35/7/1044/110823,0,0,2,GOOGLE,0,"✗ Title | ✗ Authors | ✓ Year | ✗ Venue | ○ ID

### Summary
No matching article could be found for the reference by Liao and Li (2017) titled ""Mobile banking adoption: A comprehensive review of technology acceptance models."" Although the year 2017 matches, the title, authors, and journal details differ significantly from available records.

### Details
A matching record was not found for this specific article. The title provided focuses on mobile banking adoption and technology acceptance models, but the closest found article with the same year relates instead to mobile banking and individual performance. Additionally, the author names differ completely between the citation (Liao, S. and Li, D.) and found works (Tam, C. and Oliveira, T.). The journals also do not align, with the citation listing the ""International Journal of Information Management"" while the best candidate appeared in the ""International Journal of Bank Marketing."" No digital object identifier (DOI) or other identifiers were available to support a match.

- https://www.emerald.com/ijbm/article-abstract/35/7/1044/110823
- https://link.springer.com
- https://www.tandfonline.com
- https://www.sciencedirect.com",0.0,1.0
"Zhou, L., Lu, Y., & Wang, L. (2018). Exploring the factors influencing consumers’ continuous intention to use mobile banking services. *Electronic Commerce Research and Applications, 28*, 128–139.",Mobile banking,gemma_3_27b,unverified,Reference could not be verified.,CONTRADICTION,CONTRADICTION,MATCH,CONTRADICTION,ABSENT,Exploring the influential factors of continuance intention to use mobile Apps: Extending the expectation confirmation model,Carlos Tam; Diogo Soares dos Santos; Tiago Oliveira,2018.0,Information Systems Frontiers,10.1007/s10796-018-9864-5,https://doi.org/10.1007/s10796-018-9864-5,GOOGLE,1.0,3.0,0.0,1.0,0.0,Exploring the factors influencing consumers’ continuous intention to use mobile banking services.,Exploring the influential factors of continuance intention to use mobile Apps: Extending the expectation confirmation model,"Zhou, L.; Lu, Y.; Wang, L.",Carlos Tam; Diogo Soares dos Santos; Tiago Oliveira,2018.0,2018.0,Electronic Commerce Research and Applications,Information Systems Frontiers,,10.1007/s10796-018-9864-5,0,0,2,GOOGLE,0,"✗ Title | ✗ Authors | ✓ Year | ✗ Venue | ○ ID

### Summary
No matching article could be found for the reference by Zhou, Lu, and Wang (2018) titled ""Exploring the factors influencing consumers’ continuous intention to use mobile banking services"" in the journal Electronic Commerce Research and Applications. There were significant discrepancies in the title, authors, and journal when compared to available records.

### Details
The year 2018 matched exactly between the citation and candidate records. However, the title presented in the citation differed notably from the closest found article, which is about ""continuance intention to use mobile Apps"" rather than mobile banking services. Furthermore, the authors listed in the citation (Zhou, L.; Lu, Y.; Wang, L.) do not overlap with those of the closest candidate article (Carlos Tam, Diogo Soares dos Santos, Tiago Oliveira). The journal names also differ, with the cited work indicating Electronic Commerce Research and Applications, while the available record is from Information Systems Frontiers. No DOI or identifier was provided in the citation to help confirm the match. Extensive search efforts including academic databases and Google did not retrieve any matching article.

- https://doi.org/10.1007/s10796-018-9864-5",0.0,1.0
"Oliveira, T., Thomas, M., Baptista, G., & Esposito, V. (2014). Mobile banking: Risk, security and the consumer. *Computers & Security, 45*, 1–13.",Mobile banking,gemma_3_27b,unverified,Reference could not be verified.,CONTRADICTION,CONTRADICTION,MATCH,CONTRADICTION,ABSENT,Systematic Literature Review: Security Challenges of Mobile Banking and Payments System,Md. Shoriful Islam,2014.0,International Journal of u- and e- Service Science and Technology,10.14257/ijunesst.2014.7.6.10,https://doi.org/10.14257/ijunesst.2014.7.6.10,GOOGLE,1.0,3.0,0.0,1.0,0.0,"Mobile banking: Risk, security and the consumer.",Systematic Literature Review: Security Challenges of Mobile Banking and Payments System,"Oliveira, T.; Thomas, M.; Baptista, G.; Esposito, V.",Md. Shoriful Islam,2014.0,2014.0,Computers & Security,International Journal of u- and e- Service Science and Technology,,10.14257/ijunesst.2014.7.6.10,0,0,2,GOOGLE,0,"✗ Title | ✗ Authors | ✓ Year | ✗ Venue | ○ ID

### Summary
No matching article could be found for the given reference by Oliveira et al. (2014) titled ""Mobile banking: Risk, security and the consumer"" published in *Computers & Security*. The available evidence points to a different 2014 article on mobile banking security by Md. Shoriful Islam in another journal.

### Details
A search found no records matching the exact authors, title, or journal of the cited article. While the year 2014 matches, the title does not correspond to the citation: the found article discusses a systematic literature review on mobile banking security challenges rather than risk, security, and consumer aspects. Also, the authors do not overlap; the citation lists Oliveira, Thomas, Baptista, Esposito, while the found article is by Md. Shoriful Islam. Additionally, the journal titles differ significantly: *Computers & Security* versus *International Journal of u- and e- Service Science and Technology*. No DOI was available for the cited reference to aid verification.

- https://doi.org/10.14257/ijunesst.2014.7.6.10
- https://www.researchgate.net
- https://digitalcommons.usf.edu",0.0,1.0
"Kim, D. J., Ferrin, D. L., & Rao, H. R. (2009). Trust and satisfaction in mobile banking: A structural equation modeling approach. *Information Systems and e-Business Management, 7*(4), 323–338.",Mobile banking,gemma_3_27b,unverified,Reference could not be verified.,CONTRADICTION,MATCH,MATCH,CONTRADICTION,ABSENT,"Trust and satisfaction, two stepping stones for successful e-commerce relationships: A longitudinal exploration",D J Kim; D L Ferrin; H R Rao,2009.0,Information systems research,,https://pubsonline.informs.org/doi/abs/10.1287/isre.1080.0188,GOOGLE,2.0,2.0,0.0,1.0,0.0,Trust and satisfaction in mobile banking: A structural equation modeling approach,"Trust and satisfaction, two stepping stones for successful e-commerce relationships: A longitudinal exploration","Kim, D. J.; Ferrin, D. L.; Rao, H. R.",D J Kim; D L Ferrin; H R Rao,2009.0,2009.0,Information Systems and e-Business Management,Information systems research,,https://pubsonline.informs.org/doi/abs/10.1287/isre.1080.0188,0,0,1,GOOGLE,0,"✗ Title | ✓ Authors | ✓ Year | ✗ Venue | ○ ID

### Summary
The referenced article could not be confirmed as presented. While the authors (Kim, Ferrin, Rao) and year (2009) matched perfectly, the title and publication venue differed significantly, indicating these are two distinct works.

### Details
A matching record was found for an article titled ""Trust and satisfaction, two stepping stones for successful e-commerce relationships: A longitudinal exploration"" published in 2009 in the journal Information Systems Research with the same three authors. However, the original reference cites an article titled ""Trust and satisfaction in mobile banking: A structural equation modeling approach"" in Information Systems and e-Business Management. These differences in title focus and journal name show that the cited work does not correspond to the verified article found.

- https://pubsonline.informs.org/doi/abs/10.1287/isre.1080",0.0,1.0
"Akturan, U. (2009). Is the mobile banking adoption intention related to perceived compatibility? *International Journal of E-Commerce, 13*(3), 53–72.",Mobile banking,gemma_3_27b,unverified,Reference could not be verified.,UNCONFIRMED,UNCONFIRMED,UNCONFIRMED,UNCONFIRMED,UNCONFIRMED,,,,,,,,,,,,,,,,,,,,,,,0,0,0,,0,"? Title | ? Authors | ? Year | ? Venue | ? ID

### Summary
No matching article titled ""Is the mobile banking adoption intention related to perceived compatibility?"" by U. Akturan from 2009 could be found in the searched databases or archives.

### Details
A search in OpenAlex for the exact title, author, and year returned no results. Scholarly search retrieved multiple related works discussing mobile banking adoption and perceived compatibility, some referencing Akturan in other works, but none matching the given reference's title or year exactly. No exact match for the journal or article was identified.

Sources:
- [OpenAlex](https://openalex.org/)
- Search results from scholarly databases and archives",0.0,1.0
"Luarn, P., & Lin, H. J. (2005). Toward a theoretical framework of mobile banking acceptance. *International Journal of Service Industry Management, 16*(5), 460–479.",Mobile banking,gemma_3_27b,needs-human,Reference requires human review.,CONTAINS,MATCH_WITH_TYPO,MATCH,CONTRADICTION,ABSENT,Toward an understanding of the behavioral intention to use mobile banking,P. Luarn; H. H. Lin,2005.0,Computers in Human Behavior,,https://www.researchgate.net/publication/223442859_Toward_an_understanding_of_the_behavioral_intention_to_use_mobile_banking,GOOGLE,2.0,1.0,1.0,1.0,0.0,Toward a theoretical framework of mobile banking acceptance.,Toward an understanding of the behavioral intention to use mobile banking,"Luarn, P.; Lin, H. J.",P. Luarn; H. H. Lin,2005.0,2005.0,International Journal of Service Industry Management,Computers in Human Behavior,,https://www.researchgate.net/publication/223442859_Toward_an_understanding_of_the_behavioral_intention_to_use_mobile_banking,0,0,1,GOOGLE,1,"◐ Title | ✓ Authors | ✓ Year | ✗ Venue | ○ ID

### Summary
This reference needs human review because the article's authors and publication year match closely, but there is a conflict regarding the journal name. The authors Luarn and Lin (with a minor difference in the middle initial) and the year 2005 are consistent, suggesting a strong match, yet the journal titles differ significantly.

### Details
A likely match was found titled ""Toward an understanding of the behavioral intention to use mobile banking"" by P. Luarn and H. H. Lin, published in 2005 in the journal Computers in Human Behavior. This matches the author names (except for a middle initial discrepancy) and exact year. However, the original reference cites the International Journal of Service Industry Management, which conflicts with the found venue. The article titles share the core topic of mobile banking acceptance and use, with wording differences but similar thematic content. No digital object identifier (DOI) is available for exact identification.

- https://www.researchgate.net/publication/223442859_Toward_an_understanding_of_the_behavioral_intention_to_use_mobile_banking",0.167,0.833
"Sathye, M. (2016). Adoption of mobile banking in Australia: An exploratory study. *Journal of Financial Services Marketing, 21*(1), 62–73.",Mobile banking,gemma_3_27b,needs-human,Reference requires human review.,CONTAINS,CONTRADICTION,CONTAINS,CONTAINS,ABSENT,Investigating the factors influencing the adoption of m-banking: a cross cultural study,Gary Mortimer; Larry Neale; Syed Fazal e Hasan; Benjamin Dunphy,2015.0,International Journal of Bank Marketing,10.1108/ijbm-07-2014-0100,https://doi.org/10.1108/ijbm-07-2014-0100,GOOGLE,0.0,1.0,3.0,1.0,0.0,Adoption of mobile banking in Australia: An exploratory study.,Investigating the factors influencing the adoption of m-banking: a cross cultural study,"Sathye, M.",Gary Mortimer; Larry Neale; Syed Fazal e Hasan; Benjamin Dunphy,2016.0,2015.0,Journal of Financial Services Marketing,International Journal of Bank Marketing,,10.1108/ijbm-07-2014-0100,0,0,2,GOOGLE,0,"◐ Title | ✗ Authors | ◐ Year | ◐ Venue | ○ ID

### Summary
The reference could not be conclusively verified as matching with the found candidate record due to significant differences in the listed authors. While the titles and publication years are similar, the authors of the candidate article do not overlap with the cited author Sathye, M. Thus, this reference requires human review for confirmation.

### Details
A matching candidate article was found titled ""Investigating the factors influencing the adoption of m-banking: a cross cultural study"" published in 2015 in the International Journal of Bank Marketing. This matches closely in topic and year with the original reference ""Adoption of mobile banking in Australia: An exploratory study"" published in 2016 in the Journal of Financial Services Marketing. However, there is a contradiction in authorship: the cited author Sathye, M. does not appear among the candidate’s authors Gary Mortimer, Larry Neale, Syed Fazal e Hasan, and Benjamin Dunphy. No unique identifier like a DOI is available in the original citation to assist verification. This discrepancy suggests these are different works despite the thematic and temporal proximity.

- https://doi.org/10.1108/ijbm-07-2014-0100",0.1,0.9
"Yang, K., Pang, C., Liu, Y., & Zhou, Y. (2015). The impact of perceived risk on mobile banking adoption: An empirical study in China. *Asia Pacific Journal of Information Systems, 25*(2), 188–206.",Mobile banking,gemma_3_27b,unverified,Reference could not be verified.,CONTRADICTION,UNCONFIRMED,UNCONFIRMED,UNCONFIRMED,ABSENT,Exploring user adoption of mobile banking: an empirical study in China,,,,,https://www.academia.edu/5382511/Exploring_user_adoption_of_mobile_banking_an_empirical_study_in_China,GOOGLE,0.0,1.0,0.0,1.0,3.0,The impact of perceived risk on mobile banking adoption: An empirical study in China,Exploring user adoption of mobile banking: an empirical study in China,"Yang, K.; Pang, C.; Liu, Y.; Zhou, Y.",,2015.0,,Asia Pacific Journal of Information Systems,,,https://www.academia.edu/5382511/Exploring_user_adoption_of_mobile_banking_an_empirical_study_in_China,0,0,2,GOOGLE,0,"✗ Title | ? Authors | ? Year | ? Venue | ○ ID

### Summary
No matching article could be found for the reference provided. The title in the citation focuses specifically on the impact of perceived risk on mobile banking adoption in China, but the best found match centers on a more general exploration of user adoption in mobile banking, indicating they are different works.

### Details
A search was performed but no exact matches were identified in academic databases such as OpenAlex. The closest record found was titled ""Exploring user adoption of mobile banking: an empirical study in China,"" which differs in scope from the cited title. The authors and year from the citation could not be confirmed either, as the potential match lacked these details. No digital object identifier (DOI) or other identifying information was available to support verification.

- [OpenAlex search](https://openalex.org)
- [Academia.edu link to closest match](https://www.academia.edu/5382511/Exploring_user_adoption_of_mobile_banking_an_empirical_study_in_China)",0.0,1.0
"Jacobson, A. K., & Kammen, D. M. (2010). Modeling the energy supply sector with high penetration of intermittent renewable energy sources. *Energy Policy, 38*(5), 2339–2355.",Mini-grid electrification,gemma_3_27b,unverified,Reference could not be verified.,CONTRADICTION,UNCONFIRMED,MATCH,MATCH,ABSENT,Putting renewables and energy efficiency to work How many jobs ...,,2010.0,Energy Policy,,https://rael.berkeley.edu/wp-content/uploads/2015/04/WeiPatadiaKammen_CleanEnergyJobs_EPolicy2010.pdf,GOOGLE,2.0,1.0,0.0,1.0,1.0,Modeling the energy supply sector with high penetration of intermittent renewable energy sources.,Putting renewables and energy efficiency to work How many jobs ...,"Jacobson, A. K.; Kammen, D. M.",,2010.0,2010.0,Energy Policy,Energy Policy,,https://rael.berkeley.edu/wp-content/uploads/2015/04/WeiPatadiaKammen_CleanEnergyJobs_EPolicy2010.pdf,0,0,3,GOOGLE,1,"✗ Title | ? Authors | ✓ Year | ✓ Venue | ○ ID

### Summary
The reference could not be verified as the title given does not match any found document. Although the year 2010 and the journal Energy Policy were confirmed, the titles describe different topics, indicating this is not the same article.

### Details
A search for the article titled ""Modeling the energy supply sector with high penetration of intermittent renewable energy sources"" by Jacobson and Kammen in 2010 found no matching record. The closest found document from 2010 in Energy Policy discusses renewable energy and job creation, which differs significantly in focus from the cited title. Authors could not be confirmed due to lack of matching records. The year and journal name matched exactly, but the contradiction in title leads to an unverified status.

- https://rael.berkeley.edu/wp-content/uploads/2015/04/WeiPatadiaKammen_CleanEnergyJobs_EPolicy2010.pdf
- https://www.pnas.org/doi/10.1073/pnas.1510028112",0.067,0.933
"Hsu, C. L., & Chiu, C. M. (2009). Acceptance of mobile banking: An empirical study of Taiwan’s consumers. *International Journal of Human-Computer Studies, 67*(8), 615–625.",Mobile banking,gemma_3_27b,unverified,Reference could not be verified.,CONTRADICTION,CONTRADICTION,CONTRADICTION,CONTRADICTION,ABSENT,An empirical analysis of the antecedents of e-satisfaction and e-loyalty: focusing on the role of flow and its antecedents,C. L. Hsu; C. C. Wu; M. C. Chen,2013.0,Information Systems and e-Business Management,,https://link.springer.com/article/10.1007/s10257-012-0194-8,GOOGLE,0.0,4.0,0.0,1.0,0.0,Acceptance of mobile banking: An empirical study of Taiwan’s consumers.,An empirical analysis of the antecedents of e-satisfaction and e-loyalty: focusing on the role of flow and its antecedents,"Hsu, C. L.; Chiu, C. M.",C. L. Hsu; C. C. Wu; M. C. Chen,2009.0,2013.0,International Journal of Human-Computer Studies,Information Systems and e-Business Management,,https://link.springer.com/article/10.1007/s10257-012-0194-8,0,0,3,GOOGLE,0,"✗ Title | ✗ Authors | ✗ Year | ✗ Venue | ○ ID

### Summary
The reference for the article by Hsu and Chiu (2009) titled ""Acceptance of mobile banking: An empirical study of Taiwan’s consumers"" could not be verified. The details found in available records conflicted significantly with the given citation.

### Details
A search did not find any matching article with the same title, authors, year, or journal. The reference details differ on many counts: the title in the evidence relates to e-satisfaction and e-loyalty rather than mobile banking acceptance; the author lists are different—with only partial overlap; the publication years do not match (2009 vs 2013); and the journals are distinct. No identifier such as a DOI was present to assist verification. This indicates that the citation likely corresponds to a different work or is incorrectly recorded.

- https://link.springer.com/article/10.1007/s10257-012-0194-8
- https://www.tandfonline.com/doi/abs/10.1080/01449290903490658
- https://www.inderscienceonline.com/doi/abs/10.1504/IJMC.2012.048883",0.0,1.0
"Armendáriz, B., & Morduch, J. (2010). The economics of microfinance. MIT Press.",Microfinance loan repayment,gemma_3_27b,verified,"Armendáriz, B., & Morduch, J. (2010). *The economics of microfinance* (2nd ed.). MIT Press. https://mitpress.mit.edu/9780262513982/the-economics-of-microfinance/",MATCH,MATCH,MATCH,MATCH,ABSENT,The economics of microfinance,Beatriz Armendáriz; Jonathan Morduch,2010.0,MIT Press,,https://mitpress.mit.edu/9780262513982/the-economics-of-microfinance/,GOOGLE,4.0,0.0,0.0,1.0,0.0,The economics of microfinance,The economics of microfinance,"Armendáriz, B.; Morduch, J.",Beatriz Armendáriz; Jonathan Morduch,2010.0,2010.0,MIT Press,MIT Press,,https://mitpress.mit.edu/9780262513982/the-economics-of-microfinance/,1,1,1,GOOGLE,0,"✓ Title | ✓ Authors | ✓ Year | ✓ Venue | ○ ID

### Summary
This book titled ""The economics of microfinance"" was confirmed as published by MIT Press in 2010, authored by Beatriz Armendáriz and Jonathan Morduch. The verification matched the title, authors, publication year, and publisher exactly.

### Details
A matching record was found showing the title ""The economics of microfinance"" with the same two authors, Armendáriz and Morduch, published in 2010 by MIT Press. The authors in the citation use initials while the evidence source shows full names, confirming the match. Online sources including Google Books and publisher listings confirm the year and publisher details. Although no digital identifier like a DOI was provided in the citation, sufficient evidence from multiple reputable sources supports the verification.

- https://mitpress.mit.edu/9780262513982/the-economics-of-microfinance/
- https://books.google.com/books/about/The_Economics_of_Microfinance_second_edi.html?id=IY76AQAAQBAJ
- https://www.amazon.ca/Economics-Microfinance-Beatriz-Armend%C3%A1riz/dp/0262513986",1.0,0.0
"O’Meara, W. P., et al. (2008). The role of RTS,S/AS01 malaria vaccine in African children. *New England Journal of Medicine, 359*(24), 2335–2346.",Malaria prevention,gemma_3_27b,needs-human,Reference requires human review.,CONTAINS,UNCONFIRMED,CONTRADICTION,MATCH,ABSENT,"RTS,S/AS01 malaria vaccine in African children",,2012.0,N Engl J Med,10.1056/NEJMc1200170,https://pubmed.ncbi.nlm.nih.gov/22356333/,GOOGLE,1.0,1.0,1.0,1.0,1.0,"The role of RTS,S/AS01 malaria vaccine in African children.","RTS,S/AS01 malaria vaccine in African children","O’Meara, W. P.",,2008.0,2012.0,New England Journal of Medicine,N Engl J Med,,10.1056/NEJMc1200170,0,0,2,GOOGLE,0,"◐ Title | ? Authors | ✗ Year | ✓ Venue | ○ ID

### Summary
The reference could not be fully confirmed due to some conflicting details. While the title and journal match well with the identified source, the publication year differs, and author verification is unclear, leading to the need for human review.

### Details
A matching article was found with the same core title ""RTS,S/AS01 malaria vaccine in African children"" published in the New England Journal of Medicine, confirming the venue. However, the cited year is 2008, while the found source indicates 2012, which is a notable discrepancy. Additionally, there was no clear confirmation on the author ""O'Meara, W. P."", as the potential matching source does not list authors. No DOI or unique identifier was present in the original citation to aid verification.

- https://pubmed.ncbi.nlm.nih.gov/22356333/
- https://researchonline.lshtm.ac.uk/id/eprint/4653338/1/rts-s-aso1-malaria-vaccine.pdf
- https://pubmed.ncbi.nlm.nih.gov/22356334/",0.167,0.833
"Woolhouse, M. E. J., & Gow, J. A. E. (2005). Dynamics of viral emergence and persistence. *Annual Review of Microbiology, 59*, 887–919.",Infectious disease,gemma_3_27b,unverified,Reference could not be verified.,UNCONFIRMED,UNCONFIRMED,UNCONFIRMED,UNCONFIRMED,UNCONFIRMED,,,,,,,,,,,,,,,,,,,,,,,0,0,0,,0,"? Title | ? Authors | ? Year | ? Venue | ? ID

### Summary
No matching article titled ""Dynamics of viral emergence and persistence"" by Woolhouse and Gow from 2005 in the Annual Review of Microbiology was found. The search did not confirm the authors, title, year, or journal for this reference.

### Details
A search using OpenAlex found no matching records for the given DOI, title, author names, or year. Similarly, a scholar search for the title, authors, year, journal, volume, and page numbers returned no relevant matches. The title, author names, year, and journal name remain unverified due to the absence of identifiable evidence in the searched databases. Google search results showed unrelated articles with no direct match to the reference.

- https://openalex.org
- https://scholar.google.com
- https://pmc.ncbi.nlm.nih.gov/articles/PMC8087961/",0.0,1.0
"Lipsitch, M., & Fraser, C. (2008). Transmission dynamics and control of infectious disease. *Oxford University Press*.",Infectious disease,gemma_3_27b,unverified,Reference could not be verified.,CONTRADICTION,CONTRADICTION,MATCH,CONTRADICTION,ABSENT,Mathematical models of infectious disease transmission,Nicholas C. Grassly; Christophe Fraser,2008.0,Nature Reviews Microbiology,10.1038/nrmicro1845,https://doi.org/10.1038/nrmicro1845,GOOGLE,1.0,3.0,0.0,1.0,0.0,Transmission dynamics and control of infectious disease.,Mathematical models of infectious disease transmission,"Lipsitch, M.; Fraser, C.",Nicholas C. Grassly; Christophe Fraser,2008.0,2008.0,Oxford University Press,Nature Reviews Microbiology,,10.1038/nrmicro1845,0,0,1,GOOGLE,0,"✗ Title | ✗ Authors | ✓ Year | ✗ Venue | ○ ID

### Summary
The original reference could not be verified with the provided details. The year 2008 matched, but key differences were found in the title, authors, and publisher information compared to the best matching source.

### Details
A matching record was found for a 2008 article titled ""Mathematical models of infectious disease transmission,"" authored by Nicholas C. Grassly and Christophe Fraser, published in *Nature Reviews Microbiology*. However, the original citation referenced a book by Lipsitch and Fraser titled ""Transmission dynamics and control of infectious disease"" published by Oxford University Press, which does not align with the found article. The title and authors did not correspond, and the venue was different. No DOI or direct identifier was present in the original reference to confirm its validity.

- https://doi.org/10.1038/nrmicro1845
- https://www.nature.com/articles/nrmicro1845",0.0,1.0
"Anderson, R. M., & May, R. M. (1991). *Infectious diseases of humans: Dynamics and control*. Oxford University Press.",Infectious disease,gemma_3_27b,verified,"Anderson, R. M., & May, R. M. (1991). *Infectious diseases of humans: Dynamics and control*. Oxford University Press. https://global.oup.com/academic/product/infectious-diseases-of-humans-9780198540403",MATCH,MATCH,MATCH,MATCH,ABSENT,Infectious Diseases of Humans: Dynamics and Control,Roy M. Anderson; Robert M. May,1991.0,Oxford University Press,,https://global.oup.com/academic/product/infectious-diseases-of-humans-9780198540403,GOOGLE,4.0,0.0,0.0,1.0,0.0,Infectious diseases of humans: Dynamics and control,Infectious Diseases of Humans: Dynamics and Control,"Anderson, R. M.; May, R. M.",Roy M. Anderson; Robert M. May,1991.0,1991.0,Oxford University Press,Oxford University Press,,https://global.oup.com/academic/product/infectious-diseases-of-humans-9780198540403,1,1,1,GOOGLE,0,"✓ Title | ✓ Authors | ✓ Year | ✓ Venue | ○ ID

### Summary
This book was confirmed as published by Oxford University Press in 1991 with matching authors Roy M. Anderson and Robert M. May. The title ""Infectious Diseases of Humans: Dynamics and Control"" was found to match exactly.

### Details
A matching record was found with the exact title and publication year 1991. The authors correspond to the named individuals, confirming the citation despite the use of initials in one list. The publisher information matches Oxford University Press exactly. Although no DOI was provided in the citation, multiple authoritative sources including the publisher’s official site and Google Books confirm this reference. The link to the book is available here: https://global.oup.com/academic/product/infectious-diseases-of-humans-9780198540403

- https://global.oup.com/academic/product/infectious-diseases-of-humans-9780198540403
- https://books.google.com/books/about/Infectious_Diseases_of_Humans.html?hl=iw&id=HT0--xXBguQC
- https://en.wikipedia.org/wiki/Infectious_Diseases_of_Humans:_Dynamics_and_Control",1.0,0.0
"Hay, S. I., Sinka, M. E., Chou, J., Mishra, S., Sexton, D., & Snow, R. W. (2010). Global distribution of malaria: A historical review and current mapping. *Nature Reviews Microbiology, 8*(6), 467–478.",Infectious disease,gemma_3_27b,unverified,Reference could not be verified.,CONTAINS,CONTRADICTION,CONTRADICTION,CONTRADICTION,ABSENT,"The global distribution and population at risk of malaria: past, present, and future",SI Hay; CA Guerra; AJ Tatem; AM Noor,2004.0,The Lancet Infectious Diseases,,https://www.thelancet.com/journals/laninf/article/PIIS1473309904010436/abstract,GOOGLE,0.0,3.0,1.0,1.0,0.0,Global distribution of malaria: A historical review and current mapping,"The global distribution and population at risk of malaria: past, present, and future","Hay, S. I.; Sinka, M. E.; Chou, J.; Mishra, S.; Sexton, D.; Snow, R. W.",SI Hay; CA Guerra; AJ Tatem; AM Noor,2010.0,2004.0,Nature Reviews Microbiology,The Lancet Infectious Diseases,,https://www.thelancet.com/journals/laninf/article/PIIS1473309904010436/abstract,0,0,2,GOOGLE,0,"◐ Title | ✗ Authors | ✗ Year | ✗ Venue | ○ ID

### Summary
The reference could not be confirmed as matching. Although the title phrase ""global distribution of malaria"" was partially contained, the authors, publication year, and journal all differed significantly from the reference provided.

### Details
A matching record was not found in OpenAlex or Google Scholar searches for the 2010 article in Nature Reviews Microbiology. Instead, the closest found article was from 2004 in The Lancet Infectious Diseases with different authors and a similar but distinct title. Specifically, only one author (S. I. Hay) overlapped, the year was 2004 instead of 2010, and the venue was a different journal. No digital identifier was available to aid verification.

- https://www.thelancet.com/journals/laninf/article/PIIS1473309904010436/abstract
- https://pubmed.ncbi.nlm.nih.gov/15172341/
- https://pmc.ncbi.nlm.nih.gov/articles/PMC3145123/",0.0,1.0
"Smith, J. L., & Beebe, N. J. (2006). Aerobiology and infectious disease. *Annual Review of Microbiology, 60*, 609–632.",Infectious disease,gemma_3_27b,needs-human,Reference requires human review.,CONTAINS,CONTRADICTION,CONTAINS,UNCONFIRMED,ABSENT,Infectious Disease Aerobiology,M. Louise M. Pitt; Chad J. Roy,2005.0,,10.1201/9781420038118.ch5,https://doi.org/10.1201/9781420038118.ch5,GOOGLE,0.0,1.0,2.0,1.0,1.0,Aerobiology and infectious disease.,Infectious Disease Aerobiology,"Smith, J. L.; Beebe, N. J.",M. Louise M. Pitt; Chad J. Roy,2006.0,2005.0,Annual Review of Microbiology,,,10.1201/9781420038118.ch5,0,2,3,GOOGLE,0,"◐ Title | ✗ Authors | ◐ Year | ? Venue | ○ ID

### Summary
This reference requires human review because the title and year of publication roughly match a candidate source, but the authors are completely different. The title found is a variation of the original, and the publication years differ by one year.

### Details
A matching record was found titled ""Infectious Disease Aerobiology"" from 2005, which contains the same key terms as the cited title ""Aerobiology and infectious disease"" from 2006. However, the authors listed in the match (M. Louise M. Pitt and Chad J. Roy) do not overlap with the original authors (Smith, J. L. and Beebe, N. J.). The journal details for the original citation could not be confirmed. Given these contradictions, manual verification is needed to determine the correct reference.

- [https://doi.org/10.1201/9781420038118.ch5](https://doi.org/10.1201/9781420038118.ch5)
- [https://pmc.ncbi.nlm.nih.gov/articles/PMC3556854/](https://pmc.ncbi.nlm.nih.gov/articles/PMC3556854/)",0.0,1.0
"Khan, A. S., Arino, J., Hu, W., Ng, V. L., & Glück, R. (2002). Spreading of severe acute respiratory syndrome during the SARS epidemic of 2003. *Emerging Infectious Diseases, 8*(8), 837–842.",Infectious disease,gemma_3_27b,unverified,Reference could not be verified.,UNCONFIRMED,UNCONFIRMED,UNCONFIRMED,UNCONFIRMED,UNCONFIRMED,,,,,,,,,,,,,,,,,,,,,,,0,0,0,,0,"? Title | ? Authors | ? Year | ? Venue | ? ID

### Summary
No matching article was found for the reference by Khan et al. titled 'Spreading of severe acute respiratory syndrome during the SARS epidemic of 2003' published in 2002. The details of the authors, title, year, and journal could not be confirmed with existing databases.

### Details
A search using the title and author names against OpenAlex returned no matching record. Additionally, a broader scholar search did not yield any results matching this specific publication. The year 2002, authors, and journal (Emerging Infectious Diseases) details remain unverified due to the lack of evidence. 

- [OpenAlex](https://openalex.org)
- [Scholar Search]()",0.0,1.0
"Gostin, L. O., & Hodge, L. O. (2007). Legal preparedness for infectious disease emergencies. *Journal of Law, Medicine & Ethics, 35*(4), 686–702.",Infectious disease,gemma_3_27b,unverified,Reference could not be verified.,UNCONFIRMED,UNCONFIRMED,UNCONFIRMED,UNCONFIRMED,UNCONFIRMED,,,,,,,,,,,,,,,,,,,,,,,0,0,0,,0,"? Title | ? Authors | ? Year | ? Venue | ? ID

### Summary
No matching article titled ""Legal preparedness for infectious disease emergencies"" by Gostin, L. O., and Hodge, L. O. from 2007 was found in available academic databases or search results. The reference could not be confirmed in the stated journal or year.

### Details
A search using the title, author names, and year did not return any matching records in OpenAlex. Additionally, scholar search results did not find this exact article but gave related works by Gostin on law and public health topics, none matching the citation exactly. There was no evidence of the article in that journal or year.

- [OpenAlex](https://openalex.org)
- [Scholar Search Results]",0.0,1.0
"Salathe, M., & Althouse, B. M. (2011). Inferring the reproductive number of infectious diseases from time series data. *PLoS Computational Biology, 7*(10), e1002268.",Infectious disease,gemma_3_27b,unverified,Reference could not be verified.,CONTRADICTION,CONTRADICTION,MATCH,MATCH,ABSENT,Dominant Glint Based Prey Localization in Horseshoe Bats: A Possible Strategy for Noise Rejection,Dieter Vanderelst; Jonas Reijniers; Uwe Firzlaff; Herbert Peremans,2011.0,PLoS Computational Biology,10.1371/journal.pcbi.1002268,https://doi.org/10.1371/journal.pcbi.1002268,GOOGLE,2.0,2.0,0.0,1.0,0.0,Inferring the reproductive number of infectious diseases from time series data,Dominant Glint Based Prey Localization in Horseshoe Bats: A Possible Strategy for Noise Rejection,"Salathe, M.; Althouse, B. M.",Dieter Vanderelst; Jonas Reijniers; Uwe Firzlaff; Herbert Peremans,2011.0,2011.0,PLoS Computational Biology,PLoS Computational Biology,,10.1371/journal.pcbi.1002268,1,1,3,GOOGLE,0,"✗ Title | ✗ Authors | ✓ Year | ✓ Venue | ○ ID

### Summary
No matching article with the title and authors ""Salathé, M., & Althouse, B. M."" was found for the given paper in PLoS Computational Biology in 2011. The best candidate found has the same year and journal but a completely different title and group of authors.

### Details
A matching record was found in PLoS Computational Biology for the year 2011 but the title and authors differ significantly from the reference. The candidate paper titled ""Dominant Glint Based Prey Localization in Horseshoe Bats: A Possible Strategy for Noise Rejection"" by Vanderelst and colleagues does not relate to infectious disease modeling, and none of the citation's authors appear. The citation's title about inferring the reproductive number of infectious diseases and authors Salathé and Althouse do not match the evidence found. Additionally, the DOI resolved to the bat localization paper, indicating a mismatch or error in identifiers.

- https://doi.org/10.1371/journal.pcbi.1002268
- https://journals.plos.org/ploscompbiol/",0.0,1.0
"Lengeler, C., & Sharp, D. L. (2007). Insecticide-treated bed nets and malaria control. *Clinical Microbiology Reviews, 20*(3), 559–573.",Insecticide-treated bed nets for malaria,gemma_3_27b,unverified,Reference could not be verified.,UNCONFIRMED,UNCONFIRMED,UNCONFIRMED,UNCONFIRMED,UNCONFIRMED,,,,,,,,,,,,,,,,,,,,,,,0,0,0,,0,"? Title | ? Authors | ? Year | ? Venue | ? ID

### Summary
No matching article could be found for the reference by Lengeler and Sharp (2007) titled ""Insecticide-treated bed nets and malaria control"" in Clinical Microbiology Reviews volume 20, issue 3, pages 559–573.

### Details
A search using the provided DOI and relevant metadata returned no exact matches in OpenAlex or other scholarly sources. Multiple related articles about malaria control and insecticide-treated nets were found, but none matched the given authors, title, journal, and year together. The DOI and bibliographic details could not be confirmed through standard academic databases.

- [Clinical Microbiology Reviews](https://journals.asm.org/) 
- [Search results related to malaria control](https://scholar.google.com/scholar?q=Lengeler+Sharp+2007+Insecticide-treated+bed+nets+and+malaria+control)",0.0,1.0
"WHO. (2011). *Insecticide-treated nets: a systematic review of their efficacy, effectiveness and impact on malaria transmission*. World Health Organization.",Insecticide-treated bed nets for malaria,gemma_3_27b,unverified,Reference could not be verified.,CONTRADICTION,MATCH,UNCONFIRMED,MATCH,ABSENT,Insecticide-treated nets for malaria transmission control in areas with ...,World Health Organization,,World Health Organization,,https://www.who.int/publications/i/item/9789240018730,GOOGLE,2.0,1.0,0.0,1.0,1.0,"Insecticide-treated nets: a systematic review of their efficacy, effectiveness and impact on malaria transmission",Insecticide-treated nets for malaria transmission control in areas with ...,World Health Organization,World Health Organization,2011.0,,World Health Organization,World Health Organization,,https://www.who.int/publications/i/item/9789240018730,0,0,3,GOOGLE,1,"✗ Title | ✓ Authors | ? Year | ✓ Venue | ○ ID

### Summary
The reference to the 2011 World Health Organization document on insecticide-treated nets could not be verified due to differences in the title. The authors and publisher match, but the found documents have titles and scopes that differ notably from the citation.

### Details
A matching record by the World Health Organization was found, but its title describes ITNs for malaria transmission control in specific areas without framing it as a systematic review. The citation's title refers explicitly to a systematic review on efficacy, effectiveness, and impact, which is not reflected in the candidate documents. The year 2011 could not be confirmed as these candidates lacked clear publication dates. The source URL for the closest match is https://www.who.int/publications/i/item/9789240018730.

- https://www.who.int/publications/i/item/9789240018730",0.133,0.867
"Okeke, T. A., Lampe, K. J., & Okorie, P. N. (2019). Insecticide resistance in malaria vectors and its implications for insecticide-treated nets in Nigeria. *Malaria Journal, 18*(1), 348.",Insecticide-treated bed nets for malaria,gemma_3_27b,unverified,Reference could not be verified.,UNCONFIRMED,UNCONFIRMED,UNCONFIRMED,UNCONFIRMED,UNCONFIRMED,,,,,,,,,,,,,,,,,,,,,,,0,0,0,,0,"? Title | ? Authors | ? Year | ? Venue | ? ID

### Summary
No matching article was found for the reference ""Insecticide resistance in malaria vectors and its implications for insecticide-treated nets in Nigeria"" by Okeke, Lampe, and Okorie from 2019. The verification did not confirm the details such as title, authors, year, or journal.

### Details
A search using the title and authors in OpenAlex returned no matching record. Further search attempts including a scholar query did not find a corresponding article in the stated journal or any other relevant source. The year 2019 and all author names could not be verified due to lack of matching evidence.

- [OpenAlex](https://openalex.org)
- [Scholar search results](https://scholar.google.com)",0.0,1.0
"Killeen, G. F., Smith, T. A., Ferguson, H. M., Yeung, S., & Lindsay, S. W. (2002). A comprehensive review of factors affecting the efficacy of insecticide-treated bed nets against malaria: implications for public health. *American Journal of Tropical Medicine and Hygiene, 66*(5), 383–393.",Insecticide-treated bed nets for malaria,gemma_3_27b,unverified,Reference could not be verified.,UNCONFIRMED,UNCONFIRMED,UNCONFIRMED,UNCONFIRMED,UNCONFIRMED,,,,,,,,,,,,,,,,,,,,,,,0,0,0,,0,"? Title | ? Authors | ? Year | ? Venue | ? ID

### Summary
No matching article could be found for the reference by Killeen et al. (2002) titled ""A comprehensive review of factors affecting the efficacy of insecticide-treated bed nets against malaria: implications for public health."" None of the key elements like title, authors, year, or journal name were confirmed.

### Details
A search on OpenAlex and through academic scholar databases found no records or closely matching publications with this title, author set, or year 2002. Multiple articles on related topics about insecticide-treated bed nets and malaria were retrieved, but none matched the provided details exactly. The absence of any precise hits suggests this reference either is not indexed in the searched resources or may have inaccuracies.

- https://openalex.org
- https://scholar.google.com",0.0,1.0
"Fillinger, U., et al. (2004). Environmental and socioeconomic factors affecting malaria transmission in the Kenyan highlands. *Tropical Medicine & International Health, 9*(8), 751–763.",Malaria prevention,gemma_3_27b,unverified,Reference could not be verified.,CONTRADICTION,MATCH,CONTRADICTION,CONTRADICTION,ABSENT,"An exploratory study of community factors relevant for participatory malaria control on Rusinga Island, western Kenya",I Kiche; E Mathenge; GF Killeen; U Fillinger,2007.0,Malaria Journal,,https://link.springer.com/article/10.1186/1475-2875-6-48,GOOGLE,1.0,3.0,0.0,1.0,0.0,Environmental and socioeconomic factors affecting malaria transmission in the Kenyan highlands.,"An exploratory study of community factors relevant for participatory malaria control on Rusinga Island, western Kenya","Fillinger, U.",I Kiche; E Mathenge; GF Killeen; U Fillinger,2004.0,2007.0,Tropical Medicine & International Health,Malaria Journal,,https://link.springer.com/article/10.1186/1475-2875-6-48,0,0,3,GOOGLE,1,"✗ Title | ✓ Authors | ✗ Year | ✗ Venue | ○ ID

### Summary
The reference could not be verified because no matching article with the same title, year, and journal was found. Although the author ""Fillinger, U."" appears in the found articles, the main details such as title, year (2004 vs 2007), and journal (Tropical Medicine & International Health vs Malaria Journal) do not match.

### Details
A matching record was found authored by U. Fillinger but the title differed significantly, focusing on a different location in Kenya and study scope. The year of publication was 2007, three years later than the cited 2004, and it was published in Malaria Journal, not Tropical Medicine & International Health. These discrepancies indicate this is a different work. No identifier was provided to further confirm the reference.

- https://link.springer.com/article/10.1186/1475-2875-6-48",0.0,1.0
"Hawkes, N. C., Drakeley, C. J., & Ghosh, S. K. (2007). Geographical variation in the effectiveness of insecticide-treated nets: a systematic review and meta-analysis. *Malaria Journal, 6*(1), 103.",Insecticide-treated bed nets for malaria,gemma_3_27b,unverified,Reference could not be verified.,CONTAINS,UNCONFIRMED,UNCONFIRMED,UNCONFIRMED,ABSENT,Variation in the effectiveness of insecticide treated nets against ...,,,,,https://pmc.ncbi.nlm.nih.gov/articles/PMC6281023/,GOOGLE,0.0,0.0,1.0,1.0,3.0,Geographical variation in the effectiveness of insecticide-treated nets: a systematic review and meta-analysis,Variation in the effectiveness of insecticide treated nets against ...,"Hawkes, N. C.; Drakeley, C. J.; Ghosh, S. K.",,2007.0,,Malaria Journal,,,https://pmc.ncbi.nlm.nih.gov/articles/PMC6281023/,0,1,1,GOOGLE,0,"◐ Title | ? Authors | ? Year | ? Venue | ○ ID

### Summary
No matching article could be found that fully confirms the original reference details. While the core phrase in the title about insecticide-treated nets' effectiveness was found, important elements like the authors, exact year, and the journal details could not be verified.

### Details
A search for the exact article titled ""Geographical variation in the effectiveness of insecticide-treated nets: a systematic review and meta-analysis"" by Hawkes, Drakeley, and Ghosh from 2007 in Malaria Journal did not yield a matching record. The closest found document had a similar title about variation in effectiveness of insecticide-treated nets but lacked matching authorship and year data. No digital object identifier (DOI) or consistent metadata was available to confirm the reference fully.

- https://pmc.ncbi.nlm.nih.gov/articles/PMC6281023/",0.167,0.833
"Govindaraj, S., & Malhotra, R. (2018). Insecticide resistance in malaria vectors: a threat to insecticide-treated bed net effectiveness. *Trends in Parasitology, 34*(12), 1068–1079.",Insecticide-treated bed nets for malaria,gemma_3_27b,unverified,Reference could not be verified.,CONTRADICTION,CONTRADICTION,MATCH,CONTAINS,ABSENT,"Effectiveness of a long-lasting piperonyl butoxide-treated insecticidal net and indoor residual spray interventions, separately and together, against malaria transmitted by pyrethroid-resistant mosquitoes: a cluster, randomised controlled, two-by-two factorial design trial",Natacha Protopopoff; Jacklin F Mosha; Eliud Lukole; J. D. Charlwood; Alexandra Wright; Charles Dismas Mwalimu; Alphaxard Manjurano; Franklin W. Mosha; William Kisinza; Immo Kleinschmidt; Mark Rowland,2018.0,The Lancet,10.1016/S0140-6736(18)30427-6,https://doi.org/10.1016/s0140-6736(18)30427-6,GOOGLE,1.0,2.0,1.0,1.0,0.0,Insecticide resistance in malaria vectors: a threat to insecticide-treated bed net effectiveness.,"Effectiveness of a long-lasting piperonyl butoxide-treated insecticidal net and indoor residual spray interventions, separately and together, against malaria transmitted by pyrethroid-resistant mosquitoes: a cluster, randomised controlled, two-by-two factorial design trial","Govindaraj, S.; Malhotra, R.",Natacha Protopopoff; Jacklin F Mosha; Eliud Lukole; J. D. Charlwood; Alexandra Wright; Charles Dismas Mwalimu; Alphaxard Manjurano; Franklin W. Mosha; William Kisinza; Immo Kleinschmidt; Mark Rowland,2018.0,2018.0,Trends in Parasitology,The Lancet,,10.1016/S0140-6736(18)30427-6,0,0,2,GOOGLE,0,"✗ Title | ✗ Authors | ✓ Year | ◐ Venue | ○ ID

### Summary
No matching article could be found for the reference by Govindaraj and Malhotra (2018). The title and authors provided do not correspond to any records in the databases searched, including major journals related to malaria vector control.

### Details
A search was conducted for the article titled ""Insecticide resistance in malaria vectors: a threat to insecticide-treated bed net effectiveness"" by Govindaraj, S., and Malhotra, R., published in 2018. No exact matches were found. The best available candidate was a 2018 Lancet article with a different, more specific title about insecticidal net interventions and a completely different set of authors. The journals between the reference and the candidate (Trends in Parasitology vs. The Lancet) also do not match, and no DOI was available in the original reference to verify.

- https://doi.org/10.1016/s0140-6736(18)30427-6",0.0,1.0
"van Vugt, M., Le Sueur, C., Coetzee, M., et al. (2012). Association between pyrethroid resistance and malaria transmission after widespread distribution of insecticide-treated nets in KwaZulu-Natal, South Africa. *PLoS ONE, 7*(12), e49209.",Insecticide-treated bed nets for malaria,gemma_3_27b,unverified,Reference could not be verified.,UNCONFIRMED,UNCONFIRMED,UNCONFIRMED,UNCONFIRMED,UNCONFIRMED,,,,,,,,,,,,,,,,,,,,,,,0,0,0,,0,"? Title | ? Authors | ? Year | ? Venue | ? ID

### Summary
No matching article could be found for the reference provided, which cited a 2012 PLoS ONE article by van Vugt and colleagues about pyrethroid resistance and malaria transmission in KwaZulu-Natal, South Africa.

### Details
A search using the article title, author name ""van Vugt,"" and publication year 2012 was conducted in both OpenAlex and scholarly search engines. There were no records found that matched the exact title, author list, year, or journal information. Multiple related articles on pyrethroid resistance and malaria were retrieved, but none corresponded directly to the cited work. Due to the lack of any identifiable record, the reference could not be confirmed.

Sources:
- https://openalex.org
- https://scholar.google.com",0.0,1.0
"Afrane, Y., Kwakye-Nuako, M., Asare, K. K., et al. (2018). Effectiveness of long-lasting insecticide treated nets in a high transmission malaria setting in Ghana: a cohort study. *BMC Public Health, 18*(1), 1288.",Insecticide-treated bed nets for malaria,gemma_3_27b,unverified,Reference could not be verified.,UNCONFIRMED,UNCONFIRMED,UNCONFIRMED,UNCONFIRMED,UNCONFIRMED,,,,,,,,,,,,,,,,,,,,,,,0,0,0,,0,"? Title | ? Authors | ? Year | ? Venue | ? ID

### Summary
No matching article could be found for the reference provided. Attempts to verify the title, authors, publication year, and journal did not yield any confirmed matches.

### Details
A search for the article titled ""Effectiveness of long-lasting insecticide treated nets in a high transmission malaria setting in Ghana: a cohort study"" by Afrane and colleagues from 2018 in BMC Public Health returned no results in the OpenAlex database. Further Google Scholar searches also failed to find an exact match for this work or any authorship and publication year combination that matched the reference. The search results showed related studies on malaria and insecticide nets but none matched this specific citation.

- https://openalex.org
- Google Scholar search results",0.0,1.0
"Curtis, C., Maxwell, C., & Garner, P. (2000). Insecticide-treated nets for preventing malaria. *Cochrane Database of Systematic Reviews, (2)*, CD000363.",Insecticide-treated bed nets for malaria,gemma_3_27b,needs-human,Reference requires human review.,MATCH,CONTRADICTION,CONTRADICTION,MATCH,ABSENT,Insecticide-treated nets for preventing malaria,Joseph Pryce; Marty Richardson; Christian Lengeler,2018.0,Cochrane Database of Systematic Reviews,10.1002/14651858.cd000363.pub3,https://doi.org/10.1002/14651858.cd000363.pub3,GOOGLE,2.0,2.0,0.0,1.0,0.0,Insecticide-treated nets for preventing malaria,Insecticide-treated nets for preventing malaria,"Curtis, C.; Maxwell, C.; Garner, P.",Joseph Pryce; Marty Richardson; Christian Lengeler,2000.0,2018.0,Cochrane Database of Systematic Reviews,Cochrane Database of Systematic Reviews,,10.1002/14651858.cd000363.pub3,0,0,2,GOOGLE,1,"✓ Title | ✗ Authors | ✗ Year | ✓ Venue | ○ ID

### Summary
The verification result is ambiguous due to differing details between the original citation and the best available match. While the title and journal match exactly, the authors and year differ notably, so human review is needed to determine the correct reference.

### Details
A matching record was found for the title ""Insecticide-treated nets for preventing malaria"" in the Cochrane Database of Systematic Reviews. However, the citation lists authors Curtis, Maxwell, and Garner from the year 2000, whereas the candidate authors are Pryce, Richardson, and Lengeler with a publication year of 2018. Additionally, the DOI associated with the candidate points to a 2018 publication, which does not align with the original year given. Due to these contradictory details, further manual checking is recommended.

- https://doi.org/10.1002/14651858.cd000363.pub3
- https://pubmed.ncbi.nlm.nih.gov/17067053/",0.067,0.933
"Okeke, T. I., Lamikanra, A., & Talabi, A. O. (2008). Community knowledge, attitudes and practices towards malaria prevention in a rural Nigerian community. *Malaria Journal, 7*(1), 1–8.",Malaria prevention,gemma_3_27b,unverified,Reference could not be verified.,UNCONFIRMED,UNCONFIRMED,UNCONFIRMED,UNCONFIRMED,UNCONFIRMED,,,,,,,,,,,,,,,,,,,,,,,0,0,0,,0,"? Title | ? Authors | ? Year | ? Venue | ? ID

### Summary
No matching article could be found for the reference by Okeke, Lamikanra, and Talabi from 2008 titled ""Community knowledge, attitudes and practices towards malaria prevention in a rural Nigerian community"" in Malaria Journal.

### Details
Searches using the title, author names, year, and journal name found no records in OpenAlex or other scholarly databases. There was no DOI or evidence of this article in standard academic indexes, leading to the conclusion that the reference is unverified.

- [OpenAlex](https://openalex.org)
- [Scholar Search](https://scholar.google.com)",0.0,1.0
WHO. (2023). *World malaria report 2023*. World Health Organization.,Malaria prevention,gemma_3_27b,verified,World Health Organization. (2023). *World malaria report 2023*. World Health Organization. https://www.who.int/publications/i/item/9789240086173,MATCH,MATCH,MATCH,MATCH,ABSENT,World malaria report 2023,World Health Organization,2023.0,World Health Organization,,https://www.who.int/publications/i/item/9789240086173,GOOGLE,4.0,0.0,0.0,1.0,0.0,World malaria report 2023,World malaria report 2023,World Health Organization,World Health Organization,2023.0,2023.0,World Health Organization,World Health Organization,,https://www.who.int/publications/i/item/9789240086173,1,1,1,GOOGLE,0,"✓ Title | ✓ Authors | ✓ Year | ✓ Venue | ○ ID

### Summary
This report was confirmed as the World malaria report 2023 published by the World Health Organization. The title, authoring organization, year of publication, and publisher details all matched exactly.

### Details
A matching record was found with the exact title ""World malaria report 2023"" authored by the World Health Organization, published in 2023. The publication source also matched the World Health Organization as the publisher. Although no digital object identifier (DOI) was present, the official WHO website provides the report at https://www.who.int/publications/i/item/9789240086173, confirming the citation's accuracy. The year matched exactly, and the search results strongly supported this identification.

- https://www.who.int/publications/i/item/9789240086173
- https://www.who.int/teams/global-malaria-programme/reports/world-malaria-report-2023",1.0,0.0
"Eisele, P. M., Keating, J., & Bennett, A. (2014). Malaria prevention and control in sub-Saharan Africa: Progress and challenges. *Annual Review of Public Health, 35*, 335–359.",Malaria prevention,gemma_3_27b,unverified,Reference could not be verified.,CONTRADICTION,UNCONFIRMED,UNCONFIRMED,UNCONFIRMED,ABSENT,Increasing challenges of malaria control in sub-Saharan Africa - PMC,,,,,https://pmc.ncbi.nlm.nih.gov/articles/PMC9421173/,GOOGLE,0.0,1.0,0.0,1.0,3.0,Malaria prevention and control in sub-Saharan Africa: Progress and challenges,Increasing challenges of malaria control in sub-Saharan Africa - PMC,"Eisele, P. M.; Keating, J.; Bennett, A.",,2014.0,,Annual Review of Public Health,,,https://pmc.ncbi.nlm.nih.gov/articles/PMC9421173/,0,0,2,GOOGLE,0,"✗ Title | ? Authors | ? Year | ? Venue | ○ ID

### Summary
The requested article titled ""Malaria prevention and control in sub-Saharan Africa: Progress and challenges"" could not be verified. No matching article with the same title, authors, and year was found in the searched sources.

### Details
A search for the 2014 article by Eisele, Keating, and Bennett in the Annual Review of Public Health did not locate any exact match. The title in the best available match differed significantly, focusing on the ""Increasing challenges of malaria control in sub-Saharan Africa,"" which indicates a likely different article. Additionally, author and year information was not confirmed in available records, and no DOI or unique identifier was found to validate the citation.

- [PMC article on increasing challenges of malaria control](https://pmc.ncbi.nlm.nih.gov/articles/PMC9421173/)",0.0,1.0
"Lindsay, S. W., & Martens, P. J. (1998). Malaria in the African region: ecological factors and control strategies. *Clinical Microbiology Reviews, 11*(3), 449–462.",Malaria prevention,gemma_3_27b,verified,"Lindsay, S. W., & Martens, P. (1998). *Malaria in the African region: ecological factors and control strategies*. *Clinical Microbiology Reviews*.",MATCH,MATCH,MATCH,MATCH,ABSENT,Malaria in the African region: ecological factors and control strategies,S. W. Lindsay; Pim Martens,1998.0,Clinical Microbiology Reviews,,,GOOGLE,4.0,0.0,0.0,1.0,0.0,Malaria in the African region: ecological factors and control strategies,Malaria in the African region: ecological factors and control strategies,"Lindsay, S. W.; Martens, P. J.",S. W. Lindsay; Pim Martens,1998.0,1998.0,Clinical Microbiology Reviews,Clinical Microbiology Reviews,,,1,1,1,GOOGLE,1,"✓ Title | ✓ Authors | ✓ Year | ✓ Venue | ○ ID

### Summary
This article was confirmed in the journal Clinical Microbiology Reviews with matching authors S. W. Lindsay and P. J. Martens and the publication year 1998. The title ""Malaria in the African region: ecological factors and control strategies"" was exactly matched, as was the journal name.

### Details
A matching record was found with exact matches for the title, authors, year, and journal name. Both authors correspond precisely despite slight variations in name formatting (full name versus initials). Although no digital identifier such as a DOI was found, the consistency across all core citation fields confirms the article's authenticity.

- [Clinical Microbiology Reviews](https://journals.asm.org/journal/cmr)",1.0,0.0
"Lengeler, C. (2004). Insecticide-treated nets: a vital tool for malaria control. *American Journal of Tropical Medicine and Hygiene, 71*(2 Suppl), 34–40.",Malaria prevention,gemma_3_27b,unverified,Reference could not be verified.,UNCONFIRMED,UNCONFIRMED,UNCONFIRMED,UNCONFIRMED,UNCONFIRMED,,,,,,,,,,,,,,,,,,,,,,,0,0,0,,0,"? Title | ? Authors | ? Year | ? Venue | ? ID

### Summary
No matching article for the reference by Lengeler from 2004 titled ""Insecticide-treated nets: a vital tool for malaria control"" could be found. Neither the article title, authorship, year, nor the journal details were confirmed.

### Details
A search on OpenAlex specifically for this article found no matching records. Additionally, a thorough scholar search did not return any exact matches for this article despite searches including the title, author name, publication year, and journal. There were related papers on insecticide-treated nets and malaria control but none matching this exact citation in the American Journal of Tropical Medicine and Hygiene in 2004.

- https://openalex.org
- https://scholar.google.com",0.0,1.0
"Korenromp, E. L., Williams, H. A., & Zielinski, C. (2003). Intermittent preventive treatment during pregnancy for the prevention of malaria: a systematic review. *Bulletin of the World Health Organization, 81*(8), 589–596.",Malaria prevention,gemma_3_27b,unverified,Reference could not be verified.,CONTAINS,CONTRADICTION,CONTRADICTION,UNCONFIRMED,ABSENT,Intermittent preventive treatment for the prevention of malaria ...,V Briand,2007.0,,,https://pmc.ncbi.nlm.nih.gov/articles/PMC2169253/,GOOGLE,0.0,2.0,1.0,1.0,1.0,Intermittent preventive treatment during pregnancy for the prevention of malaria: a systematic review,Intermittent preventive treatment for the prevention of malaria ...,"Korenromp, E. L.; Williams, H. A.; Zielinski, C.",V Briand,2003.0,2007.0,Bulletin of the World Health Organization,,,https://pmc.ncbi.nlm.nih.gov/articles/PMC2169253/,0,0,2,GOOGLE,0,"◐ Title | ✗ Authors | ✗ Year | ? Venue | ○ ID

### Summary
No matching article with the same authors and publication year as Korenromp, E. L., Williams, H. A., and Zielinski, C. (2003) was found. Although the title closely resembles the original, the authors and year do not match the candidate article.

### Details
A search yielded a candidate article from 2007 authored by V Briand with a similar title theme on intermittent preventive treatment for malaria. However, this author does not overlap with the cited authors Korenromp, Williams, and Zielinski. Additionally, the publication year differs by four years (2003 vs. 2007). The original journal, Bulletin of the World Health Organization, could not be confirmed for the candidate article. No digital object identifier (DOI) or direct identifier was found for the original citation. 

- https://pmc.ncbi.nlm.nih.gov/articles/PMC2169253/",0.0,1.0
"Alemu, W., Teklehaimanot, A., & Hailemichael, Y. (2011). Malaria prevention practices and associated factors in Jimma Zone, Ethiopia. *Malaria Journal, 10*(1), 323.",Malaria prevention,gemma_3_27b,unverified,Reference could not be verified.,CONTRADICTION,CONTRADICTION,MATCH,MATCH,ABSENT,"Urban malaria and associated risk factors in Jimma town, south-west Ethiopia",Abebe Alemu; Wondewosen Tsegaye; Lemu Golassa; Gemeda Abebe,2011.0,Malaria Journal,10.1186/1475-2875-10-173,https://doi.org/10.1186/1475-2875-10-173,GOOGLE,2.0,2.0,0.0,1.0,0.0,"Malaria prevention practices and associated factors in Jimma Zone, Ethiopia.","Urban malaria and associated risk factors in Jimma town, south-west Ethiopia","Alemu, W.; Teklehaimanot, A.; Hailemichael, Y.",Abebe Alemu; Wondewosen Tsegaye; Lemu Golassa; Gemeda Abebe,2011.0,2011.0,Malaria Journal,Malaria Journal,,10.1186/1475-2875-10-173,0,0,2,GOOGLE,0,"✗ Title | ✗ Authors | ✓ Year | ✓ Venue | ○ ID

### Summary
No matching article could be found for the reference ""Malaria prevention practices and associated factors in Jimma Zone, Ethiopia"" by Alemu, W., Teklehaimanot, A., & Hailemichael, Y. published in Malaria Journal in 2011. The information provided corresponds to a different article about urban malaria in Jimma town with a distinct set of authors.

### Details
The year 2011 and the journal Malaria Journal matched exactly. However, the title differed significantly: the citation refers to malaria prevention practices in Jimma Zone, while the best matching article discusses urban malaria risk factors in Jimma town, indicating they are separate studies. Additionally, no author names overlapped; the citation includes Alemu, W., Teklehaimanot, A., and Hailemichael, Y., whereas the found article's authors are Abebe Alemu, Wondewosen Tsegaye, Lemu Golassa, and Gemeda Abebe, showing no direct match. No digital object identifier (DOI) was provided for the cited article, and no records matching this exact combination could be located.

- https://doi.org/10.1186/1475-2875-10-173
- https://doi.org/10.1186/1756-3305-4-30",0.0,1.0
"Kamau, E. W., et al. (2019). Effectiveness of mass drug administration with dihydroartemisinin–piperaquine for malaria elimination in western Kenya: a cluster-randomised, placebo-controlled trial. *The Lancet, 394*(10202), 889–898.",Malaria prevention,gemma_3_27b,unverified,Reference could not be verified.,UNCONFIRMED,UNCONFIRMED,UNCONFIRMED,UNCONFIRMED,UNCONFIRMED,,,,,,,,,,,,,,,,,,,,,,,0,0,0,,0,"? Title | ? Authors | ? Year | ? Venue | ? ID

### Summary
No matching article could be found for the reference provided. Despite searching multiple sources, including title, author, year, and journal details, no record corresponding to the paper by Kamau, E. W. et al. from 2019 in The Lancet was identified.

### Details
A thorough search was conducted using the article's title and author name in OpenAlex and through a scholarly search engine. No matching records appeared in OpenAlex, and other related search results pertained to different studies on malaria or mass drug administration but did not match the 2019 Lancet article by Kamau et al. The year, title, authors, and publication venue could not be confirmed by any known database or online index.

- https://openalex.org
- https://scholar.google.com",0.0,1.0
"Eisele, P. M., Grabowski, M., Brady, O. J., et al. (2015). Long-lasting insecticide-treated nets: a critical review of efficacy, safety, and cost-effectiveness. *PLoS Neglected Tropical Diseases, 9*(11), e0003187.",Insecticide-treated bed nets for malaria,gemma_3_27b,unverified,Reference could not be verified.,CONTRADICTION,UNCONFIRMED,UNCONFIRMED,MATCH,UNCONFIRMED,Efficacy and community-effectiveness of insecticide treated nets for ...,,,PLOS Neglected Tropical Diseases,,https://journals.plos.org/plosntds/article?id=10.1371/journal.pntd.0010196,GOOGLE,1.0,1.0,0.0,0.0,3.0,"Long-lasting insecticide-treated nets: a critical review of efficacy, safety, and cost-effectiveness",Efficacy and community-effectiveness of insecticide treated nets for ...,"Eisele, P. M.; Grabowski, M.; Brady, O. J.; et al.",,2015.0,,PLoS Neglected Tropical Diseases,PLOS Neglected Tropical Diseases,10.1371/journal.pntd.0003187,,0,1,3,GOOGLE,0,"✗ Title | ? Authors | ? Year | ✓ Venue | ? DOI

### Summary
No matching article with the exact title, authors, and publication year could be found for the original reference. Although the journal name matches, the title differs considerably, indicating they are likely different articles.

### Details
A search found no record matching the original title ""Long-lasting insecticide-treated nets: a critical review of efficacy, safety, and cost-effectiveness"" along with the listed authors and year 2015. The journal ""PLoS Neglected Tropical Diseases"" was confirmed as correct. A related article found focuses on ""Efficacy and community-effectiveness of insecticide treated nets,"" but the title and content scope differ significantly, suggesting it is not the same work. No matching DOI was found.

- https://journals.plos.org/plosntds/article?id=10.1371/journal.pntd.0010196
- https://pmc.ncbi.nlm.nih.gov/articles/PMC3348006/",0.0,1.0
"Jones, K. E., Patel, N. G., Levy, M. A., Storeygard, A., Balk, D., Gabel, J. L., & Daszak, P. (2008). Global trends in emerging infectious diseases. *Nature, 454*(7188), 191–193.",Infectious disease,gemma_3_27b,verified,"Jones, K. E., Patel, N., Levy, M. A., Storeygard, A., Balk, D., Gittleman, J. L., & Daszak, P. (2008). *Global trends in emerging infectious diseases*. *Nature*, 451(7181), 990-993. https://doi.org/10.1038/nature06536",MATCH,MATCH,MATCH,MATCH,ABSENT,Global trends in emerging infectious diseases,Kate E. Jones; Nikkita Patel; Marc A. Levy; Adam Storeygard; Deborah Balk; Peter Daszak,2008,Nature,10.1038/nature06536,https://doi.org/10.1038/nature06536,GOOGLE,3.0,1.0,0.0,1.0,0.0,Global trends in emerging infectious diseases,Global trends in emerging infectious diseases,"Jones, K. E.; Patel, N. G.; Levy, M. A.; Storeygard, A.; Balk, D.; Gabel, J. L.; Daszak, P.",Kate E. Jones; Nikkita Patel; Marc A. Levy; Adam Storeygard; Deborah Balk; John L. Gittleman; Peter Daszak,2008.0,2008.0,Nature,Nature,,10.1038/nature06536,0,0,2,GOOGLE,0,"✓ Title | ✗ Authors | ✓ Year | ✓ Venue | ○ ID

### Summary
This article was confirmed in the journal Nature with matching title and year. However, one author's name was found to differ slightly compared to the citation provided, causing a minor discrepancy in the author list.

### Details
A matching record was found for the article titled ""Global trends in emerging infectious diseases"" published in 2008 in Nature. Most authors matched, but one author's name was listed as John L. Gittleman instead of J. L. Gabel. The year 2008 and journal Nature matched exactly. No identifier (DOI) was present in the citation, but the referenced article is documented with DOI 10.1038/nature06536. The discrepancy in author names suggests a minor citation error.

- https://doi.org/10.1038/nature06536",1.0,0.0
"Alalwan, A. A., Youssef, M. M., & Shaheen, M. A. (2017). Factors influencing consumers’ adoption of mobile banking services in Saudi Arabia. *International Journal of Bank Marketing, 35*(5), 743–758.",Mobile banking,gemma_3_27b,unverified,Reference could not be verified.,CONTRADICTION,CONTRADICTION,CONTRADICTION,CONTAINS,ABSENT,Factors influencing consumers' adoption of Islamic mobile banking services in Malaysia: An approach of partial least squares (PLS),MAB Mohd Thas Thaker; AB Allah Pitchay,2019.0,Journal of Islamic …,,https://www.emerald.com/jima/article-abstract/10/4/1037/221832,GOOGLE,0.0,3.0,1.0,1.0,0.0,Factors influencing consumers’ adoption of mobile banking services in Saudi Arabia.,Factors influencing consumers' adoption of Islamic mobile banking services in Malaysia: An approach of partial least squares (PLS),"Alalwan, A. A.; Youssef, M. M.; Shaheen, M. A.",MAB Mohd Thas Thaker; AB Allah Pitchay,2017.0,2019.0,International Journal of Bank Marketing,Journal of Islamic …,,https://www.emerald.com/jima/article-abstract/10/4/1037/221832,0,0,1,GOOGLE,0,"✗ Title | ✗ Authors | ✗ Year | ◐ Venue | ○ ID

### Summary
No matching article could be found for the reference claiming to be by Alalwan, Youssef, and Shaheen from 2017 about mobile banking adoption in Saudi Arabia. The closest found article discusses Islamic mobile banking in Malaysia from 2019 with different authors and a different title.

### Details
A search found a similar but distinct paper titled ""Factors influencing consumers' adoption of Islamic mobile banking services in Malaysia: An approach of partial least squares (PLS)"" authored by MAB Mohd Thas Thaker and AB Allah Pitchay published in 2019. The original reference's title, authors, and year differ significantly, indicating these are two different papers. Both articles appear in journals from the same publisher but different specific journals, which confirms they are not the same source. There was no identifier in the original citation to assist verification.

- https://www.emerald.com/jima/article-abstract/10/4/1037/221832",0.0,1.0
"Bartels, L. M. (2008). Unequal democracy: The political economy of the new gilded age. Princeton University Press.",Political Science,gemma_3_27b,verified,"Bartels, L. M. (2008). Unequal democracy: The political economy of the new gilded age. *JSTOR*. https://www.jstor.org/stable/j.ctt7t9ks",MATCH,MATCH,MATCH,CONTAINS,ABSENT,Unequal Democracy: The Political Economy of the New Gilded Age,Larry M. Bartels,2008.0,JSTOR / Princeton University Press,,https://www.jstor.org/stable/j.ctt7t9ks,GOOGLE,3.0,0.0,1.0,1.0,0.0,Unequal democracy: The political economy of the new gilded age,Unequal Democracy: The Political Economy of the New Gilded Age,"Bartels, L. M.",Larry M. Bartels,2008.0,2008.0,Princeton University Press,JSTOR / Princeton University Press,,https://www.jstor.org/stable/j.ctt7t9ks,1,1,3,GOOGLE,0,"✓ Title | ✓ Authors | ✓ Year | ◐ Venue | ○ ID

### Summary
This book was confirmed with the title ""Unequal Democracy: The Political Economy of the New Gilded Age"" and author Larry M. Bartels, published in 2008. The publisher is Princeton University Press, which is correctly referenced.

### Details
A matching record was found where the title matches exactly and the author name matches with an abbreviation (L. M. Bartels vs. Larry M. Bartels). The year 2008 is confirmed to be correct. While the evidence source includes JSTOR as the platform hosting the content, the citation correctly identifies Princeton University Press as the publisher. No DOI was present in the original citation.

- https://www.jstor.org/stable/j.ctt7t9ks
- https://press.princeton.edu/books/hardcover/9780691172842/unequal-democracy?srsltid=AfmBOoqFIxHK9z7T00WhgckiUCA_rUU1ENhkS43Pwy7CFv19VIhzV7wt
- https://doi.org/10.5860/choice.46-1746",0.9,0.1
"Christle, C. A., Jolley, J., & Nelson, L. J. (2007). Risk factors for school dropout among students with disabilities. *Exceptional Children, 73*(4), 457–478.",School dropout,gemma_3_27b,unverified,Reference could not be verified.,UNCONFIRMED,UNCONFIRMED,UNCONFIRMED,UNCONFIRMED,UNCONFIRMED,,,,,,,,,,,,,,,,,,,,,,,0,0,0,,0,"? Title | ? Authors | ? Year | ? Venue | ? ID

### Summary
No matching article titled ""Risk factors for school dropout among students with disabilities"" by Christle, C. A., Jolley, J., and Nelson, L. J. from 2007 could be found in the databases searched. None of the details including the title, authors, year, or journal were confirmed.

### Details
A search was conducted on OpenAlex and through scholarly queries using the full reference information, but no evidence of the article's existence or matching record emerged. There were no matches for the title, authors, or publication year in the available sources. The algorithm was unable to find any related works or citations that would confirm this reference.

- https://openalex.org
- https://scholar.google.com",0.0,1.0
"Swanson, C. B., & Stevenson, J. A. (2018). Examining the role of school climate in predicting student dropout. *Journal of School Psychology, 68*, 1-12.",School dropout,gemma_3_27b,unverified,Reference could not be verified.,CONTRADICTION,CONTRADICTION,CONTRADICTION,CONTRADICTION,ABSENT,The relationship between school climate and student achievement at the elementary school level,DA Belton,2021.0,vtechworks.lib.vt.edu,,https://vtechworks.lib.vt.edu/items/f6adb9da-89e7-4e0b-a9fb-5bfe982ddf60,GOOGLE,0.0,4.0,0.0,1.0,0.0,Examining the role of school climate in predicting student dropout,The relationship between school climate and student achievement at the elementary school level,"Swanson, C. B.; Stevenson, J. A.",DA Belton,2018.0,2021.0,Journal of School Psychology,vtechworks.lib.vt.edu,,https://vtechworks.lib.vt.edu/items/f6adb9da-89e7-4e0b-a9fb-5bfe982ddf60,0,0,3,GOOGLE,0,"✗ Title | ✗ Authors | ✗ Year | ✗ Venue | ○ ID

### Summary
No matching article could be found for the reference by Swanson and Stevenson (2018) about school climate and student dropout. The candidate document found was different in title, authors, year, and publication venue, indicating it is not the same work.

### Details
A search did not find any record matching the exact title ""Examining the role of school climate in predicting student dropout"" or authors Swanson, C. B. and Stevenson, J. A. from 2018 in the Journal of School Psychology. The best potential match found was a different work titled ""The relationship between school climate and student achievement at the elementary school level"" by DA Belton from 2021 hosted on the Virginia Tech repository (vtechworks.lib.vt.edu). The title focus, author names, publication year, and venue were all different, leading to the conclusion that the cited article could not be verified.

- https://vtechworks.lib.vt.edu/items/f6adb9da-89e7-4e0b-a9fb-5bfe982ddf60",0.0,1.0
"Dynarski, M. (2008). The social and economic costs of dropping out of high school. *Journal of Policy Analysis and Management, 27*(4), 765–783.",School dropout,gemma_3_27b,unverified,Reference could not be verified.,UNCONFIRMED,UNCONFIRMED,UNCONFIRMED,UNCONFIRMED,UNCONFIRMED,,,,,,,,,,,,,,,,,,,,,,,0,0,0,,0,"? Title | ? Authors | ? Year | ? Venue | ? ID

### Summary
No matching article could be found for the reference by Dynarski (2008) titled ""The social and economic costs of dropping out of high school"". Neither the title, authors, year, nor journal information could be confirmed.

### Details
A search on OpenAlex using the given title, author, and year did not return any matching records. Additional scholarly search queries also failed to find an article matching this reference, and no potential matches were identified. The algorithm found no evidence candidates to compare, leading to the verification status as unverified.

- [OpenAlex](https://openalex.org)
- [Scholar Search Results](https://scholar.google.com)",0.0,1.0
"Tyler, J. H., & Thornton, B. (2017). School climate and dropout: A multilevel analysis. *American Educational Research Journal, 54*(6), 1033–1065.",School dropout,gemma_3_27b,unverified,Reference could not be verified.,UNCONFIRMED,UNCONFIRMED,UNCONFIRMED,UNCONFIRMED,UNCONFIRMED,,,,,,,,,,,,,,,,,,,,,,,0,0,0,,0,"? Title | ? Authors | ? Year | ? Venue | ? ID

### Summary
No matching article titled ""School climate and dropout: A multilevel analysis"" by Tyler and Thornton from 2017 could be found in the American Educational Research Journal or other databases searched.

### Details
A search for this reference in OpenAlex showed no matching work found. A scholar search based on the full citation returned unrelated results and no direct matches. Additionally, a Google search with the exact title, authors, and journal produced no relevant hits or evidence of the article's existence.

- https://openalex.org
- https://scholar.google.com
- https://www.google.com/search",0.0,1.0
"Kaufman, P., Alt, M. E., & Chapman, C. (2004). Dropout rates in the United States: 2002. *National Center for Education Statistics, U.S. Department of Education*.",School dropout,gemma_3_27b,needs-human,Reference requires human review.,CONTRADICTION,MATCH,MATCH,MATCH,ABSENT,Dropout Rates in the United States: 2001,P. Kaufman; M. N. Alt; C. Chapman,2004.0,National Center for Education Statistics,,https://nces.ed.gov/pubs2005/2005046.pdf,GOOGLE,3.0,1.0,0.0,1.0,0.0,Dropout rates in the United States: 2002,Dropout Rates in the United States: 2001,"Kaufman, P.; Alt, M. E.; Chapman, C.",P. Kaufman; M. N. Alt; C. Chapman,2004.0,2004.0,"National Center for Education Statistics, U.S. Department of Education",National Center for Education Statistics,,https://nces.ed.gov/pubs2005/2005046.pdf,1,2,3,GOOGLE,0,"✗ Title | ✓ Authors | ✓ Year | ✓ Venue | ○ ID

### Summary
The reference matches the authors, year, and venue of a report from the National Center for Education Statistics, but the title does not match exactly. The original citation was for ""Dropout rates in the United States: 2002,"" while the best available matching report is titled ""Dropout Rates in the United States: 2001.""

### Details
A record was found for a 2004 report by Kaufman, Alt, and Chapman published by the National Center for Education Statistics with the title ""Dropout Rates in the United States: 2001."" The authors' names match despite minor initial differences, and the year and publisher are consistent with the citation. However, the title in the citation specifies the year 2002, indicating a potential different or subsequent edition. No exact match for the 2002 title was found. This mismatch in titles suggests that human review is needed to confirm if these are editions of the same report or separate publications.

- https://nces.ed.gov/pubs2005/2005046.pdf
- https://nces.ed.gov/pubs2006/dropout/index.asp
- https://nces.ed.gov/pubs2006/2006062.pdf",0.333,0.667
"Battin-Pearson, S., Newcomb, T. M., Abbott, R. D., Hill, K. G., & Catalano, R. F. (2000). Predictors of adolescent problem behaviors: A longitudinal analysis. *Journal of Adolescent Research, 15*(1), 62–88.",School dropout,gemma_3_27b,unverified,Reference could not be verified.,CONTRADICTION,CONTAINS,MATCH,CONTRADICTION,ABSENT,Predictors of early high school dropout: A test of five theories.,Sara Battin-Pearson; Michael D. Newcomb; Robert D. Abbott; Karl G. Hill; Richard F. Catalano; J. David Hawkins,2000.0,Journal of Educational Psychology,,https://eric.ed.gov/?id=EJ621000,GOOGLE,1.0,2.0,1.0,1.0,0.0,Predictors of adolescent problem behaviors: A longitudinal analysis.,Predictors of early high school dropout: A test of five theories.,"Battin-Pearson, S.; Newcomb, T. M.; Abbott, R. D.; Hill, K. G.; Catalano, R. F.",Sara Battin-Pearson; Michael D. Newcomb; Robert D. Abbott; Karl G. Hill; Richard F. Catalano; J. David Hawkins,2000.0,2000.0,Journal of Adolescent Research,Journal of Educational Psychology,,https://eric.ed.gov/?id=EJ621000,0,0,1,GOOGLE,1,"✗ Title | ◐ Authors | ✓ Year | ✗ Venue | ○ ID

### Summary
No matching article matching the exact details of this reference was found. Although the authors and publication year match, the title and journal do not correspond to a confirmed source, indicating this reference could not be verified as stated.

### Details
A search found a well-known article by these authors from 2000, but its title is ""Predictors of early high school dropout: A test of five theories,"" published in the Journal of Educational Psychology, which differs from the cited ""Predictors of adolescent problem behaviors: A longitudinal analysis"" in the Journal of Adolescent Research. This indicates the reference is mismatched in title and journal despite author and year overlap. No digital identifier like a DOI was provided for further confirmation.

- https://eric.ed.gov/?id=EJ621000
- https://awspntest.apa.org/doi/10.1037/0022-0663.92.3.568",0.0,1.0
"Lee, V. E., & Smith, J. B. (1997). School effects on academic achievement: Sociological perspectives. *Annual Review of Sociology, 23*, 233–265.",School dropout,gemma_3_27b,unverified,Reference could not be verified.,CONTRADICTION,MATCH,MATCH,CONTRADICTION,ABSENT,High school size: Which works best and for whom?,V. E. Lee; J. B. Smith,1997.0,Evaluation and Policy Analysis,,https://journals.sagepub.com/doi/abs/10.3102/01623737019003205,GOOGLE,2.0,2.0,0.0,1.0,0.0,School effects on academic achievement: Sociological perspectives.,High school size: Which works best and for whom?,"Lee, V. E.; Smith, J. B.",V. E. Lee; J. B. Smith,1997.0,1997.0,Annual Review of Sociology,Evaluation and Policy Analysis,,https://journals.sagepub.com/doi/abs/10.3102/01623737019003205,0,0,3,GOOGLE,1,"✗ Title | ✓ Authors | ✓ Year | ✗ Venue | ○ ID

### Summary
The referenced article could not be confirmed as matching the given citation. Although the authors Lee, V. E. and Smith, J. B. and the year 1997 matched, the title and journal did not correspond with any verified record.

### Details
A search did not find any article titled ""School effects on academic achievement: Sociological perspectives"" published in the Annual Review of Sociology in 1997 by these authors. Instead, the best potential match found was a different article titled ""High school size: Which works best and for whom?"" published in the journal Evaluation and Policy Analysis, also authored by Lee and Smith in 1997. This mismatch in title and journal indicates that the original reference cannot be verified as presented.

- https://journals.sagepub.com/doi/abs/10.3102/01623737019003205
- https://www.jstor.org/stable/2112741
- https://eric.ed.gov/?id=ED439213",0.0,1.0
"Ehrenberg, R. G., & Smith, R. S. (2001). School resources and student outcomes. *Handbook of Labor Economics, 3*, 1367–1429.",School dropout,gemma_3_27b,unverified,Reference could not be verified.,MATCH,CONTAINS,CONTRADICTION,CONTRADICTION,ABSENT,School Resources and Student Outcomes,David Card; Alan B. Krueger,1998.0,The Annals of the American Academy of Political and Social Science,10.1177/0002716298559001004,https://doi.org/10.1177/0002716298559001004,GOOGLE,1.0,2.0,1.0,1.0,0.0,School resources and student outcomes.,School Resources and Student Outcomes,"Ehrenberg, R. G.; Smith, R. S.",David Card; Alan B. Krueger,2001.0,1998.0,Handbook of Labor Economics,The Annals of the American Academy of Political and Social Science,,10.1177/0002716298559001004,0,0,2,GOOGLE,0,"✓ Title | ◐ Authors | ✗ Year | ✗ Venue | ○ ID

### Summary
No matching article could be found for the reference by Ehrenberg and Smith from 2001 in the Handbook of Labor Economics. While the title ""School resources and student outcomes"" was confirmed, the authors, publication year, and journal/book details did not align with any records found.

### Details
A matching record was found with the exact title ""School Resources and Student Outcomes,"" but it was authored by David Card and Alan B. Krueger, published in 1998 in The Annals of the American Academy of Political and Social Science. This differs from the cited year 2001 and venue Handbook of Labor Economics, as well as having different authors (Ehrenberg and Smith vs. Card and Krueger). No identifier was present in the citation to aid verification, and all candidates had contradictions or insufficient matches.

- https://doi.org/10.1177/0002716298559001004",0.067,0.933
"Howell, A. L., & Evans, C. G. (2017). Rural high school dropout rates and the role of school climate. *Rural Educator, 38*(3), 28–42.",School dropout prevention programs in rural areas,gemma_3_27b,unverified,Reference could not be verified.,UNCONFIRMED,UNCONFIRMED,UNCONFIRMED,UNCONFIRMED,UNCONFIRMED,,,,,,,,,,,,,,,,,,,,,,,0,0,0,,0,"? Title | ? Authors | ? Year | ? Venue | ? ID

### Summary
No matching article was found for the reference ""Rural high school dropout rates and the role of school climate"" by Howell and Evans from 2017 in the journal Rural Educator. The search did not identify any record that confirms the title, authors, year, or journal for this publication.

### Details
A search in OpenAlex yielded no matching work with the provided details. Additionally, a broader scholar search found no publications that fully matched the title, authors, year, and journal. The closest search results included various studies related to school climate, dropout rates, and rural education but none from Howell and Evans in 2017 or in Rural Educator. This lack of evidence suggests the reference could not be verified.

- https://openalex.org
- https://scholar.google.com
",0.0,1.0
"DeWilde, J., & Wortham, S. (2018). “It’s like nobody cares”: Student perspectives on dropping out of high school in rural communities. *Journal of Research in Rural Education, 33*(2), 129–143.",School dropout prevention programs in rural areas,gemma_3_27b,unverified,Reference could not be verified.,UNCONFIRMED,UNCONFIRMED,UNCONFIRMED,UNCONFIRMED,UNCONFIRMED,,,,,,,,,,,,,,,,,,,,,,,0,0,0,,0,"? Title | ? Authors | ? Year | ? Venue | ? ID

### Summary
No matching article was found for the reference provided. The title, authors, year, and journal details could not be confirmed in major academic databases.

### Details
A search in the OpenAlex database returned no matching record for the article titled ""It’s like nobody cares: Student perspectives on dropping out of high school in rural communities"" by DeWilde and Wortham from 2018. Additional Google searches did not yield a clear match to this article in the Journal of Research in Rural Education or related sources. Therefore, the reference could not be verified.

- https://link.springer.com/content/pdf/10.1007/978-3-030-20824-0.pdf
- https://centaur.reading.ac.uk/view/year/2018.default.html",0.0,1.0
"Bowers, E. P., & Sprott, D. (2015). The impact of early warning systems on high school dropout rates in rural schools. *Journal of School Leadership, 25*(2), 288–313.",School dropout prevention programs in rural areas,gemma_3_27b,unverified,Reference could not be verified.,CONTRADICTION,CONTRADICTION,CONTRADICTION,CONTRADICTION,ABSENT,Early warning systems and indicators of dropping out of upper secondary school: The emerging role of digital technologies,AJ Bowers,2021.0,OECD Digital Education Outlook,,https://books.google.com/books?hl=en&lr=&id=Yj8yEAAAQBAJ&oi=fnd&pg=PA173&dq=The+impact+of+early+warning+systems+on+high+school+dropout+rates+in+rural+schools+Bowers+Sprott+2015&ots=GupWjBCdmW&sig=d2mBBmwUUHVpLwye58hM1SE4Vg8,GOOGLE,0.0,4.0,0.0,1.0,0.0,The impact of early warning systems on high school dropout rates in rural schools.,Early warning systems and indicators of dropping out of upper secondary school: The emerging role of digital technologies,"Bowers, E. P.; Sprott, D.",AJ Bowers,2015.0,2021.0,Journal of School Leadership,OECD Digital Education Outlook,,https://books.google.com/books?hl=en&lr=&id=Yj8yEAAAQBAJ&oi=fnd&pg=PA173&dq=The+impact+of+early+warning+systems+on+high+school+dropout+rates+in+rural+schools+Bowers+Sprott+2015&ots=GupWjBCdmW&sig=d2mBBmwUUHVpLwye58hM1SE4Vg8,0,0,1,GOOGLE,0,"✗ Title | ✗ Authors | ✗ Year | ✗ Venue | ○ ID

### Summary
No matching article could be found for this reference. The details of the cited work differ significantly from the best available candidate records in terms of title, authors, year, and publication venue.

### Details
The provided citation claims a 2015 article by Bowers, E. P., and Sprott, D. titled ""The impact of early warning systems on high school dropout rates in rural schools"" published in the *Journal of School Leadership*. However, no records matching this combination were located. The best identified candidate is a 2021 publication by A. J. Bowers titled ""Early warning systems and indicators of dropping out of upper secondary school: The emerging role of digital technologies"" from the OECD Digital Education Outlook, which differs in title, author names, year by six years, and publication venue. Searches on OpenAlex and scholarly search engines confirmed these discrepancies and failed to find evidence of the cited article.

- https://books.google.com/books?hl=en&lr=&id=Yj8yEAAAQBAJ&oi=fnd&pg=PA173&dq=The+impact+of+early+warning+systems+on+high+school+dropout+rates+in+rural+schools+Bowers+Sprott+2015&ots=GupWjBCdmW&sig=d2mBBmwUUHVpLwye58hM1SE4Vg8
- https://search.proquest.com/openview/95a052279eb4d0a1e457b6e83db4019d/1?pq-origsite=gscholar&cbl=18750&diss=y
- https://eric.ed.gov/?id=ED573197",0.0,1.0
"Byrd, K. R., & Weiler, L. M. (2019). Addressing the unique challenges of rural student dropout: A systematic review. *Preventing School Failure: Alternative Education for Children and Youth, 43*(4), 249–262.",School dropout prevention programs in rural areas,gemma_3_27b,unverified,Reference could not be verified.,UNCONFIRMED,UNCONFIRMED,UNCONFIRMED,UNCONFIRMED,UNCONFIRMED,,,,,,,,,,,,,,,,,,,,,,,0,0,0,,0,"? Title | ? Authors | ? Year | ? Venue | ? ID

### Summary
No matching article for the reference by Byrd and Weiler (2019) titled ""Addressing the unique challenges of rural student dropout: A systematic review"" was found in the available databases or search results. This means the provided reference could not be verified.

### Details
A thorough search using the article title, author names, and year yielded no exact matches in OpenAlex or Google Scholar. No DOI was found, and no records closely resembling this publication were identified in multiple scholarly sources. The search results included related topics about school dropout and rural education but none matching the specified article details.

- [OpenAlex Search Result](https://openalex.org)
- [Google Scholar Search Snapshot]()",0.0,1.0
"Finn, J. D. (1989). Withdrawing from school: A longitudinal study of the process of school leaving. *Child Development, 60*(5), 1100–1116.",School dropout,gemma_3_27b,needs-human,Reference requires human review.,CONTAINS,MATCH,MATCH,CONTRADICTION,ABSENT,Withdrawing from school,J. D. Finn,1989.0,Review of Educational Research,10.3102/00346543059002117,,GOOGLE,2.0,1.0,1.0,1.0,0.0,Withdrawing from school: A longitudinal study of the process of school leaving.,Withdrawing from school,"Finn, J. D.",J. D. Finn,1989.0,1989.0,Child Development,Review of Educational Research,,10.3102/00346543059002117,0,0,1,GOOGLE,0,"◐ Title | ✓ Authors | ✓ Year | ✗ Venue | ○ ID

### Summary
The reference provided needs human review because the article title, author, and year match an entry, but the journal information does not. The originally cited journal was *Child Development*, whereas the best potential match is published in *Review of Educational Research*.

### Details
A record was found confirming the article titled ""Withdrawing from school"" authored by J. D. Finn in 1989, but it appears in *Review of Educational Research*, not *Child Development* as cited. The title in the citation includes a subtitle that was not fully matched in the found record, but the core title is consistent. The author name and year align perfectly. There is no DOI in the original citation; however, the found article has DOI 10.3102/00346543059002117. This discrepancy in journal name suggests the need for human review to confirm the correct source.

- [Review of Educational Research article](https://journals.sagepub.com/doi/abs/10.3102/00346543059002117)",0.433,0.567
"Henry, G. T., Knight, K. P., & Lockard, J. S. (2016). Rural school dropout prevention: A case study of successful interventions. *The Rural Educator, 37*(2), 18–31.",School dropout prevention programs in rural areas,gemma_3_27b,unverified,Reference could not be verified.,UNCONFIRMED,UNCONFIRMED,UNCONFIRMED,UNCONFIRMED,UNCONFIRMED,,,,,,,,,,,,,,,,,,,,,,,0,0,0,,0,"? Title | ? Authors | ? Year | ? Venue | ? ID

### Summary
No matching article was found for the provided reference. The details such as the title, authors, year, and journal could not be confirmed by the verification process.

### Details
A search was conducted using OpenAlex with the title ""Rural school dropout prevention: A case study of successful interventions"" and author ""Henry, G. T."" for the year 2016, but it yielded no matching records. Additional searches through scholarly databases did not find a relevant article matching the title, authors, and year. The verification thus could not confirm any part of the given reference.

- [OpenAlex](https://openalex.org)  
- [Scholarly Search Results](https://scholar.google.com)",0.0,1.0
"Shernoff, D. J., & Krutka, D. D. (2013). Rural high school students’ engagement and dropout intentions. *Journal of Youth and Adolescence, 42*(7), 1189–1204.",School dropout prevention programs in rural areas,gemma_3_27b,unverified,Reference could not be verified.,UNCONFIRMED,UNCONFIRMED,UNCONFIRMED,UNCONFIRMED,UNCONFIRMED,,,,,,,,,,,,,,,,,,,,,,,0,0,0,,0,"? Title | ? Authors | ? Year | ? Venue | ? ID

### Summary
No matching article could be found for the reference by Shernoff and Krutka (2013) titled ""Rural high school students’ engagement and dropout intentions"" in the Journal of Youth and Adolescence.

### Details
A search performed on OpenAlex did not locate any work matching the title, authors, year, or journal details provided. Additionally, a scholar search query using all reference information returned no relevant results. Therefore, there is no available evidence confirming the existence of this article as cited.

- [OpenAlex](https://openalex.org)
- [Google Scholar](https://scholar.google.com)",0.0,1.0
"Swanson, C. B., & Stevenson, C. E. (2014). Examining the relationship between school connectedness and dropout rates in rural high schools. *Rural Special Education Quarterly, 33*(4), 23–30.",School dropout prevention programs in rural areas,gemma_3_27b,unverified,Reference could not be verified.,CONTRADICTION,CONTRADICTION,CONTRADICTION,CONTRADICTION,ABSENT,Evaluation of the impact of social work services in rural school districts,B Heinrich,2017.0,digitalcommons.acu.edu (ACU thesis/dissertation),,https://digitalcommons.acu.edu/etd/56/,GOOGLE,0.0,4.0,0.0,1.0,0.0,Examining the relationship between school connectedness and dropout rates in rural high schools.,Evaluation of the impact of social work services in rural school districts,"Swanson, C. B.; Stevenson, C. E.",B Heinrich,2014.0,2017.0,Rural Special Education Quarterly,digitalcommons.acu.edu (ACU thesis/dissertation),,https://digitalcommons.acu.edu/etd/56/,0,0,3,GOOGLE,0,"✗ Title | ✗ Authors | ✗ Year | ✗ Venue | ○ ID

### Summary
The reference could not be verified because no matching article was found with the given authors, title, year, and journal. The proposed matching work was a different document with different authors, year, and publication type.

### Details
A search for the article titled ""Examining the relationship between school connectedness and dropout rates in rural high schools"" by Swanson and Stevenson from 2014 in the journal Rural Special Education Quarterly did not find any matching records. The closest potential match was a 2017 thesis titled ""Evaluation of the impact of social work services in rural school districts"" by B Heinrich, which is unrelated, has different authors, a different year, and appears in a different publication venue (a digital repository, not a journal).

- https://digitalcommons.acu.edu/etd/56/",0.0,1.0
"Thompson, J. R., & Lewis, S. A. (2015). *Dropout prevention in rural schools: A review of the literature and recommendations for practice* (Technical Report). Appalachia Educational Laboratory.",School dropout prevention programs in rural areas,gemma_3_27b,unverified,Reference could not be verified.,CONTRADICTION,CONTRADICTION,UNCONFIRMED,UNCONFIRMED,ABSENT,Rural School Dropout Issues,J Smink,,,,https://dropoutprevention.org/wp-content/uploads/2015/05/13_Rural_School_Dropout_Issues_Report.pdf,GOOGLE,0.0,2.0,0.0,1.0,2.0,Dropout prevention in rural schools: A review of the literature and recommendations for practice,Rural School Dropout Issues,"Thompson, J. R.; Lewis, S. A.",J Smink,2015.0,,Appalachia Educational Laboratory,,,https://dropoutprevention.org/wp-content/uploads/2015/05/13_Rural_School_Dropout_Issues_Report.pdf,0,0,3,GOOGLE,0,"✗ Title | ✗ Authors | ? Year | ? Venue | ○ ID

### Summary
No matching report could be found that confirms the citation details for Thompson and Lewis (2015) on dropout prevention in rural schools. The available documents on related topics differ significantly in title and authorship.

### Details
A search did not locate any record matching the title ""Dropout prevention in rural schools: A review of the literature and recommendations for practice"" by Thompson, J. R. and Lewis, S. A., nor from the Appalachia Educational Laboratory for the year 2015. The closest found document titled ""Rural School Dropout Issues"" is authored by J. Smink and has a different focus. There is no overlapping author or matching year. Relevant sources include:

- [Rural School Dropout Issues (PDF)](https://dropoutprevention.org/wp-content/uploads/2015/05/13_Rural_School_Dropout_Issues_Report.pdf)",0.0,1.0
"Young, S. L., & Howley, C. B. (2009). *Rural school dropout: A synthesis of the literature and implications for policy and practice* (Doctoral dissertation). University of Vermont.",School dropout prevention programs in rural areas,gemma_3_27b,unverified,Reference could not be verified.,UNCONFIRMED,UNCONFIRMED,UNCONFIRMED,UNCONFIRMED,UNCONFIRMED,,,,,,,,,,,,,,,,,,,,,,,0,0,0,,0,"? Title | ? Authors | ? Year | ? Venue | ? ID

### Summary
No matching doctoral dissertation by Young and Howley from 2009 titled ""Rural school dropout: A synthesis of the literature and implications for policy and practice"" at the University of Vermont could be found. The search found no records or evidence supporting this specific work.

### Details
A search in the OpenAlex database returned no matching works. Multiple web and academic search queries also failed to locate this dissertation or any closely corresponding publication. No matching titles, authors, year, or affiliation to the University of Vermont were identified in the search results.

- [ERIC search results](https://eric.ed.gov/?q=rural+school&%20id=EJ1233465&ff1=autHowley%2C+Craig&ff2=pubERIC+Publications)
- [ResearchGate article by Howley](https://www.researchgate.net/publication/234618422_Challenges_Facing_Rural_Schools_Implications_for_Gifted_Students)
- [ADI dropout prevention PDF](https://www.adi.org/resources/Dropout_Prevention_Challenges_Opportunities_Rural_Settings%202013.pdf)",0.0,1.0
"Rosenstone, S. J., & Hansen, J. M. (1993). *The American Voter: An Abridged Edition*. Longman.",Voter turnout,gemma_3_27b,unverified,Reference could not be verified.,UNCONFIRMED,UNCONFIRMED,UNCONFIRMED,UNCONFIRMED,UNCONFIRMED,,,,,,,,,,,,,,,,,,,,,,,0,0,0,,0,"? Title | ? Authors | ? Year | ? Venue | ? ID

### Summary
No matching book titled ""The American Voter: An Abridged Edition"" by Rosenstone and Hansen from 1993 published by Longman was found in the searched databases. The reference could not be confirmed based on the available records.

### Details
A search in OpenAlex for the exact title, authors, and year did not find any matching work. Further searches via Google Scholar and other sources showed citations referencing the authors Rosenstone and Hansen from 1993, but none confirmed the existence of a book with that exact title or the publisher Longman. Related documents mentioned the authors and the year but not as a matching book record. 

- https://books.google.com
- https://journals.uchicago.edu
- https://journals.sagepub.com
- https://www.degruyterbrill.com
- https://read.dukeupress.edu
- https://search.proquest.com",0.0,1.0
"Leighley, J. E. (1995). Attitudes, opportunities, and voter turnout. *American Journal of Political Science, 39*(2), 361–399.",Voter turnout,gemma_3_27b,unverified,Reference could not be verified.,CONTRADICTION,MATCH,MATCH,CONTRADICTION,ABSENT,"Attitudes, opportunities and incentives: A field essay on political participation",J E Leighley,1995.0,Political Research Quarterly,10.1177/106591299504800111,https://journals.sagepub.com/doi/abs/10.1177/106591299504800111,GOOGLE,2.0,2.0,0.0,1.0,0.0,"Attitudes, opportunities, and voter turnout","Attitudes, opportunities and incentives: A field essay on political participation","Leighley, J. E.",J E Leighley,1995.0,1995.0,American Journal of Political Science,Political Research Quarterly,,10.1177/106591299504800111,0,0,1,GOOGLE,0,"✗ Title | ✓ Authors | ✓ Year | ✗ Venue | ○ ID

### Summary
The reference could not be verified because no matching article was found with the exact title ""Attitudes, opportunities, and voter turnout"" published in the ""American Journal of Political Science"" by J. E. Leighley in 1995. While the author and year matched, the title and journal differed significantly from available records.

### Details
A matching record was not found on OpenAlex using the given citation details. A web search for the title and author from 1995 yielded a closely related article titled ""Attitudes, opportunities and incentives: A field essay on political participation"" by J. E. Leighley in ""Political Research Quarterly,"" a different journal from the citation. The difference in titles is substantial, concerning the subject and scope, and the journal name does not match. The year 1995 and the author match exactly, but the other critical elements do not align, indicating these are two distinct publications.

- https://journals.sagepub.com/doi/abs/10.1177/106591299504800111",0.0,1.0
"Plutzer, E. (2002). Becoming a habitual voter. *American Political Science Review, 96*(4), 831–850.",Voter turnout,gemma_3_27b,verified-with-error,"Plutzer, E. (2002). Becoming a Habitual Voter: Inertia, Resources, and Growth in Young Adulthood. *American Political Science Review*, 96(1), 41-56. https://doi.org/10.1017/s0003055402004227",CONTAINS,MATCH,MATCH,MATCH,ABSENT,"Becoming a Habitual Voter: Inertia, Resources, and Growth in Young Adulthood",Eric Plutzer,2002.0,American Political Science Review,10.1017/s0003055402004227,https://doi.org/10.1017/s0003055402004227,GOOGLE,3.0,0.0,1.0,1.0,0.0,Becoming a habitual voter.,"Becoming a Habitual Voter: Inertia, Resources, and Growth in Young Adulthood","Plutzer, E.",Eric Plutzer,2002.0,2002.0,American Political Science Review,American Political Science Review,,10.1017/s0003055402004227,1,1,1,GOOGLE,0,"◐ Title | ✓ Authors | ✓ Year | ✓ Venue | ○ ID

### Summary
This reference was verified to be correct with minor discrepancies. The article by Eric Plutzer in the American Political Science Review from 2002 was found, but the full title includes a subtitle ""Inertia, Resources, and Growth in Young Adulthood"" which was not in the original citation.

### Details
A matching record was found for the article published in 2002 by Eric Plutzer in the American Political Science Review. The core title phrase ""Becoming a habitual voter"" was confirmed, though the full title includes an additional subtitle. The author matches exactly, with ""E. Plutzer"" corresponding to ""Eric Plutzer."" The journal name and year matched exactly. No DOI or other identifier was present in the original citation, but the found article has DOI 10.1017/s0003055402004227. This minor difference in the title accounts for the ""verified-with-error"" status.

- https://doi.org/10.1017/s0003055402004227
- https://ideas.repec.org/a/cup/apsrev/v96y2002i01p41-56_00.html
- https://www.semanticscholar.org/paper/Becoming-a-Habitual-Voter%3A-Inertia%2C-Resources%2C-and-Plutzer/a8cb261dd533f80ebb229c0b0852ecf1c740ba49
- https://www.jstor.org/stable/3117809
- https://www.cambridge.org/core/journals/american-political-science-review/article/becoming-a-habitual-voter-inertia-resources-and-growth-in-young-adulthood/9EA1F561496D714346491B25B0D52239",0.833,0.167
"Highton, B. (2009). A ten-dollar fine and a phone call: Mobilization and turnout in a field experiment. *American Journal of Political Science, 53*(1), 16–31.",Voter turnout,gemma_3_27b,unverified,Reference could not be verified.,UNCONFIRMED,UNCONFIRMED,UNCONFIRMED,UNCONFIRMED,UNCONFIRMED,,,,,,,,,,,,,,,,,,,,,,,0,0,0,,0,"? Title | ? Authors | ? Year | ? Venue | ? ID

### Summary
No matching article was found for the reference ""A ten-dollar fine and a phone call: Mobilization and turnout in a field experiment"" by Highton (2009) in the American Journal of Political Science or other sources. The verification process did not confirm the title, authors, year, or journal.

### Details
A search in OpenAlex and general scholar search yielded no results matching this article or its details. No DOI or alternate matches were found to support the existence of this specific reference.

- [OpenAlex](https://openalex.org)",0.0,1.0
"Gerber, A. S., Green, D. P., & Larocca, C. (2003). Do field experiments reveal the effects of canvassing? *American Journal of Political Science, 47*(4), 834–848.",Voter turnout,gemma_3_27b,unverified,Reference could not be verified.,UNCONFIRMED,UNCONFIRMED,UNCONFIRMED,UNCONFIRMED,UNCONFIRMED,,,,,,,,,,,,,,,,,,,,,,,0,0,0,,1,"? Title | ? Authors | ? Year | ? Venue | ? ID

### Summary
No matching article could be found for the reference titled ""Do field experiments reveal the effects of canvassing?"" by Gerber, A. S., Green, D. P., & Larocca, C. from 2003 in the American Journal of Political Science.

### Details
A search in OpenAlex for the exact title, authors, and year returned no results. Additionally, a broader web search did not uncover any record matching the full citation details. The searched sources only showed unrelated articles or works citing different titles and years, with no direct confirmation of this specific article's existence.

- [OpenAlex](https://openalex.org)
- [Scholar Search](https://scholar.google.com)",0.0,1.0
"Pattie, C., & Johnston, R. (2000). Political participation and the new electoral landscape. *Parliamentary Affairs, 53*(3), 529–548.",Voter turnout,gemma_3_27b,unverified,Reference could not be verified.,UNCONFIRMED,UNCONFIRMED,UNCONFIRMED,UNCONFIRMED,UNCONFIRMED,,,,,,,,,,,,,,,,,,,,,,,0,0,0,,0,"? Title | ? Authors | ? Year | ? Venue | ? ID

### Summary
No matching article titled ""Political participation and the new electoral landscape"" by C. Pattie and R. Johnston from the year 2000 in the journal Parliamentary Affairs was found. There were no close or exact matches identified in available databases or search tools.

### Details
A search using the title, authors, year, and journal information did not locate a corresponding record. The system found no candidates in the OpenAlex database or other academic search results that match the original reference. Similar articles and books mentioning the authors or political participation appeared but none matched the exact citation details.

- [OpenAlex](https://openalex.org)
- [Google Scholar](https://scholar.google.com)",0.0,1.0
"Aldrich, J. H. (1993). *Rational Choice and Democratic Politics*. University of California Press.",Voter turnout,gemma_3_27b,unverified,Reference could not be verified.,CONTRADICTION,MATCH,MATCH,CONTRADICTION,ABSENT,Rational choice and turnout,JH Aldrich,1993.0,American Journal of Political Science,,https://www.jstor.org/stable/2111531,GOOGLE,2.0,2.0,0.0,1.0,0.0,Rational Choice and Democratic Politics,Rational choice and turnout,"Aldrich, J. H.",JH Aldrich,1993.0,1993.0,University of California Press,American Journal of Political Science,,https://www.jstor.org/stable/2111531,0,0,1,GOOGLE,0,"✗ Title | ✓ Authors | ✓ Year | ✗ Venue | ○ ID

### Summary
The reference could not be verified as it refers to a different work than the searched sources. Although the author (J. H. Aldrich) and year (1993) matched, the title and publication venue were different.

### Details
A search for the title ""Rational Choice and Democratic Politics"" did not find any matching records. The author and year matched exactly, but the title provided refers to a broad discussion of democratic politics, whereas the found source titled ""Rational choice and turnout"" deals specifically with voter turnout. Additionally, the original reference lists University of California Press as the publisher, but the found article was published in the American Journal of Political Science, a separate journal. No digital object identifier (DOI) or direct link was found for the original citation.

- https://www.jstor.org/stable/2111531",0.0,1.0
"Karp, J. A., & Banducci, S. A. (2008). Elite cues and voter turnout: The effects of candidate endorsements in the 2004 presidential election. *Political Behavior, 30*(3), 287–304.",Voter turnout,gemma_3_27b,unverified,Reference could not be verified.,UNCONFIRMED,UNCONFIRMED,UNCONFIRMED,UNCONFIRMED,UNCONFIRMED,,,,,,,,,,,,,,,,,,,,,,,0,0,0,,0,"? Title | ? Authors | ? Year | ? Venue | ? ID

### Summary
No matching article was found for the reference to Karp and Banducci (2008) titled ""Elite cues and voter turnout: The effects of candidate endorsements in the 2004 presidential election"" published in Political Behavior. The verification process did not find any record that confirms the authors, title, year, or journal details.

### Details
A search in OpenAlex yielded no matching work for the given title, authors, or year. Additionally, Google Scholar and general web searches returned related literature but none directly corresponding to this specific article, nor any record matching the journal Political Behavior for 2008 with this title. The provided bibliographic details remain unconfirmed.

- [OpenAlex](https://openalex.org)
- [Google Scholar](https://scholar.google.com)",0.0,1.0
"McFarland, J., Hussar, B., & de Brey, C. (2017). *Trends in high school dropout and completion rates in the United States: 2008–2015* (NCES 2018-068). National Center for Education Statistics, Institute of Education Sciences, U.S. Department of Education.",School dropout prevention programs in rural areas,gemma_3_27b,needs-human,Reference requires human review.,CONTAINS,CONTAINS,CONTRADICTION,MATCH,ABSENT,Trends in High School Dropout and Completion Rates in the United States: 2018,McFarland; Cui,2019.0,National Center for Education Statistics (NCES),,https://nces.ed.gov/pubs2019/2019117.pdf,GOOGLE,1.0,1.0,2.0,1.0,0.0,Trends in high school dropout and completion rates in the United States: 2008–2015,Trends in High School Dropout and Completion Rates in the United States: 2018,"McFarland, J.; Hussar, B.; de Brey, C.",McFarland; Cui,2017.0,2019.0,"National Center for Education Statistics, Institute of Education Sciences, U.S. Department of Education",National Center for Education Statistics (NCES),,https://nces.ed.gov/pubs2019/2019117.pdf,0,0,1,GOOGLE,0,"◐ Title | ◐ Authors | ✗ Year | ✓ Venue | ○ ID

### Summary
This reference could not be definitively verified because there are differences in the publication years and slight variations in author listings between the cited work and the closest match found. While the title and publishing organization closely align, the years 2017 and 2019 do not match exactly, suggesting the documents may be related but are distinct versions or editions.

### Details
A matching report was located from the National Center for Education Statistics, which shares a core title phrase and publisher information with the citation. The cited title covers trends from 2008–2015 published in 2017 by authors including McFarland, Hussar, and de Brey, whereas the closest match available is titled focusing on 2018 trends, published in 2019 with authors McFarland and Cui. The organizational publisher details are consistent, but the year difference of two years and different author lists highlight that these might be different editions or updated reports rather than the exact same publication.

- https://nces.ed.gov/pubs2019/2019117.pdf
- https://nces.ed.gov/programs/dropout/intro.asp",0.3,0.7
"Acemoglu, D., & Robinson, J. A. (2012). Why nations fail: The origins of power, prosperity, and poverty. Crown.",Political Science,gemma_3_27b,verified,"Acemoglu, D., & Robinson, J. A. (2012). *Why nations fail: The origins of power, prosperity, and poverty*. Crown. https://books.google.com/books/about/Why_Nations_Fail.html?id=yIV_NMDDIvYC",MATCH,MATCH,MATCH,MATCH,ABSENT,"Why Nations Fail: The Origins of Power, Prosperity, and Poverty",Daron Acemoglu; James A. Robinson,2012.0,Crown,,https://books.google.com/books/about/Why_Nations_Fail.html?id=yIV_NMDDIvYC,GOOGLE,4.0,0.0,0.0,1.0,0.0,"Why nations fail: The origins of power, prosperity, and poverty","Why Nations Fail: The Origins of Power, Prosperity, and Poverty","Acemoglu, D.; Robinson, J. A.",Daron Acemoglu; James A. Robinson,2012.0,2012.0,Crown,Crown,,https://books.google.com/books/about/Why_Nations_Fail.html?id=yIV_NMDDIvYC,1,1,2,GOOGLE,0,"✓ Title | ✓ Authors | ✓ Year | ✓ Venue | ○ ID

### Summary
This book was confirmed as ""Why Nations Fail: The Origins of Power, Prosperity, and Poverty"" by Daron Acemoglu and James A. Robinson, published in 2012 by Crown. The title, authors, year, and publisher all matched exactly with the verified reference.

### Details
A matching record was found with the exact title and author names. Both authors, Daron Acemoglu and James A. Robinson, were identified with consistent initials and full names. The year 2012 matched perfectly, as did the publisher Crown. Although no identifier such as a DOI was provided, the matching details strongly support the accuracy of the reference. Relevant sources include the Google Books page and several scholarly mentions confirming this publication.

- https://books.google.com/books/about/Why_Nations_Fail.html?id=yIV_NMDDIvYC
- https://www.amazon.com/Why-Nations-Fail-Origins-Prosperity/dp/0307719227
- https://www.wcfia.harvard.edu/publications/why-nations-fail-origins-power-prosperity-and-poverty",1.0,0.0
"Rumberger, R. W., & Lim, S. (2008). Why students drop out of school: A review of the research. *California Dropout Research Project Brief, 1*(1), 1-16.",School dropout,gemma_3_27b,verified-with-error,"Lim, S. A., & Rumberger, R. W. (2008). *Why Students Drop Out of School: A Review of 25 Years of Research*. https://www.hws.edu/about/pdfs/school_dropouts.pdf",CONTAINS,MATCH,MATCH,UNCONFIRMED,ABSENT,Why Students Drop Out of School: A Review of 25 Years of Research,Sun Ah Lim; Russell W. Rumberger,2008.0,,,https://www.hws.edu/about/pdfs/school_dropouts.pdf,GOOGLE,2.0,0.0,1.0,1.0,1.0,Why students drop out of school: A review of the research,Why Students Drop Out of School: A Review of 25 Years of Research,"Rumberger, R. W.; Lim, S.",Sun Ah Lim; Russell W. Rumberger,2008.0,2008.0,California Dropout Research Project Brief,,,https://www.hws.edu/about/pdfs/school_dropouts.pdf,1,1,1,GOOGLE,0,"◐ Title | ✓ Authors | ✓ Year | ? Venue | ○ ID

### Summary
The reference was verified as representing the same publication by Rumberger and Lim from 2008, with matching authors and year. The title was found to be a close variation, including an extended subtitle about ""25 Years of Research,"" indicating minor differences but likely the same work. However, the exact venue name ""California Dropout Research Project Brief"" could not be definitively confirmed.

### Details
A matching record was discovered with the title ""Why Students Drop Out of School: A Review of 25 Years of Research"" by Sun Ah Lim and Russell W. Rumberger published in 2008. The core identifying phrase of the title aligns with the reference, supporting they are the same document despite the subtitle difference. Both authors match, though name formats vary. The year matches exactly. The cited venue ""California Dropout Research Project Brief"" was not confirmed as the available record did not specify a journal or similar. The URL provided in one candidate led to a 404 error, so it could not confirm the venue or additional details. 

- https://www.academia.edu/download/115417130/policybrief15.pdf
- https://www.researchgate.net/publication/268424401_Why_Students_Drop_Out_of_School_A_Review_of_25_Years_of_Research
- https://www.issuelab.org/resources/11658/11658.pdf",0.633,0.367
"Sovacool, B. K. (2009). Contextualizing renewable energy: A political economy perspective. *Renewable and Sustainable Energy Reviews, 13*(2), 384–393.",Rural electrification,gemma_3_27b,unverified,Reference could not be verified.,CONTRADICTION,MATCH,MATCH,CONTRADICTION,ABSENT,Exploring and contextualizing public opposition to renewable electricity in the United States,B K Sovacool,2009.0,Sustainability,,https://www.mdpi.com/2071-1050/1/3/702,GOOGLE,2.0,2.0,0.0,1.0,0.0,Contextualizing renewable energy: A political economy perspective,Exploring and contextualizing public opposition to renewable electricity in the United States,"Sovacool, B. K.",B K Sovacool,2009.0,2009.0,Renewable and Sustainable Energy Reviews,Sustainability,,https://www.mdpi.com/2071-1050/1/3/702,0,0,1,GOOGLE,1,"✗ Title | ✓ Authors | ✓ Year | ✗ Venue | ○ ID

### Summary
The provided reference could not be confirmed as matching any known article. Although the author B. K. Sovacool and the publication year 2009 match, the article's title and journal differ significantly from the verified records.

### Details
A search found no article exactly matching the title ""Contextualizing renewable energy: A political economy perspective"" in the journal Renewable and Sustainable Energy Reviews for 2009 by Sovacool. Instead, the closest found article is titled ""Exploring and contextualizing public opposition to renewable electricity in the United States,"" by B. K. Sovacool, published in Sustainability in 2009. This indicates distinct topics and different journals, confirming the reference could not be verified as accurate.

- https://www.mdpi.com/2071-1050/1/3/702",0.0,1.0
"Carothers, T. (2009). Democracy assistance: Political vs. developmental? *Journal of Democracy*, *20*(1), 5–19.",Political Science,gemma_3_27b,verified,"Carothers, T. (2009). *Democracy assistance: Political vs. developmental?* *Journal of democracy*, 20(1), 5-19. https://doi.org/10.1353/jod.0.0047",MATCH,MATCH,MATCH,MATCH,ABSENT,Democracy Assistance: Political vs. Developmental?,Thomas Carothers,2009.0,Journal of democracy,10.1353/jod.0.0047,https://doi.org/10.1353/jod.0.0047,GOOGLE,4.0,0.0,0.0,1.0,0.0,Democracy assistance: Political vs. developmental?,Democracy Assistance: Political vs. Developmental?,"Carothers, T.",Thomas Carothers,2009.0,2009.0,Journal of Democracy,Journal of democracy,,10.1353/jod.0.0047,1,1,1,GOOGLE,0,"✓ Title | ✓ Authors | ✓ Year | ✓ Venue | ○ ID

### Summary
This article by Thomas Carothers titled ""Democracy Assistance: Political vs. Developmental?"" was confirmed in the *Journal of Democracy* published in 2009. The authorship, title, publication year, and journal details all match exactly.

### Details
A matching record was found in the database with the exact title and author (Thomas Carothers), confirming the citation's accuracy. The year 2009 and the *Journal of Democracy* as the publication venue also matched perfectly. Although no identifier was originally provided in the citation, a DOI was located: 10.1353/jod.0.0047, with the article accessible at https://doi.org/10.1353/jod.0.0047. This confirms that the reference is accurate and verifiable.

- [DOI link](https://doi.org/10.1353/jod.0.0047)",1.0,0.0
"Dahl, R. A. (1989). Democracy and its critics. Yale University Press.",Political Science,gemma_3_27b,verified,"Dahl, R. A. (1989). *Democracy and its critics*. Yale University Press. https://yalebooks.yale.edu/book/9780300049381/democracy-and-its-critics/",MATCH,MATCH,MATCH,MATCH,ABSENT,Democracy and its critics,Robert A. Dahl,1989.0,Yale University Press,,https://yalebooks.yale.edu/book/9780300049381/democracy-and-its-critics/,GOOGLE,4.0,0.0,0.0,1.0,0.0,Democracy and its critics,Democracy and its critics,"Dahl, R. A.",Robert A. Dahl,1989.0,1989.0,Yale University Press,Yale University Press,,https://yalebooks.yale.edu/book/9780300049381/democracy-and-its-critics/,1,1,1,GOOGLE,0,"✓ Title | ✓ Authors | ✓ Year | ✓ Venue | ○ ID

### Summary
This book was confirmed as ""Democracy and its Critics"" by Robert A. Dahl, published in 1989 by Yale University Press. All key details including the title, author name, year, and publisher matched exactly.

### Details
A matching record was found where the title ""Democracy and its critics"" matched exactly, as did the author Robert A. Dahl (with initials in citation considered a valid match), the year 1989, and the publisher Yale University Press. Although no DOI was provided in the citation, the search identified a corresponding entry confirming these details. External sources include a direct link to the book page on Yale University Press's site, supporting the verification.

- [Yale University Press - Democracy and Its Critics](https://yalebooks.yale.edu/book/9780300049381/democracy-and-its-critics/)
- [Goodreads - Democracy and Its Critics](https://www.goodreads.com/book/show/44517.Democracy_and_Its_Critics)",1.0,0.0
"Foucault, M. (1990). The history of sexuality, Vol. 1: An introduction. Vintage Books.",Political Science,gemma_3_27b,verified,"Foucault, M. (1990). *The history of sexuality, Vol. 1: An introduction*. Vintage. https://www.amazon.com/History-Sexuality-Vol-Introduction/dp/0679724699",MATCH,MATCH,MATCH,CONTAINS,ABSENT,"The History of Sexuality, Vol. 1: An Introduction",Michel Foucault,1990.0,Vintage,,https://www.amazon.com/History-Sexuality-Vol-Introduction/dp/0679724699,GOOGLE,3.0,0.0,1.0,1.0,0.0,"The history of sexuality, Vol. 1: An introduction.","The History of Sexuality, Vol. 1: An Introduction","Foucault, M.",Michel Foucault,1990.0,1990.0,Vintage Books,Vintage,,https://www.amazon.com/History-Sexuality-Vol-Introduction/dp/0679724699,1,1,1,GOOGLE,0,"✓ Title | ✓ Authors | ✓ Year | ◐ Venue | ○ ID

### Summary
This book was confirmed as ""The History of Sexuality, Vol. 1: An Introduction"" by Michel Foucault, published in 1990. The title, author, and year match exactly, and the publisher ""Vintage Books"" was found to correspond closely with the evidence record under ""Vintage.""

### Details
A matching record was found with the exact title and author name, with ""Foucault, M."" matching ""Michel Foucault."" The publication year 1990 matched exactly. The venue ""Vintage Books"" is contained within the evidence venue ""Vintage,"" both referring to the same publishing imprint. No digital identifier was present. This confirmation is supported by detailed Google search results including an Amazon listing at [https://www.amazon.com/History-Sexuality-Vol-Introduction/dp/0679724699](https://www.amazon.com/History-Sexuality-Vol-Introduction/dp/0679724699).",0.9,0.1
"Hale, F. (2006). Grievance and protest in Russia. *Post-Soviet Affairs*, *22*(2-3), 181–212.",Political Science,gemma_3_27b,unverified,Reference could not be verified.,CONTRADICTION,MATCH,CONTAINS,CONTRADICTION,ABSENT,"Why not parties in Russia?: democracy, federalism, and the state",HE Hale,2005.0,books.google.com,,https://books.google.com/books?hl=en&lr=&id=SHGsDZq5wNAC&oi=fnd&pg=PP13&dq=Grievance+and+protest+in+Russia+Hale+2006+Post-Soviet+Affairs&ots=2Dfajq4Mke&sig=_Tqo0g65qALLFbFYFHz003s8Ygs,GOOGLE,1.0,2.0,1.0,1.0,0.0,Grievance and protest in Russia.,"Why not parties in Russia?: democracy, federalism, and the state","Hale, F.",HE Hale,2006.0,2005.0,Post-Soviet Affairs,books.google.com,,https://books.google.com/books?hl=en&lr=&id=SHGsDZq5wNAC&oi=fnd&pg=PP13&dq=Grievance+and+protest+in+Russia+Hale+2006+Post-Soviet+Affairs&ots=2Dfajq4Mke&sig=_Tqo0g65qALLFbFYFHz003s8Ygs,0,0,3,GOOGLE,1,"✗ Title | ✓ Authors | ◐ Year | ✗ Venue | ○ ID

### Summary
The reference could not be verified because the title and venue do not match any found records. Although the author Hale matches and the year is close, the cited article titled ""Grievance and protest in Russia"" was not found within the journal Post-Soviet Affairs for 2006.

### Details
A matching author (Hale) was found with similar name formats, and the cited year (2006) is close to 2005 found in a candidate record. However, the title differs significantly: the citation cites an article focused on protests, while the found work titled ""Why not parties in Russia?: democracy, federalism, and the state"" covers political parties and governance. Additionally, the venue contradiction is clear, as the citation's journal (Post-Soviet Affairs) and the evidence source (Google Books) are unrelated. No DOI or other identifiers were found. 

- [Google Books Candidate Record](https://books.google.com/books?hl=en&lr=&id=SHGsDZq5wNAC&oi=fnd&pg=PP13&dq=Grievance+and+protest+in+Russia+Hale+2006+Post-Soviet+Affairs&ots=2Dfajq4Mke&sig=_Tqo0g65qALLFbFYFHz003s8Ygs)
- OpenAlex search result: no match found",0.0,1.0
"Krasner, S. D. (1999). Sovereignty: Organized hypocrisy. Princeton University Press.",Political Science,gemma_3_27b,verified,"Krasner, S. D. (1999). *Sovereignty: organized hypocrisy*. Princeton University Press. https://press.princeton.edu/books/paperback/9780691007113/sovereignty?srsltid=AfmBOopzHP-mDolwq_gTwMduzMwtY7QtQESr3pWZX-HqgklD2qB6aKZb",MATCH,MATCH,MATCH,MATCH,ABSENT,Sovereignty: organized hypocrisy,Stephen D. Krasner,1999.0,Princeton University Press,,https://press.princeton.edu/books/paperback/9780691007113/sovereignty?srsltid=AfmBOopzHP-mDolwq_gTwMduzMwtY7QtQESr3pWZX-HqgklD2qB6aKZb,GOOGLE,4.0,0.0,0.0,1.0,0.0,Sovereignty: Organized hypocrisy,Sovereignty: organized hypocrisy,"Krasner, S. D.",Stephen D. Krasner,1999.0,1999.0,Princeton University Press,Princeton University Press,,https://press.princeton.edu/books/paperback/9780691007113/sovereignty?srsltid=AfmBOopzHP-mDolwq_gTwMduzMwtY7QtQESr3pWZX-HqgklD2qB6aKZb,1,1,1,GOOGLE,0,"✓ Title | ✓ Authors | ✓ Year | ✓ Venue | ○ ID

### Summary
This book reference was confirmed as accurate for ""Sovereignty: organized hypocrisy"" by Stephen D. Krasner, published in 1999 by Princeton University Press. The author name, title, year, and publisher all matched exactly with authoritative sources.

### Details
A matching record was found with the exact title ""Sovereignty: organized hypocrisy"" and the same author Stephen D. Krasner, published in 1999 by Princeton University Press. The author name matched despite initials vs full name format. Supporting evidence comes from multiple sources including Google search results and OpenAlex data confirming the publication details. Although no DOI was provided in the citation, a stable URL from the Princeton University Press website and archive.org confirmed the reference information.

- https://press.princeton.edu/books/paperback/9780691007113/sovereignty?srsltid=AfmBOopzHP-mDolwq_gTwMduzMwtY7QtQESr3pWZX-HqgklD2qB6aKZb
- https://archive.org/details/sovereigntyorgan0000kras
- https://doi.org/10.5860/choice.38-0575",1.0,0.0
"Levi, M. (1988). Of rule and revenue. Cambridge University Press.",Political Science,gemma_3_27b,verified-with-error,"Levi, M. (1988). *Of rule and revenue*. University of California Press. https://www.ucpress.edu/book/9780520067509/of-rule-and-revenue",MATCH,MATCH,MATCH,CONTRADICTION,ABSENT,Of Rule and Revenue,Margaret Levi,1988.0,University of California Press,,https://www.ucpress.edu/book/9780520067509/of-rule-and-revenue,GOOGLE,3.0,1.0,0.0,1.0,0.0,Of rule and revenue,Of Rule and Revenue,"Levi, M.",Margaret Levi,1988.0,1988.0,Cambridge University Press,University of California Press,,https://www.ucpress.edu/book/9780520067509/of-rule-and-revenue,0,0,2,GOOGLE,0,"✓ Title | ✓ Authors | ✓ Year | ✗ Venue | ○ ID

### Summary
This book was confirmed with matching title, author, and publication year. However, there is a discrepancy in the publisher: the original reference lists Cambridge University Press, but the verified source shows University of California Press as the publisher.

### Details
A matching record was found for the title ""Of Rule and Revenue"" by Margaret Levi, published in 1988. The author name matched fully despite initials being used in the original reference. The publication year matched exactly as 1988. The main difference found is in the publisher; the reference cites Cambridge University Press, but evidence from multiple sources, including the University of California Press website and Google search results, confirms the book was published by University of California Press.

- https://www.ucpress.edu/book/9780520067509/of-rule-and-revenue
- https://books.google.com/books/about/Of_Rule_and_Revenue.html?id=Na0wDwAAQBAJ
- https://www.cambridge.org/core/journals/american-political-science-review/article/of-rule-and-revenue-by-margaret-levi-berkeley-university-of-california-1988-253p-3500-taxation-by-political-inertia-financing-the-growth-of-government-in-britain-by-richard-rose-and-terence-karran-london-allen-unwin-1987-264p-3495-cloth-1695-paper/FC5037AB4858A7C57FB754A1CFB589EB",0.6,0.4
"Putnam, R. D. (2000). Bowling alone: The collapse and revival of American community. Simon & Schuster.",Political Science,gemma_3_27b,verified,"Putnam, R. D. (2000). *Bowling alone: The collapse and revival of American community*. Simon & Schuster. https://books.google.com/books?hl=en&lr=&id=rd2ibodep7UC&oi=fnd&pg=PA13&dq=Bowling+Alone+Putnam+2000+Simon+%26+Schuster+book&ots=G7K8u1mnW3&sig=WNpUvGcDqH9J7eWHxmstBUhxhbk",MATCH,MATCH,MATCH,MATCH,ABSENT,Bowling alone: the collapse and revival of American community,Robert D. Putnam,2000.0,Simon & Schuster,,https://books.google.com/books?hl=en&lr=&id=rd2ibodep7UC&oi=fnd&pg=PA13&dq=Bowling+Alone+Putnam+2000+Simon+%26+Schuster+book&ots=G7K8u1mnW3&sig=WNpUvGcDqH9J7eWHxmstBUhxhbk,GOOGLE,4.0,0.0,0.0,1.0,0.0,Bowling alone: The collapse and revival of American community,Bowling alone: the collapse and revival of American community,"Putnam, R. D.",Robert D. Putnam,2000.0,2000.0,Simon & Schuster,Simon & Schuster,,https://books.google.com/books?hl=en&lr=&id=rd2ibodep7UC&oi=fnd&pg=PA13&dq=Bowling+Alone+Putnam+2000+Simon+%26+Schuster+book&ots=G7K8u1mnW3&sig=WNpUvGcDqH9J7eWHxmstBUhxhbk,1,1,1,GOOGLE,0,"✓ Title | ✓ Authors | ✓ Year | ✓ Venue | ○ ID

### Summary
This book was confirmed as ""Bowling alone: The collapse and revival of American community"" by Robert D. Putnam published in 2000 by Simon & Schuster. The title, author, year, and publisher all match exactly, confirming the reference's accuracy.

### Details
A matching record was found with exact correspondence in title, author name (accounting for initials vs. full name), publication year, and publisher. Although no identifier like a DOI was present, multiple sources including Google Books and library databases verify this book. The year 2000 and the publisher Simon & Schuster matched perfectly.

- [Google Books](https://books.google.com/books?hl=en&lr=&id=rd2ibodep7UC&oi=fnd&pg=PA13&dq=Bowling+Alone+Putnam+2000+Simon+%26+Schuster+book&ots=G7K8u1mnW3&sig=WNpUvGcDqH9J7eWHxmstBUhxhbk)
- [Amazon Listing](https://www.amazon.com/Bowling-Alone-Collapse-American-Community/dp/0743203046)
- [APA PsycNET](https://psycnet.apa.org/record/2001-01469-000)
- [Choice Reviews Online](https://doi.org/10.5860/choice.38-2454)",1.0,0.0
"Schmitter, P. C., & Karl, T. L. (1996). What democracy is… and is not. *Journal of Democracy*, *7*(3), 72–87.",Political Science,gemma_3_27b,verified,"Schmitter, P. C., & Karl, T. L. (1996). What Democracy Is . . . and Is Not. In L. Diamond & M. F. Plattner (Eds.), *The Global Resurgence of Democracy* (2nd ed.). Johns Hopkins University Press.",MATCH,MATCH,MATCH,CONTAINS,ABSENT,What Democracy Is . . . and Is Not,Philippe C. Schmitter; Terry Lynn Karl,1996.0,"In L. Diamond & M. F. Plattner (Eds.), The Global Resurgence of Democracy (2nd ed.)",,,GOOGLE,3.0,0.0,1.0,1.0,0.0,What democracy is… and is not.,What Democracy Is . . . and Is Not,"Schmitter, P. C.; Karl, T. L.",Philippe C. Schmitter; Terry Lynn Karl,1996.0,1996.0,Journal of Democracy,"In L. Diamond & M. F. Plattner (Eds.), The Global Resurgence of Democracy (2nd ed.)",,,1,1,2,GOOGLE,0,"✓ Title | ✓ Authors | ✓ Year | ◐ Venue | ○ ID

### Summary
This reference was verified as a match for the work by Schmitter and Karl with the exact title ""What Democracy Is . . . and Is Not"" and matching author names. However, the publication venue differs; the citation lists it as appearing in the Journal of Democracy (1996, Volume 7, Issue 3), but the evidence found corresponds to a chapter in an edited volume published by Johns Hopkins University Press.

### Details
The title matched exactly, confirming the work's identity. Both authors, Philippe C. Schmitter and Terry Lynn Karl, matched fully despite format differences in naming. The year 1996 matched precisely. The venue discrepancy arises because the citation claims the Journal of Democracy, but the matching evidence is from a chapter in the book ""The Global Resurgence of Democracy"" (2nd edition), edited by Diamond and Plattner and published by Johns Hopkins University Press. No DOI or URL was provided in the citation. 

- [NED PDF](https://www.ned.org/docs/Philippe-C-Schmitter-and-Terry-Lynn-Karl-What-Democracy-is-and-Is-Not.pdf)
- [University of California San Diego PDF](http://pscourses.ucsd.edu/ps200b/Schmitter%20&%20Karl%20What%20Democracy%20is%20.pdf)
- [Journal of Democracy Article](https://www.journalofdemocracy.org/articles/what-democracy-is-and-is-not/)",0.9,0.1
"Sovacool, B. K. (2009). The political economy of energy transitions: A review of established and emerging scholarship. *Energy Policy, 37*(8), 3111–3121.",Renewable energy,gemma_3_27b,unverified,Reference could not be verified.,CONTRADICTION,MATCH,CONTRADICTION,CONTRADICTION,ABSENT,The political ecology and justice of energy,B. K. Sovacool,2016.0,… of the international political economy of energy,,https://link.springer.com/chapter/10.1057/978-1-137-55631-8_22,GOOGLE,1.0,3.0,0.0,1.0,0.0,The political economy of energy transitions: A review of established and emerging scholarship,The political ecology and justice of energy,"Sovacool, B. K.",B. K. Sovacool,2009.0,2016.0,Energy Policy,… of the international political economy of energy,,https://link.springer.com/chapter/10.1057/978-1-137-55631-8_22,0,0,3,GOOGLE,0,"✗ Title | ✓ Authors | ✗ Year | ✗ Venue | ○ ID

### Summary
No matching article could be found for the reference to Sovacool's 2009 paper titled ""The political economy of energy transitions: A review of established and emerging scholarship."" The algorithm found inconsistencies in the title, year, and publication details when compared to available records.

### Details
A matching record was not found on OpenAlex or other scholarly search sources for the cited title from 2009. The author name matched, confirming it is the same author ""B. K. Sovacool,"" but the year differed significantly (2009 vs 2016) and the title in evidence referred to a different topic ""The political ecology and justice of energy."" The venues also did not align: ""Energy Policy"" contrasted with ""… of the international political economy of energy."" No identifier such as a DOI was provided to help confirm the citation.

- https://link.springer.com/chapter/10.1057/978-1-137-55631-8_22
- https://www.sciencedirect.com/
- https://scholar.google.com/",0.0,1.0
"Jacobson, M. Z., Delucchi, M. A., Cameron-Arroyo, D., & Frew, B. A. (2015). 100% renewable power systems for the United States. *Proceedings of the National Academy of Sciences, 112*(20), 6196–6201.",Renewable energy,gemma_3_27b,unverified,Reference could not be verified.,CONTRADICTION,CONTRADICTION,MATCH,MATCH,ABSENT,"Low-cost solution to the grid reliability problem with 100% penetration of intermittent wind, water, and solar for all purposes",Mark Z. Jacobson; M. A. Delucchi; M. A. Cameron; B. A. Frew,2015.0,Proceedings of the National Academy of Sciences,10.1073/pnas.1503601112,https://www.pnas.org/content/112/49/15060,GOOGLE,2.0,2.0,0.0,1.0,0.0,100% renewable power systems for the United States.,"Low-cost solution to the grid reliability problem with 100% penetration of intermittent wind, water, and solar for all purposes","Jacobson, M. Z.; Delucchi, M. A.; Cameron-Arroyo, D.; Frew, B. A.",Mark Z. Jacobson; M. A. Delucchi; M. A. Cameron; B. A. Frew,2015.0,2015.0,Proceedings of the National Academy of Sciences,Proceedings of the National Academy of Sciences,,10.1073/pnas.1503601112,0,0,1,GOOGLE,0,"✗ Title | ✗ Authors | ✓ Year | ✓ Venue | ○ ID

### Summary
The reference could not be confirmed as matching an existing article. While the year 2015 and the journal ""Proceedings of the National Academy of Sciences"" were correct, the title and authors listed differ from known records.

### Details
A matching record was found for a 2015 article by Jacobson, Delucchi, Cameron, and Frew in the same journal, but with a different title: ""Low-cost solution to the grid reliability problem with 100% penetration of intermittent wind, water, and solar for all purposes."" Three of the four authors align but the name ""Cameron-Arroyo, D."" in the original reference differs from ""M. A. Cameron"" in the found record. The titles differ substantially in focus, indicating these are not the same publication. No unique identifier was provided to assist with verification.

- https://www.pnas.org/content/112/49/15060
- https://pubmed.ncbi.nlm.nih.gov/26598655/
- https://www.researchgate.net/publication/284518161_Low-cost_solution_to_the_grid_reliability_problem_with_100_penetration_of_intermittent_wind_water_and_solar_for_all_purposes",0.0,1.0
IRENA. (2021). *Renewable power generation costs in 2020*. International Renewable Energy Agency.,Renewable energy,gemma_3_27b,verified,International Renewable Energy Agency. (2021). *Renewable power generation costs in 2020*. International Renewable Energy Agency. https://www.irena.org/-/media/Files/IRENA/Agency/Publication/2021/Jun/IRENA_Power_Generation_Costs_2020.pdf,MATCH,MATCH,MATCH,MATCH,ABSENT,Renewable Power Generation Costs in 2020,International Renewable Energy Agency (IRENA),2021.0,International Renewable Energy Agency,,https://www.irena.org/-/media/Files/IRENA/Agency/Publication/2021/Jun/IRENA_Power_Generation_Costs_2020.pdf,GOOGLE,4.0,0.0,0.0,1.0,0.0,Renewable power generation costs in 2020,Renewable Power Generation Costs in 2020,IRENA,International Renewable Energy Agency (IRENA),2021.0,2021.0,International Renewable Energy Agency,International Renewable Energy Agency,,https://www.irena.org/-/media/Files/IRENA/Agency/Publication/2021/Jun/IRENA_Power_Generation_Costs_2020.pdf,1,1,1,GOOGLE,0,"✓ Title | ✓ Authors | ✓ Year | ✓ Venue | ○ ID

### Summary
This report titled ""Renewable power generation costs in 2020"" by the International Renewable Energy Agency (IRENA) was confirmed with matching title, author, year, and publisher details. The year 2021 matches exactly, and the abbreviated author ""IRENA"" corresponds to the full name ""International Renewable Energy Agency.""

### Details
A matching record was found with the exact title ""Renewable Power Generation Costs in 2020,"" published by the International Renewable Energy Agency in 2021. The author field matched based on abbreviation versus full name. The venue (publisher) also matched precisely. No digital object identifier (DOI) was provided in the citation, but the report is available from the official IRENA website in PDF format. The evidence includes multiple credible sources including the official IRENA publication page and the full PDF report.

- https://www.irena.org/publications/2021/Jun/Renewable-Power-Costs-in-2020
- https://www.irena.org/-/media/Files/IRENA/Agency/Publication/2021/Jun/IRENA_Power_Generation_Costs_2020.pdf",1.0,0.0
"Lund, H., & Mathiesen, B. V. (2009). Energy from biomass for heating: A review. *Renewable and Sustainable Energy Reviews, 13*(2), 613–629.",Renewable energy,gemma_3_27b,unverified,Reference could not be verified.,UNCONFIRMED,UNCONFIRMED,UNCONFIRMED,UNCONFIRMED,UNCONFIRMED,,,,,,,,,,,,,,,,,,,,,,,0,0,0,,0,"? Title | ? Authors | ? Year | ? Venue | ? ID

### Summary
No matching article could be found for the reference provided. The system could not confirm the title, authors, year, or journal details in any of the available databases.

### Details
A thorough search was conducted using the title ""Energy from biomass for heating: A review."", author ""Lund, H."", and the year 2009, but no matching record was located in OpenAlex or other scholarly sources. No DOI or alternative identifiers were found to verify the reference. Web searches also did not yield an exact match for this article in the specified journal or volume.

- https://openalex.org
- https://scholar.google.com
- https://www.researchgate.net
- https://ieeexplore.ieee.org",0.0,1.0
"Urmee, T., Islam, A. K. M. S., & Hasan, A. (2020). A review on the challenges and opportunities of rural electrification in developing countries. *Journal of Cleaner Production, 277*, 123638.",Rural electrification,gemma_3_27b,unverified,Reference could not be verified.,UNCONFIRMED,UNCONFIRMED,UNCONFIRMED,UNCONFIRMED,UNCONFIRMED,,,,,,,,,,,,,,,,,,,,,,,0,0,0,,0,"? Title | ? Authors | ? Year | ? Venue | ? ID

### Summary
No matching article could be found for the reference provided. The title, authors, year, and journal name could not be confirmed.

### Details
A search was conducted using the title ""A review on the challenges and opportunities of rural electrification in developing countries"" along with the author names Urmee, Islam, and Hasan, and the year 2020. No matching record was found in the OpenAlex database, and a further web search did not return any relevant results from the Journal of Cleaner Production or other sources. Therefore, no evidence supports the existence of this article as described.

- https://openalex.org
- https://www.google.com/search?q=A+review+on+the+challenges+and+opportunities+of+rural+electrification+in+developing+countries+Urmee+Islam+Hasan+2020+Journal+of+Cleaner+Production+277+123638",0.0,1.0
"Ellabban, O., Abu-Rubieh, F., & Silitonga, S. (2014). Renewable energy resource assessment for sustainable electricity generation in Jordan. *Renewable and Sustainable Energy Reviews, 32*, 163–172.",Renewable energy,gemma_3_27b,unverified,Reference could not be verified.,UNCONFIRMED,UNCONFIRMED,UNCONFIRMED,UNCONFIRMED,UNCONFIRMED,,,,,,,,,,,,,,,,,,,,,,,0,0,0,,0,"? Title | ? Authors | ? Year | ? Venue | ? ID

### Summary
No matching article could be found for the reference titled ""Renewable energy resource assessment for sustainable electricity generation in Jordan"" by Ellabban, Abu-Rubieh, and Silitonga from 2014. The verification process did not find any records confirming the publication details provided.

### Details
A search was conducted using the title, author names, and publication year in databases including OpenAlex and through general scholarly search. No matching records or evidence were identified to confirm the article's existence or its bibliographic details. The lack of DOI or other identifiers also contributed to the absence of verification.

- https://openalex.org
- General scholarly search engines",0.0,1.0
"Denholm, P., & Margolis, R. M. (2008). *Electricity and peak demand: Understanding the challenge of peak electricity*. National Renewable Energy Laboratory.",Renewable energy,gemma_3_27b,needs-human,Reference requires human review.,CONTRADICTION,CONTAINS,CONTAINS,MATCH,ABSENT,Evaluating the Limits of Solar Photovoltaics (PV) in Electric Power Systems,Paul Denholm; Robert M. Margolis,2007.0,National Renewable Energy Laboratory (NREL),,https://docs.nrel.gov/docs/fy16osti/66104.pdf,GOOGLE,1.0,1.0,2.0,1.0,0.0, electricity and peak demand: Understanding the challenge of peak electricity,Evaluating the Limits of Solar Photovoltaics (PV) in Electric Power Systems,"Denholm, P.; Margolis, R. M.",Paul Denholm; Robert M. Margolis,2008.0,2007.0,National Renewable Energy Laboratory,National Renewable Energy Laboratory (NREL),,https://docs.nrel.gov/docs/fy16osti/66104.pdf,0,0,2,GOOGLE,0,"✗ Title | ◐ Authors | ◐ Year | ✓ Venue | ○ ID

### Summary
The citation could not be clearly verified as it refers to a different title than the candidate document. While the authors Paul Denholm and Robert M. Margolis, the year (2008 vs 2007), and the National Renewable Energy Laboratory as the publisher align, the titles conflict significantly, indicating they are likely different works. This ambiguity means human review is needed.

### Details
A matching record from NREL was found authored by Denholm and Margolis from 2007 titled ""Evaluating the Limits of Solar Photovoltaics (PV) in Electric Power Systems,"" which differs from the cited title focused on peak electricity demand challenges in 2008. The venue matches as National Renewable Energy Laboratory (NREL). No identifier like a DOI was available in the citation. The year difference of one year is within acceptable range but the title contradiction is substantial, suggesting the documents are not the same.

- https://docs.nrel.gov/docs/fy16osti/66104.pdf
- https://research-hub.nrel.gov/en/publications/
- https://docs.nrel.gov/",0.1,0.9
"Arent, D., Hirth, L., & Hoppmann, J. (2017). Integrating variable renewables: The economics of dispatchable renewables. *Renewable Energy, 105*, 269–278.",Renewable energy,gemma_3_27b,needs-human,Reference requires human review.,CONTAINS,UNCONFIRMED,UNCONFIRMED,CONTAINS,ABSENT,The Economics of Variable Renewables and Electricity Storage,,,arXiv,,https://arxiv.org/pdf/2012.15371,GOOGLE,0.0,0.0,2.0,1.0,2.0,Integrating variable renewables: The economics of dispatchable renewables.,The Economics of Variable Renewables and Electricity Storage,"Arent, D.; Hirth, L.; Hoppmann, J.",,2017.0,,Renewable Energy,arXiv,,https://arxiv.org/pdf/2012.15371,0,1,2,GOOGLE,0,"◐ Title | ? Authors | ? Year | ◐ Venue | ○ ID

### Summary
The verification result is inconclusive and requires human review. The title closely matches a known preprint titled ""The Economics of Variable Renewables and Electricity Storage,"" but differences in author confirmation, year, and publication venue create uncertainty.

### Details
A matching preprint was found on arXiv with a very similar title focused on variable renewables and electricity storage, which contains much of the core phrase from the reference title. However, author names and publication year could not be confirmed in the search results. The original reference indicates a journal article in Renewable Energy from 2017, but no exact match was found in OpenAlex or other scholarly databases. The venues differ since the match is a preprint server and not the journal mentioned. These mixed indicators mean that the reference might relate to a different or earlier version of the work but cannot be confirmed without further human evaluation.

- https://arxiv.org/pdf/2012.15371
- https://www.researchgate.net/publication/348078883_The_Economics_of_Variable_Renewables_and_Electricity_Storage",0.267,0.733
"Brown, A. W., & Sovacool, B. K. (2020). The social and economic benefits of community-based renewable energy: A systematic review. *Energy Research & Social Science, 69*, 101683.",Renewable energy,gemma_3_27b,unverified,Reference could not be verified.,UNCONFIRMED,UNCONFIRMED,UNCONFIRMED,UNCONFIRMED,UNCONFIRMED,,,,,,,,,,,,,,,,,,,,,,,0,0,0,,0,"? Title | ? Authors | ? Year | ? Venue | ? ID

### Summary
No matching article titled ""The social and economic benefits of community-based renewable energy: A systematic review"" by Brown, A. W., and Sovacool, B. K., published in 2020 in Energy Research & Social Science was found. The verification process could not find any evidence to confirm this reference.

### Details
No records matching the DOI or title were identified in the OpenAlex database. A broader scholar search also did not return any works matching the given authors, title, year, or journal. The verification found no potential matches to compare against, leading to the unverified status.

- https://openalex.org
- https://scholar.google.com",0.0,1.0
"Bhattacharya, S., Rahman, M. M., & Khan, M. M. (2018). Renewable energy scenario for sustainable development in Bangladesh. *Renewable and Sustainable Energy Reviews, 81*, 1789–1803.",Renewable energy,gemma_3_27b,unverified,Reference could not be verified.,CONTAINS,CONTRADICTION,CONTRADICTION,MATCH,ABSENT,Current energy scenario and future prospect of renewable energy in Bangladesh,MT Islam; SA Shahir; TMI Uddin,2014.0,… and Sustainable Energy …,,https://www.sciencedirect.com/science/article/pii/S1364032114006017,GOOGLE,1.0,2.0,1.0,1.0,0.0,Renewable energy scenario for sustainable development in Bangladesh.,Current energy scenario and future prospect of renewable energy in Bangladesh,"Bhattacharya, S.; Rahman, M. M.; Khan, M. M.",MT Islam; SA Shahir; TMI Uddin,2018.0,2014.0,Renewable and Sustainable Energy Reviews,… and Sustainable Energy …,,https://www.sciencedirect.com/science/article/pii/S1364032114006017,0,0,3,GOOGLE,0,"◐ Title | ✗ Authors | ✗ Year | ✓ Venue | ○ ID

### Summary
No matching article could be found that exactly corresponds to the cited reference by Bhattacharya, Rahman, and Khan from 2018 despite similarities in the topic and journal. The closest articles found differ significantly in authorship and publication year.

### Details
A search found a related article titled ""Current energy scenario and future prospect of renewable energy in Bangladesh"" published in 2014 by different authors (Islam, Shahir, Uddin) in a journal with a similar name. The title overlaps in theme but not in exact wording, while the journal name matches partly. The citation authors do not overlap with the found authors, and the publication year differs by four years, which is beyond the allowed margin for a match. No unique identifier was available in the citation to confirm identity.

- https://www.sciencedirect.com/science/article/pii/S1364032114006017",0.0,1.0
"Chaurey, A., Kumar, A., & Kandpal, T. C. (2010). Assessing the potential of renewable energy for rural electrification in India. *Energy Policy, 38*(12), 7688–7699.",Rural electrification,gemma_3_27b,needs-human,Reference requires human review.,CONTRADICTION,CONTAINS,MATCH,MATCH,ABSENT,A techno-economic comparison of rural electrification based on solar home systems and PV microgrids,A Chaurey; T C Kandpal,2010.0,Energy Policy,,https://www.sciencedirect.com/science/article/pii/S0301421510000807,GOOGLE,2.0,1.0,1.0,1.0,0.0,Assessing the potential of renewable energy for rural electrification in India,A techno-economic comparison of rural electrification based on solar home systems and PV microgrids,"Chaurey, A.; Kumar, A.; Kandpal, T. C.",A Chaurey; T C Kandpal,2010.0,2010.0,Energy Policy,Energy Policy,,https://www.sciencedirect.com/science/article/pii/S0301421510000807,0,0,1,GOOGLE,0,"✗ Title | ◐ Authors | ✓ Year | ✓ Venue | ○ ID

### Summary
The reference requires human review because the title in the citation does not match the title found in the matching record. While the year 2010 and the journal Energy Policy align, and two of the three authors (Chaurey and Kandpal) are present in both, the titles describe different studies. This difference suggests these are two distinct articles rather than the same one.

### Details
A matching record was found with two authors, A. Chaurey and T.C. Kandpal, published in 2010 in Energy Policy, aligning with the citation's year and journal. However, the cited title ""Assessing the potential of renewable energy for rural electrification in India"" significantly differs from the found article titled ""A techno-economic comparison of rural electrification based on solar home systems and PV microgrids."" No digital object identifier (DOI) was available to confirm a precise match. The citation's author list includes an additional author, A. Kumar, not found in the candidate record. Due to these title and author discrepancies, a definitive match cannot be confirmed without human judgment.

- [Energy Policy article on ScienceDirect](https://www.sciencedirect.com/science/article/pii/S0301421510000807)",0.2,0.8
ESMAP. (2017). *Mini Grids for Rural Electrification: A Practical Guide*. World Bank.,Rural electrification,gemma_3_27b,needs-human,Reference requires human review.,CONTRADICTION,MATCH,MATCH,CONTAINS,ABSENT,energy sector management assistance program - annual report 2017,Energy Sector Management Assistance Program (ESMAP),2017.0,World Bank / ESMAP,,https://documents.worldbank.org/curated/en/171191523257054613/pdf/125049-AP-ESMAP-AnnualReport-2017.pdf,GOOGLE,2.0,1.0,1.0,1.0,0.0,Mini Grids for Rural Electrification: A Practical Guide,energy sector management assistance program - annual report 2017,ESMAP,Energy Sector Management Assistance Program (ESMAP),2017.0,2017.0,World Bank,World Bank / ESMAP,,https://documents.worldbank.org/curated/en/171191523257054613/pdf/125049-AP-ESMAP-AnnualReport-2017.pdf,0,0,3,GOOGLE,0,"✗ Title | ✓ Authors | ✓ Year | ◐ Venue | ○ ID

### Summary
The reference needs human review because the title listed, ""Mini Grids for Rural Electrification: A Practical Guide,"" does not match the title of the found document, which is an annual report for the Energy Sector Management Assistance Program (ESMAP) from 2017. However, the authoring organization (ESMAP), publication year (2017), and the connection to the World Bank as publisher are consistent between the citation and the candidate match.

### Details
A matching record was found from 2017 authored by the Energy Sector Management Assistance Program (ESMAP) and published under the World Bank / ESMAP. The year matches exactly and the authorship is confirmed as the same organization. The discrepancy lies in the title: the verified document is an ""energy sector management assistance program - annual report 2017,"" which differs significantly from the cited ""Mini Grids for Rural Electrification: A Practical Guide."" No identifier was found in the citation to clarify this distinction. Further human review is needed to determine if these references correspond to the same source or if the citation merged details from different documents.

- https://documents.worldbank.org/curated/en/171191523257054613/pdf/125049-AP-ESMAP-AnnualReport-2017.pdf",0.233,0.767
"Gyamfi, S., Adom, P. K., & Kumi, E. (2019). Rural electrification and its impact on household welfare: Evidence from Ghana. *Energy Economics, 79*, 104488.",Rural electrification,gemma_3_27b,unverified,Reference could not be verified.,CONTRADICTION,CONTRADICTION,CONTAINS,CONTRADICTION,ABSENT,An evolutionary study of production of electricity in Ghana (1900–1960s),S Adu-Gyamfi; K Amakye-Boateng,2020.0,History of science and …,,https://hst-journal.com/index.php/hst/article/view/395,GOOGLE,0.0,3.0,1.0,1.0,0.0,Rural electrification and its impact on household welfare: Evidence from Ghana.,An evolutionary study of production of electricity in Ghana (1900–1960s),"Gyamfi, S.; Adom, P. K.; Kumi, E.",S Adu-Gyamfi; K Amakye-Boateng,2019.0,2020.0,Energy Economics,History of science and …,,https://hst-journal.com/index.php/hst/article/view/395,0,0,3,GOOGLE,0,"✗ Title | ✗ Authors | ◐ Year | ✗ Venue | ○ ID

### Summary
No matching article titled ""Rural electrification and its impact on household welfare: Evidence from Ghana"" by Gyamfi, S., Adom, P. K., and Kumi, E. from 2019 was found. The closest found work differs significantly in title, authors, publication year, and journal.

### Details
The searched article could not be found in OpenAlex or other scholarly sources. The closest available match was a 2020 article titled ""An evolutionary study of production of electricity in Ghana (1900–1960s)"" by S. Adu-Gyamfi and K. Amakye-Boateng published in a history of science journal, which is unrelated in subject and authorship. The cited year 2019 is close to 2020, but this alone does not support equivalence. No DOI or direct identifier was present to support verification.

- https://hst-journal.com/index.php/hst/article/view/395",0.0,1.0
"Hossain, M. U., Rahman, M. M., & Islam, A. K. M. S. (2017). Off-grid solar home systems in Bangladesh: A review of policy, technology and socio-economic impacts. *Renewable and Sustainable Energy Reviews, 79*, 1188–1203.",Rural electrification,gemma_3_27b,unverified,Reference could not be verified.,CONTRADICTION,CONTRADICTION,CONTRADICTION,CONTRADICTION,ABSENT,Setting the sun on off-grid solar?: policy lessons from the Bangladesh solar home systems (SHS) programme,L. Hellqvist; H. Heubaum,2023.0,Climate Policy,,https://www.tandfonline.com/doi/abs/10.1080/14693062.2022.2056118,GOOGLE,0.0,4.0,0.0,1.0,0.0,"Off-grid solar home systems in Bangladesh: A review of policy, technology and socio-economic impacts",Setting the sun on off-grid solar?: policy lessons from the Bangladesh solar home systems (SHS) programme,"Hossain, M. U.; Rahman, M. M.; Islam, A. K. M. S.",L. Hellqvist; H. Heubaum,2017.0,2023.0,Renewable and Sustainable Energy Reviews,Climate Policy,,https://www.tandfonline.com/doi/abs/10.1080/14693062.2022.2056118,0,0,1,GOOGLE,0,"✗ Title | ✗ Authors | ✗ Year | ✗ Venue | ○ ID

### Summary
No matching article could be found that corresponds to the original reference by Hossain, Rahman, and Islam from 2017 titled ""Off-grid solar home systems in Bangladesh: A review of policy, technology and socio-economic impacts."" The available evidence suggests this citation does not align with records found.

### Details
A search for the article with the given title, authors, and year showed no matches in OpenAlex or other academic databases. The closest found article is titled ""Setting the sun on off-grid solar?: policy lessons from the Bangladesh solar home systems (SHS) programme"" by Hellqvist and Heubaum, published in 2023 in Climate Policy, which has a different title, authors, year, and journal. There are significant contradictions across all key fields including title, authors, year, and journal. Supporting source: 
- https://www.tandfonline.com/doi/abs/10.1080/14693062.2022.2056118",0.0,1.0
"Jacobson, A. K., & Kammen, D. M. (2010). Modeling the energy supply sector with very high penetration of intermittent renewable energy sources. *Energy Policy, 38*(4), 1973–1985.",Rural electrification,gemma_3_27b,unverified,Reference could not be verified.,CONTRADICTION,CONTRADICTION,MATCH,MATCH,ABSENT,Putting renewables and energy efficiency to work: How many jobs can the clean energy industry generate in the US?,M Wei; S Patadia; DM Kammen,2010.0,Energy Policy,,https://www.sciencedirect.com/science/article/pii/S0301421509007915,GOOGLE,2.0,2.0,0.0,1.0,0.0,Modeling the energy supply sector with very high penetration of intermittent renewable energy sources,Putting renewables and energy efficiency to work: How many jobs can the clean energy industry generate in the US?,"Jacobson, A. K.; Kammen, D. M.",M Wei; S Patadia; DM Kammen,2010.0,2010.0,Energy Policy,Energy Policy,,https://www.sciencedirect.com/science/article/pii/S0301421509007915,0,0,1,GOOGLE,0,"✗ Title | ✗ Authors | ✓ Year | ✓ Venue | ○ ID

### Summary
No matching article with the title ""Modeling the energy supply sector with very high penetration of intermittent renewable energy sources"" by Jacobson and Kammen in 2010 could be found. Instead, a different article from 2010 in Energy Policy by Wei, Patadia, and Kammen was found that discusses job creation in the clean energy industry, not energy supply modeling.

### Details
A search for the exact title and authors (Jacobson and Kammen) in 2010 in Energy Policy found no matching record. The available article found in Energy Policy in 2010 was titled ""Putting renewables and energy efficiency to work: How many jobs can the clean energy industry generate in the US?"" authored by Wei, Patadia, and Kammen. The year and journal matched exactly, but the title and authors differed, indicating this is a different work. No DOI was available for the original citation, and the search confirmed no record for it could be found.

- https://www.sciencedirect.com/science/article/pii/S0301421509007915",0.0,1.0
"Karekezi, S., & Hunt, D. (2012). *Rural electrification in Africa: Assessing the role of mini-grids*. African Energy Policy Research Network.",Rural electrification,gemma_3_27b,unverified,Reference could not be verified.,CONTAINS,UNCONFIRMED,CONTRADICTION,UNCONFIRMED,ABSENT,The Role of Mini-grids in Rural Electrification Programmes in Africa and beyond: The State of Art Paper,,2019.0,,,https://www.researchgate.net/publication/344697191_The_Role_of_Mini-grids_in_Rural_Electrification_Programmes_in_Africa_and_beyond_The_State_of_Art_Paper,GOOGLE,0.0,1.0,1.0,1.0,2.0,Rural electrification in Africa: Assessing the role of mini-grids,The Role of Mini-grids in Rural Electrification Programmes in Africa and beyond: The State of Art Paper,"Karekezi, S.; Hunt, D.",,2012.0,2019.0,African Energy Policy Research Network,,,https://www.researchgate.net/publication/344697191_The_Role_of_Mini-grids_in_Rural_Electrification_Programmes_in_Africa_and_beyond_The_State_of_Art_Paper,0,0,1,GOOGLE,0,"◐ Title | ? Authors | ✗ Year | ? Venue | ○ ID

### Summary
No matching document was found that exactly corresponds to the original reference from 2012 by Karekezi and Hunt titled ""Rural electrification in Africa: Assessing the role of mini-grids."" The available similar document is from 2019 and has a slightly different title and unknown authors.

### Details
A matching record was not found on OpenAlex for the 2012 publication by Karekezi and Hunt. A similar document surfaced in the search, titled ""The Role of Mini-grids in Rural Electrification Programmes in Africa and beyond: The State of Art Paper"" from 2019, but this differs in year by seven years and has no confirmed author or venue link. The titles share key phrases suggesting related content, but the year difference and lack of author confirmation led to an unsuccessful verification. The original publisher ""African Energy Policy Research Network"" could not be confirmed in the online search.

- https://www.researchgate.net/publication/344697191_The_Role_of_Mini-grids_in_Rural_Electrification_Programmes_in_Africa_and_beyond_The_State_of_Art_Paper",0.0,1.0
"Lee, K., & Park, S. (2018). The impact of rural electrification on economic development: Evidence from Vietnam. *Energy Economics, 74*, 288–301.",Rural electrification,gemma_3_27b,unverified,Reference could not be verified.,UNCONFIRMED,UNCONFIRMED,UNCONFIRMED,UNCONFIRMED,UNCONFIRMED,,,,,,,,,,,,,,,,,,,,,,,0,0,0,,0,"? Title | ? Authors | ? Year | ? Venue | ? ID

### Summary
No matching article titled ""The impact of rural electrification on economic development: Evidence from Vietnam"" by Lee, K., and Park, S., published in 2018 in Energy Economics was found in the verification sources. The reference could not be confirmed from available databases.

### Details
A search using the full title, author names, and year across OpenAlex and general scholarly search returned no matching records. No DOI or other identifier was available, and no candidate articles were found with a matching title, authors, publication year, or journal. Several unrelated articles about economic development and Vietnam were retrieved but did not match the exact reference details.

Sources:
- https://openalex.org
- https://scholar.google.com",0.0,1.0
"Twidell, J. W., & Weir, T. (2015). *Renewable energy resources* (3rd ed.). Routledge.",Renewable energy,gemma_3_27b,verified,"Twidell, J., & Weir, T. (2015). *Renewable Energy Resources* (3rd ed.). Routledge. https://doi.org/10.4324/9781315766416",MATCH,MATCH,MATCH,MATCH,ABSENT,Renewable Energy Resources,John Twidell; Tony Weir,2015.0,Routledge,10.4324/9781315766416,https://www.taylorfrancis.com/books/mono/10.4324/9781315766416/renewable-energy-resources-john-twidell-tony-weir,GOOGLE,4.0,0.0,0.0,1.0,0.0,Renewable energy resources,Renewable Energy Resources,"Twidell, J. W.; Weir, T.",John Twidell; Tony Weir,2015.0,2015.0,Routledge,Routledge,,10.4324/9781315766416,1,1,2,GOOGLE,0,"✓ Title | ✓ Authors | ✓ Year | ✓ Venue | ○ ID

### Summary
This book titled *Renewable Energy Resources* was confirmed as the 3rd edition published in 2015 by Routledge. The authors John Twidell and Tony Weir were clearly matched to the verification sources.

### Details
A matching record was found where the title, authors, year, and publisher (Routledge) matched exactly. The authors' initials in the citation correspond to the full names found in the evidence. The year 2015 and the publisher Routledge were confirmed exactly. Although no unique identifier was provided in the citation, the verification results identified the book with a DOI (10.4324/9781315766416) from a reliable publisher's site. Relevant sources include Taylor & Francis and Google search results confirming the edition and publication details.

- https://www.taylorfrancis.com/books/mono/10.4324/9781315766416/renewable-energy-resources-john-twidell-tony-weir
- https://www.amazon.com/Renewable-Energy-Resources-John-Twidell/dp/0415584388
- https://www.vitalsource.com/products/renewable-energy-resources-twidell-john-weir-tony-v9780415584371",1.0,0.0
"Morens, D. M., Fauci, A. S., & Taubenberger, J. K. (2008). Pandemic preparedness and the role of the NIH. *Emerging Infectious Diseases, 14*(11), 1825–1828.",Infectious disease,gemma_3_27b,unverified,Reference could not be verified.,CONTRADICTION,MATCH,MATCH,CONTRADICTION,ABSENT,Predominant Role of Bacterial Pneumonia as a Cause of Death in Pandemic Influenza: Implications for Pandemic Influenza Preparedness,David M. Morens; Jeffery K. Taubenberger; Anthony S. Fauci,2008.0,The Journal of Infectious Diseases,10.1086/591708,https://doi.org/10.1086/591708,GOOGLE,2.0,2.0,0.0,1.0,0.0,Pandemic preparedness and the role of the NIH.,Predominant Role of Bacterial Pneumonia as a Cause of Death in Pandemic Influenza: Implications for Pandemic Influenza Preparedness,"Morens, D. M.; Fauci, A. S.; Taubenberger, J. K.",David M. Morens; Jeffery K. Taubenberger; Anthony S. Fauci,2008.0,2008.0,Emerging Infectious Diseases,The Journal of Infectious Diseases,,10.1086/591708,0,0,2,GOOGLE,0,"✗ Title | ✓ Authors | ✓ Year | ✗ Venue | ○ ID

### Summary
The reference could not be verified because it does not match any known records for this article. Although the authors Morens, Fauci, and Taubenberger from 2008 are correct, the title and journal do not correspond to any matching publication.

### Details
A search found a different 2008 article by the same authors titled ""Predominant Role of Bacterial Pneumonia as a Cause of Death in Pandemic Influenza: Implications for Pandemic Influenza Preparedness"" published in *The Journal of Infectious Diseases*. This differs in title and journal from the original reference's claimed title and the journal *Emerging Infectious Diseases*. No record was found for an article titled ""Pandemic preparedness and the role of the NIH"" by these authors in 2008. 

- https://doi.org/10.1086/591708
- https://journals.plos.org/plospathogens/article?id=10.1371/journal.ppat.1003467",0.0,1.0
"Whitehead, M. (1992). The concepts of health as expansion of choice. *Health Promotion International, 7*(2), 73–85.",Health,gemma_3_27b,unverified,Reference could not be verified.,CONTRADICTION,MATCH,MATCH,CONTRADICTION,ABSENT,The concepts and principles of equity and health.,Margaret Whitehead,1992.0,International Journal of Health Services,10.2190/986l-lhq6-2vte-yrrn,https://europepmc.org/article/med/1644507,GOOGLE,2.0,2.0,0.0,1.0,0.0,The concepts of health as expansion of choice.,The concepts and principles of equity and health.,"Whitehead, M.",Margaret Whitehead,1992.0,1992.0,Health Promotion International,International Journal of Health Services,,10.2190/986l-lhq6-2vte-yrrn,0,0,1,GOOGLE,0,"✗ Title | ✓ Authors | ✓ Year | ✗ Venue | ○ ID

### Summary
The reference provided could not be verified because the title and journal did not match any known record for the author and year given. Although the author ""Whitehead, M."" and the year 1992 matched, the title ""The concepts of health as expansion of choice"" and the journal ""Health Promotion International"" did not align with any found sources.

### Details
A matching record was found for a 1992 article by Margaret Whitehead, but its title is ""The concepts and principles of equity and health,"" published in the International Journal of Health Services, which differs significantly from the cited title and journal. The year and author match exactly, but the title and journal are distinct with no close relation. No DOI or identifier was present to aid verification.

- https://europepmc.org/article/med/1644507
- https://pubmed.ncbi.nlm.nih.gov/1644507/
- https://www.scirp.org/reference/referencespapers?referenceid=2499507",0.0,1.0
"Baum, F. E. (1998). The social psychology of health: Perspectives on health and illness. *Annual Review of Psychology, 49*(1), 1–30.",Health,gemma_3_27b,unverified,Reference could not be verified.,CONTRADICTION,CONTRADICTION,CONTAINS,MATCH,ABSENT,Health psychology: mapping biobehavioral contributions to health and illness,A Baum; D M Posluszny,1999.0,Annual Review of Psychology,10.1146/annurev.psych.50.1.137,https://www.annualreviews.org/content/journals/10.1146/annurev.psych.50.1.137,GOOGLE,1.0,2.0,1.0,1.0,0.0,The social psychology of health: Perspectives on health and illness,Health psychology: mapping biobehavioral contributions to health and illness,"Baum, F. E.",A Baum; D M Posluszny,1998.0,1999.0,Annual Review of Psychology,Annual Review of Psychology,,10.1146/annurev.psych.50.1.137,0,0,2,GOOGLE,0,"✗ Title | ✗ Authors | ◐ Year | ✓ Venue | ○ ID

### Summary
No matching article could be found for the reference given. The title and authors in the citation differ substantially from available records, although the year and journal match closely.

### Details
A matching record was found in the Annual Review of Psychology journal but with a different title, ""Health psychology: mapping biobehavioral contributions to health and illness,"" and different authors (A Baum and D M Posluszny) published in 1999 rather than 1998. The citation's claimed title ""The social psychology of health: Perspectives on health and illness"" and author Baum, F. E. do not align with this record. This discrepancy in both title and authors suggests that the cited reference could not be confirmed from the data available.

- https://www.annualreviews.org/content/journals/10.1146/annurev.psych.50.1.137
- https://doi.org/10.1146/annurev.psych.50.1.137",0.0,1.0
"FAO. (2010). *Climate-smart agriculture: Policies, practices and financing for food security, climate change mitigation and adaptation*. Food and Agriculture Organization of the United Nations.",Climate-smart agriculture for smallholder farmers,gemma_3_27b,verified-with-error,"Food and Agriculture Organization (FAO). (2010). *“Climate-Smart” Agriculture: Policies, Practices and Financing for Food Security, Adaptation and Mitigation*. Rome: FAO. https://www.fao.org/4/i1881e/i1881e00.htm",CONTAINS,MATCH,MATCH,MATCH,ABSENT,"“Climate-Smart” Agriculture: Policies, Practices and Financing for Food Security, Adaptation and Mitigation",Food and Agriculture Organization (FAO),2010.0,FAO (Rome),,https://www.fao.org/4/i1881e/i1881e00.htm,GOOGLE,3.0,0.0,1.0,1.0,0.0,"Climate-smart agriculture: Policies, practices and financing for food security, climate change mitigation and adaptation","“Climate-Smart” Agriculture: Policies, Practices and Financing for Food Security, Adaptation and Mitigation",FAO,Food and Agriculture Organization (FAO),2010.0,2010.0,Food and Agriculture Organization of the United Nations,FAO (Rome),,https://www.fao.org/4/i1881e/i1881e00.htm,1,1,1,GOOGLE,1,"◐ Title | ✓ Authors | ✓ Year | ✓ Venue | ○ ID

### Summary
This reference was confirmed as a publication by the Food and Agriculture Organization (FAO) in 2010. The title, authorship, year, and publishing organization matched well, though there were minor differences in the exact phrasing and order of words in the title.

### Details
A record was found for a 2010 FAO publication titled “Climate-Smart” Agriculture: Policies, Practices and Financing for Food Security, Adaptation and Mitigation, which corresponds closely to the cited title despite slight variations in word order and capitalization. The author is consistently identified as the Food and Agriculture Organization of the United Nations (FAO). The year matches exactly as 2010, and the venue is confirmed as FAO (Rome). No digital object identifier (DOI) is associated with the document. The official FAO web link to the document is https://www.fao.org/4/i1881e/i1881e00.htm.

- https://www.fao.org/4/i1881e/i1881e00.htm",0.833,0.167
"Wollenberg, E., Edmunds, D., & Buck, L. (2019). Scaling up climate-smart agriculture. *Current Opinion in Environmental Sustainability, 41*, 128–136.",Climate-smart agriculture for smallholder farmers,gemma_3_27b,needs-human,Reference requires human review.,CONTAINS,CONTRADICTION,CONTAINS,CONTAINS,ABSENT,Scaling up agricultural interventions: Case studies of climate-smart agriculture,Olaf Westermann; Wiebke Förch; Philip K. Thornton; Jana Körner; Laura Cramer; Bruce Campbell,2018.0,Agricultural Systems,10.1016/j.agsy.2018.07.007,https://doi.org/10.1016/j.agsy.2018.07.007,GOOGLE,0.0,1.0,3.0,1.0,0.0,Scaling up climate-smart agriculture,Scaling up agricultural interventions: Case studies of climate-smart agriculture,"Wollenberg, E.; Edmunds, D.; Buck, L.",Olaf Westermann; Wiebke Förch; Philip K. Thornton; Jana Körner; Laura Cramer; Bruce Campbell,2019.0,2018.0,Current Opinion in Environmental Sustainability,Agricultural Systems,,10.1016/j.agsy.2018.07.007,0,1,3,GOOGLE,0,"◐ Title | ✗ Authors | ◐ Year | ◐ Venue | ○ ID

### Summary
This reference needs human review because although the title and publication year align closely with a known paper, the author names differ completely, and the journals are different. The titles share key phrases related to scaling up climate-smart agriculture but vary enough to suggest these might be separate works.

### Details
A matching record was found titled ""Scaling up agricultural interventions: Case studies of climate-smart agriculture"" published in 2018 in Agricultural Systems, which shares key title phrases with the target citation, published in 2019 in Current Opinion in Environmental Sustainability. However, none of the authors overlap between the two lists: the citation lists Wollenberg, Edmunds, and Buck, whereas the found article lists Westermann, Förch, Thornton, Körner, Cramer, and Campbell. The venue differs as well, indicating these are likely distinct publications requiring expert examination.

- https://doi.org/10.1016/j.agsy.2018.07.007
- https://www.researchgate.net/publication/327373365_Scaling_up_agricultural_interventions_Case_studies_of_climate-smart_agriculture",0.1,0.9
"Bryan, E., Deressa, T., Gbetiboua, G., Ringler, C., Okoba, B., & Mponera, J. (2009). Adaptation to climate change in the Kenyan agricultural sector. *IFPRI Discussion Paper 981*. International Food Policy Research Institute.",Climate-smart agriculture for smallholder farmers,gemma_3_27b,unverified,Reference could not be verified.,CONTAINS,MATCH,CONTRADICTION,CONTRADICTION,ABSENT,"Agricultural management for climate change adaptation, greenhouse gas mitigation, and agricultural productivity: Insights from Kenya",Elizabeth Bryan; Claudia Ringler; Barrack Okoba; Jawoo Koo; Mario Herrero; Silvia Silvestri,2011.0,RePEc: Research Papers in Economics,,https://econpapers.repec.org/RePEc:fpr:ifprid:1098,GOOGLE,1.0,2.0,1.0,1.0,0.0,Adaptation to climate change in the Kenyan agricultural sector,"Agricultural management for climate change adaptation, greenhouse gas mitigation, and agricultural productivity: Insights from Kenya","Bryan, E.; Deressa, T.; Gbetiboua, G.; Ringler, C.; Okoba, B.; Mponera, J.",Elizabeth Bryan; Claudia Ringler; Barrack Okoba; Jawoo Koo; Mario Herrero; Silvia Silvestri,2009.0,2011.0,IFPRI,RePEc: Research Papers in Economics,,https://econpapers.repec.org/RePEc:fpr:ifprid:1098,0,0,2,GOOGLE,0,"◐ Title | ✓ Authors | ✗ Year | ✗ Venue | ○ ID

### Summary
The reference could not be verified as an exact match. While the authors Bryan, Ringler, and Okoba were found in a closely related paper, the year 2009 and the IFPRI Discussion Paper 981 venue do not align with available records.

### Details
A matching record was found for a similar publication titled ""Agricultural management for climate change adaptation, greenhouse gas mitigation, and agricultural productivity: Insights from Kenya"" authored by Elizabeth Bryan, Claudia Ringler, Barrack Okoba, and others, published in 2011 in ""RePEc: Research Papers in Economics."" This differs by two years from the cited 2009 date and features a different venue. No exact matches were found for the original title, year, and venue combination. Search results did not return a record for the IFPRI Discussion Paper 981 for 2009.

- https://econpapers.repec.org/RePEc:fpr:ifprid:1098",0.033,0.967
"Below, T., Mutunga, E., & Hellmuth, M. E. (2012). Climate-smart agriculture and food security in semi-arid Kenya. *Regional Environmental Change, 12*(4), 567–578.",Climate-smart agriculture for smallholder farmers,gemma_3_27b,unverified,Reference could not be verified.,UNCONFIRMED,UNCONFIRMED,UNCONFIRMED,UNCONFIRMED,UNCONFIRMED,,,,,,,,,,,,,,,,,,,,,,,0,0,0,,0,"? Title | ? Authors | ? Year | ? Venue | ? ID

### Summary
No matching article could be found for the reference ""Climate-smart agriculture and food security in semi-arid Kenya"" by Below, T., Mutunga, E., and Hellmuth, M. E. from 2012 in Regional Environmental Change.

### Details
A search was conducted on OpenAlex using the title, authors, and year, but no corresponding record was found. Further search using Google Scholar also did not return any results matching the exact article or authors. The year, title, authors, and journal information could not be confirmed based on available data.

- [OpenAlex](https://openalex.org)
- [Google Scholar](https://scholar.google.com)",0.0,1.0
"Sims, B., & Kates, R. W. (2014). Climate change, adaptation and smallholder agriculture in sub-Saharan Africa: A synthesis of evidence. *Wiley Interdisciplinary Reviews: Climate Change, 5*(5), 679–695.",Climate-smart agriculture for smallholder farmers,gemma_3_27b,unverified,Reference could not be verified.,CONTRADICTION,CONTRADICTION,CONTAINS,CONTRADICTION,ABSENT,Achieving mitigation and adaptation to climate change through sustainable agroforestry practices in Africa,Cheikh Mbow; Pete Smith; David L. Skole; Lalisa Duguma; Mercedes Bustamante,2013.0,Current Opinion in Environmental Sustainability,10.1016/j.cosust.2013.09.002,https://doi.org/10.1016/j.cosust.2013.09.002,GOOGLE,0.0,3.0,1.0,1.0,0.0,"Climate change, adaptation and smallholder agriculture in sub-Saharan Africa: A synthesis of evidence",Achieving mitigation and adaptation to climate change through sustainable agroforestry practices in Africa,"Sims, B.; Kates, R. W.",Cheikh Mbow; Pete Smith; David L. Skole; Lalisa Duguma; Mercedes Bustamante,2014.0,2013.0,Wiley Interdisciplinary Reviews: Climate Change,Current Opinion in Environmental Sustainability,,10.1016/j.cosust.2013.09.002,0,0,1,GOOGLE,0,"✗ Title | ✗ Authors | ◐ Year | ✗ Venue | ○ ID

### Summary
No matching article could be found for the reference ""Climate change, adaptation and smallholder agriculture in sub-Saharan Africa: A synthesis of evidence"" by Sims and Kates in 2014. The title, authors, and journal details differ significantly from any known records.

### Details
A thorough search found no record that matches the given title or authors. The closest candidate article, published in 2013, addresses a different topic about sustainable agroforestry and was authored by a completely different group of researchers (Mbow, Smith, Skole, Duguma, Bustamante). The publication venues also do not overlap: the given reference is from Wiley Interdisciplinary Reviews: Climate Change, while the candidate is from Current Opinion in Environmental Sustainability by Elsevier. The publication year differs by one year, which is within a reasonable range, but the major contradictions in title, authors, and journal outweigh this. No unique identifier such as a DOI was provided in the original reference for a direct match.

- [DOI 10.1016/j.cosust.2013.09.002](https://doi.org/10.1016/j.cosust.2013.09.002)
- [ResearchGate search results](https://www.researchgate.net/publication/315767290_A_Synthesis_of_Smallholder_Farmers'_Adaptation_to_Climate_Change_in_Southern_Africa_Averting_Adaptation_Vacuum.pdf)",0.0,1.0
"Aggrey-Hanlon, R., & Bezner-Kerr, R. (2018). Climate-smart agriculture and gender: What do we know so far?. *Gender, Technology and Development, 22*(1), 1-24.",Climate-smart agriculture for smallholder farmers,gemma_3_27b,needs-human,Reference requires human review.,CONTAINS,CONTAINS,UNCONFIRMED,CONTRADICTION,ABSENT,Gender in Climate-Smart Agriculture,World Bank,,World Bank Open Knowledge,,https://openknowledge.worldbank.org/entities/publication/3f8c73c3-45b9-5e8f-ab00-adc71488eac2,GOOGLE,0.0,1.0,2.0,1.0,1.0,Climate-smart agriculture and gender: What do we know so far?,Gender in Climate-Smart Agriculture,"Aggrey-Hanlon, R.; Bezner-Kerr, R.",World Bank,2018.0,,"Gender, Technology and Development",World Bank Open Knowledge,,https://openknowledge.worldbank.org/entities/publication/3f8c73c3-45b9-5e8f-ab00-adc71488eac2,0,0,3,GOOGLE,0,"◐ Title | ◐ Authors | ? Year | ✗ Venue | ○ ID

### Summary
The reference could not be conclusively verified because the year is not confirmed and the publication venue differs. The original citation lists individual authors and a journal, but the best available match is a World Bank publication without a specified year.

### Details
A matching record titled ""Gender in Climate-Smart Agriculture"" by the World Bank was found, but it is a different publication platform and lacks a publication year. The original citation mentions a 2018 article in the journal ""Gender, Technology and Development"" by Aggrey-Hanlon and Bezner-Kerr, which was not found on OpenAlex or other searches. This discrepancy in venue and author details means human review is needed.

- https://openknowledge.worldbank.org/entities/publication/3f8c73c3-45b9-5e8f-ab00-adc71488eac2",0.1,0.9
"Asfaw, S., & Shiferaw, B. (2018). Climate-smart agricultural practices and household food security in Ethiopia: Evidence from a regional-level study. *Agricultural Systems, 165*, 168–177.",Climate-smart agriculture for smallholder farmers,gemma_3_27b,unverified,Reference could not be verified.,UNCONFIRMED,UNCONFIRMED,UNCONFIRMED,UNCONFIRMED,UNCONFIRMED,,,,,,,,,,,,,,,,,,,,,,,0,0,0,,0,"? Title | ? Authors | ? Year | ? Venue | ? ID

### Summary
No matching article titled ""Climate-smart agricultural practices and household food security in Ethiopia: Evidence from a regional-level study"" by Asfaw and Shiferaw from 2018 could be found. The reference details such as authors, year, and journal name were not confirmed through available databases.

### Details
A search in OpenAlex and scholar databases found no results matching the exact title, author names, publication year, or journal ""Agricultural Systems"" as given. The algorithm found no potential candidates or similar records to verify the citation. Related works on climate-smart agriculture and food security exist but none match the provided details exactly.

- [OpenAlex](https://openalex.org)
- [Google Scholar](https://scholar.google.com)",0.0,1.0
"Chomba, E., Kogi-Makau, W., & Wafula, F. (2015). Climate-smart agriculture adoption and household food security in Zambia. *African Journal of Agricultural and Resource Economics, 10*(1), 1–12.",Climate-smart agriculture for smallholder farmers,gemma_3_27b,unverified,Reference could not be verified.,UNCONFIRMED,UNCONFIRMED,UNCONFIRMED,UNCONFIRMED,UNCONFIRMED,,,,,,,,,,,,,,,,,,,,,,,0,0,0,,0,"? Title | ? Authors | ? Year | ? Venue | ? ID

### Summary
No matching article could be found for the reference titled ""Climate-smart agriculture adoption and household food security in Zambia"" by Chomba, Kogi-Makau, and Wafula from 2015. The verification process did not find any records confirming the title, authors, year, or the journal details.

### Details
A search through OpenAlex and general scholarly search engines did not return any matching records. There was no evidence found to verify the exact article, its authors, year of publication, or the African Journal of Agricultural and Resource Economics as the venue.

- [OpenAlex](https://openalex.org)
- General Scholar Search Engines",0.0,1.0
"Thornton, P. K., Herrero, M., & Jones, P. G. (2011). Livestock and climate change: Impact of livestock on climate change and mitigation strategies. *SAT eJournal, 8*(1), 1-22.",Climate-smart agriculture for smallholder farmers,gemma_3_27b,needs-human,Reference requires human review.,CONTAINS,CONTAINS,CONTAINS,CONTRADICTION,ABSENT,Livestock and climate change,P. K. Thornton; M. Herrero,2010.0,CGIAR (CGSpace),,https://cgspace.cgiar.org/items/93b62d27-e6c4-4037-a5a8-bca10630b11c,GOOGLE,0.0,1.0,3.0,1.0,0.0,Livestock and climate change: Impact of livestock on climate change and mitigation strategies.,Livestock and climate change,"Thornton, P. K.; Herrero, M.; Jones, P. G.",P. K. Thornton; M. Herrero,2011.0,2010.0,SAT eJournal,CGIAR (CGSpace),,https://cgspace.cgiar.org/items/93b62d27-e6c4-4037-a5a8-bca10630b11c,0,1,3,GOOGLE,0,"◐ Title | ◐ Authors | ◐ Year | ✗ Venue | ○ ID

### Summary
The reference could not be definitively verified due to conflicting information about the publication venue and year. While the title and authors largely matched a known CGIAR report from 2010 by Thornton and Herrero, the cited journal (SAT eJournal, 2011) does not correspond with this source, and the additional author Jones is not found in the potential match.

### Details
A potential match was found with a 2010 CGIAR report titled ""Livestock and climate change"" authored by P. K. Thornton and M. Herrero. This closely matches the core title phrase and main authors of the cited reference. However, the citation lists an additional author (Jones, P.G.) and a different year (2011 versus 2010). The supposed journal, SAT eJournal, conflicts with the repository CGIAR CGSpace linked to the candidate match. No unique identifier such as a DOI was found for the cited article. Given the one-year difference in publication and the conflicting venues, this case requires human review to confirm the correct source.

- https://cgspace.cgiar.org/items/93b62d27-e6c4-4037-a5a8-bca10630b11c
- https://pmc.ncbi.nlm.nih.gov/articles/PMC7015462/
- https://www.researchgate.net/publication/328889018_Livestock_and_climate_change_Impact_of_livestock_on_climate_and_mitigation_strategies",0.2,0.8
"Aldrich, J. H. (1993). Rational choice and turnout. *American Journal of Political Science, 37*(2), 246–264.",Democratic elections,gemma_3_27b,verified,"Aldrich, J. H. (1993). Rational choice and turnout. *American Journal of Political Science*, 37(1), 246. https://doi.org/10.2307/2111531",MATCH,MATCH,MATCH,MATCH,ABSENT,Rational Choice and Turnout,John H. Aldrich,1993.0,American Journal of Political Science,10.2307/2111531,https://doi.org/10.2307/2111531,GOOGLE,4.0,0.0,0.0,1.0,0.0,Rational choice and turnout,Rational Choice and Turnout,"Aldrich, J. H.",John H. Aldrich,1993.0,1993.0,American Journal of Political Science,American Journal of Political Science,,10.2307/2111531,1,1,1,GOOGLE,0,"✓ Title | ✓ Authors | ✓ Year | ✓ Venue | ○ ID

### Summary
This article was confirmed in the American Journal of Political Science with the author John H. Aldrich, the year 1993, and the exact title ""Rational Choice and Turnout"" matching perfectly.

### Details
A matching record was found with the title exactly matching ""Rational Choice and Turnout"". The author was confirmed as John H. Aldrich, matching the citation's initials J. H. Aldrich. The year 1993 matched exactly, and the journal was verified as the American Journal of Political Science. Although the citation lacked an identifier, the evidence included the DOI 10.2307/2111531, linking to the verified source.

- https://doi.org/10.2307/2111531",1.0,0.0
"Cox, G. W. (1997). *Making votes count: Strategic coordination in the referendum campaign*. Cambridge University Press.",Democratic elections,gemma_3_27b,needs-human,Reference requires human review.,CONTRADICTION,MATCH,MATCH,MATCH,ABSENT,Making votes count: strategic coordination in the world's electoral systems,G. W. Cox,1997.0,Cambridge University Press,,https://books.google.com/books?hl=en&lr=&id=c3bqMzBoinsC&oi=fnd&pg=PR9&dq=Cox+Making+votes+count:+Strategic+coordination+in+the+referendum+campaign+1997&ots=FlKNy3-1JG&sig=YkSd4zKO_L9J8ktCfhBlXQfJOaA,GOOGLE,3.0,1.0,0.0,1.0,0.0,Making votes count: Strategic coordination in the referendum campaign,Making votes count: strategic coordination in the world's electoral systems,G. W. Cox,G. W. Cox,1997.0,1997.0,Cambridge University Press,Cambridge University Press,,https://books.google.com/books?hl=en&lr=&id=c3bqMzBoinsC&oi=fnd&pg=PR9&dq=Cox+Making+votes+count:+Strategic+coordination+in+the+referendum+campaign+1997&ots=FlKNy3-1JG&sig=YkSd4zKO_L9J8ktCfhBlXQfJOaA,0,0,1,GOOGLE,0,"✗ Title | ✓ Authors | ✓ Year | ✓ Venue | ○ ID

### Summary
The reference could not be conclusively verified due to differences in the subtitle text. While the author, year, and publisher match, the title's subtitle in the evidence refers to ""strategic coordination in the world's electoral systems,"" which does not exactly match the cited subtitle ""strategic coordination in the referendum campaign."" This discrepancy suggests these might be two different works or editions.

### Details
A matching record was found with the same author G. W. Cox, published in 1997 by Cambridge University Press. However, the title of the found book is ""Making votes count: Strategic coordination in the world's electoral systems,"" which contradicts the cited subtitle referring to the referendum campaign. No unique identifier was present to clarify the match. Search in OpenAlex did not find a direct match, and Google Books search results correspond to the differing subtitle. This needs human review to confirm whether these are separate publications or related editions.

- [Google Books source](https://books.google.com/books?hl=en&lr=&id=c3bqMzBoinsC&oi=fnd&pg=PR9&dq=Cox+Making+votes+count:+Strategic+coordination+in+the+referendum+campaign+1997&ots=FlKNy3-1JG&sig=YkSd4zKO_L9J8ktCfhBlXQfJOaA)",0.333,0.667
"Fiorina, M. P. (1981). *Legislative expectations and electoral accountability*. University of Michigan Press.",Democratic elections,gemma_3_27b,unverified,Reference could not be verified.,UNCONFIRMED,UNCONFIRMED,UNCONFIRMED,UNCONFIRMED,UNCONFIRMED,,,,,,,,,,,,,,,,,,,,,,,0,0,0,,0,"? Title | ? Authors | ? Year | ? Venue | ? ID

### Summary
No matching record could be found for the book titled ""Legislative expectations and electoral accountability"" by M. P. Fiorina published in 1981 by the University of Michigan Press.

### Details
A search was conducted in OpenAlex with the provided title, author, and year but found no matching work. A Google search also did not turn up the specific book or a clear record of it under the given details. None of the major bibliographic sources or academic repositories showed a listing for this reference.

- https://openalex.org
- https://www.google.com/search?q=Fiorina+1981+Legislative+expectations+and+electoral+accountability+University+of+Michigan+Press",0.0,1.0
"Lipper, L., Thornton, P., Campbell, B. M., Baethgen, W., Brito, C., Cattaneo, A., ... & Wollenberg, E. (2014). Climate-smart agriculture for food security. *Nature Climate Change, 4*(1), 1068–1072.",Climate-smart agriculture for smallholder farmers,gemma_3_27b,verified,"Lipper, L., Thornton, P. K., Campbell, B., Baedeker, T., Braimoh, A. K., Bwalya, M., Caron, P., Cattaneo, A., Garrity, D. P., Henry, K., Hottle, R., Jackson, L., Jarvis, A., Kossam, F., Mann, W. N., McCarthy, N., Meybeck, A., Neufeldt, H., Remington, T., Sen, P. T., Sessa, R., Shula, R., Tibu, A., & Torquebiau, E. (2014). Climate-smart agriculture for food security. *Nature Climate Change*, *4*(12), 1068-1072. https://doi.org/10.1038/nclimate2437",MATCH,MATCH,MATCH,MATCH,ABSENT,Climate-smart agriculture for food security,Leslie Lipper; Philip K. Thornton; Bruce Campbell; Tobias Baedeker; Ademola K. Braimoh; Martin Bwalya; Patrick Caron; Andrea Cattaneo; Dennis P. Garrity; Kevin Henry; Ryan Hottle; Louise Jackson; Andy Jarvis; Fred Kossam; W. Neal Mann; Nancy McCarthy; A. Meybeck; Henry Neufeldt; Tom Remington; Pham Thi Sen; Reuben Sessa; Reynolds Shula; Austin Tibu; Emmanuel Torquebiau,2014.0,Nature Climate Change,10.1038/nclimate2437,https://doi.org/10.1038/nclimate2437,GOOGLE,4.0,0.0,0.0,1.0,0.0,Climate-smart agriculture for food security,Climate-smart agriculture for food security,"Lipper, L.; Thornton, P.; Campbell, B. M.; Baethgen, W.; Brito, C.; Cattaneo, A.; Wollenberg, E.",Leslie Lipper; Philip K. Thornton; Bruce Campbell; Tobias Baedeker; Ademola K. Braimoh; Martin Bwalya; Patrick Caron; Andrea Cattaneo; Dennis P. Garrity; Kevin Henry; Ryan Hottle; Louise Jackson; Andy Jarvis; Fred Kossam; W. Neal Mann; Nancy McCarthy; A. Meybeck; Henry Neufeldt; Tom Remington; Pham Thi Sen; Reuben Sessa; Reynolds Shula; Austin Tibu; Emmanuel Torquebiau,2014.0,2014.0,Nature Climate Change,Nature Climate Change,,10.1038/nclimate2437,1,1,1,GOOGLE,0,"✓ Title | ✓ Authors | ✓ Year | ✓ Venue | ○ ID

### Summary
This article was confirmed in Nature Climate Change with matching title, authors, year, and journal. The research paper titled ""Climate-smart agriculture for food security"" from 2014 by Lipper and colleagues was found as described.

### Details
A matching record was found with the exact title ""Climate-smart agriculture for food security"" and the year 2014. Multiple authors from the citation were confirmed, including Leslie Lipper, Philip K. Thornton, Bruce Campbell, and Andrea Cattaneo, though the full evidence showed additional co-authors beyond the citation list. The journal Nature Climate Change matched exactly. There was no identifier such as a DOI in the citation, but the article is linked to DOI: 10.1038/nclimate2437.

- https://doi.org/10.1038/nclimate2437",1.0,0.0
"Hetherington, M. J., & Weiler, J. (2009). Authoritarianism and polarization in American politics. *Cambridge University Press*.",Democratic elections,gemma_3_27b,verified,"Hetherington, M. J., & Weiler, J. D. (2009). *Authoritarianism and Polarization in American Politics*. Cambridge University Press. https://doi.org/10.1017/cbo9780511802331",MATCH,MATCH,MATCH,CONTAINS,ABSENT,Authoritarianism and Polarization in American Politics,Marc J. Hetherington; Jonathan D. Weiler,2009.0,Cambridge University Press eBooks,10.1017/cbo9780511802331,https://doi.org/10.1017/cbo9780511802331,GOOGLE,3.0,0.0,1.0,1.0,0.0,Authoritarianism and polarization in American politics.,Authoritarianism and Polarization in American Politics,"Hetherington, M. J.; Weiler, J.",Marc J. Hetherington; Jonathan D. Weiler,2009.0,2009.0,Cambridge University Press,Cambridge University Press eBooks,,10.1017/cbo9780511802331,1,1,1,GOOGLE,0,"✓ Title | ✓ Authors | ✓ Year | ◐ Venue | ○ ID

### Summary
This book was confirmed as published by Cambridge University Press with the exact matching title ""Authoritarianism and Polarization in American Politics"" and the authors Marc J. Hetherington and Jonathan D. Weiler in 2009.

### Details
A matching record was found that exactly matches the title and publication year 2009. Both authors listed in the citation correspond with the found record including their full names. The venue identified is ""Cambridge University Press eBooks,"" which contains the citation venue ""Cambridge University Press,"" indicating they refer to the same publisher. No DOI was in the citation but was found in the evidence as 10.1017/cbo9780511802331.

- https://doi.org/10.1017/cbo9780511802331",0.9,0.1
"Lupia, A., & McCubbins, M. D. (1998). *The democratic dilemma: Can citizens learn what they need to know?*. Cambridge University Press.",Democratic elections,gemma_3_27b,verified,"Lupia, A., & McCubbins, M. D. (1998). *The democratic dilemma: Can citizens learn what they need to know?* Cambridge University Press.",MATCH,MATCH,MATCH,MATCH,ABSENT,The democratic dilemma: can citizens learn what they need to know?,Arthur Lupia; Mathew D. McCubbins,1998.0,Cambridge University Press,,https://www.cambridge.org/us/universitypress/subjects/politics-international-relations/political-economy/democratic-dilemma-can-citizens-learn-what-they-need-know?format=PB&isbn=9780521585934,GOOGLE,4.0,0.0,0.0,1.0,0.0,The democratic dilemma: Can citizens learn what they need to know?,The democratic dilemma: can citizens learn what they need to know?,"Lupia, A.; McCubbins, M. D.",Arthur Lupia; Mathew D. McCubbins,1998.0,1998.0,Cambridge University Press,Cambridge University Press,,https://www.cambridge.org/us/universitypress/subjects/politics-international-relations/political-economy/democratic-dilemma-can-citizens-learn-what-they-need-know?format=PB&isbn=9780521585934,1,1,1,GOOGLE,0,"✓ Title | ✓ Authors | ✓ Year | ✓ Venue | ○ ID

### Summary
This book was confirmed as published by Cambridge University Press in 1998, authored by Arthur Lupia and Mathew D. McCubbins. The title ""The democratic dilemma: Can citizens learn what they need to know?"" matched exactly in the verification.

### Details
A matching record was found with the exact title and author names, confirming the publication year 1998 and the publisher Cambridge University Press. Although no DOI identifier was present, multiple sources including an authoritative library PDF and the Cambridge University Press website support this match. The authors' names matched despite format differences (initials versus full names), ensuring this is the correct reference.

- https://catdir.loc.gov/catdir/samples/cam034/97018130.pdf
- https://www.cambridge.org/us/universitypress/subjects/politics-international-relations/political-economy/democratic-dilemma-can-citizens-learn-what-they-need-know?format=PB&isbn=9780521585934
- https://doi.org/10.5860/choice.36-1262",1.0,0.0
"Pattie, C., & Johnston, R. (2009). Political behaviour. *Oxford University Press*.",Democratic elections,gemma_3_27b,unverified,Reference could not be verified.,CONTRADICTION,MATCH,UNCONFIRMED,MATCH,ABSENT,Putting Voters in Their Place,Ron Johnston; Charles Pattie,,Oxford University Press,,https://global.oup.com/academic/product/putting-voters-in-their-place-9780199268054,GOOGLE,2.0,1.0,0.0,1.0,1.0,Political behaviour,Putting Voters in Their Place,"Pattie, C.; Johnston, R.",Ron Johnston; Charles Pattie,2009.0,,Oxford University Press,Oxford University Press,,https://global.oup.com/academic/product/putting-voters-in-their-place-9780199268054,0,0,3,GOOGLE,0,"✗ Title | ✓ Authors | ? Year | ✓ Venue | ○ ID

### Summary
This reference could not be verified because the title provided, ""Political behaviour,"" does not match the closest available work by the same authors published by Oxford University Press. Although the authors Pattie and Johnston and the publisher were correct, the title corresponds instead to a different book called ""Putting Voters in Their Place.""

### Details
A matching record with authors Charles Pattie and Ron Johnston was found at Oxford University Press, but the title was ""Putting Voters in Their Place,"" not ""Political behaviour."" The publication year 2009 could not be confirmed because no exact match was found. No unique identifier such as DOI was present in the original reference. Multiple search checks, including database and web searches, failed to locate a work titled exactly ""Political behaviour"" by these authors in 2009 from Oxford University Press.

- https://global.oup.com/academic/product/putting-voters-in-their-place-9780199268054
- https://scholar.google.com/citations?user=n-Oeab0AAAAJ&hl=en
- https://doi.org/10.1017/s0007123408000173",0.133,0.867
"Powell, G. B., Jr. (1982). Electoral institutions and regime change. *American Political Science Review, 76*(3), 643–659.",Democratic elections,gemma_3_27b,needs-human,Reference requires human review.,CONTRADICTION,MATCH,CONTAINS,MATCH,ABSENT,"Party systems and political system performance: Voting participation, government stability and mass violence in contemporary democracies",G B Powell Jr,1981.0,American Political Science Review,,https://www.cambridge.org/core/journals/american-political-science-review/article/party-systems-and-political-system-performance-voting-participation-government-stability-and-mass-violence-in-contemporary-democracies/68A99D237A5C49BE0DBC591E0F6C4A45,GOOGLE,2.0,1.0,1.0,1.0,0.0,Electoral institutions and regime change.,"Party systems and political system performance: Voting participation, government stability and mass violence in contemporary democracies","Powell, G. B., Jr.",G B Powell Jr,1982.0,1981.0,American Political Science Review,American Political Science Review,,https://www.cambridge.org/core/journals/american-political-science-review/article/party-systems-and-political-system-performance-voting-participation-government-stability-and-mass-violence-in-contemporary-democracies/68A99D237A5C49BE0DBC591E0F6C4A45,0,0,3,GOOGLE,0,"✗ Title | ✓ Authors | ◐ Year | ✓ Venue | ○ ID

### Summary
The verification result is inconclusive and requires a human review. While the authorship and journal name align, the titles and years differ significantly, indicating these are not the same article.

### Details
A near match was found with the same author, G. B. Powell Jr., publishing in the same journal, the American Political Science Review, but in 1981 rather than 1982. The titles are notably different: the original reference cited ""Electoral institutions and regime change,"" whereas the best potential match is ""Party systems and political system performance: Voting participation, government stability and mass violence in contemporary democracies."" The one-year difference in publication date adds to the ambiguity. No identifier such as DOI was present to verify the source conclusively. 

- https://www.cambridge.org/core/journals/american-political-science-review/article/party-systems-and-political-system-performance-voting-participation-government-stability-and-mass-violence-in-contemporary-democracies/68A99D237A5C49BE0DBC591E0F6C4A45",0.233,0.767
"Schumpeter, J. A. (1942). *Capitalism, socialism and democracy*. Harper & Brothers.",Democratic elections,gemma_3_27b,verified,"Schumpeter, J. A. (1942). *Capitalism, Socialism and Democracy*. Harper & Brothers. https://archive.org/details/in.ernet.dli.2015.190072",MATCH,MATCH,MATCH,MATCH,ABSENT,"Capitalism, Socialism and Democracy",Joseph A. Schumpeter,1942.0,Harper & Brothers,,https://archive.org/details/in.ernet.dli.2015.190072,GOOGLE,4.0,0.0,0.0,1.0,0.0,"Capitalism, socialism and democracy","Capitalism, Socialism and Democracy","Schumpeter, J. A.",Joseph A. Schumpeter,1942.0,1942.0,Harper & Brothers,Harper & Brothers,,https://archive.org/details/in.ernet.dli.2015.190072,1,1,1,GOOGLE,0,"✓ Title | ✓ Authors | ✓ Year | ✓ Venue | ○ ID

### Summary
This book was confirmed as *Capitalism, Socialism and Democracy* by Joseph A. Schumpeter, published in 1942 by Harper & Brothers. The title, author, year, and publisher perfectly matched the verified record.

### Details
A matching record was found with the exact title ""Capitalism, Socialism and Democracy"" and author Joseph A. Schumpeter, published in 1942 by Harper & Brothers. Although no DOI was provided in the citation, multiple sources including rare book listings, the Internet Archive, and Wikipedia confirm the reference details. The year 1942 matched exactly, and the author name matched including accepted abbreviation of initials. The publisher Harper & Brothers was also confirmed exactly.

- https://archive.org/details/in.ernet.dli.2015.190072
- https://en.wikipedia.org/wiki/Capitalism,_Socialism_and_Democracy
- https://www.abebooks.com/first-edition/Capitalism-Socialism-Democracy-Schumpeter-Joseph-A/31229990993/bd",1.0,0.0
"Stokes, S. C. (2001). Political candidate evaluation in developing democracies. *World Politics, 53*(4), 539–564.",Democratic elections,gemma_3_27b,unverified,Reference could not be verified.,UNCONFIRMED,UNCONFIRMED,UNCONFIRMED,UNCONFIRMED,UNCONFIRMED,,,,,,,,,,,,,,,,,,,,,,,0,0,0,,0,"? Title | ? Authors | ? Year | ? Venue | ? ID

### Summary
No matching article was found for the reference ""Political candidate evaluation in developing democracies"" by Stokes published in 2001 in World Politics. Despite searching in multiple academic databases and scholarly search engines, no record was identified that confirms this publication.

### Details
A search was conducted on OpenAlex using the article title, author name, and year with no matching records found. Additional searches on academic scholarly platforms returned related works by S.C. Stokes but none matched the specific title, journal, and year provided. Notably, some results referenced Stokes in other years and publications but none confirmed the cited article. No DOI or direct link was available to verify this citation.

- https://openalex.org
- https://scholar.google.com",0.0,1.0
"Demirguc-Kunt, A., Klapper, L., & Singer, D. (2013). Financial inclusion and access to finance across the globe. *World Bank Policy Research Working Paper, 6025*.",Digital financial services,gemma_3_27b,unverified,Reference could not be verified.,CONTRADICTION,MATCH,CONTRADICTION,MATCH,ABSENT,The Global Findex Database 2017: Measuring Financial Inclusion and Opportunities to Expand Access to and Use of Financial Services,Asli Demirgüç-Kunt; Leora Klapper; Dorothe Singer; Saniya Ansar; Jake Hess,2018,World Bank,,,,,,,,,,,,,,,,,,,0,0,0,,0,Updated 2026-04-24 from fresh SVRIS run — original verified-with-error was a retrieval-noise FP,0.0,1.0
GSMA. (2018). *The state of the world’s digital financial services 2018: Enabling financial inclusion through digital channels*. GSMA.,Digital financial services,gemma_3_27b,needs-human,Reference requires human review.,CONTRADICTION,MATCH,CONTAINS,MATCH,ABSENT,2018 State of the Industry Report on Mobile Money,GSMA,2019.0,GSMA,,https://www.gsma.com/solutions-and-impact/connectivity-for-good/mobile-for-development/gsma_resources/2018-state-of-the-industry-report-on-mobile-money/,GOOGLE,2.0,1.0,1.0,1.0,0.0,The state of the world’s digital financial services 2018: Enabling financial inclusion through digital channels,2018 State of the Industry Report on Mobile Money,GSMA,GSMA,2018.0,2019.0,GSMA,GSMA,,https://www.gsma.com/solutions-and-impact/connectivity-for-good/mobile-for-development/gsma_resources/2018-state-of-the-industry-report-on-mobile-money/,0,0,1,GOOGLE,0,"✗ Title | ✓ Authors | ◐ Year | ✓ Venue | ○ ID

### Summary
The reference could not be fully confirmed as it appears to mix details from two different GSMA reports. While the author and publisher matched, the titles and publication years differed, suggesting these are two separate documents.

### Details
A matching record was found for a GSMA report titled ""2018 State of the Industry Report on Mobile Money,"" published in 2019, which differs from the cited title focusing on digital financial services in 2018. The citation states 2018 as the year, whereas the evidence shows 2019, a discrepancy within one year. No direct match was found for the cited title in web searches or related GSMA resources, indicating a possible confusion between similarly themed reports. The publisher 'GSMA' matched exactly, and the author 'GSMA' was confirmed.

- [GSMA 2018 State of the Industry Report on Mobile Money](https://www.gsma.com/solutions-and-impact/connectivity-for-good/mobile-for-development/gsma_resources/2018-state-of-the-industry-report-on-mobile-money/)",0.233,0.767
"Allen, F., de la Peña, I., & Tarazi, C. (2016). Mobile banking and financial inclusion. *Journal of Financial Inclusion, 3*(1), 7–25.",Digital financial services,gemma_3_27b,needs-human,Reference requires human review.,CONTAINS,UNCONFIRMED,MATCH,CONTRADICTION,ABSENT,Mobile banking and financial inclusion: The regulatory lessons,,2016.0,"Frankfurt School of Finance & Management, Working Paper Series, No. 166",,,GOOGLE,1.0,1.0,1.0,1.0,1.0,Mobile banking and financial inclusion.,Mobile banking and financial inclusion: The regulatory lessons,"Allen, F.; de la Peña, I.; Tarazi, C.",,2016.0,2016.0,Journal of Financial Inclusion,"Frankfurt School of Finance & Management, Working Paper Series, No. 166",,,0,0,2,GOOGLE,0,"◐ Title | ? Authors | ✓ Year | ✗ Venue | ○ ID

### Summary
The reference found relates to a working paper titled ""Mobile banking and financial inclusion: The regulatory lessons"" published in 2016 by the Frankfurt School of Finance & Management. However, this differs from the cited journal article ""Mobile banking and financial inclusion"" by Allen, de la Peña, and Tarazi in the Journal of Financial Inclusion, so further human review is needed to clarify the correct source.

### Details
A matching document was found with the same core title and publication year, but it is a working paper rather than a journal article. The authorship of the candidate record is unclear, and the venue differs significantly: the cited source claims a journal publication, while the potential match is part of a university working paper series. No unique identifiers like a DOI were available to confirm. This inconsistency between venue and author details leads to ambiguity that requires human verification.

- [Frankfurt School Working Paper Example](https://cprlatam.site/2024/wp-content/uploads/files/CPRLatam_Proceedings2013.pdf)
- [Google Search Results](https://www.google.com/search?q=%22Mobile+banking+and+financial+inclusion%22+Allen+de+la+Pe%C3%B1a+Tarazi+Journal+of+Financial+Inclusion+2016)",0.167,0.833
"Suri, T., & Walter, W. (2017). The impact of mobile money on financial inclusion and economic development in Kenya. *Economic Development and Cultural Change, 65*(4), 729–759.",Digital financial services,gemma_3_27b,unverified,Reference could not be verified.,CONTRADICTION,CONTRADICTION,CONTRADICTION,CONTRADICTION,ABSENT,Is fin-tech the new panacea for poverty alleviation and local development? Contesting Suri and Jack's M-Pesa findings published in Science,M Bateman; M Duvendack,2019.0,Review of African Political Economy (Taylor & Francis),10.1080/03056244.2019.1614552,https://www.tandfonline.com/doi/abs/10.1080/03056244.2019.1614552,GOOGLE,0.0,4.0,0.0,1.0,0.0,The impact of mobile money on financial inclusion and economic development in Kenya.,Is fin-tech the new panacea for poverty alleviation and local development? Contesting Suri and Jack's M-Pesa findings published in Science,"Suri, T.; Walter, W.",M Bateman; M Duvendack,2017.0,2019.0,Economic Development and Cultural Change,Review of African Political Economy (Taylor & Francis),,10.1080/03056244.2019.1614552,0,0,3,GOOGLE,0,"✗ Title | ✗ Authors | ✗ Year | ✗ Venue | ○ ID

### Summary
The reference provided could not be verified as describing the same work. The search found a different article with no matching authors or title.

### Details
A matching record was not found for the title ""The impact of mobile money on financial inclusion and economic development in Kenya"" by authors Suri, T. and Walter, W. from 2017. Instead, the best identified article was titled ""Is fin-tech the new panacea for poverty alleviation and local development? Contesting Suri and Jack's M-Pesa findings published in Science"" by Bateman, M. and Duvendack, M. published in 2019 in a different journal. The significant differences in title, authors, year, and journal confirm that the original citation does not match the retrieved records.

- [Review of African Political Economy article](https://www.tandfonline.com/doi/abs/10.1080/03056244.2019.1614552)",0.0,1.0
"Jack, W., & Suri, T. (2014). The economic impact of mobile money. *American Economic Review, 104*(9), 2733–2756.",Digital financial services,gemma_3_27b,verified-with-error,Reference requires human review.,CONTRADICTION,MATCH,MATCH,MATCH,ABSENT,Risk sharing and transactions costs: Evidence from Kenya's mobile money revolution,W Jack; T Suri,2014,American Economic Review,10.1257/aer.104.1.183,https://www.aeaweb.org/articles?id=10.1257/aer.104.1.183,GOOGLE,3.0,1.0,0.0,1.0,0.0,The economic impact of mobile money.,Risk Sharing and Transactions Costs: Evidence from Kenya's Mobile Money Revolution,"Jack, W.; Suri, T.",William Jack; Tavneet Suri,2014.0,2014.0,American Economic Review,American Economic Review,,10.1257/aer.104.1.183,0,0,2,GOOGLE,0,"✗ Title | ✓ Authors | ✓ Year | ✓ Venue | ○ ID

### Summary
The reference could not be confirmed as cited. Although the authors (Jack and Suri), year (2014), and journal (American Economic Review) all match, the actual article found has a different title and focus.

### Details
A matching record was found for a 2014 article by William Jack and Tavneet Suri in the American Economic Review titled ""Risk Sharing and Transactions Costs: Evidence from Kenya's Mobile Money Revolution."" This differs from the title cited, ""The Economic Impact of Mobile Money,"" and focuses specifically on risk sharing and transaction costs in Kenya's mobile money system rather than the broader economic impact. No identifier such as DOI was present to assist verification, and no evidence supports the existence of the cited article with the given title and issue. Relevant sources include the article's DOI link and academic repositories listing the confirmed paper.

- https://www.aeaweb.org/articles?id=10.1257/aer.104.1.183
- https://dspace.mit.edu/bitstream/handle/1721.1/88137/Suri_Risk%20sharing.pdf?sequence=1&isAllowed=y
- https://ideas.repec.org/a/aea/aecrev/v104y2014i1p183-223.html",0.333,0.667
"Donner, J. (2008). The rules of the game: Mobile money and the social construction of value. *Information Technologies & International Development, 4*(4), 1–16.",Digital financial services,gemma_3_27b,unverified,Reference could not be verified.,CONTRADICTION,MATCH,CONTRADICTION,CONTRADICTION,ABSENT,Framing M4D: the utility of continuity and the dual heritage of “Mobiles and Development”,J Donner,2010.0,The Electronic Journal of Information Systems in Developing Countries,,https://onlinelibrary.wiley.com/doi/abs/10.1002/j.1681-4835.2010.tb00315.x,GOOGLE,1.0,3.0,0.0,1.0,0.0,The rules of the game: Mobile money and the social construction of value,Framing M4D: the utility of continuity and the dual heritage of “Mobiles and Development”,"Donner, J.",J Donner,2008.0,2010.0,Information Technologies & International Development,The Electronic Journal of Information Systems in Developing Countries,,https://onlinelibrary.wiley.com/doi/abs/10.1002/j.1681-4835.2010.tb00315.x,0,0,3,GOOGLE,0,"✗ Title | ✓ Authors | ✗ Year | ✗ Venue | ○ ID

### Summary
No matching article could be found for the reference by Donner from 2008 titled ""The rules of the game: Mobile money and the social construction of value."" Although the author matches, the title, year, and journal do not correspond to any confirmed source.

### Details
A search found that the titles differ significantly: the cited article discusses mobile money and social value, while the closest found article from Donner in 2010 is about ""Framing M4D"" and mobiles in development. The publication years differ by two years (2008 vs 2010), and the journals were also different. No digital identifier or DOI was present in the reference to aid verification. This lack of alignment across multiple key fields led to the conclusion that the original reference could not be verified.

- https://onlinelibrary.wiley.com/doi/abs/10.1002/j.1681-4835.2010.tb00315.x",0.0,1.0
"Mas, J., & Radcliffe, D. (2010). Mobile payments: The next billion users. *Harvard Business Review, 88*(3), 36–44.",Digital financial services,gemma_3_27b,unverified,Reference could not be verified.,CONTRADICTION,CONTRADICTION,MATCH,CONTRADICTION,ABSENT,Mobile payments go viral: M-PESA in Kenya,Ignacio Mas; Daniel Radcliffe,2010.0,Bill & Melinda Gates Foundation,,https://www.researchgate.net/publication/227489474_Mobile_payments_go_viral_M-PESA_in_Kenya,GOOGLE,1.0,3.0,0.0,1.0,0.0,Mobile payments: The next billion users.,Mobile payments go viral: M-PESA in Kenya,"Mas, J.; Radcliffe, D.",Ignacio Mas; Daniel Radcliffe,2010.0,2010.0,Harvard Business Review,Bill & Melinda Gates Foundation,,https://www.researchgate.net/publication/227489474_Mobile_payments_go_viral_M-PESA_in_Kenya,0,0,2,GOOGLE,0,"✗ Title | ✗ Authors | ✓ Year | ✗ Venue | ○ ID

### Summary
No matching article with the title ""Mobile payments: The next billion users"" by Mas, J. and Radcliffe, D. from 2010 in the Harvard Business Review could be found. The closest identified publication has a different title, authorship, and publisher, indicating the original reference could not be verified.

### Details
A matching record was not found for the given title and authors in the Harvard Business Review. The title ""Mobile payments go viral: M-PESA in Kenya"" from 2010 by Ignacio Mas and Daniel Radcliffe, published by the Bill & Melinda Gates Foundation, was found and differs notably in scope and authorship from the cited reference. The year 2010 matches exactly, but authorship and venue do not correspond, and no identifier like DOI was provided in the original citation.

- https://www.researchgate.net/publication/227489474_Mobile_payments_go_viral_M-PESA_in_Kenya
- https://www.scirp.org/reference/referencespapers?referenceid=3514999",0.0,1.0
"Klašnja, Š., & Tucker, J. A. (2016). Elite polarization and the decline of the vote. *American Journal of Political Science, 60*(1), 1–18.",Democratic elections,gemma_3_27b,unverified,Reference could not be verified.,UNCONFIRMED,UNCONFIRMED,UNCONFIRMED,UNCONFIRMED,UNCONFIRMED,,,,,,,,,,,,,,,,,,,,,,,0,0,0,,0,"? Title | ? Authors | ? Year | ? Venue | ? ID

### Summary
No matching article with the title ""Elite polarization and the decline of the vote"" by Klašnja and Tucker from 2016 could be found in the American Journal of Political Science or other common academic sources. The verification did not confirm the authors, title, year, or journal.

### Details
No records matching the article title, authors, or year were found in the OpenAlex database. A web search using Google also did not locate the article or related citations in the specified journal. Scholarly search tools returned no relevant matches for this reference, and no DOI or other identifier was found to verify the source.

- https://openalex.org
- https://scholar.google.com
- https://www.google.com/search?q=Elite+polarization+and+the+decline+of+the+vote+Kla%C5%A1nja+Tucker+2016+American+Journal+of+Political+Science",0.0,1.0
"Ozdemir, A. K., & Demir, E. (2019). Digital financial services and financial inclusion: Evidence from developing countries. *Journal of Developing Areas, 53*(4), 239–256.",Digital financial services,gemma_3_27b,unverified,Reference could not be verified.,CONTRADICTION,UNCONFIRMED,UNCONFIRMED,UNCONFIRMED,ABSENT,DIGITAL FINANCIAL INCLUSION AND IMPLICATIONS FOR DEVELOPING COUNTRIES ECONOMIC GROWTH,,,,,https://www.researchgate.net/publication/371685755_DIGITAL_FINANCIAL_INCLUSION_AND_IMPLICATIONS_FOR_DEVELOPING_COUNTRIES_ECONOMIC_GROWTH,GOOGLE,0.0,1.0,0.0,1.0,3.0,Digital financial services and financial inclusion: Evidence from developing countries.,DIGITAL FINANCIAL INCLUSION AND IMPLICATIONS FOR DEVELOPING COUNTRIES ECONOMIC GROWTH,"Ozdemir, A. K.; Demir, E.",,2019.0,,Journal of Developing Areas,,,https://www.researchgate.net/publication/371685755_DIGITAL_FINANCIAL_INCLUSION_AND_IMPLICATIONS_FOR_DEVELOPING_COUNTRIES_ECONOMIC_GROWTH,0,1,3,GOOGLE,0,"✗ Title | ? Authors | ? Year | ? Venue | ○ ID

### Summary
No matching article could be found for the reference by Ozdemir and Demir (2019) titled ""Digital financial services and financial inclusion: Evidence from developing countries"" in the Journal of Developing Areas. The search found a similarly themed work with a different title focusing on digital financial inclusion and economic growth, but this does not confirm the cited article.

### Details
A search was conducted for the exact title, authors, year, and journal. The title in the best matching candidate differed significantly, focusing on broader digital financial inclusion and economic growth implications rather than financial services and inclusion specifically. The candidate record lacked author and year details and was accessible via ResearchGate but did not align well enough to confirm a match. Other candidate results also did not match the cited article in title, authorship, or publication year. No DOI or identifier was found to aid verification.

- https://www.researchgate.net/publication/371685755_DIGITAL_FINANCIAL_INCLUSION_AND_IMPLICATIONS_FOR_DEVELOPING_COUNTRIES_ECONOMIC_GROWTH
- https://doi.org/10.3390/su12041668
- https://dergipark.org.tr/en/pub/esad/article/1731963
- https://pmc.ncbi.nlm.nih.gov/articles/PMC9240988/",0.0,1.0
"Ziervogel, K., & Chanda, R. (2007). Harnessing local knowledge for climate change adaptation in southern Africa. *Climatic Change*, *83*(3-4), 319–334.",Climate change adaptation in agriculture,gemma_3_27b,unverified,Reference could not be verified.,CONTRADICTION,CONTRADICTION,CONTAINS,CONTRADICTION,ABSENT,Climate adaptation in southern Africa: Addressing the needs of vulnerable communities,G Ziervogel; A Taylor; S Hachigonta,2008.0,Stockholm Environment …,,https://weadapt.org/wp-content/uploads/2023/05/533c344fbe258sei-oxfam-climate-adaptation-report-15july.pdf,GOOGLE,0.0,3.0,1.0,1.0,0.0,Harnessing local knowledge for climate change adaptation in southern Africa.,Climate adaptation in southern Africa: Addressing the needs of vulnerable communities,"Ziervogel, K.; Chanda, R.",G Ziervogel; A Taylor; S Hachigonta,2007.0,2008.0,Climatic Change,Stockholm Environment …,,https://weadapt.org/wp-content/uploads/2023/05/533c344fbe258sei-oxfam-climate-adaptation-report-15july.pdf,0,0,1,GOOGLE,0,"✗ Title | ✗ Authors | ◐ Year | ✗ Venue | ○ ID

### Summary
No matching article could be found for the given reference by Ziervogel and Chanda (2007) in the journal Climatic Change. The available evidence points to a different work with similar geographic focus but different authors, title, year, and venue.

### Details
A search did not find a record matching the exact title ""Harnessing local knowledge for climate change adaptation in southern Africa"" by Ziervogel and Chanda in 2007 or in the journal Climatic Change. Instead, the closest found document is titled ""Climate adaptation in southern Africa: Addressing the needs of vulnerable communities"" published in 2008 by different authors G. Ziervogel, A. Taylor, and S. Hachigonta, and hosted by the Stockholm Environment Institute. The year differs slightly (2007 vs 2008), the author sets only partly overlap on one surname, and the publication venue is dissimilar. These discrepancies show the reference provided could not be verified as the same work.

- https://weadapt.org/wp-content/uploads/2023/05/533c344fbe258sei-oxfam-climate-adaptation-report-15july.pdf",0.0,1.0
"Smit, T. M., & Wandel, J. (2006). Adaptation, maladaptation, and triple loops of learning: exploring the concept of maladaptation with examples from agriculture. *Global Environmental Change*, *16*(3), 149–164.",Climate change adaptation in agriculture,gemma_3_27b,verified,"Smit, T. M., Wandel, J., & Smit, B. (2006). *Adaptation, maladaptation, and triple loops of learning: exploring the concept of maladaptation with examples from agriculture*. Global Environmental Change. NULL",MATCH,CONTAINS,MATCH,MATCH,ABSENT,"Adaptation, maladaptation, and triple loops of learning: exploring the concept of maladaptation with examples from agriculture","Smit, T. M.; Wandel, J.; Smit, B.",2006.0,Global Environmental Change?,,,GOOGLE,3.0,0.0,1.0,1.0,0.0,"Adaptation, maladaptation, and triple loops of learning: exploring the concept of maladaptation with examples from agriculture","Adaptation, maladaptation, and triple loops of learning: exploring the concept of maladaptation with examples from agriculture","Smit, T. M.; Wandel, J.","Smit, T. M.; Wandel, J.; Smit, B.",2006.0,2006.0,Global Environmental Change,Global Environmental Change?,,,1,1,1,GOOGLE,0,"✓ Title | ◐ Authors | ✓ Year | ✓ Venue | ○ ID

### Summary
This article was confirmed in the journal Global Environmental Change with matching title, authors, and year. Although an additional author appears in some records, the cited authors and publication details align well with the verified source.

### Details
A matching record was found where the exact title ""Adaptation, maladaptation, and triple loops of learning: exploring the concept of maladaptation with examples from agriculture"" was confirmed. The citation authors Smit, T. M. and Wandel, J. appear as a subset within the full author list including Smit, B., indicating consistency despite an extra author in some listings. The year 2006 and the journal Global Environmental Change matched exactly. No digital object identifier (DOI) was available for this citation.

- https://www.sciencedirect.com
- https://www.tandfonline.com
- https://api.taylorfrancis.com
",0.867,0.133
"Bhatia, P., & Sharma, V. (2016). Biometric voter verification system: A review. *International Journal of Computer Applications, 139*(11).",Biometric voter registration,gemma_3_27b,unverified,Reference could not be verified.,CONTRADICTION,UNCONFIRMED,MATCH,UNCONFIRMED,ABSENT,"Computer, Communication and Electrical Technology",,2016.0,,,http://ndl.ethernet.edu.et/bitstream/123456789/31827/1/Computer%2C%20Communication%20and%20Electrical%20Technology.pdf,GOOGLE,1.0,1.0,0.0,1.0,2.0,Biometric voter verification system: A review.,"Computer, Communication and Electrical Technology","Bhatia, P.; Sharma, V.",,2016.0,2016.0,International Journal of Computer Applications,,,http://ndl.ethernet.edu.et/bitstream/123456789/31827/1/Computer%2C%20Communication%20and%20Electrical%20Technology.pdf,0,0,3,GOOGLE,0,"✗ Title | ? Authors | ✓ Year | ? Venue | ○ ID

### Summary
No matching article titled ""Biometric voter verification system: A review"" by Bhatia and Sharma from 2016 in the International Journal of Computer Applications could be found. Although the year matches, the title and authors do not correspond with any available records, and no unique identifiers were found.

### Details
A search for the article yielded no matches with the correct title or authors. The only somewhat related record found was a 2016 document titled ""Computer, Communication and Electrical Technology,"" which differs significantly in title and lacks author information matching Bhatia and Sharma. The year 2016 is consistent, but the venue and authorship could not be confirmed. No DOI or other identifiers were present to support verification.

- http://ndl.ethernet.edu.et/bitstream/123456789/31827/1/Computer%2C%20Communication%20and%20Electrical%20Technology.pdf
- OpenAlex: No matching work found
- Google Search: No relevant organic results matching the citation",0.0,1.0
"Degroot, J., & Van der Voort, H. (2017). Biometric voter registration in Ghana: Assessing the impact on voter roll quality and inclusivity. *Electoral Studies, 51*, 168–181.",Biometric voter registration,gemma_3_27b,unverified,Reference could not be verified.,CONTRADICTION,UNCONFIRMED,CONTRADICTION,CONTRADICTION,ABSENT,"Biometric election technology, voter experience and turnout in Ghana",,2019.0,"Journal of African Elections, 18(1)",,https://www.eisa.org/document/2019-journal-of-african-elections-v18n1-biometric-election-technology-voter-experience-turnout-ghana-eisa/,GOOGLE,0.0,3.0,0.0,1.0,1.0,Biometric voter registration in Ghana: Assessing the impact on voter roll quality and inclusivity.,"Biometric election technology, voter experience and turnout in Ghana","Degroot, J.; Van der Voort, H.",,2017.0,2019.0,Electoral Studies,"Journal of African Elections, 18(1)",,https://www.eisa.org/document/2019-journal-of-african-elections-v18n1-biometric-election-technology-voter-experience-turnout-ghana-eisa/,0,0,3,GOOGLE,1,"✗ Title | ? Authors | ✗ Year | ✗ Venue | ○ ID

### Summary
The reference provided could not be verified as the specific article by Degroot and Van der Voort from 2017 was not found. The available information points to a different article published in 2019 about biometric election technology and voter experience in Ghana, which differs in title, authorship, publication year, and journal.

### Details
A matching article with the exact title ""Biometric voter registration in Ghana: Assessing the impact on voter roll quality and inclusivity"" could not be found in OpenAlex or through scholarly and general web searches. The closest related article is titled ""Biometric election technology, voter experience and turnout in Ghana,"" published in 2019 in the Journal of African Elections, not Electoral Studies. This article differs notably in focus, authorship is unknown, the year of publication is two years later, and the journal is different. No digital object identifier (DOI) was found for the original citation, and no evidence supports that the cited article exists as described.

- https://www.eisa.org/document/2019-journal-of-african-elections-v18n1-biometric-election-technology-voter-experience-turnout-ghana-eisa/",0.0,1.0
"Elmaghraby, A., & El-Sayed, A. (2014). Biometric authentication for secure e-voting systems. *IEEE Transactions on Dependable and Secure Computing, 11*(5), 533–544.",Biometric voter registration,gemma_3_27b,unverified,Reference could not be verified.,CONTAINS,UNCONFIRMED,UNCONFIRMED,UNCONFIRMED,ABSENT,A biometric-secure e-voting system for election processes,,,,,https://www.researchgate.net/publication/224338351_A_biometric-secure_e-voting_system_for_election_processes,GOOGLE,0.0,0.0,1.0,1.0,3.0,Biometric authentication for secure e-voting systems,A biometric-secure e-voting system for election processes,"Elmaghraby, A.; El-Sayed, A.",,2014.0,,IEEE Transactions on Dependable and Secure Computing,,,https://www.researchgate.net/publication/224338351_A_biometric-secure_e-voting_system_for_election_processes,0,1,1,GOOGLE,0,"◐ Title | ? Authors | ? Year | ? Venue | ○ ID

### Summary
No matching article matching all key elements such as authors, year, and journal could be found for this reference. Although the title terms related to biometric and e-voting are very similar to an available paper, that other paper does not confirm the exact author names or publication details.

### Details
A matching record was not found on OpenAlex or through cross-referencing identifiers. The title appears related to a paper titled ""A biometric-secure e-voting system for election processes,"" found on ResearchGate, but this record lacks author names, year, and venue information. The original citation's core title words were confirmed, yet author, year, and journal details could not be verified. The DOI or other standard identifiers are absent in the citation, limiting verification.

- https://www.researchgate.net/publication/224338351_A_biometric-secure_e-voting_system_for_election_processes
- https://openalex.org/
- https://scholar.google.com/",0.167,0.833
"Jensen, M. J., & Warner, M. (2019). The promise and peril of biometric voter registration: Lessons from Malawi. *Democratization, 26*(3), 513–532.",Biometric voter registration,gemma_3_27b,unverified,Reference could not be verified.,UNCONFIRMED,UNCONFIRMED,UNCONFIRMED,UNCONFIRMED,UNCONFIRMED,,,,,,,,,,,,,,,,,,,,,,,0,0,0,,0,"? Title | ? Authors | ? Year | ? Venue | ? ID

### Summary
No matching article could be found with the title ""The promise and peril of biometric voter registration: Lessons from Malawi"" by Jensen and Warner from 2019 in the journal Democratization or elsewhere.

### Details
Searches conducted included attempts to find the article on OpenAlex, Google Scholar, and Google using the full title, authors, year, and journal name. None of these searches returned any matching results. There was no DOI or other identifier available to assist in verification.

- [OpenAlex](https://openalex.org)
- Google Scholar (search attempted but failed to fetch results)
- Google Search results for the query",0.0,1.0
"Klingner, E. K., & Barnes, E. (2018). The challenges of biometric voter registration in Liberia: A case study of technology, politics, and implementation. *African Affairs, 117*(469), 543–563.",Biometric voter registration,gemma_3_27b,unverified,Reference could not be verified.,UNCONFIRMED,UNCONFIRMED,UNCONFIRMED,UNCONFIRMED,UNCONFIRMED,,,,,,,,,,,,,,,,,,,,,,,0,0,0,,1,"? Title | ? Authors | ? Year | ? Venue | ? ID

### Summary
No matching article could be found for the reference by Klingner and Barnes from 2018 on biometric voter registration in Liberia. The title, authors, year, and journal could not be confirmed through available academic databases.

### Details
A search for the article titled ""The challenges of biometric voter registration in Liberia: A case study of technology, politics, and implementation"" by E. K. Klingner and E. Barnes from 2018 returned no results in OpenAlex or Google Scholar. There were no matching DOIs or records found, and no close matches were identified to verify the publication in African Affairs or any other journal.

- [OpenAlex](https://openalex.org)
- [Google Scholar](https://scholar.google.com)",0.0,1.0
"Kumar, A., & Singh, A. K. (2020). A comprehensive review of biometric technologies for voter authentication. *Journal of King Saud University - Computer and Information Sciences, 32*(1), 109–121.",Biometric voter registration,gemma_3_27b,unverified,Reference could not be verified.,UNCONFIRMED,UNCONFIRMED,UNCONFIRMED,UNCONFIRMED,UNCONFIRMED,,,,,,,,,,,,,,,,,,,,,,,0,0,0,,0,"? Title | ? Authors | ? Year | ? Venue | ? ID

### Summary
No matching article titled ""A comprehensive review of biometric technologies for voter authentication"" by Kumar, A., & Singh, A. K. from 2020 in the Journal of King Saud University - Computer and Information Sciences could be found in available databases.

### Details
A thorough search was conducted using OpenAlex with author and title details, which did not yield any matching records. Google Scholar and web searches also failed to identify this exact article, although related biometric authentication reviews and articles from similar journals were found. The year, authors, title, and journal name could not be confirmed through these common academic search tools.

- [OpenAlex](https://openalex.org)
- [Google Scholar](https://scholar.google.com)",0.0,1.0
"Masiero, E., & Ceccarelli, D. (2016). Biometric technologies for voter authentication: A critical analysis. *Information Polity, 21*(1), 29–46.",Biometric voter registration,gemma_3_27b,unverified,Reference could not be verified.,UNCONFIRMED,UNCONFIRMED,UNCONFIRMED,UNCONFIRMED,UNCONFIRMED,,,,,,,,,,,,,,,,,,,,,,,0,0,0,,0,"? Title | ? Authors | ? Year | ? Venue | ? ID

### Summary
No matching article could be found for the reference ""Biometric technologies for voter authentication: A critical analysis"" by Masiero and Ceccarelli published in 2016. The verification process did not find any records confirming the title, authors, year, or journal.

### Details
A search in the OpenAlex database did not yield any matching work for the given title, authors, and year. Additionally, a search through scholarly sources returned unrelated results without any matching article. Hence, there is no evidence to confirm the existence or details of this article.

- https://openalex.org
- https://scholar.google.com",0.0,1.0
"Ríos, M., & Weitzner, D. (2017). The impact of biometric voter registration on voter turnout: Evidence from Nigeria. *Journal of Elections, Public Opinion & Parties, 27*(4), 533–552.",Biometric voter registration,gemma_3_27b,unverified,Reference could not be verified.,UNCONFIRMED,UNCONFIRMED,UNCONFIRMED,UNCONFIRMED,UNCONFIRMED,,,,,,,,,,,,,,,,,,,,,,,0,0,0,,0,"? Title | ? Authors | ? Year | ? Venue | ? ID

### Summary
No matching record for the article titled ""The impact of biometric voter registration on voter turnout: Evidence from Nigeria"" by Ríos and Weitzner from 2017 could be found in the searched databases.

### Details
A search for this article in the OpenAlex database and a general scholarly search yielded no results. There were no matches found for the authors, title, year, or publication venue in either source, and no potential matches were identified.

- [OpenAlex](https://openalex.org)",0.0,1.0
"Zissis, D., & Lekkas, D. (2012). Secure voter authentication using biometric technologies. *Computers & Security, 31*(4), 527–541.",Biometric voter registration,gemma_3_27b,unverified,Reference could not be verified.,UNCONFIRMED,UNCONFIRMED,UNCONFIRMED,UNCONFIRMED,UNCONFIRMED,,,,,,,,,,,,,,,,,,,,,,,0,0,0,,0,"? Title | ? Authors | ? Year | ? Venue | ? ID

### Summary
No matching article could be found for the reference ""Secure voter authentication using biometric technologies"" by Zissis and Lekkas from 2012 in the journal Computers & Security.

### Details
A search in the OpenAlex database did not locate any record matching the given title, authors, year, and journal details. Additionally, a Google Scholar query returned no direct hits for this exact article, and a general web search also failed to find it. There are no candidate matches or partial matches available from the sources checked.

- [OpenAlex](https://openalex.org)
- [MIT DSpace related search](https://dspace.mit.edu/handle/1721.1/96636)",0.0,1.0
IPCC. (2021). *Climate Change 2021: The Physical Science Basis. Contribution of Working Group I to the Sixth Assessment Report of the Intergovernmental Panel on Climate Change*. Cambridge University Press.,Climate change,gemma_3_27b,verified-with-error,IPCC. (2021). *Climate Change 2021: The Physical Science Basis*. Contribution of Working Group I to the Sixth Assessment Report of the Intergovernmental Panel on Climate Change. Cambridge University Press. https://www.cambridge.org/core/books/climate-change-2021-the-physical-science-basis/415F29233B8BD19FB55F65E3DC67272B,CONTAINS,MATCH,MATCH,MATCH,ABSENT,Climate Change 2021 – The Physical Science Basis,IPCC,2021.0,Cambridge University Press,,https://www.cambridge.org/core/books/climate-change-2021-the-physical-science-basis/415F29233B8BD19FB55F65E3DC67272B,GOOGLE,3.0,0.0,1.0,1.0,0.0,Climate Change 2021: The Physical Science Basis. Contribution of Working Group I to the Sixth Assessment Report of the Intergovernmental Panel on Climate Change,Climate Change 2021 – The Physical Science Basis,IPCC,IPCC,2021.0,2021.0,Cambridge University Press,Cambridge University Press,,https://www.cambridge.org/core/books/climate-change-2021-the-physical-science-basis/415F29233B8BD19FB55F65E3DC67272B,1,1,1,GOOGLE,0,"◐ Title | ✓ Authors | ✓ Year | ✓ Venue | ○ ID

### Summary
This reference to the IPCC report ""Climate Change 2021: The Physical Science Basis"" was verified and confirmed with matching author (IPCC), year (2021), and publisher (Cambridge University Press). The title matched closely but was a shortened version compared to the official full title which includes explicit attribution to the Working Group I and Sixth Assessment Report.

### Details
A matching record was found for the IPCC 2021 publication with Cambridge University Press as the publisher. The authorship by IPCC and the year 2021 matched exactly. The title in the citation is a shorter form of the official title seen on Cambridge's website and the IPCC site, which includes the full phrase ""Contribution of Working Group I to the Sixth Assessment Report of the Intergovernmental Panel on Climate Change."" There was no identifier (such as a DOI) present in the citation to add precision, which is why this is marked verified-with-error. 

- [Cambridge University Press book page](https://www.cambridge.org/core/books/climate-change-2021-the-physical-science-basis/415F29233B8BD19FB55F65E3DC67272B)
- [IPCC official report page](https://www.ipcc.ch/report/ar6/wg1/)",0.833,0.167
"Masson-Delmotte, V., Zhai, P., Pirani, A., et al. (2021). *Climate Change 2021: Impacts, Adaptation and Vulnerability. Contribution of Working Group II to the Sixth Assessment Report of the Intergovernmental Panel on Climate Change*. Cambridge University Press.",Climate change,gemma_3_27b,unverified,Reference could not be verified.,CONTRADICTION,CONTAINS,CONTRADICTION,UNCONFIRMED,ABSENT,"IPCC, 2023: Climate Change 2023: Synthesis Report. Contribution of Working Groups I, II and III to the Sixth Assessment Report of the Intergovernmental Panel on Climate Change [Core Writing Team, H. Lee and J. Romero (eds.)]. IPCC, Geneva, Switzerland.",Katherine Calvin; Dipak Dasgupta; Gerhard Krinner; Aditi Mukherji; Peter Thorne; Christopher H. Trisos; José Romero; Paulina Aldunce; Ko Barrett; Gabriel Blanco; William W. L. Cheung; Sarah Connors; Fatima Denton; Aïda Diongue‐Niang; David Dodman; Matthias Garschagen; Oliver Geden; Bronwyn Hayward; Chris Jones; Frank Jotzo; Thelma Krug; Rodel D. Lasco; Yune-Yi Lee; Valérie Masson‐Delmotte; Malte Meinshausen; Katja Mintenbeck; Abdalah Mokssit; Friederike E. L. Otto; Minal Pathak; Anna Pirani; Elvira S. Poloczanska; Hans‐Otto Pörtner; Aromar Revi; Debra Roberts; Joyashree Roy; Alex C. Ruane; Jim Skea; P.R. Shukla; Raphael Slade; Aimée B. A. Slangen; Youba Sokona; Anna A. Sörensson; Melinda Tignor; Detlef P. van Vuuren; Yi‐Ming Wei; Harald Winkler; Panmao Zhai; Zinta Zommers; Jean-Charles Hourcade; Francis X. Johnson; Shonali Pachauri; Nicholas P. Simpson; Chandni Singh; Adelle Thomas; Edmond Totin; Andrés Alegría; Kyle C. Armour; Birgit Bednar‐Friedl; Kornelis Blok; Guéladio Cissé; Frank Dentener; Siri Eriksen; Erich Fischer; Gregory G. Garner; Céline Guivarch; Marjolijn Haasnoot; Gerrit Hansen; Mathias Hauser; Ed Hawkins; Tim H. J. Hermans; Robert E. Kopp; Noëmie Leprince-Ringuet; Jared Lewis; Débora Ley; Chloé Ludden; Leila Niamir; Zebedee Nicholls; Shreya Some; Sophie Szopa; Blair Trewin; Kaj-Ivar van der Wijst; Gundula Winter; Maximilian Witting; Arlene Birt; Meeyoung Ha,2023.0,,10.59327/ipcc/ar6-9789291691647,https://doi.org/10.59327/ipcc/ar6-9789291691647,GOOGLE,0.0,2.0,1.0,1.0,1.0,"Climate Change 2021: Impacts, Adaptation and Vulnerability. Contribution of Working Group II to the Sixth Assessment Report of the Intergovernmental Panel on Climate Change","IPCC, 2023: Climate Change 2023: Synthesis Report. Contribution of Working Groups I, II and III to the Sixth Assessment Report of the Intergovernmental Panel on Climate Change [Core Writing Team, H. Lee and J. Romero (eds.)]. IPCC, Geneva, Switzerland.","Masson-Delmotte, V.; Zhai, P.; Pirani, A.; Connors, S. L.; Péan, C.; Berger, S.; Caudron, S.; Chen, Y.; Goldfarb, L.; Gomis, M. I.; Huang, M.; Leilei, L.; Loutan, C.; Marot, L.; Moufouma, M.; New, E.; Nightingale, P.; Paris, D.; Plattner, G. K.; Roberts, D. C.; Smith, M. J.; Yelekçi, B.",Katherine Calvin; Dipak Dasgupta; Gerhard Krinner; Aditi Mukherji; Peter Thorne; Christopher H. Trisos; José Romero; Paulina Aldunce; Ko Barrett; Gabriel Blanco; William W. L. Cheung; Sarah Connors; Fatima Denton; Aïda Diongue‐Niang; David Dodman; Matthias Garschagen; Oliver Geden; Bronwyn Hayward; Chris Jones; Frank Jotzo; Thelma Krug; Rodel D. Lasco; Yune-Yi Lee; Valérie Masson‐Delmotte; Malte Meinshausen; Katja Mintenbeck; Abdalah Mokssit; Friederike E. L. Otto; Minal Pathak; Anna Pirani; Elvira S. Poloczanska; Hans‐Otto Pörtner; Aromar Revi; Debra Roberts; Joyashree Roy; Alex C. Ruane; Jim Skea; P.R. Shukla; Raphael Slade; Aimée B. A. Slangen; Youba Sokona; Anna A. Sörensson; Melinda Tignor; Detlef P. van Vuuren; Yi‐Ming Wei; Harald Winkler; Panmao Zhai; Zinta Zommers; Jean-Charles Hourcade; Francis X. Johnson; Shonali Pachauri; Nicholas P. Simpson; Chandni Singh; Adelle Thomas; Edmond Totin; Andrés Alegría; Kyle C. Armour; Birgit Bednar‐Friedl; Kornelis Blok; Guéladio Cissé; Frank Dentener; Siri Eriksen; Erich Fischer; Gregory G. Garner; Céline Guivarch; Marjolijn Haasnoot; Gerrit Hansen; Mathias Hauser; Ed Hawkins; Tim H. J. Hermans; Robert E. Kopp; Noëmie Leprince-Ringuet; Jared Lewis; Débora Ley; Chloé Ludden; Leila Niamir; Zebedee Nicholls; Shreya Some; Sophie Szopa; Blair Trewin; Kaj-Ivar van der Wijst; Gundula Winter; Maximilian Witting; Arlene Birt; Meeyoung Ha,2021.0,2023.0,Cambridge University Press,,,10.59327/ipcc/ar6-9789291691647,0,0,2,GOOGLE,0,"✗ Title | ◐ Authors | ✗ Year | ? Venue | ○ ID

### Summary
The reference could not be verified because it corresponds to a different report than the one found in available records. The cited title and year (2021) do not match the available document from 2023, which covers a broader synthesis involving multiple working groups.

### Details
A search found no record matching the cited 2021 title ""Climate Change 2021: Impacts, Adaptation and Vulnerability"" published by Cambridge University Press. Instead, a similarly authored but distinct 2023 IPCC report titled ""Climate Change 2023: Synthesis Report"" was identified. While some authors overlap, the titles differ in scope and the years 2021 versus 2023 do not match. These discrepancies mean the original reference could not be confirmed.

- https://doi.org/10.59327/ipcc/ar6-9789291691647",0.0,1.0
"Skea, J., Shukla, P. R., Strauss, M., Scher, S., Smith, P., van Bickerwel, E., Carter, T., Magadza, C. H. D., Midgley, S., & Moss, R. (2022). *Climate Change 2022: Mitigation of Climate Change. Contribution of Working Group III to the Sixth Assessment Report of the Intergovernmental Panel on Climate Change*. Cambridge University Press.",Climate change,gemma_3_27b,verified-with-error,Intergovernmental Panel on Climate Change (IPCC). (2022). Climate Change 2022: Mitigation of Climate Change - IPCC. *IPCC*. https://www.ipcc.ch/report/ar6/wg3/,MATCH,CONTAINS,MATCH,CONTRADICTION,ABSENT,Climate Change 2022: Mitigation of Climate Change - IPCC,Intergovernmental Panel on Climate Change (IPCC),2022.0,IPCC,,https://www.ipcc.ch/report/ar6/wg3/,GOOGLE,2.0,1.0,1.0,1.0,0.0,Climate Change 2022: Mitigation of Climate Change. Contribution of Working Group III to the Sixth Assessment Report of the Intergovernmental Panel on Climate Change,Climate Change 2022: Mitigation of Climate Change - IPCC,"Skea, J.; Shukla, P. R.; Strauss, M.; Scher, S.; Smith, P.; van Bickerwel, E.; Carter, T.; Magadza, C. H. D.; Midgley, S.; Moss, R.",Intergovernmental Panel on Climate Change (IPCC),2022.0,2022.0,Cambridge University Press,IPCC,,https://www.ipcc.ch/report/ar6/wg3/,1,1,3,GOOGLE,0,"✓ Title | ◐ Authors | ✓ Year | ✗ Venue | ○ ID

### Summary
This report was confirmed as the IPCC's Sixth Assessment Report (Working Group III) published in 2022 with a matching title and year. The list of individual authors corresponds to contributors within the overall Intergovernmental Panel on Climate Change organization, but the given Cambridge University Press publisher differs from the official publishing source (IPCC).

### Details
A matching record was found with the exact title ""Climate Change 2022: Mitigation of Climate Change"" and year 2022. The known authors align with the individual contributors under the broader IPCC organization. However, the citation's publisher was listed as Cambridge University Press, while the official report is published by the IPCC itself. No direct DOI is available for the citation, but the official IPCC website hosts the report at https://www.ipcc.ch/report/ar6/wg3/. This difference in publisher accounts for the minor discrepancy noted in the verification.

- https://www.ipcc.ch/report/ar6/wg3/",0.467,0.533
"Thornton, P. K., Jones, P. G., Erickson, T. J., Challinor, A. J., & Ramirez-Valverde, B. E. (2009). Climate variability and the future of agriculture in Africa. *African Journal of Agricultural and Resource Economics*, *3*(2), 111–124.",Climate change adaptation in agriculture,gemma_3_27b,unverified,Reference could not be verified.,CONTRADICTION,CONTRADICTION,CONTAINS,CONTRADICTION,ABSENT,Coping better with current climatic variability in the rain-fed farming systems of sub-Saharan Africa: An essential first step in adapting to future climate change?,P. J. M. Cooper; John Dimes; K. P. C. Rao; Barry I. Shapiro; Bekele Shiferaw; Steve Twomlow,2008.0,Agriculture Ecosystems & Environment,10.1016/j.agee.2008.01.007,https://doi.org/10.1016/j.agee.2008.01.007,GOOGLE,0.0,3.0,1.0,1.0,0.0,Climate variability and the future of agriculture in Africa,Coping better with current climatic variability in the rain-fed farming systems of sub-Saharan Africa: An essential first step in adapting to future climate change?,"Thornton, P. K.; Jones, P. G.; Erickson, T. J.; Challinor, A. J.; Ramirez-Valverde, B. E.",P. J. M. Cooper; John Dimes; K. P. C. Rao; Barry I. Shapiro; Bekele Shiferaw; Steve Twomlow,2009.0,2008.0,African Journal of Agricultural and Resource Economics,Agriculture Ecosystems & Environment,,10.1016/j.agee.2008.01.007,0,0,2,GOOGLE,0,"✗ Title | ✗ Authors | ◐ Year | ✗ Venue | ○ ID

### Summary
The reference could not be verified as no matching article was found with the same title, authors, or journal. While the publication year was close, significant differences in key details indicate it is a different document.

### Details
A search identified a potentially related article with the title ""Coping better with current climatic variability in the rain-fed farming systems of sub-Saharan Africa: An essential first step in adapting to future climate change?"" published in 2008, but it had no overlapping authors and appeared in a different journal, Agriculture Ecosystems & Environment, rather than African Journal of Agricultural and Resource Economics. The title in the original reference suggests a broader focus on climate variability and agriculture in Africa, whereas the candidate concentrates on coping strategies in sub-Saharan rain-fed farming. These discrepancies show that the reference cited does not match available records.

- https://doi.org/10.1016/j.agee.2008.01.007",0.0,1.0
"Hoegh-Guldberg, O., Jacob, D., Bindi, M., et al. (2018). Impacts of 1.5°C of global warming on natural and human systems. *Global Change Biology, 24*(5), 2829–2842.",Climate change,gemma_3_27b,needs-human,Reference requires human review.,CONTAINS,CONTAINS,MATCH,CONTRADICTION,ABSENT,Impacts of 1.5 C global warming on natural and human systems,O Hoegh Guldberg; D Jacob; M Taylor; M Bindi,2018.0,IPCC Special Report on Global Warming of 1.5 C,,https://ri.conicet.gov.ar/handle/11336/149860,GOOGLE,1.0,1.0,2.0,1.0,0.0,Impacts of 1.5°C of global warming on natural and human systems.,Impacts of 1.5 C global warming on natural and human systems,"Hoegh-Guldberg, O.; Jacob, D.; Bindi, M.; Brown, S.; Camilloni, I.; Diedhiou, A.; Djalal, R.; Ebi, K. L.; Engelbrecht, F.; Hai, T.; Hansen, J.; Imhoff, M.; Kjellstrom, E.; Macias, F.; Mechler, R.; Mendelsohn, R.; Nicholls, R. J.; Oppenheimer, M.; Palutikof, J. P.; Parkinson, S.; Yang, X.",O Hoegh Guldberg; D Jacob; M Taylor; M Bindi,2018.0,2018.0,Global Change Biology,IPCC Special Report on Global Warming of 1.5 C,,https://ri.conicet.gov.ar/handle/11336/149860,0,0,2,GOOGLE,0,"◐ Title | ◐ Authors | ✓ Year | ✗ Venue | ○ ID

### Summary
The reference title and author list largely match a known report, and the publication year 2018 is confirmed. However, the publication venue contradicts typical sources: the original citation lists a scientific journal (Global Change Biology), while the best match appears to be an IPCC Special Report.

### Details
A record was found with a highly similar title ""Impacts of 1.5 C global warming on natural and human systems"" and overlapping authors including Hoegh-Guldberg, Jacob, and Bindi, published in 2018. This record is identified as an IPCC Special Report rather than an article in Global Change Biology, indicating a discrepancy in the venue. No DOI was found to conclusively link the citation to a journal article. Internet searches returned sources referencing the IPCC report but no evidence for the exact journal article in Global Change Biology was discovered. This ambiguity leads to a recommendation for human review to clarify the correct publication source.

- https://ri.conicet.gov.ar/handle/11336/149860
- http://hdl.handle.net/10138/311749
- https://doi.org/10.1111/padr.12234",0.3,0.7
"Schwalm, K. R., Glendon, S., & Duffy, P. B. (2020). Global assessment of ocean carbon uptake: current status and future uncertainties. *Global Biogeochemical Cycles, 34*(12), e2020GB006587.",Climate change,gemma_3_27b,unverified,Reference could not be verified.,UNCONFIRMED,UNCONFIRMED,UNCONFIRMED,UNCONFIRMED,UNCONFIRMED,,,,,,,,,,,,,,,,,,,,,,,0,0,0,,0,"? Title | ? Authors | ? Year | ? Venue | ? ID

### Summary
No matching article could be found for the reference by Schwalm, Glendon, and Duffy (2020) titled ""Global assessment of ocean carbon uptake: current status and future uncertainties"" in the journal Global Biogeochemical Cycles. The information provided did not correspond to any verified record in the main academic databases searched.

### Details
A search in OpenAlex yielded no matching work based on the title, authors, and year. Google and scholarly searches did not return any direct hits that matched the full citation exactly. The closest search results were related articles on ocean carbon or climate topics but did not confirm the existence of this particular article with the specified details.

- https://cnrs.hal.science/hal-04950266/document
- https://www.scirp.org/reference/referencespapers?referenceid=3912039
- https://www.frontiersin.org/journals/marine-science/articles/10.3389/fmars.2021.781522/full
- https://link.springer.com/chapter/10.1007/978-981-19-9159-2_2",0.0,1.0
"Diffenbaugh, N. S., & Field, C. B. (2013). Changes in extreme events and their attribution. *Nature Climate Change, 3*(3), 123–128.",Climate change,gemma_3_27b,unverified,Reference could not be verified.,CONTRADICTION,MATCH,MATCH,CONTRADICTION,ABSENT,Changes in ecologically critical terrestrial climate conditions,NS Diffenbaugh; CB Field,2013.0,Science,,https://www.science.org/doi/abs/10.1126/science.1237123,GOOGLE,2.0,2.0,0.0,1.0,0.0,Changes in extreme events and their attribution,Changes in ecologically critical terrestrial climate conditions,"Diffenbaugh, N. S.; Field, C. B.",NS Diffenbaugh; CB Field,2013.0,2013.0,Nature Climate Change,Science,,https://www.science.org/doi/abs/10.1126/science.1237123,0,0,1,GOOGLE,0,"✗ Title | ✓ Authors | ✓ Year | ✗ Venue | ○ ID

### Summary
No matching article was found that corresponds exactly to ""Changes in extreme events and their attribution"" by Diffenbaugh and Field (2013) in Nature Climate Change. Although the authors and year match, the title and journal differ from the best available candidate.

### Details
A matching record was not found on OpenAlex or other search sources for the cited title and journal. The closest available article by Diffenbaugh and Field in 2013 is titled ""Changes in ecologically critical terrestrial climate conditions"" published in Science. This differs notably in title focus and journal from the citation, indicating they are not the same work.

- https://www.science.org/doi/abs/10.1126/science.1237123",0.0,1.0
"Rahmstorf, S., & Coumou, D. (2011). Increase in intense precipitation events with climate change. *Nature Climate Change, 1*(1), 49–56.",Climate change,gemma_3_27b,needs-human,Reference requires human review.,CONTRADICTION,MATCH,CONTAINS,MATCH,ABSENT,A decade of weather extremes,D Coumou; S Rahmstorf,2012.0,Nature Climate Change,,https://www.nature.com/articles/nclimate1452,GOOGLE,2.0,1.0,1.0,1.0,0.0,Increase in intense precipitation events with climate change.,A decade of weather extremes,"Rahmstorf, S.; Coumou, D.",D Coumou; S Rahmstorf,2011.0,2012.0,Nature Climate Change,Nature Climate Change,,https://www.nature.com/articles/nclimate1452,0,0,3,GOOGLE,0,"✗ Title | ✓ Authors | ◐ Year | ✓ Venue | ○ ID

### Summary
The reference could not be confidently verified because the titles differ significantly, indicating they refer to different articles, even though the authors, journal, and publication years are closely related. The provided citation from 2011 discusses increased intense precipitation events linked to climate change, but the closest found article from 2012 focuses on a broader topic of a decade of weather extremes.

### Details
A matching article with the same authors (Coumou and Rahmstorf) and journal (Nature Climate Change) was found, but the title differs strongly: ""A decade of weather extremes"" instead of ""Increase in intense precipitation events with climate change."" The year differs slightly, 2011 versus 2012, which may correspond to online versus print publication dates. No digital object identifier (DOI) was available in the provided reference to confirm an exact match.

- Article found: [A decade of weather extremes](https://www.nature.com/articles/nclimate1452) (2012, Nature Climate Change)
- Original citation year: 2011
- Title mismatch indicating different article topics
- Authors matched: D. Coumou and S. Rahmstorf",0.233,0.767
"Hansen, J., Sato, M., Ruedy, R., Lo, K., Lea, D. W., & Medina-Elizalde, M. (2012). Perception of climate change. *Proceedings of the National Academy of Sciences, 109*(37), E2415–E2423.",Climate change,gemma_3_27b,verified,"Hansen, J. E., Sato, M., & Rüedy, R. (2012). Perception of climate change. *Proceedings of the National Academy of Sciences*, 109(37), E2415–E2423. https://doi.org/10.1073/pnas.1205276109",MATCH,CONTAINS,MATCH,MATCH,ABSENT,Perception of climate change,James E. Hansen; Makiko Sato; Reto Rüedy,2012.0,Proceedings of the National Academy of Sciences,10.1073/pnas.1205276109,https://doi.org/10.1073/pnas.1205276109,GOOGLE,3.0,0.0,1.0,1.0,0.0,Perception of climate change.,Perception of climate change,"Hansen, J.; Sato, M.; Ruedy, R.; Lo, K.; Lea, D. W.; Medina-Elizalde, M.",James E. Hansen; Makiko Sato; Reto Rüedy,2012.0,2012.0,Proceedings of the National Academy of Sciences,Proceedings of the National Academy of Sciences,,10.1073/pnas.1205276109,1,1,1,GOOGLE,0,"✓ Title | ◐ Authors | ✓ Year | ✓ Venue | ○ ID

### Summary
This article was confirmed in the Proceedings of the National Academy of Sciences with matching title, year, and journal. Three of the cited authors (Hansen, Sato, Ruedy) were found exactly, corresponding to a subset of the full author list in the citation.

### Details
A matching record was found with the exact title ""Perception of climate change"" published in 2012 in the Proceedings of the National Academy of Sciences. The year and journal matched perfectly, and three authors (James E. Hansen, Makiko Sato, Reto Rüedy) matched the citation's authors, though the citation includes additional authors as well. No digital identifier was present in the original citation, but the verified article has DOI 10.1073/pnas.1205276109.

- https://doi.org/10.1073/pnas.1205276109",0.867,0.133
"Archer, D., & Rahmstorf, S. (2010). The climate system: An introduction. *Springer Science & Business Media*.",Climate change,gemma_3_27b,unverified,Reference could not be verified.,CONTRADICTION,MATCH,CONTAINS,CONTRADICTION,ABSENT,The Climate Crisis: An Introductory Guide to Climate Change,David Archer; Stefan Rahmstorf,2009.0,Cambridge University Press,,https://archive.org/details/climatecrisisint0000arch,GOOGLE,1.0,2.0,1.0,1.0,0.0,The climate system: An introduction.,The Climate Crisis: An Introductory Guide to Climate Change,"Archer, D.; Rahmstorf, S.",David Archer; Stefan Rahmstorf,2010.0,2009.0,Springer Science & Business Media,Cambridge University Press,,https://archive.org/details/climatecrisisint0000arch,0,0,1,GOOGLE,0,"✗ Title | ✓ Authors | ◐ Year | ✗ Venue | ○ ID

### Summary
No matching book titled ""The climate system: An introduction."" by David Archer and Stefan Rahmstorf from 2010 could be found. The closest confirmed book by these authors is ""The Climate Crisis: An Introductory Guide to Climate Change,"" published in 2009 by Cambridge University Press, which differs in title, publisher, and year.

### Details
A matching record under the title ""The climate system: An introduction"" was not found. The authors David Archer and Stefan Rahmstorf were confirmed as matching individuals. However, the year cited (2010) differs from the confirmed publication year (2009) of the closest book. Also, the cited publisher Springer Science & Business Media contradicts the confirmed publisher Cambridge University Press for the known book. The titles differ significantly in scope and wording, indicating these are not the same work. These inconsistencies led to the conclusion that no matching book could be verified.

- https://archive.org/details/climatecrisisint0000arch
- https://www.amazon.com/Climate-Crisis-Introductory-Guide-Change/dp/0521407443
- https://assets.cambridge.org/97805217/32550/frontmatter/9780521732550_frontmatter.pdf",0.0,1.0
"Adger, W. N., Hughes, T. P., Folke, C., Carl Folke, P. Berkes, F., & Matson, P. A. (2005). Social-ecological resilience to coastal disasters. *Science*, *309*(5737), 1071–1074.",Climate change adaptation in agriculture,gemma_3_27b,verified,"Adger, W. N., Hughes, T. P., Folke, C., Carpenter, S. R., & Rockström, J. (2005). Social-Ecological Resilience to Coastal Disasters. *Science*, 309(5737), 1036–1039. https://doi.org/10.1126/science.1112122",MATCH,MATCH,MATCH,MATCH,ABSENT,Social-Ecological Resilience to Coastal Disasters,W. Neil Adger; Terry P. Hughes; Carl Folke; Stephen R. Carpenter; Johan Rockström,2005.0,Science,10.1126/science.1112122,https://doi.org/10.1126/science.1112122,GOOGLE,4.0,0.0,0.0,1.0,0.0,Social-ecological resilience to coastal disasters.,Social-Ecological Resilience to Coastal Disasters,"Adger, W. N.; Hughes, T. P.; Folke, C.; Carl Folke; P. Berkes; F.; Matson, P. A.",W. Neil Adger; Terry P. Hughes; Carl Folke; Stephen R. Carpenter; Johan Rockström,2005.0,2005.0,Science,Science,,10.1126/science.1112122,1,1,1,GOOGLE,0,"✓ Title | ✓ Authors | ✓ Year | ✓ Venue | ○ ID

### Summary
This article was confirmed in the journal *Science* with matching authors and year. Although the listed authors slightly differ in formatting and inclusion, core authors like Adger, Hughes, and Folke were consistently identified. The article title and publication year 2005 matched exactly.

### Details
A matching record was found via OpenAlex with the title ""Social-Ecological Resilience to Coastal Disasters"" published in *Science* in 2005. The authors include W. Neil Adger, Terry P. Hughes, Carl Folke, Stephen R. Carpenter, and Johan Rockström, confirming the citation despite slight author list differences. The year 2005 and journal ""Science"" matched exactly. DOI 10.1126/science.1112122 supports the match: https://doi.org/10.1126/science.1112122. Additional sources such as PubMed also confirm this record.

- https://doi.org/10.1126/science.1112122
- https://pubmed.ncbi.nlm.nih.gov/16099974/",1.0,0.0
"Bryan, E., Deressa, W. T., Gbetibouo, G. A., & Ringler, C. (2009). Adaptation to climate change in Ethiopia. *IFPRI Discussion Paper 983*. International Food Policy Research Institute.",Climate change adaptation in agriculture,gemma_3_27b,needs-human,Reference requires human review.,CONTAINS,MATCH,MATCH,CONTRADICTION,ABSENT,Adaptation to climate change in Ethiopia and South Africa: options and constraints,Elizabeth Bryan; Temesgen Deressa; Glwadys Aymone Gbetibouo; Claudia Ringler,2009.0,Environmental Science & Policy,10.1016/j.envsci.2008.11.002,https://doi.org/10.1016/j.envsci.2008.11.002,GOOGLE,2.0,1.0,1.0,1.0,0.0,Adaptation to climate change in Ethiopia.,Adaptation to climate change in Ethiopia and South Africa: options and constraints,"Bryan, E.; Deressa, W. T.; Gbetibouo, G. A.; Ringler, C.",Elizabeth Bryan; Temesgen Deressa; Glwadys Aymone Gbetibouo; Claudia Ringler,2009.0,2009.0,IFPRI Discussion Paper 983,Environmental Science & Policy,,10.1016/j.envsci.2008.11.002,0,0,3,GOOGLE,0,"◐ Title | ✓ Authors | ✓ Year | ✗ Venue | ○ ID

### Summary
The reference is ambiguous because it closely matches a known article from 2009 with the same four authors and a similar title, but the cited venue differs. The citation shows an IFPRI Discussion Paper, while the matching article is published in the journal Environmental Science & Policy and includes a longer title.

### Details
A matching record was found for a 2009 publication with authors Elizabeth Bryan, Temesgen Deressa, Glwadys Aymone Gbetibouo, and Claudia Ringler. The title of the matched article is longer, including ""...Ethiopia and South Africa: Options and constraints,"" whereas the citation contains only a shorter subset focusing on Ethiopia. Importantly, the venue contradicts: the citation indicates an IFPRI Discussion Paper (number 983), but the closest match is an article published in Environmental Science & Policy. No digital identifier was provided in the citation to confirm the source, so this discrepancy suggests the need for human review.

- https://doi.org/10.1016/j.envsci.2008.11.002
- https://cgspace.cgiar.org/items/85bd103e-f787-4fa7-9fb9-8e7c0dfe6e60
- http://www.ask-force.org/web/Global-Warming/Bryan-Adaptation-Climate-Change-2009.pdf",0.433,0.567
"Howden, S. M., Soussana, J. F., Tubiello, F. N., Chhetri, N., & Dunlop, M. (2007). Adapting agriculture to climate change. *Proceedings of the National Academy of Sciences*, *104*(15), 5757–5760.",Climate change adaptation in agriculture,gemma_3_27b,verified,"Howden, M., Soussana, J.-F., Tubiello, F. N., Chhetri, N., Dunlop, M., & Meinke, H. (2007). Adapting agriculture to climate change. *Proceedings of the National Academy of Sciences*, *104*(50), 19691-19696. https://doi.org/10.1073/pnas.0701890104",MATCH,CONTAINS,MATCH,MATCH,ABSENT,Adapting agriculture to climate change,Mark Howden; Jean‐François Soussana; Francesco N. Tubiello; Netra Chhetri; Michael Dunlop; Holger Meinke,2007.0,Proceedings of the National Academy of Sciences,10.1073/pnas.0701890104,https://doi.org/10.1073/pnas.0701890104,GOOGLE,3.0,0.0,1.0,1.0,0.0,Adapting agriculture to climate change,Adapting agriculture to climate change,"Howden, S. M.; Soussana, J. F.; Tubiello, F. N.; Chhetri, N.; Dunlop, M.",Mark Howden; Jean‐François Soussana; Francesco N. Tubiello; Netra Chhetri; Michael Dunlop; Holger Meinke,2007.0,2007.0,Proceedings of the National Academy of Sciences,Proceedings of the National Academy of Sciences,,10.1073/pnas.0701890104,1,1,1,GOOGLE,0,"✓ Title | ◐ Authors | ✓ Year | ✓ Venue | ○ ID

### Summary
This article was confirmed in the Proceedings of the National Academy of Sciences with matching title, year, and the cited authors all appearing in the verified author list. Although the verified record includes one additional author not listed in the citation, the core authors match exactly.

### Details
A matching record was found with the exact title ""Adapting agriculture to climate change"" and the publication year 2007. The cited five authors (Howden, Soussana, Tubiello, Chhetri, and Dunlop) are all included in the verified author list, alongside one additional author. The article was published in the Proceedings of the National Academy of Sciences, confirming the venue match. There is no identifier in the citation, but the verified record includes DOI 10.1073/pnas.0701890104.

- https://doi.org/10.1073/pnas.0701890104",0.867,0.133
"IPCC. (2014). *Climate Change 2014: Impacts, Adaptation and Vulnerability. Part B: Regional Aspects*. Contribution of Working Group II to the Fifth Assessment Report of the Intergovernmental Panel on Climate Change. Cambridge University Press.",Climate change adaptation in agriculture,gemma_3_27b,verified,"Intergovernmental Panel on Climate Change. (2014). *Climate Change 2014 – Impacts, Adaptation and Vulnerability: Part B: Regional Aspects. Contribution of Working Group II to the Fifth Assessment Report of the Intergovernmental Panel on Climate Change.* Cambridge University Press. https://www.cambridge.org/core/books/climate-change-2014-impacts-adaptation-and-vulnerability-part-b-regional-aspects/036A899BD52861D61B0D519C5F2B9334",MATCH,MATCH,MATCH,MATCH,ABSENT,"Climate Change 2014 – Impacts, Adaptation and Vulnerability: Part B: Regional Aspects",Intergovernmental Panel on Climate Change,2014.0,Cambridge University Press,,https://www.cambridge.org/core/books/climate-change-2014-impacts-adaptation-and-vulnerability-part-b-regional-aspects/036A899BD52861D61B0D519C5F2B9334,GOOGLE,4.0,0.0,0.0,1.0,0.0,"Climate Change 2014: Impacts, Adaptation and Vulnerability. Part B: Regional Aspects","Climate Change 2014 – Impacts, Adaptation and Vulnerability: Part B: Regional Aspects",IPCC,Intergovernmental Panel on Climate Change,2014.0,2014.0,Cambridge University Press,Cambridge University Press,,https://www.cambridge.org/core/books/climate-change-2014-impacts-adaptation-and-vulnerability-part-b-regional-aspects/036A899BD52861D61B0D519C5F2B9334,1,1,1,GOOGLE,0,"✓ Title | ✓ Authors | ✓ Year | ✓ Venue | ○ ID

### Summary
This book was confirmed as published by Cambridge University Press in 2014, with the Intergovernmental Panel on Climate Change (IPCC) as the authoring organization. The title ""Climate Change 2014: Impacts, Adaptation and Vulnerability. Part B: Regional Aspects"" matches exactly with the verified record.

### Details
A matching record was found showing exact matches for the title, year, and publisher (Cambridge University Press). The author is the Intergovernmental Panel on Climate Change, consistent with the citation's abbreviation IPCC. Although no digital object identifier (DOI) was found, the information matches through publisher records and multiple search sources. Relevant links include official pages on Cambridge University Press and the IPCC website.

- [Cambridge University Press](https://www.cambridge.org/core/books/climate-change-2014-impacts-adaptation-and-vulnerability-part-b-regional-aspects/036A899BD52861D61B0D519C5F2B9334)
- [IPCC Report WGII AR5](https://www.ipcc.ch/report/ar5/wg2/)",1.0,0.0
"Lobell, D. B., Schlenker, W., Costa-Roberts, J., Lobell, D. B., & Magrin, G. (2011). Climate trends and global crop production. *Science*, *333*(6042), 616–620.",Climate change adaptation in agriculture,gemma_3_27b,verified-with-error,"Lobell, D. B., Schlenker, W., & Costa-Roberts, J. (2011). Climate Trends and Global Crop Production Since 1980. *Science*, 333(6042), 616-620. https://doi.org/10.1126/science.1204531",CONTAINS,CONTAINS,MATCH,MATCH,ABSENT,Climate Trends and Global Crop Production Since 1980,David B. Lobell; Wolfram Schlenker; Justin Costa-Roberts,2011.0,Science,10.1126/science.1204531,https://doi.org/10.1126/science.1204531,GOOGLE,2.0,0.0,2.0,1.0,0.0,Climate trends and global crop production,Climate Trends and Global Crop Production Since 1980,"Lobell, D. B.; Schlenker, W.; Costa-Roberts, J.; Lobell, D. B.; Magrin, G.",David B. Lobell; Wolfram Schlenker; Justin Costa-Roberts,2011.0,2011.0,Science,Science,,10.1126/science.1204531,1,1,3,GOOGLE,0,"◐ Title | ◐ Authors | ✓ Year | ✓ Venue | ○ ID

### Summary
This article was confirmed in the journal *Science* with matching authors and year. The core title phrase ""Climate trends and global crop production"" matches, though the verified version includes the subtitle ""Since 1980."" Additionally, the candidate authors were all found within the citation authors, with the citation listing a couple of extra authors.

### Details
A matching record was found with the title ""Climate Trends and Global Crop Production Since 1980"" published in *Science* in 2011. The authors David B. Lobell, Wolfram Schlenker, and Justin Costa-Roberts were confirmed, although the citation included additional authors not present in the candidate list. The year 2011 and journal name exactly matched. No DOI was present in the original citation, but the verified reference includes DOI 10.1126/science.1204531.

- https://doi.org/10.1126/science.1204531
- https://pubmed.ncbi.nlm.nih.gov/21551030/
- https://fsi9-prod.s3.us-west-1.amazonaws.com/s3fs-public/policy_brief_trends11.pdf",0.7,0.3
"Mimura, N., & McGregor, G. R. (2001). Sea level rise and coastal agriculture. *Climatic Change*, *50*(1), 45–63.",Climate change adaptation in agriculture,gemma_3_27b,unverified,Reference could not be verified.,CONTRADICTION,CONTRADICTION,MATCH,CONTAINS,ABSENT,Small island states,LA Nurse; G Sem; JE Hay; AG Suarez; PP Wong,2001.0,Climate …,,https://www.academia.edu/download/95624846/wg2TARchap17.pdf,GOOGLE,1.0,2.0,1.0,1.0,0.0,Sea level rise and coastal agriculture,Small island states,"Mimura, N.; McGregor, G. R.",LA Nurse; G Sem; JE Hay; AG Suarez; PP Wong,2001.0,2001.0,Climatic Change,Climate …,,https://www.academia.edu/download/95624846/wg2TARchap17.pdf,0,0,2,GOOGLE,0,"✗ Title | ✗ Authors | ✓ Year | ◐ Venue | ○ ID

### Summary
The reference could not be verified as matching a known publication. The title and authors provided do not correspond to any found article for the same year and similar venue.

### Details
A matching article was not found with the title ""Sea level rise and coastal agriculture"" by Mimura, N. and McGregor, G. R. from 2001. Although the year 2001 and the journal name ""Climatic Change"" are close to a candidate record found, the closest candidate titled ""Small island states"" has completely different authors and a different subject. The title and authors in the candidate do not overlap with the citation's details. There is no identifier (DOI) available to confirm the reference. These inconsistencies led to the verification result of unverified.

- https://www.academia.edu/download/95624846/wg2TARchap17.pdf",0.0,1.0
"Morton, J. F. (2007). The impact of climate change on agricultural productivity. *European Journal of Agronomy*, *26*(4), 323–333.",Climate change adaptation in agriculture,gemma_3_27b,unverified,Reference could not be verified.,CONTRADICTION,CONTRADICTION,CONTRADICTION,CONTRADICTION,ABSENT,Projections of climate change impacts on crop production: a global and a Nordic perspective,RP Rötter; JG Höhn; S Fronzek,2012.0,Acta Agriculturae Scandinavica,,https://www.tandfonline.com/doi/abs/10.1080/09064702.2013.793735,GOOGLE,0.0,4.0,0.0,1.0,0.0,The impact of climate change on agricultural productivity.,Projections of climate change impacts on crop production: a global and a Nordic perspective,"Morton, J. F.",RP Rötter; JG Höhn; S Fronzek,2007.0,2012.0,European Journal of Agronomy,Acta Agriculturae Scandinavica,,https://www.tandfonline.com/doi/abs/10.1080/09064702.2013.793735,0,0,3,GOOGLE,0,"✗ Title | ✗ Authors | ✗ Year | ✗ Venue | ○ ID

### Summary
The reference to Morton, J. F. (2007) titled ""The impact of climate change on agricultural productivity"" could not be verified. A search showed none of the key details such as title, authors, year, or journal matched any available records.

### Details
No matching publication was found with Morton, J. F. in 2007 nor with the given title. The best potential match found was a different article titled ""Projections of climate change impacts on crop production: a global and a Nordic perspective"" by Rötter, Höhn, and Fronzek published in 2012 in Acta Agriculturae Scandinavica, which does not correspond to the cited work. All fields including title, authors, year, and journal showed contradictions with the citation.

- https://www.tandfonline.com/doi/abs/10.1080/09064702.2013.793735",0.0,1.0
"Friedlingstein, P., O’Sullivan, M., Jones, M. W., et al. (2020). Global carbon budget 2020. *Earth System Science Data, 12*(4), 1571–1622.",Climate change,gemma_3_27b,verified,"Friedlingstein, P., OSullivan, M., Jones, M. W., Andrew, R. M., Hauck, J., Olsen, A., Peters, G. P., Peters, W., Pongratz, J., Sitch, S., Le Qur, C., Canadell, J. G., Ciais, P., Jackson, R. B., Alin, S. R., Arago, L. E. O. C., Arneth, A., Arora, V., Bates, N. R., Becker, M., Benoit-Cattin, A., Bittig, H. C., Bopp, L., Bultan, S., Chandra, N., Chevallier, F., Chini, L., Evans, W., Florentie, L., Forster, P., Gasser, T., Gehlen, M., Gilfillan, D., Gkritzalis, T., Gregor, L., Gruber, N., Harris, I., Hartung, K., Haverd, V., Houghton, R. A., Ilyina, T., Jain, A. K., Joetzjer, ., Kadono, K., Kato, E., Kitidis, V., Korsbakken, J. I., Landschtzer, P., Lefvre, N., Lenton, A., Lienert, S., Liu, Z., Lombardozzi, D., Marland, G., Metzl, N., Munro, D. R., Nabel, J. E. M. S., Nakaoka, S., Niwa, Y., OBrien, K., Ono, T., Palmer, P. I., Pierrot, D., Poulter, B., Resplandy, L., Robertson, E., Rdenbeck, C., Schwinger, J., Sfrian, R., Skjelvan, I., Smith, A. J. P., Sutton, A. J., Tanhua, T., Tans, P. P., Tian, H., Tilbrook, B., van der Werf, G. R., Vuichard, N., Walker, A. P., Wanninkhof, R., Watson, A., Willis, D., Wiltshire, A., Yuan, W., Yue, X., Zaehle, S. (2020). Global Carbon Budget 2020. *Earth System Science Data*, 12(4), 3269-3340. https://doi.org/10.5194/essd-12-3269-2020",MATCH,MATCH,MATCH,MATCH,ABSENT,Global Carbon Budget 2020,Pierre Friedlingstein; Michael O’Sullivan; Matthew W. Jones; Robbie M. Andrew; Judith Hauck; Are Olsen; Glen P. Peters; Wouter Peters; Julia Pongratz; Stephen Sitch; Corinne Le Quéré; Josep G. Canadell; Philippe Ciais; Robert B. Jackson; Simone R. Alin; Luiz E. O. C. Aragão; Almut Arneth; Vivek Arora; Nicholas R. Bates; Meike Becker; Alice Benoit-Cattin; Henry C. Bittig; Laurent Bopp; Selma Bultan; Naveen Chandra; Frédéric Chevallier; Louise Chini; Wiley Evans; Liesbeth Florentie; Piers Forster; Thomas Gasser; Marion Gehlen; Dennis Gilfillan; Thanos Gkritzalis; Luke Gregor; Nicolas Gruber; Ian Harris; Kerstin Hartung; Vanessa Haverd; R. A. Houghton; Tatiana Ilyina; Atul K. Jain; Émilie Joetzjer; Koji Kadono; Etsushi Kato; Vassilis Kitidis; Jan Ivar Korsbakken; Peter Landschützer; Nathalie Lefèvre; Andrew Lenton; Sebastian Lienert; Zhu Liu; Danica Lombardozzi; Gregg Marland; Nicolas Metzl; David R. Munro; Julia E. M. S. Nabel; Shin‐Ichiro Nakaoka; Yosuke Niwa; Kevin O’Brien; Tsuneo Ono; Paul I. Palmer; Denis Pierrot; Benjamin Poulter; Laure Resplandy; Eddy Robertson; Christian Rödenbeck; Jörg Schwinger; Roland Séférian; Ingunn Skjelvan; Adam J. P. Smith; Adrienne J. Sutton; Toste Tanhua; Pieter P. Tans; Hanqin Tian; Bronte Tilbrook; Guido R. van der Werf; Nicolas Vuichard; Anthony P. Walker; Rik Wanninkhof; Andrew Watson; David Willis; A. Wiltshire; Wenping Yuan; Xu Yue; Sönke Zaehle,2020.0,Earth System Science Data,10.5194/essd-12-3269-2020,https://doi.org/10.5194/essd-12-3269-2020,GOOGLE,4.0,0.0,0.0,1.0,0.0,Global carbon budget 2020.,Global Carbon Budget 2020,"Friedlingstein, P.; O’Sullivan, M.; Jones, M. W.; Andrew, R. M.; Hauck, J.; Olsen, S. M.; Peters, G. P.; Peters, V. V.; Canadell, J. G.; Jackson, R. B.; Alin, S. R.; Azevedo, L. D.; Bopp, L.; Bousquet, P.; Ciais, P.; Dalmon, H.; Dhawan, I. K.; Emori, S.; ... & Zheng, B.",Pierre Friedlingstein; Michael O’Sullivan; Matthew W. Jones; Robbie M. Andrew; Judith Hauck; Are Olsen; Glen P. Peters; Wouter Peters; Julia Pongratz; Stephen Sitch; Corinne Le Quéré; Josep G. Canadell; Philippe Ciais; Robert B. Jackson; Simone R. Alin; Luiz E. O. C. Aragão; Almut Arneth; Vivek Arora; Nicholas R. Bates; Meike Becker; Alice Benoit-Cattin; Henry C. Bittig; Laurent Bopp; Selma Bultan; Naveen Chandra; Frédéric Chevallier; Louise Chini; Wiley Evans; Liesbeth Florentie; Piers Forster; Thomas Gasser; Marion Gehlen; Dennis Gilfillan; Thanos Gkritzalis; Luke Gregor; Nicolas Gruber; Ian Harris; Kerstin Hartung; Vanessa Haverd; R. A. Houghton; Tatiana Ilyina; Atul K. Jain; Émilie Joetzjer; Koji Kadono; Etsushi Kato; Vassilis Kitidis; Jan Ivar Korsbakken; Peter Landschützer; Nathalie Lefèvre; Andrew Lenton; Sebastian Lienert; Zhu Liu; Danica Lombardozzi; Gregg Marland; Nicolas Metzl; David R. Munro; Julia E. M. S. Nabel; Shin‐Ichiro Nakaoka; Yosuke Niwa; Kevin O’Brien; Tsuneo Ono; Paul I. Palmer; Denis Pierrot; Benjamin Poulter; Laure Resplandy; Eddy Robertson; Christian Rödenbeck; Jörg Schwinger; Roland Séférian; Ingunn Skjelvan; Adam J. P. Smith; Adrienne J. Sutton; Toste Tanhua; Pieter P. Tans; Hanqin Tian; Bronte Tilbrook; Guido R. van der Werf; Nicolas Vuichard; Anthony P. Walker; Rik Wanninkhof; Andrew Watson; David Willis; A. Wiltshire; Wenping Yuan; Xu Yue; Sönke Zaehle,2020.0,2020.0,Earth System Science Data,Earth System Science Data,,10.5194/essd-12-3269-2020,1,1,1,GOOGLE,0,"✓ Title | ✓ Authors | ✓ Year | ✓ Venue | ○ ID

### Summary
This article titled ""Global Carbon Budget 2020"" was confirmed in the journal Earth System Science Data with matching authors including Friedlingstein, O’Sullivan, Jones, Andrew, Hauck, and many others. The publication year 2020 also matched exactly.

### Details
A matching record was found in OpenAlex with the exact title and author list largely overlapping the citation, where the citation used initials and the candidate included full names. The journal name matched exactly as Earth System Science Data. The year 2020 was confirmed without discrepancy. Although no DOI was provided in the citation, the record found has DOI 10.5194/essd-12-3269-2020. Additional web searches also returned this article and confirmed the details, including author lists and journal information.

- https://doi.org/10.5194/essd-12-3269-2020
- https://essd.copernicus.org/articles/12/3269/2020/
- https://repository.library.noaa.gov/view/noaa/27681",1.0,0.0
"Kumar, N., & Best, A. (2018). Digital financial services: A review of the literature. *Financial Innovation, 4*(1), 1–23.",Digital financial services,gemma_3_27b,unverified,Reference could not be verified.,CONTRADICTION,CONTRADICTION,CONTAINS,CONTAINS,ABSENT,The Impact of Digital Financial Services on Firm's Performance: a Literature Review,Tariq Abbasi; Hans Weigand,2017.0,arXiv (Cornell University),10.48550/arxiv.1705.10294,http://arxiv.org/abs/1705.10294,GOOGLE,0.0,2.0,2.0,1.0,0.0,Digital financial services: A review of the literature.,The Impact of Digital Financial Services on Firm's Performance: a Literature Review,"Kumar, N.; Best, A.",Tariq Abbasi; Hans Weigand,2018.0,2017.0,Financial Innovation,arXiv (Cornell University),,10.48550/arxiv.1705.10294,0,0,3,GOOGLE,0,"✗ Title | ✗ Authors | ◐ Year | ◐ Venue | ○ ID

### Summary
The reference could not be verified because no matching publication was found. The authors and title in the citation differ notably from available records, indicating it is likely a different work.

### Details
A matching record was found titled ""The Impact of Digital Financial Services on Firm's Performance: a Literature Review"" authored by Tariq Abbasi and Hans Weigand (2017, arXiv). This differs from the citation's title ""Digital financial services: A review of the literature"" and authors Kumar, N. and Best, A. The publication years are close (2017 vs 2018), but the venues differ (arXiv vs Financial Innovation journal). No identifier was present to assist verification.

- http://arxiv.org/abs/1705.10294",0.0,1.0
"Claessens, S., Crook, E., & De Haas, R. (2019). Fintech and financial inclusion in emerging markets. *Journal of Financial Intermediation, 36*, 100–125.",Digital financial services,gemma_3_27b,unverified,Reference could not be verified.,UNCONFIRMED,UNCONFIRMED,UNCONFIRMED,UNCONFIRMED,UNCONFIRMED,,,,,,,,,,,,,,,,,,,,,,,0,0,0,,1,"? Title | ? Authors | ? Year | ? Venue | ? ID

### Summary
No matching article could be found for the reference ""Claessens, S., Crook, E., & De Haas, R. (2019). Fintech and financial inclusion in emerging markets. Journal of Financial Intermediation, 36, 100–125."" This means there was no confirmation that this exact article exists with the given details.

### Details
Searches in OpenAlex using the title, authors, and year did not return any matching records. Similarly, a scholarly search using the full citation produced no relevant results. There was no evidence found to verify the title, authors, year, or journal information of this reference. 

- [OpenAlex](https://openalex.org)
- [Google Scholar](https://scholar.google.com)",0.0,1.0
"Angrist, J. D., & Krueger, A. B. (1991). Does compulsory schooling affect earnings and marriage? *The Quarterly Journal of Economics, 106*(4), 979–1014.",Economics,gemma_3_27b,needs-human,Reference requires human review.,CONTRADICTION,MATCH_WITH_TYPO,MATCH,MATCH,ABSENT,Does Compulsory School Attendance Affect Schooling and Earnings?,J D Angrist; A B Krueger,1991.0,The Quarterly Journal of Economics,,https://academic.oup.com/qje/article-abstract/106/4/979/1873496,GOOGLE,3.0,1.0,0.0,1.0,0.0,Does compulsory schooling affect earnings and marriage?,Does Compulsory School Attendance Affect Schooling and Earnings?,"Angrist, J. D.; Krueger, A. B.",J D Angrist; A B Krueger,1991.0,1991.0,The Quarterly Journal of Economics,The Quarterly Journal of Economics,,https://academic.oup.com/qje/article-abstract/106/4/979/1873496,0,0,1,GOOGLE,0,"✗ Title | ✓ Authors | ✓ Year | ✓ Venue | ○ ID

### Summary
This reference could not be definitively verified because the title provided differs significantly from the titles found in available sources. While the authors Angrist and Krueger, the year 1991, and the journal ""The Quarterly Journal of Economics"" match, the title in the original reference refers to effects on ""earnings and marriage,"" whereas the found article discusses ""schooling and earnings.""

### Details
A matching article by Angrist and Krueger from 1991 was found in ""The Quarterly Journal of Economics"" with the exact volume and page numbers, but its title is ""Does Compulsory School Attendance Affect Schooling and Earnings?"" rather than the cited title involving marriage. The authors' names match with minor formatting differences, and the year and journal are identical. No DOI or unique identifier was provided in the original citation to aid the verification. Search tools including OpenAlex and Google Scholar did not find any work matching the marriage title with these details, further supporting that the titles refer to different papers or studies.

- https://academic.oup.com/qje/article-abstract/106/4/979/1873496
- http://pricetheory.uchicago.edu/levitt/Papers/AngristKrueger1991.pdf
- https://www.nber.org/system/files/working_papers/w3572/w3572.pdf
- https://econpapers.repec.org/RePEc:oup:qjecon:v:106:y:1991:i:4:p:979-1014",0.067,0.933
"Tilman, D., Cassman, K. G., Matson, P. A., Vitousek, P. M., & Polasky, S. (1997). Agricultural sustainability and intensive production practices. *Nature, 380*(6571), 611–617.",Environmental Science,gemma_3_27b,needs-human,Reference requires human review.,MATCH,CONTRADICTION,CONTRADICTION,MATCH,ABSENT,Agricultural sustainability and intensive production practices,David Tilman; Kenneth G. Cassman; Pamela A. Matson; Rosamond L. Naylor; Stephen Polasky,2002.0,Nature,10.1038/nature01014,https://doi.org/10.1038/nature01014,GOOGLE,2.0,2.0,0.0,1.0,0.0,Agricultural sustainability and intensive production practices.,Agricultural sustainability and intensive production practices,"Tilman, D.; Cassman, K. G.; Matson, P. A.; Vitousek, P. M.; Polasky, S.",David Tilman; Kenneth G. Cassman; Pamela A. Matson; Rosamond L. Naylor; Stephen Polasky,1997.0,2002.0,Nature,Nature,,10.1038/nature01014,0,0,1,GOOGLE,0,"✓ Title | ✗ Authors | ✗ Year | ✓ Venue | ○ ID

### Summary
The referenced article appears to be related to a publication found in Nature with the same title, but the author list and publication year differ. The known article includes Rosamond L. Naylor instead of Vitousek and was published in 2002 rather than 1997, so the citation needs human review to confirm the correct details.

### Details
A matching article with the exact title ""Agricultural sustainability and intensive production practices"" was found in the journal Nature. The authors listed in the found record differ slightly from the citation; specifically, Rosamond L. Naylor appears instead of Peter M. Vitousek. Additionally, the publication year of the found article is 2002, which contrasts with the cited year of 1997. The venue matches exactly, confirming the journal as Nature. No DOI was provided in the citation, but the found article's DOI is 10.1038/nature01014. This inconsistency in authors and year suggests the citation may refer to a different or erroneous version.

- https://doi.org/10.1038/nature01014
- https://pubmed.ncbi.nlm.nih.gov/12167873/
- https://www.nature.com/articles/nature01014",0.067,0.933
"Costanza, R., d’Arge, R., de Groot, R., Farber, S., & Limburg, K. (1997). The value of ecosystem services. *Ecological Economics, 14*(1), 33–46.",Environmental Science,gemma_3_27b,verified-with-error,Reference requires human review.,CONTAINS,MATCH,MATCH,CONTRADICTION,ABSENT,The value of the world's ecosystem services and natural capital,Robert Costanza; Ralph d'Arge; R.S. de Groot; Stephen Färber; Monica Grasso; Bruce Hannon; Karin E. Limburg; Shahid Naeem; Robert V. O'Neill; José M. Paruelo; R. Raskin; Paul C. Sutton; Marjan van den Belt,1997,Nature,10.1038/387253a0,https://doi.org/10.1038/387253a0,GOOGLE,1.0,1.0,2.0,1.0,0.0,The value of ecosystem services.,The value of the world's ecosystem services and natural capital,"Costanza, R.; d’Arge, R.; de Groot, R.; Farber, S.; Limburg, K.",Robert Costanza; Ralph C. d’Arge; R.S. de Groot; Stephen Färber; Monica Grasso; Bruce Hannon; Karin E. Limburg; Shahid Naeem; Robert V. O’Neill; José M. Paruelo; R. Raskin; Paul C. Sutton; Marjan van den Belt,1997.0,1997.0,Ecological Economics,Nature,,10.1038/387253a0,0,0,1,GOOGLE,1,"◐ Title | ◐ Authors | ✓ Year | ✗ Venue | ○ ID

### Summary
The reference needs human review due to conflicting information about the journal. The title and authors strongly align with a well-known 1997 paper, but the cited journal Ecological Economics differs from the identified journal Nature for the highly similar paper.

### Details
The title phrase ""The value of ecosystem services"" is present in both the citation and the candidate but the candidate's title expands to ""The value of the world's ecosystem services and natural capital."" The cited authors are included among a larger author list in the candidate, indicating partial match with minor naming differences. The year 1997 matches exactly. However, the citation indicates publication in Ecological Economics, while the candidate is published in Nature, two distinct journals. No DOI was present in the citation to confirm. The two articles likely represent different works on a similar topic by overlapping authors, so this ambiguity requires human judgment.

- https://doi.org/10.1038/387253a0",0.433,0.567
Millennium Ecosystem Assessment. (2005). *Ecosystems and Human Well-being: Synthesis*. Island Press.,Environmental Science,gemma_3_27b,verified-with-error,Millenium Ecosystem Assessment. (2005). *Ecosystems and Human Well-being: Synthesis*. Zenodo (CERN European Organization for Nuclear Research). https://doi.org/10.5281/zenodo.18167309,MATCH,MATCH_WITH_TYPO,MATCH,CONTRADICTION,ABSENT,Ecosystems and Human Well-being: Synthesis,Millenium Ecosystem Assessment,2005.0,Zenodo (CERN European Organization for Nuclear Research),10.5281/zenodo.18167309,https://doi.org/10.5281/zenodo.18167309,GOOGLE,3.0,1.0,0.0,1.0,0.0,Ecosystems and Human Well-being: Synthesis,Ecosystems and Human Well-being: Synthesis,Millennium Ecosystem Assessment,Millenium Ecosystem Assessment,2005.0,2005.0,Island Press,Zenodo (CERN European Organization for Nuclear Research),,10.5281/zenodo.18167309,0,0,1,GOOGLE,0,"✓ Title | ✓ Authors | ✓ Year | ✗ Venue | ○ ID

### Summary
This book titled ""Ecosystems and Human Well-being: Synthesis"" was confirmed to have been published in 2005 with Millennium Ecosystem Assessment as the author. However, there is a minor typo in the author's name spelling, and the claimed publisher ""Island Press"" does not match the publisher listed in the best matching record found, which is Zenodo (CERN European Organization for Nuclear Research).

### Details
A matching record was found with the exact title and year 2005, but the author's name contained a spelling variant: ""Millennium"" versus ""Millenium"". The citation lists Island Press as the publisher, a well-known environmental book publisher, while the evidence record indicates Zenodo, a digital research repository operated by CERN. Extensive web searches confirmed the title and year correctly and mostly the author name but did not resolve the publisher discrepancy. No identifier was present in the citation.

- [Millennium Ecosystem Assessment official site](https://www.millenniumassessment.org/en/Synthesis.html)
- [Zenodo record](https://doi.org/10.5281/zenodo.18167309)
- [PDF of the report from the official MA site](https://www.millenniumassessment.org/documents/document.353.aspx.pdf)",0.333,0.667
"Naeem, S., Thompson, L. J., Lawler, S. P., & Boundy-Sanders, P. M. (2000). Biodiversity and ecosystem functioning: Recent theoretical advances. *Oecologia, 121*(1), 39–52.",Environmental Science,gemma_3_27b,needs-human,Reference requires human review.,MATCH,CONTRADICTION,MATCH,CONTRADICTION,ABSENT,Biodiversity and ecosystem functioning: recent theoretical advances,Michel Loreau,2000.0,Oikos,10.1034/j.1600-0706.2000.910101.x,https://doi.org/10.1034/j.1600-0706.2000.910101.x,GOOGLE,2.0,2.0,0.0,1.0,0.0,Biodiversity and ecosystem functioning: Recent theoretical advances,Biodiversity and ecosystem functioning: recent theoretical advances,"Naeem, S.; Thompson, L. J.; Lawler, S. P.; Boundy-Sanders, P. M.",Michel Loreau,2000.0,2000.0,Oecologia,Oikos,,10.1034/j.1600-0706.2000.910101.x,0,0,1,GOOGLE,0,"✓ Title | ✗ Authors | ✓ Year | ✗ Venue | ○ ID

### Summary
The reference titled ""Biodiversity and ecosystem functioning: Recent theoretical advances"" from the year 2000 could not be clearly verified due to conflicting information about the authors and publication journal. The title and year match exactly, but the authors and journal differ between the citation and the best potential match found.

### Details
A matching article with the same title and year was found authored solely by Michel Loreau and published in the journal ""Oikos."" However, the citation lists different authors (Naeem, Thompson, Lawler, and Boundy-Sanders) and the journal ""Oecologia."" Since these key fields conflict and no unique identifier like DOI was provided in the citation, the result is ambiguous and requires human review.

- https://doi.org/10.1034/j.1600-0706.2000.910101.x
- https://www.researchgate.net/publication/227743464_Biodiversity_and_Ecosystem_Functioning_Recent_Theoretical_Advances",0.067,0.933
"Folke, C., Carpenter, S. R., Walker, B., & Scheffer, M. (2002). Resilience and sustainable development. *Ecology and Society, 7*(3), 18.",Environmental Science,gemma_3_27b,unverified,Reference could not be verified.,CONTAINS,CONTRADICTION,MATCH,CONTRADICTION,ABSENT,Resilience and sustainable development: building adaptive capacity in a world of transformations,C Folke; S Carpenter; T Elmqvist; L Gunderson,2002.0,Ambio,10.1579/0044-7447-31.5.437,https://bioone.org/journals/AMBIO-A-Journal-of-the-Human-Environment/volume-31/issue-5/0044-7447-31.5.437/Resilience-and-Sustainable-Development--Building-Adaptive-Capacity-ina/10.1579/0044-7447-31.5.437.short,GOOGLE,1.0,2.0,1.0,1.0,0.0,Resilience and sustainable development.,Resilience and sustainable development: building adaptive capacity in a world of transformations,"Folke, C.; Carpenter, S. R.; Walker, B.; Scheffer, M.",C Folke; S Carpenter; T Elmqvist; L Gunderson,2002.0,2002.0,Ecology and Society,Ambio,,10.1579/0044-7447-31.5.437,0,0,2,GOOGLE,0,"◐ Title | ✗ Authors | ✓ Year | ✗ Venue | ○ ID

### Summary
The original reference could not be confirmed as accurate because the authors and journal name do not match the verified publication from 2002. While the title and year align closely, the actual article with a very similar title was published in the journal Ambio with a different author list.

### Details
A matching record was found for an article titled ""Resilience and sustainable development: building adaptive capacity in a world of transformations"" published in 2002 in Ambio. The authors for this article are Folke, Carpenter, Elmqvist, and Gunderson, differing from the cited authors Walker and Scheffer in the original reference. The original journal ""Ecology and Society"" does not correspond to the verified article's journal of Ambio. Additionally, no DOI or identifier was found to connect the original citation to a verified source.

- https://bioone.org/journals/AMBIO-A-Journal-of-the-Human-Environment/volume-31/issue-5/0044-7447-31.5.437/Resilience-and-Sustainable-Development--Building-Adaptive-Capacity-ina/10.1579/0044-7447-31.5.437.short
- https://www.researchgate.net/publication/11086054_Resilience_and_Sustainable_Development_Building_Adaptive_Capacity_in_a_World_of_Transformations",0.0,1.0
"Diamond, J. (2005). *Collapse: How Societies Choose to Fail or Succeed*. Viking.",Environmental Science,gemma_3_27b,verified-with-error,"Diamond, J. M. (2005). Collapse: how societies choose to fail or succeed. *Choice Reviews Online*, 43(02), 43-1028. https://doi.org/10.5860/choice.43-1028",MATCH,MATCH,MATCH,CONTRADICTION,ABSENT,Collapse: how societies choose to fail or succeed,Jared M. Diamond,2005.0,Choice Reviews Online,10.5860/choice.43-1028,https://doi.org/10.5860/choice.43-1028,GOOGLE,3.0,1.0,0.0,1.0,0.0,Collapse: How Societies Choose to Fail or Succeed,Collapse: how societies choose to fail or succeed,"Diamond, J.",Jared M. Diamond,2005.0,2005.0,Viking,Choice Reviews Online,,10.5860/choice.43-1028,0,0,1,GOOGLE,0,"✓ Title | ✓ Authors | ✓ Year | ✗ Venue | ○ ID

### Summary
This book was confirmed with the title 'Collapse: How Societies Choose to Fail or Succeed' and author Jared M. Diamond from the year 2005. However, there is a minor issue with the publisher information, as the found record refers to a review in Choice Reviews Online rather than the original Viking imprint.

### Details
A matching record was found showing the exact title and author for the year 2005. The author initials matched the full name, confirming identity. The discrepancy lies in the venue: the citation lists Viking as the publisher, but the evidence points to a review published in Choice Reviews Online, which is unrelated to Viking. No identifier like a DOI was provided in the original citation.

- https://doi.org/10.5860/choice.43-1028",0.6,0.4
"Jackson, J. B. C., Kirby, M. X., Berger, W. H., Bjorndal, K. A., Botsford, L. W., Bourque, B. J., ... & Norse, E. A. (2001). Historical overfishing and the recent collapse of coastal ecosystems. *Science, 293*(5530), 629–637.",Environmental Science,gemma_3_27b,verified,"Jackson, J. B. C., Kirby, M. X., Berger, W., Bjorndal, K. A., Botsford, L. W., Bourque, B. J., Bradbury, R., Cooke, R. G., Erlandson, J. M., Estes, J. A., Hughes, T. P., Kidwell, S. M., Lange, C. B., Lenihan, H. S., Pandolfi, J. M., Peterson, C. H., Steneck, R. S., Tegner, M. J., & Warner, R. R. (2001). Historical overfishing and the recent collapse of coastal ecosystems. *Science*, 293(5530), 629-637. https://doi.org/10.1126/science.1059199",MATCH,MATCH,MATCH,MATCH,ABSENT,Historical Overfishing and the Recent Collapse of Coastal Ecosystems,Jeremy B. C. Jackson; Michael X. Kirby; Wolfgang Berger; Karen A. Bjorndal; Louis W. Botsford; Bruce J. Bourque; Roger Bradbury; Richard G. Cooke; Jon M. Erlandson; James A. Estes; Terry P. Hughes; Susan M. Kidwell; Carina B. Lange; Hunter S. Lenihan; John M. Pandolfi; Charles H. Peterson; Robert S. Steneck; Mia J. Tegner; Robert R. Warner,2001.0,Science,10.1126/science.1059199,https://doi.org/10.1126/science.1059199,GOOGLE,4.0,0.0,0.0,1.0,0.0,Historical overfishing and the recent collapse of coastal ecosystems,Historical Overfishing and the Recent Collapse of Coastal Ecosystems,"Jackson, J. B. C.; Kirby, M. X.; Berger, W. H.; Bjorndal, K. A.; Botsford, L. W.; Bourque, B. J.; Norse, E. A.",Jeremy B. C. Jackson; Michael X. Kirby; Wolfgang Berger; Karen A. Bjorndal; Louis W. Botsford; Bruce J. Bourque; Roger Bradbury; Richard G. Cooke; Jon M. Erlandson; James A. Estes; Terry P. Hughes; Susan M. Kidwell; Carina B. Lange; Hunter S. Lenihan; John M. Pandolfi; Charles H. Peterson; Robert S. Steneck; Mia J. Tegner; Robert R. Warner,2001.0,2001.0,Science,Science,,10.1126/science.1059199,1,1,1,GOOGLE,0,"✓ Title | ✓ Authors | ✓ Year | ✓ Venue | ○ ID

### Summary
This article was confirmed in the journal Science with matching title, authors, year, and journal. The core group of authors listed in the citation aligns with the full author list found in the official record, and the year 2001 matches exactly.

### Details
A matching record was found with the exact title 'Historical Overfishing and the Recent Collapse of Coastal Ecosystems'. The author names include the core authors Jackson, Kirby, Berger, Bjorndal, Botsford, and Bourque, among others, confirming the match despite differences in name formats and additional authors in the evidence. The publication year 2001 and journal Science also match exactly. The official record includes the DOI https://doi.org/10.1126/science.1059199.

- https://doi.org/10.1126/science.1059199",1.0,0.0
"Herz, B., & Sperling, G. B. (2004). What works in girls’ education? Evidence-based strategies. *International Journal of Educational Development*, *24*(5), 463–472.",Girls education,gemma_3_27b,verified-with-error,"Herz, B. K., & Sperling, G. B. (2004). *What works in girls' education: Evidence and policies from the developing world*. https://books.google.com/books?hl=en&lr=&id=7a0W_bqvzA0C&oi=fnd&pg=PR5&dq=Herz+Sperling+2004+What+works+in+girls%E2%80%99+education%3F+Evidence-based+strategies+International+Journal+of+Educational+Development&ots=UgKQmMkRTg&sig=T20xQqoacxU6qtIF2kVMHEfmvco",CONTAINS,MATCH,MATCH,UNCONFIRMED,ABSENT,What works in girls' education: Evidence and policies from the developing world,B K Herz; G B Sperling,2004.0,,,https://books.google.com/books?hl=en&lr=&id=7a0W_bqvzA0C&oi=fnd&pg=PR5&dq=Herz+Sperling+2004+What+works+in+girls%E2%80%99+education%3F+Evidence-based+strategies+International+Journal+of+Educational+Development&ots=UgKQmMkRTg&sig=T20xQqoacxU6qtIF2kVMHEfmvco,GOOGLE,2.0,0.0,1.0,1.0,1.0,What works in girls’ education? Evidence-based strategies,What works in girls' education: Evidence and policies from the developing world,"Herz, B.; Sperling, G. B.",B K Herz; G B Sperling,2004.0,2004.0,International Journal of Educational Development,,,https://books.google.com/books?hl=en&lr=&id=7a0W_bqvzA0C&oi=fnd&pg=PR5&dq=Herz+Sperling+2004+What+works+in+girls%E2%80%99+education%3F+Evidence-based+strategies+International+Journal+of+Educational+Development&ots=UgKQmMkRTg&sig=T20xQqoacxU6qtIF2kVMHEfmvco,1,1,1,GOOGLE,0,"◐ Title | ✓ Authors | ✓ Year | ? Venue | ○ ID

### Summary
This work by Herz and Sperling from 2004 was found and confirmed, but there is a minor discrepancy in the subtitle and the publication type. The original reference cites an article in the International Journal of Educational Development, whereas the found version is a book with a slightly different subtitle.

### Details
A matching record was found with the same authors (Barbara K. Herz and Gene B. Sperling) and the same year (2004). The title matches closely with the core phrase ""What works in girls’ education"" confirmed, though the subtitle differs: ""Evidence-based strategies"" in the citation versus ""Evidence and policies from the developing world"" in the found source, indicating a subtitle variation rather than a completely different work. The venue was not confirmed; the original source claims a journal, but the located document appears to be a book. No DOI or direct identifier was available. This leads to the verification status ""verified-with-error"" due to the subtitle and venue mismatch.

- https://books.google.com/books?hl=en&lr=&id=7a0W_bqvzA0C&oi=fnd&pg=PR5&dq=Herz+Sperling+2004+What+works+in+girls%E2%80%99+education%3F+Evidence-based+strategies+International+Journal+of+Educational+Development&ots=UgKQmMkRTg&sig=T20xQqoacxU6qtIF2kVMHEfmvco",0.633,0.367
UNICEF. (2012). *Gender equality and education*. UNICEF.,Girls education,gemma_3_27b,needs-human,Reference requires human review.,CONTRADICTION,CONTAINS,MATCH,CONTAINS,ABSENT,Executive Board of the United Nations Children's Fund - Unicef,Executive Board of the United Nations Children's Fund,2012.0,United Nations / UNICEF,,https://www.unicef.org/executiveboard/media/806/file/2012-7-Rev1-Board-report-EN-ODS.pdf,GOOGLE,1.0,1.0,2.0,1.0,0.0,Gender equality and education,Executive Board of the United Nations Children's Fund - Unicef,UNICEF,Executive Board of the United Nations Children's Fund,2012.0,2012.0,UNICEF,United Nations / UNICEF,,https://www.unicef.org/executiveboard/media/806/file/2012-7-Rev1-Board-report-EN-ODS.pdf,0,0,3,GOOGLE,0,"✗ Title | ◐ Authors | ✓ Year | ◐ Venue | ○ ID

### Summary
The reference needs human review because the title in the candidate match differs significantly from the cited title. While the citation refers to a document on ""Gender equality and education,"" the candidate's title concerns the ""Executive Board of the United Nations Children's Fund,"" indicating they are different documents despite sharing the same year and organizational author.

### Details
A matching record was found with the year 2012 and the organizational author UNICEF (noted as the Executive Board of UNICEF), which aligns with the citation's year and author. However, the candidate title ""Executive Board of the United Nations Children's Fund - Unicef"" contradicts the citation title ""Gender equality and education,"" suggesting these are distinct publications. The venue is connected as UNICEF relates to the United Nations, supporting a partial match. No identifier was available for further confirmation. Human review is recommended to resolve the conflicting title information.

- https://www.unicef.org/executiveboard/media/806/file/2012-7-Rev1-Board-report-EN-ODS.pdf",0.1,0.9
"Stromquist, N. P. (1995). The effects of women’s education on family size and quality. *Studies in Family Planning*, *27*(1), 3–21.",Girls education,gemma_3_27b,needs-human,Reference requires human review.,CONTRADICTION,MATCH,MATCH,CONTAINS,ABSENT,Romancing the state: Gender and power in education,NP Stromquist,1995.0,Comparative Education Review,,https://www.journals.uchicago.edu/doi/abs/10.1086/447339,GOOGLE,2.0,1.0,1.0,1.0,0.0,The effects of women’s education on family size and quality.,Romancing the state: Gender and power in education,"Stromquist, N. P.",NP Stromquist,1995.0,1995.0,Studies in Family Planning,Comparative Education Review,,https://www.journals.uchicago.edu/doi/abs/10.1086/447339,0,0,1,GOOGLE,0,"✗ Title | ✓ Authors | ✓ Year | ◐ Venue | ○ ID

### Summary
This reference needs human review because the confirmed article and the cited article differ notably. Although the author N. P. Stromquist and the year 1995 match, the titles and journals are different, indicating they are not the same publication.

### Details
A matching record was found for N. P. Stromquist in 1995 but with the title ""Romancing the state: Gender and power in education"" published in *Comparative Education Review*, which differs from the cited title, ""The effects of women’s education on family size and quality"", in *Studies in Family Planning*. No identifier was available for a definitive match, and OpenAlex returned no matches for the cited title. The difference in journal and title content are key reasons for the ambiguous status.

- https://www.journals.uchicago.edu/doi/abs/10.1086/447339",0.233,0.767
"Filmer, D., & Pritchett, L. H. (2001). Gender disparities in education. *The World Bank Research Observer*, *16*(1), 1–28.",Girls education,gemma_3_27b,needs-human,Reference requires human review.,CONTAINS,CONTAINS,CONTAINS,CONTAINS,ABSENT,The Structure of Social Disparities in Education: Gender and Wealth,Deon Filmer,2000.0,"World Bank, Washington, DC eBooks",10.1596/1813-9450-2268,https://doi.org/10.1596/1813-9450-2268,GOOGLE,0.0,0.0,4.0,1.0,0.0,Gender disparities in education,The Structure of Social Disparities in Education: Gender and Wealth,"Filmer, D.; Pritchett, L. H.",Deon Filmer,2001.0,2000.0,The World Bank Research Observer,"World Bank, Washington, DC eBooks",,10.1596/1813-9450-2268,0,1,1,GOOGLE,0,"◐ Title | ◐ Authors | ◐ Year | ◐ Venue | ○ ID

### Summary
This citation needs human review because the found reference differs slightly in title, authors, year, and publication venue. The original citation lists two authors and a 2001 journal article from The World Bank Research Observer, while the best match found has one author, is from 2000, and published as a World Bank eBook.

### Details
A closely related work titled ""The Structure of Social Disparities in Education: Gender and Wealth"" was found with author Deon Filmer in 2000, published by the World Bank eBooks platform. The original citation's title and venue are similar but not exactly the same, and the year differs by one. Both sources are linked to the World Bank, suggesting a connection but not an identical match. No DOI was provided in the original citation to verify precisely.

- https://doi.org/10.1596/1813-9450-2268",0.5,0.5
"Rockström, J., Steffen, W., Noone, K., Persson, Å., Chapin, F. S., Lambin, E. F., ... & Schellnhuber, H. J. (2009). A safe operating space for humanity. *Nature, 461*(7263), 472–475.",Environmental Science,gemma_3_27b,verified,"Rockström, J., Steffen, W., Noone, K. J., Persson, Å., Chapin, F. S., Lambin, É. F., Lenton, T. M., Scheffer, M., Folke, C., Schellnhuber, H. J., Nykvist, B., de Wit, C. A., Hughes, T. P., van der Leeuw, S., Rodhe, H., Sörlin, S., Snyder, P. K., Costanza, R., Svedin, U., Falkenmark, M., Karlberg, L., Corell, R. W., Fabry, V. J., Hansen, J. E., Walker, B., Liverman, D., Richardson, K., Crutzen, P. J., & Foley, J. A. (2009). A safe operating space for humanity. *Nature*, 461(7263), 472-475. https://doi.org/10.1038/461472a",MATCH,MATCH,MATCH,MATCH,ABSENT,A safe operating space for humanity,Johan Rockström; Will Steffen; Kevin J. Noone; Åsa Persson; F. Stuart Chapin; Éric F. Lambin; Timothy M. Lenton; Marten Scheffer; Carl Folke; Hans Joachim Schellnhuber; Björn Nykvist; Cynthia A. de Wit; Terry P. Hughes; Sander van der Leeuw; Henning Rodhe; Sverker Sörlin; P. K. Snyder; Robert Costanza; Uno Svedin; Malin Falkenmark; Louise Karlberg; Robert W. Corell; Victoria J. Fabry; James E. Hansen; Brian Walker; Diana Liverman; Katherine Richardson; Paul J. Crutzen; Jonathan A. Foley,2009.0,Nature,10.1038/461472a,https://doi.org/10.1038/461472a,GOOGLE,4.0,0.0,0.0,1.0,0.0,A safe operating space for humanity,A safe operating space for humanity,"Rockström, J.; Steffen, W.; Noone, K.; Persson, Å.; Chapin, F. S.; Lambin, E. F.; ... & Schellnhuber, H. J.",Johan Rockström; Will Steffen; Kevin J. Noone; Åsa Persson; F. Stuart Chapin; Éric F. Lambin; Timothy M. Lenton; Marten Scheffer; Carl Folke; Hans Joachim Schellnhuber; Björn Nykvist; Cynthia A. de Wit; Terry P. Hughes; Sander van der Leeuw; Henning Rodhe; Sverker Sörlin; P. K. Snyder; Robert Costanza; Uno Svedin; Malin Falkenmark; Louise Karlberg; Robert W. Corell; Victoria J. Fabry; James E. Hansen; Brian Walker; Diana Liverman; Katherine Richardson; Paul J. Crutzen; Jonathan A. Foley,2009.0,2009.0,Nature,Nature,,10.1038/461472a,1,1,1,GOOGLE,0,"✓ Title | ✓ Authors | ✓ Year | ✓ Venue | ○ ID

### Summary
This article titled ""A safe operating space for humanity"" was confirmed in the journal Nature with matching authors and publication year 2009. The authors listed in the reference correspond exactly with those found in the evidence, using full names.

### Details
A matching record was found in OpenAlex with the exact title ""A safe operating space for humanity,"" published in Nature in 2009. The author list in the evidence includes all authors cited, with full given names matching the reference's initials. The publication year and journal name matched exactly, confirming the reference's accuracy. The DOI associated with this record is 10.1038/461472a.

- https://doi.org/10.1038/461472a",1.0,0.0
"Lloyd, C. B., & Mensch, B. S. (1991). The value of girls’ schooling: Empirical evidence from Ghana and Kenya. *Population and Development Review*, *17*(4), 629–652.",Girls education,gemma_3_27b,unverified,Reference could not be verified.,UNCONFIRMED,UNCONFIRMED,UNCONFIRMED,UNCONFIRMED,UNCONFIRMED,,,,,,,,,,,,,,,,,,,,,,,0,0,0,,0,"? Title | ? Authors | ? Year | ? Venue | ? ID

### Summary
No matching article could be found with the provided details. The title, authors, year, and journal could not be confirmed from the available data sources.

### Details
A search through OpenAlex with the exact title, author names, and year did not return any matching record. Additionally, a scholarly search using a combination of the title, author names, year, and journal name produced results related to similar topics and later works by the same authors but did not confirm the exact reference. No potential match was identified to verify this article.

- [OpenAlex](https://openalex.org)
- [Scholar Search Results](https://scholar.google.com)",0.0,1.0
"El-Sayed, Y. M., & Dewe, M. (2018). Factors affecting girls’ education in Egypt: A qualitative study. *International Journal of Educational Development*, *53*, 1–10.",Girls education,gemma_3_27b,unverified,Reference could not be verified.,UNCONFIRMED,UNCONFIRMED,UNCONFIRMED,UNCONFIRMED,UNCONFIRMED,,,,,,,,,,,,,,,,,,,,,,,0,0,0,,0,"? Title | ? Authors | ? Year | ? Venue | ? ID

### Summary
No matching article could be found for the reference by El-Sayed and Dewe (2018) titled ""Factors affecting girls’ education in Egypt: A qualitative study"" in the International Journal of Educational Development. None of the searched databases or scholarly sources returned a record that corresponds to the details in the reference.

### Details
A search was conducted using the article title, authors, publication year, and journal name, but no matching records were identified in the OpenAlex database or through broader scholar searches. The year, author names, title, and journal information could not be confirmed due to the absence of any evidence. The search results instead returned unrelated or different publications, indicating no direct match for this study.

- https://openalex.org
- https://scholar.google.com",0.0,1.0
"Badri, M. A., & Al-Haddad, S. (2017). Girls’ education in the Arab world: Challenges and opportunities. *International Journal of Educational Development*, *56*, 102–111.",Girls education,gemma_3_27b,unverified,Reference could not be verified.,CONTRADICTION,UNCONFIRMED,MATCH,CONTRADICTION,ABSENT,"Cracking the code girls' and women's education in science, technology, engineering and mathematics (STEM)",,2017.0,UNESCO eBooks,10.54675/qyhk2407,https://doi.org/10.54675/qyhk2407,GOOGLE,1.0,2.0,0.0,1.0,1.0,Girls’ education in the Arab world: Challenges and opportunities.,"Cracking the code girls' and women's education in science, technology, engineering and mathematics (STEM)","Badri, M. A.; Al-Haddad, S.",,2017.0,2017.0,International Journal of Educational Development,UNESCO eBooks,,10.54675/qyhk2407,0,0,1,GOOGLE,0,"✗ Title | ? Authors | ✓ Year | ✗ Venue | ○ ID

### Summary
No matching article could be found for the reference provided. The title, authors, and venue details do not align with any identified records, and the closest match found is a different publication with a distinct title and publisher.

### Details
The year 2017 matched exactly between the reference and the candidate record. However, the title differs significantly; the reference is about girls’ education in the Arab world, while the closest record focuses on girls' and women's education in STEM fields. Additionally, the venue given in the reference is the International Journal of Educational Development, whereas the closest candidate is published by UNESCO eBooks, showing a clear mismatch. No DOI or other identifiers were available for the original reference to aid verification.

- https://doi.org/10.54675/qyhk2407
- https://theirworld.org/resources/girls-education/",0.0,1.0
"Gulati, S., & Kumar, S. (2016). Girls’ education in India: Progress, challenges and policy implications. *Journal of Educational Planning and Administration*, *28*(2), 155–172.",Girls education,gemma_3_27b,unverified,Reference could not be verified.,UNCONFIRMED,UNCONFIRMED,UNCONFIRMED,UNCONFIRMED,UNCONFIRMED,,,,,,,,,,,,,,,,,,,,,,,0,0,0,,0,"? Title | ? Authors | ? Year | ? Venue | ? ID

### Summary
No matching article was found for the reference by Gulati and Kumar (2016) titled ""Girls’ education in India: Progress, challenges and policy implications"" in the Journal of Educational Planning and Administration. None of the authors, year, title, or journal details could be verified.

### Details
A search in the OpenAlex database returned no results matching the title, authors, or year provided. Similarly, a detailed scholarly search did not find any articles corresponding to this reference. The closest results found were unrelated articles or books addressing similar themes but neither matched the exact authorship nor the publication details given. The year 2016, journal name, authors Gulati and Kumar, and the article title did not appear together in any verified source.

- [OpenAlex search](https://openalex.org)
- Scholarly search results summary included in evidence dossier.",0.0,1.0
"Unterhalter, E., North, A., & Dawes, A. (2009). Intersectional approaches to gender and education. *Compare: A Journal of Comparative Education*, *39*(6), 701–716.",Girls education,gemma_3_27b,unverified,Reference could not be verified.,UNCONFIRMED,UNCONFIRMED,UNCONFIRMED,UNCONFIRMED,UNCONFIRMED,,,,,,,,,,,,,,,,,,,,,,,0,0,0,,0,"? Title | ? Authors | ? Year | ? Venue | ? ID

### Summary
No matching article could be found for the reference by Unterhalter, North, and Dawes from 2009 titled ""Intersectional approaches to gender and education"" in Compare: A Journal of Comparative Education. The verification was unable to confirm the title, authors, year, or journal details.

### Details
A search using OpenAlex for a work with the given title, authors, and publication year returned no results. Additionally, a further search query combining title, authors, year, journal, volume, and pages found no relevant records. There was no evidence found to support the existence of this article based on the data sources searched.

- [OpenAlex](https://openalex.org)
- Google Scholar search (not linked directly)",0.0,1.0
"Marmot, M. (2015). The health equity approach—reducing inequalities in health. *Perspectives in Biology and Medicine, 58*(1), 18–32.",Health,gemma_3_27b,unverified,Reference could not be verified.,CONTRADICTION,CONTAINS,CONTAINS,CONTRADICTION,ABSENT,Social Determinants of Health Equity,Michael Marmot; Jessica J. Allen,2014.0,American Journal of Public Health,10.2105/ajph.2014.302200,https://doi.org/10.2105/ajph.2014.302200,GOOGLE,0.0,2.0,2.0,1.0,0.0,The health equity approach—reducing inequalities in health.,Social Determinants of Health Equity,"Marmot, M.",Michael Marmot; Jessica J. Allen,2015.0,2014.0,Perspectives in Biology and Medicine,American Journal of Public Health,,10.2105/ajph.2014.302200,0,0,1,GOOGLE,0,"✗ Title | ◐ Authors | ◐ Year | ✗ Venue | ○ ID

### Summary
No matching article could be found that exactly matches the provided reference. The given title and journal do not align with any records found despite the author's name and year being similar to an existing article.

### Details
A search found a related article by Michael Marmot with Jessica J. Allen titled ""Social Determinants of Health Equity"" published in 2014 in the American Journal of Public Health. This differs from the cited title ""The health equity approach—reducing inequalities in health"" and is published in a different journal, Perspectives in Biology and Medicine, from 2015. The author matches partially, and the year differs by one. The reference lacks an identifier like a DOI, and no direct match was found online. This suggests the cited reference may be incorrect or misattributed.

- https://doi.org/10.2105/ajph.2014.302200
- https://pubmed.ncbi.nlm.nih.gov/26364261/
- https://pmc.ncbi.nlm.nih.gov/articles/PMC5837404/",0.0,1.0
"Wilkinson, R. G., & Pickett, K. E. (2009). The spirit level: Why more equal societies almost always do better. Allen Lane.",Health,gemma_3_27b,verified,"Wilkinson, R. G., & Pickett, K. E. (2009). *The spirit level: Why more equal societies almost always do better*. Allen Lane. https://archive.org/details/spiritlevelwhymo0000wilk",MATCH,MATCH,MATCH,MATCH,ABSENT,The spirit level : why more equal societies almost always do better,Richard G. Wilkinson; Kate E. Pickett,2009.0,Allen Lane,,https://archive.org/details/spiritlevelwhymo0000wilk,GOOGLE,4.0,0.0,0.0,1.0,0.0,The spirit level: Why more equal societies almost always do better,The spirit level : why more equal societies almost always do better,"Wilkinson, R. G.; Pickett, K. E.",Richard G. Wilkinson; Kate E. Pickett,2009.0,2009.0,Allen Lane,Allen Lane,,https://archive.org/details/spiritlevelwhymo0000wilk,1,1,2,GOOGLE,0,"✓ Title | ✓ Authors | ✓ Year | ✓ Venue | ○ ID

### Summary
This book was confirmed as ""The spirit level: Why more equal societies almost always do better"" by Richard G. Wilkinson and Kate E. Pickett, published in 2009 by Allen Lane. The exact title, authors with full names matching the initials, year, and publisher were all matched.

### Details
A matching record was found where the title matched exactly, including all words. The two authors named in the reference—Richard G. Wilkinson and Kate E. Pickett—matched by full names against initials. The publication year 2009 was exactly confirmed. The publisher Allen Lane was consistent in both citation and evidence. Although no identifier like DOI was present in the citation, multiple sources including Internet Archive and academic listings confirmed the full bibliographic details. The verified URL for this book is https://archive.org/details/spiritlevelwhymo0000wilk.

- https://archive.org/details/spiritlevelwhymo0000wilk
- https://en.wikipedia.org/wiki/The_Spirit_Level_(Wilkinson_and_Pickett_book)
- https://www.amazon.com/spirit-level-societies-almost-always/dp/1846140390
- https://www.researchgate.net/publication/257664917_Richard_Wilkinson_and_Kate_Pickett_2009_The_Spirit_Level_Why_More_Equal_Societies_Almost_Always_Do_Better_Allen_Lane_London",1.0,0.0
"Braveman, P., & Gottlieb, S. (2014). Social determinants of health: Power, privilege, and social justice. *American Journal of Public Health, 104*(S1), S5–S7.",Health,gemma_3_27b,unverified,Reference could not be verified.,UNCONFIRMED,UNCONFIRMED,UNCONFIRMED,UNCONFIRMED,UNCONFIRMED,,,,,,,,,,,,,,,,,,,,,,,0,0,0,,0,"? Title | ? Authors | ? Year | ? Venue | ? ID

### Summary
No matching article could be found with the given details for the 2014 article by Braveman and Gottlieb titled ""Social determinants of health: Power, privilege, and social justice"" in the American Journal of Public Health.

### Details
A search in the OpenAlex database and general scholarly search yielded no results matching the title, authors, year, or journal information provided. No identifiers such as DOI were available to assist verification. The search specifically targeted the title, author names, and publication year but returned no relevant matches.

- [OpenAlex](https://openalex.org)
- General scholarly search results (no matches)",0.0,1.0
"Solar, O., & Irwin, A. (2010). A conceptual framework for action on the social determinants of health. *Social Determinants of Health Discussion Paper 2*. World Health Organization.",Health,gemma_3_27b,verified,"Solar, O., & Irwin, A. (2010). *A Conceptual Framework for Action on the Social Determinants of Health*. World Health Organization. http://health-equity.pitt.edu/757/",MATCH,MATCH,MATCH,MATCH,ABSENT,A Conceptual Framework for Action on the Social Determinants of Health,Orielle Solar; Alec Irwin,2010.0,"World Health Organization. Discussion Paper Series on Social Determinants of Health, 2",10.13016/17cr-aqb9,http://health-equity.pitt.edu/757/,GOOGLE,4.0,0.0,0.0,1.0,0.0,A conceptual framework for action on the social determinants of health,A Conceptual Framework for Action on the Social Determinants of Health,"Solar, O.; Irwin, A.",Orielle Solar; Alec Irwin,2010.0,2010.0,World Health Organization,"World Health Organization. Discussion Paper Series on Social Determinants of Health, 2",,10.13016/17cr-aqb9,1,1,1,GOOGLE,0,"✓ Title | ✓ Authors | ✓ Year | ✓ Venue | ○ ID

### Summary
This reference was verified as accurate. The title ""A Conceptual Framework for Action on the Social Determinants of Health,"" the authors Orielle Solar and Alec Irwin, the publication year 2010, and the publisher World Health Organization were all confirmed to match the original citation.

### Details
A matching record was found with the exact title and authors, confirming the publication year 2010. The publisher is verified as the World Health Organization, specifically under its Discussion Paper Series on Social Determinants of Health, paper number 2. Although no identifier like a DOI was provided in the original reference, an exact match was identified with DOI 10.13016/17cr-aqb9 and URLs from WHO and related repositories confirming the publication details.

- [WHO publication link](https://www.who.int/publications/i/item/9789241500852)
- [WHO Afro PDF](https://www.afro.who.int/sites/default/files/2017-06/SDH_conceptual_framework_for_action.pdf)
- [Health Equity URL](http://health-equity.pitt.edu/757/)",1.0,0.0
"McKinlay, J. B., & McKinlay, S. M. (1977). The end of biomedical practice as known? *New England Journal of Medicine, 296*(18), 1161–1164.",Health,gemma_3_27b,unverified,Reference could not be verified.,CONTRADICTION,MATCH,MATCH,CONTRADICTION,ABSENT,The Questionable Contribution of Medical Measures to the Decline of Mortality in the United States in the Twentieth Century,John B. McKinlay; Sonja M. McKinlay,1977.0,Milbank Quarterly,,https://www.milbank.org/quarterly/articles/the-questionable-contribution-of-medical-measures-to-the-decline-of-mortality-in-the-united-states-in-the-twentieth-century/,GOOGLE,2.0,2.0,0.0,1.0,0.0,The end of biomedical practice as known?,The Questionable Contribution of Medical Measures to the Decline of Mortality in the United States in the Twentieth Century,"McKinlay, J. B.; McKinlay, S. M.",John B. McKinlay; Sonja M. McKinlay,1977.0,1977.0,New England Journal of Medicine,Milbank Quarterly,,https://www.milbank.org/quarterly/articles/the-questionable-contribution-of-medical-measures-to-the-decline-of-mortality-in-the-united-states-in-the-twentieth-century/,0,0,2,GOOGLE,0,"✗ Title | ✓ Authors | ✓ Year | ✗ Venue | ○ ID

### Summary
No matching article could be found for the reference titled ""The end of biomedical practice as known?"" by McKinlay and McKinlay (1977) in the New England Journal of Medicine. While the authors and year matched, the title and journal did not correspond to any verifiable record.

### Details
A search found a different article by the same authors in 1977 titled ""The Questionable Contribution of Medical Measures to the Decline of Mortality in the United States in the Twentieth Century"" published in Milbank Quarterly, not the New England Journal of Medicine. The year and authorship (John B. McKinlay and Sonja M. McKinlay) matched exactly, but the venue and title were clearly different, indicating no consistent record for the cited reference. No DOI or other identifier was found for the citation.

- https://www.milbank.org/quarterly/articles/the-questionable-contribution-of-medical-measures-to-the-decline-of-mortality-in-the-united-states-in-the-twentieth-century/",0.0,1.0
"Evans, R. G., Barer, M. L., & Marmot, M. G. (1994). Why are some people healthy and others not? The role of social factors. *Annual Review of Public Health, 15*(1), 341–378.",Health,gemma_3_27b,needs-human,Reference requires human review.,CONTAINS,CONTAINS,CONTRADICTION,UNCONFIRMED,ABSENT,Why are some people healthy and others not?,M Barer,2017.0,,,https://books.google.com/books?hl=en&lr=&id=TywrDwAAQBAJ&oi=fnd&pg=PP1&dq=Evans+Barer+Marmot+1994+Why+are+some+people+healthy+and+others+not%3F+The+role+of+social+factors+Annual+Review+of+Public+Health&ots=JaXhUEyJFq&sig=vWVyBMauK4V4bj4wdGBofGjaN0A,GOOGLE,0.0,1.0,2.0,1.0,1.0,Why are some people healthy and others not? The role of social factors.,Why are some people healthy and others not?,"Evans, R. G.; Barer, M. L.; Marmot, M. G.",M Barer,1994.0,2017.0,Annual Review of Public Health,,,https://books.google.com/books?hl=en&lr=&id=TywrDwAAQBAJ&oi=fnd&pg=PP1&dq=Evans+Barer+Marmot+1994+Why+are+some+people+healthy+and+others+not%3F+The+role+of+social+factors+Annual+Review+of+Public+Health&ots=JaXhUEyJFq&sig=vWVyBMauK4V4bj4wdGBofGjaN0A,0,0,1,GOOGLE,0,"◐ Title | ◐ Authors | ✗ Year | ? Venue | ○ ID

### Summary
This reference needs human review because there is a significant discrepancy with the publication year. The title and authors partially match a known work, but the year provided (1994) differs from the year found (2017).

### Details
A matching record with a similar title ""Why are some people healthy and others not?"" and author M. Barer was found linked to a 2017 publication, while the original citation lists 1994. The venue ""Annual Review of Public Health"" could not be confirmed, and no DOI was found. The title confirmed is main title only, missing the subtitle from the original reference.

- https://books.google.com/books?hl=en&lr=&id=TywrDwAAQBAJ&oi=fnd&pg=PP1&dq=Evans+Barer+Marmot+1994+Why+are+some+people+healthy+and+others+not%3F+The+role+of+social+factors+Annual+Review+of+Public+Health&ots=JaXhUEyJFq&sig=vWVyBMauK4V4bj4wdGBofGjaN0A",0.1,0.9
"Kasl, S., & Cobb, S. (1966). Health behavior: An interdisciplinary perspective. *ProQuest Dissertations and Theses*.",Health,gemma_3_27b,verified,SV Kasl & Cobb. (1966). *Health behavior: An interdisciplinary perspective*.,MATCH,MATCH,MATCH,UNCONFIRMED,ABSENT,Health behavior: An interdisciplinary perspective,SV Kasl; Cobb,1966.0,,,,GOOGLE,3.0,0.0,0.0,1.0,1.0,Health behavior: An interdisciplinary perspective.,Health behavior: An interdisciplinary perspective,"Kasl, S.; Cobb, S.",SV Kasl; Cobb,1966.0,1966.0,ProQuest Dissertations and Theses,,,,1,1,1,GOOGLE,0,"✓ Title | ✓ Authors | ✓ Year | ? Venue | ○ ID

### Summary
This dissertation titled ""Health behavior: An interdisciplinary perspective"" by Kasl and Cobb was confirmed with matching authors and the year 1966. The exact title and author names align perfectly with the reference provided.

### Details
A matching record was found where the title ""Health behavior: An interdisciplinary perspective"" matched exactly and the authors Kasl and Cobb were identified, with slight variation in initials that represent the same individual (S. Kasl vs. S.V. Kasl). The year 1966 also matched exactly. However, the publishing source labeled as ""ProQuest Dissertations and Theses"" could not be confirmed since that field is missing from the evidence. No DOI or URL identifiers were found.

- [Scholarly search results](https://scholar.google.com/scholar?q=Kasl+Cobb+Health+behavior:+An+interdisciplinary+perspective+1966)",0.8,0.2
"Ogden, J. (2019). *The psychology of health and illness* (2nd ed.). Sage.",Health,gemma_3_27b,verified,"Ogden, J. (2019). *The Psychology of Health and Illness*. https://openresearch.surrey.ac.uk/view/pdfCoverPage?instCode=44SUR_INST&filePid=13140276140002346&download=true",MATCH,MATCH,MATCH,UNCONFIRMED,ABSENT,The Psychology of Health and Illness,J Ogden,2019.0,,,https://openresearch.surrey.ac.uk/view/pdfCoverPage?instCode=44SUR_INST&filePid=13140276140002346&download=true,GOOGLE,3.0,0.0,0.0,1.0,1.0,The psychology of health and illness,The Psychology of Health and Illness,"Ogden, J.",J Ogden,2019.0,2019.0,Sage,,,https://openresearch.surrey.ac.uk/view/pdfCoverPage?instCode=44SUR_INST&filePid=13140276140002346&download=true,1,1,1,GOOGLE,0,"✓ Title | ✓ Authors | ✓ Year | ? Venue | ○ ID

### Summary
This book was confirmed with the title ""The Psychology of Health and Illness"" by J. Ogden published in 2019. The author and year match exactly with the cited reference.

### Details
A matching record was found with the exact title ""The Psychology of Health and Illness"" and the single author J. Ogden, with publication year 2019. While the publisher (Sage) could not be independently confirmed from the source, all other main details align perfectly. A corresponding online source from the University of Surrey repository provides a PDF link consistent with this edition.

- [Open Research Surrey PDF](https://openresearch.surrey.ac.uk/view/pdfCoverPage?instCode=44SUR_INST&filePid=13140276140002346&download=true)",0.8,0.2
"King, K., & Mason, K. (2001). Gender and education: An overview. *International Journal of Educational Development*, *21*(6), 501–512.",Girls education,gemma_3_27b,unverified,Reference could not be verified.,UNCONFIRMED,UNCONFIRMED,UNCONFIRMED,UNCONFIRMED,UNCONFIRMED,,,,,,,,,,,,,,,,,,,,,,,0,0,0,,0,"? Title | ? Authors | ? Year | ? Venue | ? ID

### Summary
No matching article titled ""Gender and education: An overview"" by King, K. and Mason, K. from 2001 could be found in available academic databases or search results.

### Details
A search using title, author names, publication year, and journal name yielded no matching records in OpenAlex or Google Scholar. There were no DOI matches or closely related works discovered in the International Journal of Educational Development or similar sources for that year. The search results mostly returned unrelated educational topics and publications with different titles, authors, or years.

- https://api.openalex.org
- https://scholar.google.com",0.0,1.0
"Vitousek, P. M., Mooney, H. A., Lubchenco, J., & Carpenter, S. R. (1997). Human domination of Earth’s ecosystems. *Science, 277*(5325), 494–499.",Environmental Science,gemma_3_27b,verified-with-error,"Vitousek, P. M., Mooney, H. A., Lubchenco, J., & Melillo, J. M. (1997). *Human Domination of Earth's Ecosystems*. *Science*, 277(5325), 494-499. https://doi.org/10.1126/science.277.5325.494",MATCH,CONTRADICTION,MATCH,MATCH,ABSENT,Human Domination of Earth's Ecosystems,Peter M. Vitousek; Harold A. Mooney; Jane Lubchenco; Jerry M. Melillo,1997.0,Science,10.1126/science.277.5325.494,https://doi.org/10.1126/science.277.5325.494,GOOGLE,3.0,1.0,0.0,1.0,0.0,Human domination of Earth’s ecosystems.,Human Domination of Earth's Ecosystems,"Vitousek, P. M.; Mooney, H. A.; Lubchenco, J.; Carpenter, S. R.",Peter M. Vitousek; Harold A. Mooney; Jane Lubchenco; Jerry M. Melillo,1997.0,1997.0,Science,Science,,10.1126/science.277.5325.494,0,0,1,GOOGLE,0,"✓ Title | ✗ Authors | ✓ Year | ✓ Venue | ○ ID

### Summary
This article was confirmed in Science with the title ""Human Domination of Earth's Ecosystems"" matching exactly and the publication year 1997 matching as well. However, the authorship differs slightly, with the verified list including Jerry M. Melillo instead of S. R. Carpenter as one of the four authors.

### Details
A matching record was found in the journal Science for the year 1997, volume 277 issue 5325, pages 494-499, with the exact title ""Human Domination of Earth's Ecosystems."" The verified authors are Peter M. Vitousek, Harold A. Mooney, Jane Lubchenco, and Jerry M. Melillo, which conflicts with the cited fourth author who was S. R. Carpenter. The DOI 10.1126/science.277.5325.494 confirms the article's identity. No DOI was present in the original citation.

- https://doi.org/10.1126/science.277.5325.494
- http://seagrass.fiu.edu/resources/courses/pcb5443/Vitousek_1997.pdf
- https://www.researchgate.net/publication/251242826_Human_Domination_of_Earth's_Ecosystems",0.467,0.533
"Brown, M. A., & Sovacool, B. K. (2020). The political economy of energy transitions: A review and research agenda. *Energy Research & Social Science, 62*, 101408.",Energy,gemma_3_27b,unverified,Reference could not be verified.,CONTRADICTION,CONTRADICTION,CONTAINS,CONTAINS,ABSENT,The political economy of oil supply in Indonesia and the implications for renewable energy development,Arief Rahman; Paul Dargusch; David Wadley,2021.0,Renewable and Sustainable Energy Reviews,10.1016/j.rser.2021.111027,https://doi.org/10.1016/j.rser.2021.111027,GOOGLE,0.0,2.0,2.0,1.0,0.0,The political economy of energy transitions: A review and research agenda.,The political economy of oil supply in Indonesia and the implications for renewable energy development,"Brown, M. A.; Sovacool, B. K.",Arief Rahman; Paul Dargusch; David Wadley,2020.0,2021.0,Energy Research & Social Science,Renewable and Sustainable Energy Reviews,,10.1016/j.rser.2021.111027,0,0,1,GOOGLE,0,"✗ Title | ✗ Authors | ◐ Year | ◐ Venue | ○ ID

### Summary
No matching article could be found that corresponds to Brown and Sovacool's 2020 review titled ""The political economy of energy transitions: A review and research agenda."" The search results instead showed a different article with a different title, authors, and journal, indicating the original reference could not be verified.

### Details
A thorough search for the cited article by Brown and Sovacool in 2020 within ""Energy Research & Social Science"" returned no matching records. The best candidate found was an article titled ""The political economy of oil supply in Indonesia and the implications for renewable energy development"" published in 2021 by different authors (Rahman, Dargusch, Wadley) in a different journal ""Renewable and Sustainable Energy Reviews."" The years differ by one, and the publishers are related, but the titles and author lists do not overlap. No identifiers such as DOI matched the citation either.

- https://doi.org/10.1016/j.rser.2021.111027",0.0,1.0
"Ürge-Vorsatz, D., & Nováky, E. (2008). Energy efficiency and household behavior: A review. *Energy and Buildings, 40*(8), 1635–1646.",Energy,gemma_3_27b,unverified,Reference could not be verified.,CONTAINS,CONTRADICTION,CONTRADICTION,CONTAINS,ABSENT,Energy Efficiency and Household Behavior: The Rebound Effect in the Residential Sector,Erdal Aydin; Nils Kok; Dirk Brounen,2017.0,Regional Science and Urban Economics,,https://econpapers.repec.org/RePEc:bla:randje:v:48:y:2017:i:3:p:749-782,GOOGLE,0.0,2.0,2.0,1.0,0.0,Energy efficiency and household behavior: A review,Energy Efficiency and Household Behavior: The Rebound Effect in the Residential Sector,"Ürge-Vorsatz, D.; Nováky, E.",Erdal Aydin; Nils Kok; Dirk Brounen,2008.0,2017.0,Energy and Buildings,Regional Science and Urban Economics,,https://econpapers.repec.org/RePEc:bla:randje:v:48:y:2017:i:3:p:749-782,0,0,1,GOOGLE,0,"◐ Title | ✗ Authors | ✗ Year | ◐ Venue | ○ ID

### Summary
No matching article by Ürge-Vorsatz and Nováky from 2008 was found that corresponds to the title and journal provided. The closest available article found has a very similar title but different authors, a different year (2017), and was published in another journal.

### Details
A search did not locate any articles by Ürge-Vorsatz and Nováky published in 2008 with the given title in Energy and Buildings. Instead, an article titled ""Energy Efficiency and Household Behavior: The Rebound Effect in the Residential Sector"" was found with authors Erdal Aydin, Nils Kok, and Dirk Brounen, published in 2017 in Regional Science and Urban Economics. The titles share core phrases but differ in subtitle detail. However, the authors and years do not match, and the journals are different, indicating these are distinct works.

- https://econpapers.repec.org/RePEc:bla:randje:v:48:y:2017:i:3:p:749-782
- https://www.researchgate.net/publication/319125459_Energy_efficiency_and_household_behavior_the_rebound_effect_in_the_residential_sector",0.0,1.0
"Acemoglu, D., Johnson, S., & Robinson, J. A. (2001). The colonial origins of comparative development: An empirical investigation. *American Economic Review, 91*(5), 1369–1401.",Economics,gemma_3_27b,verified,"Acemoğlu, D., Johnson, S., & Robinson, J. A. (2001). The Colonial Origins of Comparative Development: An Empirical Investigation. *American Economic Review*, 91(5), 1369-1401. https://doi.org/10.1257/aer.91.5.1369",MATCH,MATCH,MATCH,MATCH,ABSENT,The Colonial Origins of Comparative Development: An Empirical Investigation,Daron Acemoğlu; Simon Johnson; James A. Robinson,2001.0,American Economic Review,10.1257/aer.91.5.1369,https://doi.org/10.1257/aer.91.5.1369,GOOGLE,4.0,0.0,0.0,1.0,0.0,The colonial origins of comparative development: An empirical investigation,The Colonial Origins of Comparative Development: An Empirical Investigation,"Acemoglu, D.; Johnson, S.; Robinson, J. A.",Daron Acemoğlu; Simon Johnson; James A. Robinson,2001.0,2001.0,American Economic Review,American Economic Review,,10.1257/aer.91.5.1369,1,1,1,GOOGLE,0,"✓ Title | ✓ Authors | ✓ Year | ✓ Venue | ○ ID

### Summary
This article was confirmed in the American Economic Review with matching authors and year. The title ""The Colonial Origins of Comparative Development: An Empirical Investigation"" was exactly confirmed, and the authors, including Daron Acemoğlu, Simon Johnson, and James A. Robinson, align well with the citation despite small variations in spelling and initials.

### Details
A matching record was found through OpenAlex using the DOI 10.1257/aer.91.5.1369, which ties directly to the article in the American Economic Review published in 2001. The article's title matched exactly as did the year and the authors in the correct order, supporting the verification conclusively. Though the URL returned a security verification page, the bibliographic metadata strongly supports the match.

- https://doi.org/10.1257/aer.91.5.1369
- https://openalex.org/doi:10.1257/aer.91.5.1369",1.0,0.0
"Mankiw, N. G. (1995). The macroeconomic behavior of the savings rate. *The American Economic Review, 85*(3), 586–600.",Economics,gemma_3_27b,unverified,Reference could not be verified.,CONTRADICTION,MATCH,CONTRADICTION,MATCH,ABSENT,The savers–spenders theory of fiscal policy,NG Mankiw,2000.0,American Economic Review,,https://pubs.aeaweb.org/doi/abs/10.1257/aer.90.2.120,GOOGLE,2.0,2.0,0.0,1.0,0.0,The macroeconomic behavior of the savings rate,The savers–spenders theory of fiscal policy,"Mankiw, N. G.",NG Mankiw,1995.0,2000.0,The American Economic Review,American Economic Review,,https://pubs.aeaweb.org/doi/abs/10.1257/aer.90.2.120,0,0,2,GOOGLE,0,"✗ Title | ✓ Authors | ✗ Year | ✓ Venue | ○ ID

### Summary
The reference could not be verified as matching the cited article. While the author and journal match, the title and year differ significantly, indicating this is not the same work.

### Details
A matching record was not found under the cited title ""The macroeconomic behavior of the savings rate"" from 1995. The closest found article by NG Mankiw in the American Economic Review is titled ""The savers–spenders theory of fiscal policy"" published in 2000, which differs in topic and date. The author name and journal matched correctly, but the year differed by five years and the titles were clearly different, leading to the conclusion that no exact match exists.

- https://pubs.aeaweb.org/doi/abs/10.1257/aer.90.2.120",0.0,1.0
"Stiglitz, J. E. (1994). *Whither socialism?*. MIT Press.",Economics,gemma_3_27b,verified,"Stiglitz, J. E. (1994). *Whither Socialism?* MIT Press. https://mitpress.mit.edu/9780262193405/whither-socialism/",MATCH,MATCH,MATCH,MATCH,ABSENT,Whither Socialism?,Joseph E. Stiglitz,1994.0,MIT Press,,https://mitpress.mit.edu/9780262193405/whither-socialism/,GOOGLE,4.0,0.0,0.0,1.0,0.0,Whither socialism?,Whither Socialism?,"Stiglitz, J. E.",Joseph E. Stiglitz,1994.0,1994.0,MIT Press,MIT Press,,https://mitpress.mit.edu/9780262193405/whither-socialism/,1,1,1,GOOGLE,0,"✓ Title | ✓ Authors | ✓ Year | ✓ Venue | ○ ID

### Summary
This book titled *Whither Socialism?* by Joseph E. Stiglitz was confirmed as published by MIT Press in 1994. The author, title, year, and publisher all match exactly, confirming the reference's accuracy.

### Details
A matching record was found for the book *Whither Socialism?* authored by Joseph E. Stiglitz, published in 1994 by MIT Press. The title and author name match exactly, even though initials are used in the citation while the full name is in the evidence, they clearly refer to the same person. Multiple sources including MIT Press and Google Books listings corroborate this publication information.

- https://mitpress.mit.edu/9780262193405/whither-socialism/
- https://books.google.com/books?hl=en&lr=&id=Bpyq1CK2HgAC
- https://en.wikipedia.org/wiki/Whither_Socialism%3F",1.0,0.0
"Diamond, D. W., & Dybvig, P. H. (1983). Bank runs, deposit insurance, and liquidity. *Journal of Political Economy, 91*(2), 401–419.",Economics,gemma_3_27b,verified,"Diamond, D. W., & Dybvig, P. H. (1983). Bank runs, deposit insurance, and liquidity. *Journal of Political Economy*, 91(3), 401–419. https://doi.org/10.1086/261155",MATCH,MATCH,MATCH,MATCH,ABSENT,"Bank Runs, Deposit Insurance, and Liquidity",Douglas W. Diamond; Philip H. Dybvig,1983.0,Journal of Political Economy,10.1086/261155,https://doi.org/10.1086/261155,GOOGLE,4.0,0.0,0.0,1.0,0.0,"Bank runs, deposit insurance, and liquidity.","Bank Runs, Deposit Insurance, and Liquidity","Diamond, D. W.; Dybvig, P. H.",Douglas W. Diamond; Philip H. Dybvig,1983.0,1983.0,Journal of Political Economy,Journal of Political Economy,,10.1086/261155,1,1,1,GOOGLE,0,"✓ Title | ✓ Authors | ✓ Year | ✓ Venue | ○ ID

### Summary
This article was confirmed in the Journal of Political Economy with matching title, authors, year, and journal. The paper titled ""Bank Runs, Deposit Insurance, and Liquidity"" by Douglas W. Diamond and Philip H. Dybvig from 1983 was identified as the exact match.

### Details
A matching record was found with the exact title ""Bank Runs, Deposit Insurance, and Liquidity."" The authors Douglas W. Diamond and Philip H. Dybvig correspond exactly, accounting for full names and initials. The publication year 1983 matched precisely, as did the journal ""Journal of Political Economy."" Although the citation lacked an identifier, the DOIs provided in the evidence (https://doi.org/10.1086/261155) strongly support the verification. Multiple search results and databases, including official journal and research repositories, confirm the reference.

- https://doi.org/10.1086/261155
- https://ideas.repec.org/a/ucp/jpolec/v91y1983i3p401-19.html
- https://profiles.wustl.edu/en/publications/bank-runs-deposit-insurance-and-liquidity/",1.0,0.0
"Shiller, R. J. (2003). From efficient markets theory to behavioral finance. *Journal of Economic Perspectives, 17*(1), 83–104.",Economics,gemma_3_27b,verified,"Shiller, R. J. (2003). From *Efficient Markets Theory to Behavioral Finance*. *The Journal of Economic Perspectives*, 17(1), 83-104. https://doi.org/10.1257/089533003321164967",MATCH,MATCH,MATCH,MATCH,ABSENT,From Efficient Markets Theory to Behavioral Finance,Robert J. Shiller,2003.0,The Journal of Economic Perspectives,10.1257/089533003321164967,https://doi.org/10.1257/089533003321164967,GOOGLE,4.0,0.0,0.0,1.0,0.0,From efficient markets theory to behavioral finance.,From Efficient Markets Theory to Behavioral Finance,R. J. Shiller,Robert J. Shiller,2003.0,2003.0,Journal of Economic Perspectives,The Journal of Economic Perspectives,,10.1257/089533003321164967,1,1,1,GOOGLE,0,"✓ Title | ✓ Authors | ✓ Year | ✓ Venue | ○ ID

### Summary
This article was confirmed in The Journal of Economic Perspectives with matching author Robert J. Shiller and year 2003. The title, author, year, and journal matched exactly, verifying the reference.

### Details
A matching record was found with the exact title ""From Efficient Markets Theory to Behavioral Finance"" and author Robert J. Shiller. The year 2003 was confirmed exactly, and the journal name matched, allowing for the presence of ""The"" in the name as a minor variation. Although no DOI was present in the original citation, a DOI was found: 10.1257/089533003321164967. This supports the reliability of the verification.

- https://doi.org/10.1257/089533003321164967",1.0,0.0
"Laibson, D. (1997). Golden eggs and hyperbolic discounting. *The Quarterly Journal of Economics, 112*(2), 447–483.",Economics,gemma_3_27b,verified,"Laibson, D. (1997). Golden eggs and hyperbolic discounting. *The Quarterly Journal of Economics*, 112(2), 443-478. https://doi.org/10.1162/003355397555253",MATCH,MATCH,MATCH,MATCH,ABSENT,Golden Eggs and Hyperbolic Discounting,David Laibson,1997.0,The Quarterly Journal of Economics,10.1162/003355397555253,https://doi.org/10.1162/003355397555253,GOOGLE,4.0,0.0,0.0,1.0,0.0,Golden eggs and hyperbolic discounting.,Golden Eggs and Hyperbolic Discounting,"Laibson, D.",David Laibson,1997.0,1997.0,The Quarterly Journal of Economics.,The Quarterly Journal of Economics,,10.1162/003355397555253,1,1,1,GOOGLE,0,"✓ Title | ✓ Authors | ✓ Year | ✓ Venue | ○ ID

### Summary
This article was confirmed in The Quarterly Journal of Economics with matching author David Laibson and year 1997. The title ""Golden Eggs and Hyperbolic Discounting"" was exactly confirmed, ensuring the citation matches the verified publication.

### Details
A matching record was found with the exact title, author (David Laibson confirmed as 'Laibson, D.'), year (1997), and journal name. Although there was no identifier provided in the citation, the DOI 10.1162/003355397555253 was identified for the article online with consistent metadata. The journal volume and issue also align with the citation. Multiple PDF sources and academic search results confirm the publication details.

- https://doi.org/10.1162/003355397555253
- https://econweb.ucsd.edu/~jandreon/Econ264/papers/Laibson%20QJE%201997.pdf
- https://dash.harvard.edu/bitstreams/7312037c-7431-6bd4-e053-0100007fdf3b/download
- https://academic.oup.com/qje/article-abstract/112/2/443/1870925",1.0,0.0
"Besley, T. (1998). Property rights and investment incentives: Theory and evidence from Ghana. *Journal of Political Economy, 106*(5), 903–937.",Economics,gemma_3_27b,verified-with-error,"Besley, T. (1995). Property rights and investment incentives: Theory and evidence from Ghana. *Journal of Political Economy*, 103(5), 903-937. https://doi.org/10.1086/262008",MATCH,MATCH,CONTRADICTION,MATCH,ABSENT,Property Rights and Investment Incentives: Theory and Evidence from Ghana,Timothy Besley,1995.0,Journal of Political Economy,10.1086/262008,https://doi.org/10.1086/262008,GOOGLE,3.0,1.0,0.0,1.0,0.0,Property rights and investment incentives: Theory and evidence from Ghana.,Property Rights and Investment Incentives: Theory and Evidence from Ghana,"Besley, T.",Timothy Besley,1998.0,1995.0,Journal of Political Economy,Journal of Political Economy,,10.1086/262008,0,0,1,GOOGLE,0,"✓ Title | ✓ Authors | ✗ Year | ✓ Venue | ○ ID

### Summary
This article was found in the Journal of Political Economy with matching title, author, and journal details, but the year listed in the citation (1998) differs from the verified publication year (1995). This indicates a minor error in the citation year while other key elements confirm the reference.

### Details
A matching article titled ""Property Rights and Investment Incentives: Theory and Evidence from Ghana"" by Timothy Besley was located in the Journal of Political Economy. The article's actual publication year is 1995, not 1998 as cited. Author name and journal matched exactly. The DOI 10.1086/262008 corresponds to the 1995 article, confirming the source. This explains why the citation is mostly accurate except for the publication year.

- https://doi.org/10.1086/262008
- https://www.journals.uchicago.edu/doi/abs/10.1086/262008
- https://ideas.repec.org/a/ucp/jpolec/v103y1995i5p903-37.html",0.6,0.4
"Card, D., & Krueger, A. B. (1994). Minimum wages and employment: A case study of the fast-food industry. *American Economic Review, 84*(4), 795–815.",Economics,gemma_3_27b,verified,"Card, D., & Krueger, A. B. (1994). Minimum wages and employment: A case study of the fast food industry. *American Economic Review*, 84(4). https://fairmodel.econ.yale.edu/ec438/card1.pdf",MATCH,MATCH,MATCH,MATCH,ABSENT,Minimum Wages and Employment: A Case Study of the Fast Food Industry,David Card; Alan B. Krueger,1994.0,"American Economic Review, 84(4)",,https://fairmodel.econ.yale.edu/ec438/card1.pdf,GOOGLE,4.0,0.0,0.0,1.0,0.0,Minimum wages and employment: A case study of the fast-food industry.,Minimum Wages and Employment: A Case Study of the Fast Food Industry,"Card, D.; Krueger, A. B.",David Card; Alan B. Krueger,1994.0,1994.0,American Economic Review,"American Economic Review, 84(4)",,https://fairmodel.econ.yale.edu/ec438/card1.pdf,1,1,3,GOOGLE,1,"✓ Title | ✓ Authors | ✓ Year | ✓ Venue | ○ ID

### Summary
This article was confirmed in the American Economic Review with matching authors David Card and Alan B. Krueger and the year 1994. The title and journal details matched exactly, confirming the reference.

### Details
A matching record was found with the exact title ""Minimum Wages and Employment: A Case Study of the Fast Food Industry"" and authors David Card and Alan B. Krueger. The publication year 1994 matched exactly, and the journal American Economic Review, volume 84(4), was verified. Although no DOI was present, the journal and authorship were confirmed with reliable sources including a direct PDF link from Yale's economics site.

- https://fairmodel.econ.yale.edu/ec438/card1.pdf",1.0,0.0
"Banerjee, A. V., & Duflo, E. (2011). *Poor economics: A radical rethinking of the way to fight global poverty*. PublicAffairs.",Economics,gemma_3_27b,verified,"Banerjee, A. V., & Duflo, E. (2011). *Poor economics: A radical rethinking of the way to fight global poverty*. PublicAffairs.",MATCH,MATCH,MATCH,MATCH,ABSENT,Poor economics: a radical rethinking of the way to fight global poverty,Abhijit V. Banerjee; Esther Duflo,2011.0,PublicAffairs,,https://www.publicaffairsbooks.com/titles/abhijit-v-banerjee/poor-economics/9781541706187/,GOOGLE,4.0,0.0,0.0,1.0,0.0,Poor economics: A radical rethinking of the way to fight global poverty,Poor economics: a radical rethinking of the way to fight global poverty,"Banerjee, A. V.; Duflo, E.",Abhijit V. Banerjee; Esther Duflo,2011.0,2011.0,PublicAffairs,PublicAffairs,,https://www.publicaffairsbooks.com/titles/abhijit-v-banerjee/poor-economics/9781541706187/,1,1,1,GOOGLE,0,"✓ Title | ✓ Authors | ✓ Year | ✓ Venue | ○ ID

### Summary
This book was confirmed as ""Poor Economics: A Radical Rethinking of the Way to Fight Global Poverty"" by Abhijit V. Banerjee and Esther Duflo, published in 2011 by PublicAffairs. The authors, title, year, and publisher all match exactly.

### Details
A matching record was found with the exact title and authors corresponding to Abhijit V. Banerjee and Esther Duflo. The publication year 2011 is consistent across sources. The publisher PublicAffairs matches perfectly. While no DOI was provided, multiple authoritative sources including publisher websites and book retailers confirm these details.

- https://www.publicaffairsbooks.com/titles/abhijit-v-banerjee/poor-economics/9781541706187/
- https://www.amazon.com/Poor-Economics-Radical-Rethinking-Poverty/dp/1586487981
- https://en.wikipedia.org/wiki/Poor_Economics",1.0,0.0
"Darling-Hammond, L., Flook, L., Cook-Harvey, C., Barron, B., & Osher, D. (2019). Implications for educators, policymakers, and school leaders. *Learning Policy Institute*.",Education,gemma_3_27b,unverified,Reference could not be verified.,CONTRADICTION,MATCH,CONTAINS,CONTRADICTION,ABSENT,Implications for educational practice of the science of learning and development,Linda Darling-Hammond; Lisa Flook; Channa Cook-Harvey; Brigid Barron; David Osher,2020.0,Applied Developmental Science,10.1080/10888691.2018.1537791,https://www.tandfonline.com/doi/full/10.1080/10888691.2018.1537791,GOOGLE,1.0,2.0,1.0,1.0,0.0,"Implications for educators, policymakers, and school leaders.",Implications for educational practice of the science of learning and development,"Darling-Hammond, L.; Flook, L.; Cook-Harvey, C.; Barron, B.; Osher, D.",Linda Darling-Hammond; Lisa Flook; Channa Cook-Harvey; Brigid Barron; David Osher,2019.0,2020.0,Learning Policy Institute,Applied Developmental Science,,10.1080/10888691.2018.1537791,0,0,1,GOOGLE,0,"✗ Title | ✓ Authors | ◐ Year | ✗ Venue | ○ ID

### Summary
No matching publication could be found for the cited reference ""Implications for educators, policymakers, and school leaders"" by Darling-Hammond et al. (2019) from the Learning Policy Institute. Although the authors and the approximate year align with a similar work, the title and publishing venue differ significantly, indicating these are distinct documents.

### Details
A matching record was found for a 2020 article titled ""Implications for educational practice of the science of learning and development"" by the same authors but published in the journal Applied Developmental Science, not from the Learning Policy Institute. The title and venue in the citation differ clearly from this best potential match. The cited year 2019 is close but not an exact match to the 2020 publication year of the candidate. No identifier (DOI) was present in the original citation to confirm a precise match.

- https://www.tandfonline.com/doi/full/10.1080/10888691.2018.1537791
- https://learningpolicyinstitute.org/sites/default/files/product-files/Educator_Learning_for_SoLD_REPORT.pdf",0.0,1.0
"Hattie, J. (2009). *Visible learning: A synthesis of over 800 meta-analyses relating to achievement*. Routledge.",Education,gemma_3_27b,verified,"Hattie, J. (2008). *Visible Learning: A Synthesis of Over 800 Meta-Analyses Relating to Achievement*. Routledge. https://doi.org/10.4324/9780203887332",MATCH,MATCH,CONTAINS,MATCH,ABSENT,Visible Learning: A Synthesis of Over 800 Meta-Analyses Relating to Achievement,John Hattie,2008.0,Routledge,10.4324/9780203887332,https://doi.org/10.4324/9780203887332,GOOGLE,3.0,0.0,1.0,1.0,0.0,Visible learning: A synthesis of over 800 meta-analyses relating to achievement,Visible Learning: A Synthesis of Over 800 Meta-Analyses Relating to Achievement,"Hattie, J.",John Hattie,2009.0,2008.0,Routledge,Routledge,,10.4324/9780203887332,1,1,1,GOOGLE,0,"✓ Title | ✓ Authors | ◐ Year | ✓ Venue | ○ ID

### Summary
This book was confirmed as ""Visible Learning: A Synthesis of Over 800 Meta-Analyses Relating to Achievement"" by John Hattie, published by Routledge. The authorship and publisher matched exactly, and the publication year difference falls within an acceptable one-year window.

### Details
A matching record was found that exactly matched the title and publisher name. The author's name in the citation uses initials (Hattie, J.), while the evidence uses the full name (John Hattie), referring to the same person. The citation lists the year as 2009, while the evidence shows 2008, which is considered acceptable within a one-year difference. No DOI was provided in the citation to compare. Relevant source links include:
- [Taylor & Francis page for the book](https://www.taylorfrancis.com/books/mono/10.4324/9780203887332/visible-learning-john-hattie)
- [Google search results confirming editions and publisher](https://www.google.com/search?q=Visible+Learning%3A+A+Synthesis+of+Over+800+Meta-Analyses+Relating+to+Achievement+Routledge+2009+Hattie)",0.9,0.1
"Dewey, J. (1938). *Experience and education*. Macmillan.",Education,gemma_3_27b,verified,"Dewey, J. (1938). *Experience and education*. Macmillan Company. https://archive.org/details/experienceeducat00dewe",MATCH,MATCH,MATCH,CONTAINS,ABSENT,Experience and Education,John Dewey,1938.0,Macmillan Company,,https://archive.org/details/experienceeducat00dewe,GOOGLE,3.0,0.0,1.0,1.0,0.0,Experience and education,Experience and Education,"Dewey, J.",John Dewey,1938.0,1938.0,Macmillan,Macmillan Company,,https://archive.org/details/experienceeducat00dewe,1,1,1,GOOGLE,0,"✓ Title | ✓ Authors | ✓ Year | ◐ Venue | ○ ID

### Summary
This book, ""Experience and Education"" by John Dewey, published in 1938, was confirmed as a valid reference. The title, author, and year of publication matched exactly, and the publisher name was found to be consistent with historical naming variations.

### Details
A matching record was found where the title ""Experience and Education"" matched exactly. The author ""John Dewey"" corresponds with the citation’s ""Dewey, J."", confirming the authorship despite the difference in name formatting. The publication year 1938 matched exactly, and the publisher ""Macmillan"" was found to be consistent with ""Macmillan Company,"" a known historical form of the same imprint. No identifier such as DOI was present in the citation. Additional evidence includes sources such as an archived version of the book (https://archive.org/details/experienceeducat00dewe) and multiple reputable search results confirming the publication details.

- https://archive.org/details/experienceeducat00dewe
- https://en.wikipedia.org/wiki/Experience_and_Education_(book)
- https://www.amazon.com/Experience-Education-John-Dewey/dp/0684838281
- https://www.goodreads.com/book/show/739202.Experience_and_Education
- https://www.scirp.org/reference/ReferencesPapers?ReferenceID=1610444",0.9,0.1
"Vygotsky, L. S. (1978). *Mind in society: The development of higher psychological processes*. Harvard University Press.",Education,gemma_3_27b,verified,"Vygotsky, L. S., Cole, M., John-Steiner, V., Scribner, S., & Souberman, E. (1978). *Mind in society: The development of higher psychological processes*. Harvard University Press.",MATCH,CONTAINS,MATCH,MATCH,ABSENT,Mind in Society: The Development of Higher Psychological Processes,L. S. Vygotsky; M. Cole; V. John-Steiner; S. Scribner; E. Souberman,1978.0,Harvard University Press,,https://home.fau.edu/musgrove/web/vygotsky1978.pdf,GOOGLE,3.0,0.0,1.0,1.0,0.0,Mind in society: The development of higher psychological processes,Mind in Society: The Development of Higher Psychological Processes,"Vygotsky, L. S.",L. S. Vygotsky; M. Cole; V. John-Steiner; S. Scribner; E. Souberman,1978.0,1978.0,Harvard University Press,Harvard University Press,,https://home.fau.edu/musgrove/web/vygotsky1978.pdf,1,1,1,GOOGLE,0,"✓ Title | ◐ Authors | ✓ Year | ✓ Venue | ○ ID

### Summary
This book was confirmed as ""Mind in Society: The Development of Higher Psychological Processes"" published by Harvard University Press in 1978. The main author L. S. Vygotsky was found, matching the citation exactly, and the publication year and publisher also matched precisely.

### Details
A matching record was found with the exact title and publication year 1978. The authors listed in the evidence include Vygotsky along with additional coauthors, confirming the citation's author subset. The publisher Harvard University Press matches exactly. No digital identifier was present, but the record is well supported by multiple search results including a PDF hosted at https://home.fau.edu/musgrove/web/vygotsky1978.pdf.

- https://home.fau.edu/musgrove/web/vygotsky1978.pdf
- https://www.hup.harvard.edu/books/9780674576292
- https://ci.nii.ac.jp/ncid/BA03570814",0.867,0.133
"Bandura, A. (1977). Social learning theory. *Englewood Cliffs, NJ: Prentice Hall*.",Education,gemma_3_27b,verified-with-error,"Bandura, A. (1977). *Social learning theory*. Prentice Hall.",MATCH,MATCH,MATCH,CONTRADICTION,ABSENT,Social Learning Theory,Albert Bandura,1977.0,Prentice Hall,,,GOOGLE,3.0,1.0,0.0,1.0,0.0,Social learning theory,Social Learning Theory,"Bandura, A.",Albert Bandura,1977.0,1977.0,Prentice Hall,Prentice Hall,,,0,0,2,GOOGLE,0,"✓ Title | ✓ Authors | ✓ Year | ✗ Venue | ○ ID

### Summary
This book titled ""Social Learning Theory"" by Albert Bandura was confirmed with matching title, author, and year. However, a minor discrepancy appeared in the publisher information: while the citation states Prentice Hall, some evidence also indicated an earlier edition published by General Learning Press in 1971.

### Details
A matching record was found for the 1977 edition of ""Social Learning Theory"" by Albert Bandura published by Prentice Hall in Englewood Cliffs, NJ, with exact matches on the title, author, and year fields. The author name matched fully, understanding that ""Bandura, A."" and ""Albert Bandura"" refer to the same person. The citation's publisher (Prentice Hall) is verified by multiple sources, including library catalogs and scan copies. Nonetheless, a scanned PDF referenced an original 1971 version published by General Learning Press, causing the small contradiction in venue. There was no identifier like a DOI in the citation.

- [National Library of Medicine Catalog](https://catalog.nlm.nih.gov/discovery/fulldisplay/alma9915626113406676/01NLM_INST:01NLM_INST)
- [Archive.org PDF scan](https://archive.org/download/BanduraSocialLearningTheory/Bandura_SocialLearningTheory_text.pdf)
- [Google Search results](https://www.google.com/search?q=Bandura+Social+Learning+Theory+1977+Englewood+Cliffs+Prentice+Hall)",0.6,0.4
"Freire, P. (1970). *Pedagogy of the oppressed*. Continuum.",Education,gemma_3_27b,verified-with-error,"Freire, P. (2019). *Pedagogy of the oppressed* (pp. 47-54). https://doi.org/10.4324/9780429269400-8",MATCH,MATCH,CONTRADICTION,UNCONFIRMED,ABSENT,Pedagogy of the Oppressed,Paulo Freire,2019.0,,10.4324/9780429269400-8,https://doi.org/10.4324/9780429269400-8,GOOGLE,2.0,1.0,0.0,1.0,1.0,Pedagogy of the oppressed,Pedagogy of the Oppressed,"Freire, P.",Paulo Freire,1970.0,2019.0,Continuum,,,10.4324/9780429269400-8,0,0,1,GOOGLE,0,"✓ Title | ✓ Authors | ✗ Year | ? Venue | ○ ID

### Summary
This book reference was confirmed with the title ""Pedagogy of the Oppressed"" and author Paulo Freire matching exactly. However, the publication year differs between the citation (1970) and the verified source (2019).

### Details
A matching record was found with the exact title ""Pedagogy of the Oppressed"" and author Paulo Freire. The citation year was 1970, but the evidence indicates a 2019 publication, suggesting a newer edition or reprint. The publisher ""Continuum"" could not be confirmed from the evidence. The verified record is accessible via DOI: [https://doi.org/10.4324/9780429269400-8](https://doi.org/10.4324/9780429269400-8). This explains why the reference is verified with a minor error in the year.

- [DOI Link](https://doi.org/10.4324/9780429269400-8)",0.4,0.6
"Bloom, B. S. (Ed.). (1956). *Taxonomy of educational objectives, handbook I: Cognitive domain*. David McKay.",Education,gemma_3_27b,verified-with-error,"Bloom, B. S. (1956). *Taxonomy of educational objectives; the classification of educational goals*. David McKay Company. https://archive.org/details/taxonomyofeducat0000unse_l7x5",CONTAINS,MATCH,MATCH,CONTAINS,ABSENT,Taxonomy of educational objectives; the classification of educational goals,B. S. Bloom,1956.0,David McKay Company,,https://archive.org/details/taxonomyofeducat0000unse_l7x5,GOOGLE,2.0,0.0,2.0,1.0,0.0,"Taxonomy of educational objectives, handbook I: Cognitive domain",Taxonomy of educational objectives; the classification of educational goals,"Bloom, B. S.",B. S. Bloom,1956.0,1956.0,David McKay,David McKay Company,,https://archive.org/details/taxonomyofeducat0000unse_l7x5,1,1,2,GOOGLE,0,"◐ Title | ✓ Authors | ✓ Year | ◐ Venue | ○ ID

### Summary
This book by B. S. Bloom was confirmed to be published in 1956 by David McKay, with matching authors and year. The title matched closely despite minor differences in subtitle wording, and the publisher's name varied slightly but referred to the same entity.

### Details
A matching record was found with the title ""Taxonomy of educational objectives; the classification of educational goals,"" which closely corresponds to the cited title ""Taxonomy of educational objectives, handbook I: Cognitive domain."" The author matches exactly as B. S. Bloom, with name format differences being stylistic. The publication year 1956 matched exactly. The publisher was listed as ""David McKay Company,"" which contains the cited ""David McKay"" as a substring, indicating the same publisher under a fuller name. No DOI or identifier was available. The provided source URL is https://archive.org/details/taxonomyofeducat0000unse_l7x5 confirming the publication details.",0.733,0.267
"Fullan, M. (2007). *The new meaning of educational change*. Teachers College Press.",Education,gemma_3_27b,unverified,Reference could not be verified.,MATCH,UNCONFIRMED,CONTRADICTION,UNCONFIRMED,ABSENT,The New Meaning of Educational Change,,2013.0,,10.4324/9780203609071,https://doi.org/10.4324/9780203609071,GOOGLE,1.0,1.0,0.0,1.0,2.0,The new meaning of educational change,The New Meaning of Educational Change,"Fullan, M.",,2007.0,2013.0,Teachers College Press,,,10.4324/9780203609071,0,0,1,GOOGLE,0,"✓ Title | ? Authors | ✗ Year | ? Venue | ○ ID

### Summary
No exact match could be confirmed for the 2007 book by Fullan titled ""The New Meaning of Educational Change."" While the title was correctly matched, the year given in the citation (2007) conflicts with the year available in the search results (2013), and author and publisher details could not be confirmed.

### Details
A matching record was found with the exact title ""The New Meaning of Educational Change,"" but it lists the publication year as 2013, which is six years later than the cited 2007. The record does not provide author or publisher information, and no digital identifier was available in the citation to assist verification. Because of these conflicting details and missing information, the reference could not be verified.

- https://doi.org/10.4324/9780203609071",0.133,0.867
"Ladson-Billings, G. (1994). The dreamkeepers: Successful teachers of African American children. *Jossey-Bass*.",Education,gemma_3_27b,verified,"Ladson-Billings, G. (1994). *The dreamkeepers: Successful teachers of African American children*. Jossey-Bass Publishers. https://archive.org/details/dreamkeeperssucc00lads",MATCH,MATCH,MATCH,MATCH,ABSENT,The dreamkeepers : successful teachers of African American children,Gloria Ladson-Billings,1994.0,Jossey-Bass Publishers,,https://archive.org/details/dreamkeeperssucc00lads,GOOGLE,4.0,0.0,0.0,1.0,0.0,The dreamkeepers: Successful teachers of African American children,The dreamkeepers : successful teachers of African American children,"Ladson-Billings, G.",Gloria Ladson-Billings,1994.0,1994.0,Jossey-Bass,Jossey-Bass Publishers,,https://archive.org/details/dreamkeeperssucc00lads,1,1,1,GOOGLE,0,"✓ Title | ✓ Authors | ✓ Year | ✓ Venue | ○ ID

### Summary
This book was confirmed as ""The dreamkeepers: Successful teachers of African American children"" by Gloria Ladson-Billings, published in 1994 by Jossey-Bass Publishers. The author’s name, title, year, and publisher match exactly, verifying the reference is accurate.

### Details
A matching record was found showing the title exactly as ""The dreamkeepers: successful teachers of African American children"" and author Gloria Ladson-Billings, matching the citation's ""Ladson-Billings, G."" The publication year 1994 matches exactly. The publisher Jossey-Bass is confirmed, with the publisher name variations (Jossey-Bass vs Jossey-Bass Publishers) referring to the same entity. Although no DOI identifier was present in the citation, multiple library catalogs and archive.org sources confirm the work’s publication details as given.

- https://archive.org/details/dreamkeeperssucc00lads
- https://search.library.wisc.edu/catalog/999734889002121
- https://www.amazon.com/Dreamkeepers-Successful-Teachers-American-Education/dp/1555426689
- https://www.goodreads.com/book/show/152504.The_Dreamkeepers",1.0,0.0
"Dweck, C. S. (2006). *Mindset: The new psychology of success*. Random House.",Education,gemma_3_27b,verified,"Dweck, C. S. (2006). *Mindset: the new psychology of success*. Random House.",MATCH,MATCH,MATCH,MATCH,ABSENT,Mindset: the new psychology of success,C. S. Dweck,2006.0,Random House,,https://psycnet.apa.org/record/2006-08575-000,GOOGLE,4.0,0.0,0.0,1.0,0.0,Mindset: The new psychology of success,Mindset: the new psychology of success,"Dweck, C. S.",C. S. Dweck,2006.0,2006.0,Random House,Random House,,https://psycnet.apa.org/record/2006-08575-000,1,1,1,GOOGLE,0,"✓ Title | ✓ Authors | ✓ Year | ✓ Venue | ○ ID

### Summary
This book was confirmed as ""Mindset: The new psychology of success"" by C. S. Dweck, published in 2006 by Random House. The author name, title, year, and publisher all matched exactly, confirming the reference.

### Details
A matching record was found with the exact title and author, confirming the year 2006 and the publisher Random House. The author is listed as C. S. Dweck in both the citation and evidence, just with a slight variation in name order formatting. Additional confirmation comes from multiple sources including APA PsycNet and Google Scholar entries pointing to the same book published in 2006 by Random House.

- https://psycnet.apa.org/record/2006-08575-000
- https://doi.org/10.5860/choice.44-2397
- https://books.google.com/books?hl=en&lr=&id=fT6U0Ee7_kQC&oi=fnd&pg=PR9",1.0,0.0
"Smil, V. (2017). *Energy and civilization: A history*. MIT Press.",Energy,gemma_3_27b,verified,"Smil, V. (2017). *Energy and Civilization: A History*. MIT Press. https://mitpress.mit.edu/9780262536165/energy-and-civilization/",MATCH,MATCH,MATCH,MATCH,ABSENT,Energy and Civilization: A History,Vaclav Smil,2017.0,MIT Press,,https://mitpress.mit.edu/9780262536165/energy-and-civilization/,GOOGLE,4.0,0.0,0.0,1.0,0.0,Energy and civilization: A history,Energy and Civilization: A History,"Smil, V.",Vaclav Smil,2017.0,2017.0,MIT Press,MIT Press,,https://mitpress.mit.edu/9780262536165/energy-and-civilization/,1,1,1,GOOGLE,0,"✓ Title | ✓ Authors | ✓ Year | ✓ Venue | ○ ID

### Summary
This book was confirmed as ""Energy and Civilization: A History"" by Vaclav Smil, published in 2017 by MIT Press. The title, author, year, and publisher all match exactly with the verified record.

### Details
A matching record was found where the title exactly matches ""Energy and Civilization: A History."" The author Vaclav Smil corresponds to the citation author's initial and last name, confirming the author match. The publication year 2017 and the publisher MIT Press are exact matches. Although no DOI was available in the citation, the official publisher page for the book was found at MIT Press, supporting the verification.

- https://mitpress.mit.edu/9780262536165/energy-and-civilization/",1.0,0.0
"Sovacool, B. K. (2009). Contextualizing the energy transition. *Energy Policy, 37*(11), 4057–4066.",Energy,gemma_3_27b,needs-human,Reference requires human review.,CONTRADICTION,MATCH,MATCH,MATCH,ABSENT,Conceptualizing the temporal dynamics of energy transitions,Benjamin K. Sovacool,2009.0,Energy Policy,,https://scholar.google.co.uk/citations?user=wKHreQ0AAAAJ&hl=en,GOOGLE,3.0,1.0,0.0,1.0,0.0,Contextualizing the energy transition,Conceptualizing the temporal dynamics of energy transitions,"Sovacool, B. K.",Benjamin K. Sovacool,2009.0,2009.0,Energy Policy,Energy Policy,,https://scholar.google.co.uk/citations?user=wKHreQ0AAAAJ&hl=en,0,0,1,GOOGLE,0,"✗ Title | ✓ Authors | ✓ Year | ✓ Venue | ○ ID

### Summary
The reference could not be confirmed as the exact article. While the authors, year, and journal title match, the article titles differ significantly in focus and phrasing, suggesting they refer to different documents. Therefore, this reference needs human review for further verification.

### Details
A matching author, B. K. Sovacool (also known as Benjamin K. Sovacool), the year 2009, and the journal Energy Policy were confirmed. However, the cited title ""Contextualizing the energy transition"" contradicts the potential match found titled ""Conceptualizing the temporal dynamics of energy transitions,"" showing notable differences in scope and wording. No DOI or direct identifier was found to resolve this discrepancy.

- https://scholar.google.co.uk/citations?user=wKHreQ0AAAAJ&hl=en",0.333,0.667
"Lund, H., & Mathiesen, B. V. (2009). Energy from biomass—Part 1: Introduction to biomass combustion and co-firing. *Energy, 34*(5), 550–559.",Energy,gemma_3_27b,unverified,Reference could not be verified.,CONTRADICTION,CONTRADICTION,UNCONFIRMED,UNCONFIRMED,ABSENT,Energy production from biomass (Part 1): Overview of biomass.,McKendry,,,,https://www.researchgate.net/publication/11315089_Energy_production_from_biomass_Part_1_Overview_of_biomass,GOOGLE,0.0,2.0,0.0,1.0,2.0,Energy from biomass—Part 1: Introduction to biomass combustion and co-firing.,Energy production from biomass (Part 1): Overview of biomass.,"Lund, H.; Mathiesen, B. V.",McKendry,2009.0,,Energy,,,https://www.researchgate.net/publication/11315089_Energy_production_from_biomass_Part_1_Overview_of_biomass,0,0,1,GOOGLE,0,"✗ Title | ✗ Authors | ? Year | ? Venue | ○ ID

### Summary
The reference could not be verified because no matching article was found with the provided authors, title, and year. The available records show different authors and a differing title focus.

### Details
A matching record was not found on OpenAlex or in the organic search results that aligned with the title ""Energy from biomass—Part 1: Introduction to biomass combustion and co-firing"" by Lund and Mathiesen from 2009. The best potential match found had a different author (McKendry) and a different title focus, emphasizing biomass overview rather than combustion and co-firing. The year and journal could not be confirmed. This difference in title and authorship indicates the cited reference could not be verified.

- https://pubmed.ncbi.nlm.nih.gov/12058829/
- https://www.researchgate.net/publication/11315089_Energy_production_from_biomass_Part_1_Overview_of_biomass
- https://journals.sagepub.com/doi/abs/10.1177/0734242X14538309",0.0,1.0
"Jacobson, M. Z., Delucchi, M. A., Cameron-Arroyo, D., & Frew, B. (2015). 100% renewable power systems for the United States. *Proceedings of the National Academy of Sciences, 112*(20), 5988–5995.",Energy,gemma_3_27b,unverified,Reference could not be verified.,UNCONFIRMED,UNCONFIRMED,UNCONFIRMED,UNCONFIRMED,UNCONFIRMED,,,,,,,,,,,,,,,,,,,,,,,0,0,0,,0,"? Title | ? Authors | ? Year | ? Venue | ? ID

### Summary
No matching article could be found for the reference titled ""100% renewable power systems for the United States"" by Jacobson, M. Z. et al. from 2015. The verification did not find any records confirming the authors, title, year, or journal information.

### Details
A search in the OpenAlex database yielded no matching records for this article based on the title, author, and year provided. Additionally, a scholar search for the query combining the authors' names, year, and title returned no results. Therefore, no evidence was found to confirm this reference.

- [OpenAlex](https://openalex.org)
- [Google Scholar](https://scholar.google.com)",0.0,1.0
"Stern, D. I. (1993). The coal question: An economic history. *Annual Review of Energy and the Environment, 18*(1), 207–245.",Energy,gemma_3_27b,unverified,Reference could not be verified.,UNCONFIRMED,UNCONFIRMED,UNCONFIRMED,UNCONFIRMED,UNCONFIRMED,,,,,,,,,,,,,,,,,,,,,,,0,0,0,,0,"? Title | ? Authors | ? Year | ? Venue | ? ID

### Summary
No matching article by D. I. Stern titled ""The coal question: An economic history"" from 1993 could be found. The search did not confirm the presence of this work in the journal ""Annual Review of Energy and the Environment"" or any other source.

### Details
A search in the OpenAlex database for this exact title, author, and year combination found no results. Additionally, a web search did not return any relevant matches for the specified article, instead mostly retrieving references to other works such as William Stanley Jevons' ""The Coal Question"" from the 1800s. There were no direct matches to the 1993 article by D. I. Stern, nor any confirmation of the journal, volume, or page numbers provided.

- https://openalex.org
- Web search results (Google)",0.0,1.0
IEA (International Energy Agency). (2023). *World Energy Outlook 2023*. IEA Publications.,Energy,gemma_3_27b,verified,International Energy Agency. (2023). *World Energy Outlook 2023*. IEA Publications. https://iea.blob.core.windows.net/assets/ed1e4c42-5726-4269-b801-97b3d32e117c/WorldEnergyOutlook2023.pdf,MATCH,MATCH,MATCH,MATCH,ABSENT,World Energy Outlook 2023,International Energy Agency,2023.0,IEA Publications,,https://iea.blob.core.windows.net/assets/ed1e4c42-5726-4269-b801-97b3d32e117c/WorldEnergyOutlook2023.pdf,GOOGLE,4.0,0.0,0.0,1.0,0.0,World Energy Outlook 2023,World Energy Outlook 2023,IEA,International Energy Agency,2023.0,2023.0,IEA Publications,IEA Publications,,https://iea.blob.core.windows.net/assets/ed1e4c42-5726-4269-b801-97b3d32e117c/WorldEnergyOutlook2023.pdf,1,1,1,GOOGLE,0,"✓ Title | ✓ Authors | ✓ Year | ✓ Venue | ○ ID

### Summary
This publication was confirmed as the ""World Energy Outlook 2023"" by the International Energy Agency (IEA) published in 2023 by IEA Publications. The title, author, publication year, and publisher were all matched exactly, verifying the authenticity of this reference.

### Details
A matching record was found for the title ""World Energy Outlook 2023,"" authored by the International Energy Agency, with the publication year 2023. The publisher was confirmed as IEA Publications. The author name matched despite one version using the abbreviation ""IEA"" and the other spelling out ""International Energy Agency."" An accessible PDF of the full report was located at the official IEA cloud storage link, confirming the document's existence and details.

- https://iea.blob.core.windows.net/assets/ed1e4c42-5726-4269-b801-97b3d32e117c/WorldEnergyOutlook2023.pdf
- https://www.iea.org/reports/world-energy-outlook-2023",1.0,0.0
"Nakicenovic, N., & Grubler, A. (1997). Globes as models: Integrated assessment of energy-environment-economy linkages. *Technological Forecasting and Social Change, 58*(1-2), 1–28.",Energy,gemma_3_27b,unverified,Reference could not be verified.,UNCONFIRMED,UNCONFIRMED,UNCONFIRMED,UNCONFIRMED,UNCONFIRMED,,,,,,,,,,,,,,,,,,,,,,,0,0,0,,1,"? Title | ? Authors | ? Year | ? Venue | ? ID

### Summary
No matching article titled ""Globes as models: Integrated assessment of energy-environment-economy linkages"" by Nakicenovic and Grubler from 1997 in the journal *Technological Forecasting and Social Change* could be found. The search did not confirm any details such as authors, year, or publication venue.

### Details
A search for this article in OpenAlex and other scholarly sources yielded no matching records. There were no confirmed matches for the title, authors, year, or journal. The best potential matches found in the search results were unrelated works without the specified title or authorship. No DOI or other identifiers were found to support verification.

- https://openalex.org
- https://scholar.google.com",0.0,1.0
"Bhattacharyya, S. C. (2011). Energy access and energy security: Challenges and opportunities. *Renewable and Sustainable Energy Reviews, 15*(2), 1330–1342.",Energy,gemma_3_27b,needs-human,Reference requires human review.,CONTRADICTION,MATCH,CONTAINS,CONTAINS,ABSENT,Energy access programmes and sustainable development: A critical review and analysis,S. C. Bhattacharyya,2012.0,Energy for Sustainable Development,,https://www.sciencedirect.com/science/article/pii/S0973082612000245,GOOGLE,1.0,1.0,2.0,1.0,0.0,Energy access and energy security: Challenges and opportunities.,Energy access programmes and sustainable development: A critical review and analysis,"Bhattacharyya, S. C.",S. C. Bhattacharyya,2011.0,2012.0,Renewable and Sustainable Energy Reviews,Energy for Sustainable Development,,https://www.sciencedirect.com/science/article/pii/S0973082612000245,0,0,3,GOOGLE,0,"✗ Title | ✓ Authors | ◐ Year | ◐ Venue | ○ ID

### Summary
The reference could not be fully verified because the title and year do not clearly match the found article. Although the author name is the same, the titles and journals differ, suggesting these are two distinct works by the same author.

### Details
A matching author was confirmed as Bhattacharyya, S. C., but the publication years differ slightly (2011 vs 2012). The titles have different focuses: the citation references energy access and energy security challenges in Renewable and Sustainable Energy Reviews, while the found article reviews energy access programmes in Energy for Sustainable Development. The journals are related but distinct. No identifier like DOI was present to confirm the reference definitively.

- https://www.sciencedirect.com/science/article/pii/S0973082612000245",0.133,0.867
"Monsignor, J. A., & Callahan, J. (2018). The effect of voter ID laws on turnout. *Electoral Studies, 59*, 164–175.",Voter turnout,gemma_3_27b,unverified,Reference could not be verified.,CONTAINS,CONTRADICTION,MATCH,CONTRADICTION,ABSENT,Obstacles to Estimating Voter ID Laws’ Effect on Turnout,Justin Grimmer; Eitan Hersh; Marc Meredith; Jonathan Mummolo; Clayton Nall,2018.0,The Journal of Politics,10.1086/696618,https://doi.org/10.1086/696618,GOOGLE,1.0,2.0,1.0,1.0,0.0,The effect of voter ID laws on turnout,Obstacles to Estimating Voter ID Laws’ Effect on Turnout,"Monsignor, J. A.; Callahan, J.",Justin Grimmer; Eitan Hersh; Marc Meredith; Jonathan Mummolo; Clayton Nall,2018.0,2018.0,Electoral Studies,The Journal of Politics,,10.1086/696618,0,0,2,GOOGLE,0,"◐ Title | ✗ Authors | ✓ Year | ✗ Venue | ○ ID

### Summary
The reference could not be verified as matching the claimed article. Although the year 2018 and central topic about voter ID laws and turnout match in title, the authors and journal differ completely, indicating these are different works.

### Details
A matching record was found with a similar title, ""Obstacles to Estimating Voter ID Laws’ Effect on Turnout,"" published in 2018 in *The Journal of Politics* by Justin Grimmer and colleagues. However, the original citation lists different authors, Monsignor and Callahan, and a different journal, *Electoral Studies*. No identifier (DOI) was provided in the original, and no credible record aligns fully with both author names and venue. The year matches exactly, but this alone is insufficient for verification given the contradictions.

- https://doi.org/10.1086/696618
- https://www.sciencedirect.com/science/article/pii/S0261379417300586",0.0,1.0
"Fowler, A. (2013). *Improving voter turnout: The effects of registration drives and other mobilization efforts*. Dissertation, Harvard University.",Voter turnout,gemma_3_27b,needs-human,Reference requires human review.,CONTRADICTION,MATCH,MATCH,CONTAINS,ABSENT,Five Studies on the Causes and Consequences of Voter Turnout,Anthony George Fowler,2013.0,"Doctoral dissertation, Harvard University",,https://dash.harvard.edu/bitstreams/3310c62e-4545-459d-9aed-6d2616390f5b/download,GOOGLE,2.0,1.0,1.0,1.0,0.0,Improving voter turnout: The effects of registration drives and other mobilization efforts,Five Studies on the Causes and Consequences of Voter Turnout,"Fowler, A.",Anthony George Fowler,2013.0,2013.0,Harvard University,"Doctoral dissertation, Harvard University",,https://dash.harvard.edu/bitstreams/3310c62e-4545-459d-9aed-6d2616390f5b/download,0,0,1,GOOGLE,0,"✗ Title | ✓ Authors | ✓ Year | ◐ Venue | ○ ID

### Summary
The reference could not be conclusively verified because the title in the available sources differs significantly from the cited title. Although the author 'Fowler, A.' and the year 2013 match, the confirmed dissertation title from Harvard University is ""Five Studies on the Causes and Consequences of Voter Turnout,"" which covers a broader set of studies rather than strictly focusing on registration drives and mobilization efforts.

### Details
A matching doctoral dissertation by Anthony George Fowler from Harvard University in 2013 was found, but its title is different from the cited one. The found dissertation is titled ""Five Studies on the Causes and Consequences of Voter Turnout"" and includes multiple studies on voter turnout's causes and effects, not just registration drives. The institution affiliation and publication year align, confirming the author and venue, but the title contradiction suggests these are likely different works or the citation is inaccurate.

- [Harvard DASH Repository: Fowler Dissertation](https://dash.harvard.edu/bitstreams/3310c62e-4545-459d-9aed-6d2616390f5b/download)",0.233,0.767
