reference,topic,model,svris_status,svris_reference,field_title,field_authors,field_year,field_venue,field_id,candidate_title,candidate_authors,candidate_year,candidate_venue,candidate_doi,candidate_url,candidate_source,candidate_matches,candidate_contradictions,candidate_contains,candidate_absent,candidate_unconfirmed,cmp_title_citation,cmp_title_candidate,cmp_authors_citation,cmp_authors_candidate,cmp_year_citation,cmp_year_candidate,cmp_venue_citation,cmp_venue_candidate,cmp_id_citation,cmp_id_candidate,match_set_size,contained_set_size,total_candidates,sources_queried,processing_time_ms,svris_message,score,error_distance
"Jain, A. K., Prabhakar, S., & Hong, L. (2008). Biometric voter registration: Challenges and opportunities. *IEEE Transactions on Information Forensics and Security*, 3(2), 123‑135.",Biometric voter registration,gpt_oss_120b,unverified,Reference could not be verified.,UNCONFIRMED,UNCONFIRMED,UNCONFIRMED,UNCONFIRMED,UNCONFIRMED,,,,,,,,,,,,,,,,,,,,,,,0,0,0,,0,"? Title | ? Authors | ? Year | ? Venue | ? ID

### Summary
No matching article titled ""Biometric voter registration: Challenges and opportunities"" by Jain, A. K., Prabhakar, S., and Hong, L. from 2008 in the IEEE Transactions on Information Forensics and Security was found. The reference could not be verified as no evidence or candidate matches were identified.

### Details
A search in OpenAlex returned no matching records for this article. Additional searches through scholarly sources did not find any article matching the title, authors, year, or journal details provided. The closest related works found were on biometric voting systems but did not match the specific reference details. No DOI or other identifiers were found to confirm the citation.

- https://ieeexplore.ieee.org/
- https://openalex.org/
- https://scholar.google.com/",0.0,1.0
"Gomez, M., & Patel, R. (2012). Fingerprint authentication for voter roll integrity in developing nations. *International Journal of Biometrics*, 4(3), 211‑224.",Biometric voter registration,gpt_oss_120b,unverified,Reference could not be verified.,CONTRADICTION,CONTRADICTION,CONTRADICTION,CONTAINS,ABSENT,Identification for development: The biometrics revolution,A Gelb,2000,SSRN Electronic Journal,,https://www.academia.edu/download/74836822/18394c6050fdd6a839a949d9c0ae17d6c9a8.pdf,GOOGLE,0,3,1,1,0,Fingerprint authentication for voter roll integrity in developing nations.,Identification for development: The biometrics revolution,"Gomez, M.; Patel, R.",A Gelb,2012,2000,International Journal of Biometrics,SSRN Electronic Journal,,https://www.academia.edu/download/74836822/18394c6050fdd6a839a949d9c0ae17d6c9a8.pdf,0,0,3,GOOGLE,1,"✗ Title | ✗ Authors | ✗ Year | ◐ Venue | ○ ID

### Summary
No matching article could be found for the reference by Gomez and Patel (2012) on fingerprint authentication for voter roll integrity. The available evidence points to a different work by Gelb (2000) on biometrics in development, which does not match the citation in authors, title, or year.

### Details
A search found no record matching the cited article's title, authors, or year. The closest found work was by A Gelb in 2000 titled ""Identification for development: The biometrics revolution,"" published in SSRN Electronic Journal, which differs significantly in subject, authorship, and publication year from the citation. The citation's journal, International Journal of Biometrics, and the preprint server SSRN represent different publication types, further indicating no match.

- https://www.academia.edu/download/74836822/18394c6050fdd6a839a949d9c0ae17d6c9a8.pdf",0.0,1.0
"Kumar, S., & Lee, J. (2014). Iris‑based voter identification: Field trials in South Asia. *Proceedings of the 12th International Conference on Biometrics (ICB)*, 78‑85.",Biometric voter registration,gpt_oss_120b,unverified,Reference could not be verified.,UNCONFIRMED,UNCONFIRMED,UNCONFIRMED,UNCONFIRMED,UNCONFIRMED,,,,,,,,,,,,,,,,,,,,,,,0,0,0,,0,"? Title | ? Authors | ? Year | ? Venue | ? ID

### Summary
No matching article titled ""Iris‑based voter identification: Field trials in South Asia"" by Kumar and Lee from 2014 could be found in the available databases or search results. The reference could not be confirmed in the conference proceedings or other sources.

### Details
A search in OpenAlex returned no matching records for this work. Additional searches in scholarly databases found several articles related to iris-based voting systems, but none matched the exact title, authors, year, or conference. The year 2014 and the specific conference ""12th International Conference on Biometrics (ICB)"" were not confirmed in any results. The closest related works found were from different years and authors, indicating no direct match.

- https://ieeexplore.ieee.org/
- https://pubs.aip.org/
- https://ajaccm.com/journal/index.php/ajaccm/article/view/118
- http://210.212.227.212:8080/jspui/handle/123456789/399",0.0,1.0
"Al‑Hussein, A., & Mahmoud, H. (2015). Evaluating multimodal biometrics for electoral registration systems. *Journal of Election Technology*, 7(1), 33‑48.",Biometric voter registration,gpt_oss_120b,unverified,Reference could not be verified.,CONTRADICTION,CONTRADICTION,CONTRADICTION,CONTRADICTION,ABSENT,Multi-modal palm-print and hand-vein biometric recognition at sensor level fusion.,H Al-Mahafzah; T AbuKhalil; M Alksasbeh,2023,… Journal of Electrical …,,https://www.researchgate.net/profile/Malek-Alksasbeh/publication/366095087_Multi-modal_palm-print_and_hand-vein_biometric_recognition_at_sensor_level_fusion/links/6391b0eee42faa7e75a8a7ca/Multi-modal-palm-print-and-hand-vein-biometric-recognition-at-sensor-level-fusion.pdf,GOOGLE,0,4,0,1,0,Evaluating multimodal biometrics for electoral registration systems,Multi-modal palm-print and hand-vein biometric recognition at sensor level fusion.,"Al‑Hussein, A.; Mahmoud, H.",H Al-Mahafzah; T AbuKhalil; M Alksasbeh,2015,2023,Journal of Election Technology,… Journal of Electrical …,,https://www.researchgate.net/profile/Malek-Alksasbeh/publication/366095087_Multi-modal_palm-print_and_hand-vein_biometric_recognition_at_sensor_level_fusion/links/6391b0eee42faa7e75a8a7ca/Multi-modal-palm-print-and-hand-vein-biometric-recognition-at-sensor-level-fusion.pdf,0,0,3,GOOGLE,0,"✗ Title | ✗ Authors | ✗ Year | ✗ Venue | ○ ID

### Summary
No matching article could be found for the reference by Al-Hussein and Mahmoud (2015) titled ""Evaluating multimodal biometrics for electoral registration systems."" The details such as title, authors, year, and journal do not align with any found records.

### Details
A search found no records matching the title or authors of the cited article. The closest found work is a 2023 article titled ""Multi-modal palm-print and hand-vein biometric recognition at sensor level fusion"" by different authors (Al-Mahafzah, AbuKhalil, Alksasbeh) published in a journal related to electrical engineering, which differs significantly in topic, authorship, publication year, and journal name. The year 2015 does not match the 2023 publication year of the found article, and the journal names are also different. No DOI or other identifier was provided in the original citation to assist verification.

- https://www.researchgate.net/profile/Malek-Alksasbeh/publication/366095087_Multi-modal_palm-print_and_hand-vein_biometric_recognition_at_sensor_level_fusion/links/6391b0eee42faa7e75a8a7ca/Multi-modal-palm-print-and-hand-vein-biometric-recognition-at-sensor-level-fusion.pdf",0.0,1.0
"Silva, P., & Torres, L. (2017). Privacy‑preserving biometric voter databases: A cryptographic approach. *Computers & Security*, 68, 1‑12.",Biometric voter registration,gpt_oss_120b,unverified,Reference could not be verified.,CONTRADICTION,CONTRADICTION,CONTRADICTION,CONTRADICTION,ABSENT,Improving the Integrity of a Voting Process with Biometric Authentication and Data Encryption,WM Molina; D Subauste,2023,"Journal of Systemics, Cybernetics and …",,https://www.iiisci.org/JOURNAL/PDV/sci/pdfs/SA225JL23.pdf,GOOGLE,0,4,0,1,0,Privacy‑preserving biometric voter databases: A cryptographic approach,Improving the Integrity of a Voting Process with Biometric Authentication and Data Encryption,"Silva, P.; Torres, L.",WM Molina; D Subauste,2017,2023,*Computers & Security*,"Journal of Systemics, Cybernetics and …",,https://www.iiisci.org/JOURNAL/PDV/sci/pdfs/SA225JL23.pdf,0,0,3,GOOGLE,1,"✗ Title | ✗ Authors | ✗ Year | ✗ Venue | ○ ID

### Summary
No matching article could be found for the reference by Silva and Torres (2017) on privacy-preserving biometric voter databases. The available evidence points to a different article published in 2023 by Molina and Subauste on biometric authentication and data encryption, which has distinct authors, title, year, and journal.

### Details
A matching record was not found for the cited article in Computers & Security from 2017 by Silva and Torres. The closest found article is titled ""Improving the Integrity of a Voting Process with Biometric Authentication and Data Encryption"" by WM Molina and D Subauste, published in 2023 in the Journal of Systemics, Cybernetics and … This article differs significantly in title, authorship, publication year, and venue from the original reference. No DOI was available for either, and the original citation lacks an identifier. The year 2017 does not match the 2023 publication year of the found article, and the authors Silva and Torres do not overlap with Molina and Subauste.

- [Found article PDF](https://www.iiisci.org/JOURNAL/PDV/sci/pdfs/SA225JL23.pdf)",0.0,1.0
"Miller, D., & Osei, K. (2018). Deploying palm‑vein verification in national elections: Lessons from Ghana. *Technical Report*, International Institute for Democracy & Electoral Assistance (IDEA).",Biometric voter registration,gpt_oss_120b,unverified,Reference could not be verified.,UNCONFIRMED,UNCONFIRMED,UNCONFIRMED,UNCONFIRMED,UNCONFIRMED,,,,,,,,,,,,,,,,,,,,,,,0,0,0,,0,"? Title | ? Authors | ? Year | ? Venue | ? ID

### Summary
No matching report or article titled ""Deploying palm‑vein verification in national elections: Lessons from Ghana"" by Miller and Osei from 2018 could be found. The reference could not be confirmed in any known databases or search results.

### Details
A search through OpenAlex and general web searches did not find any records matching the title, authors, year, or publisher details provided. No potential matches or similar documents were identified that correspond to this technical report from the International Institute for Democracy & Electoral Assistance (IDEA). The year 2018 and the authors Miller and Osei were not confirmed in any related sources.

- [OpenAlex](https://openalex.org)
- [Google Search Results](https://www.google.com/search?q=Deploying+palm-vein+verification+in+national+elections+Lessons+from+Ghana)",0.0,1.0
"Wang, Y., & Chen, X. (2019). Scalability of fingerprint‑based voter registration in large‑scale elections. *IEEE Access*, 7, 145‑156.",Biometric voter registration,gpt_oss_120b,unverified,Reference could not be verified.,UNCONFIRMED,UNCONFIRMED,UNCONFIRMED,UNCONFIRMED,UNCONFIRMED,,,,,,,,,,,,,,,,,,,,,,,0,0,0,,0,"? Title | ? Authors | ? Year | ? Venue | ? ID

### Summary
No matching article could be found for the reference by Wang and Chen (2019) on scalability of fingerprint-based voter registration in large-scale elections. The search did not confirm the title, authors, year, or journal details.

### Details
A search in OpenAlex and other scholarly databases found no records matching the given title, authors, or publication year. Multiple related articles on fingerprint-based voting and scalability were found, but none matched the exact reference details. The year 2019 and the journal IEEE Access were not confirmed by any evidence.

- https://link.springer.com/article/10.1007/s10586-023-04261-x
- https://ieeexplore.ieee.org/abstract/document/10973981/
- https://ieeexplore.ieee.org/abstract/document/10847284/",0.0,1.0
"Rossi, F., & Bianchi, M. (2020). Legal and ethical implications of biometric voter registration in the European Union. *European Journal of Law and Technology*, 11(2), 89‑107.",Biometric voter registration,gpt_oss_120b,unverified,Reference could not be verified.,CONTRADICTION,UNCONFIRMED,UNCONFIRMED,UNCONFIRMED,ABSENT,Biometric voter registration: A new modality of democracy assistance?,,,,,https://www.researchgate.net/publication/345446957_Biometric_voter_registration_A_new_modality_of_democracy_assistance,GOOGLE,0,1,0,1,3,Legal and ethical implications of biometric voter registration in the European Union.,Biometric voter registration: A new modality of democracy assistance?,"Rossi, F.; Bianchi, M.",,2020,,European Journal of Law and Technology,,,https://www.researchgate.net/publication/345446957_Biometric_voter_registration_A_new_modality_of_democracy_assistance,0,0,3,GOOGLE,0,"✗ Title | ? Authors | ? Year | ? Venue | ○ ID

### Summary
No matching article could be found for the reference by Rossi and Bianchi (2020) titled ""Legal and ethical implications of biometric voter registration in the European Union"" in the European Journal of Law and Technology. The search results showed a different article with a broader focus on biometric voter registration as a modality of democracy assistance, which does not match the specific title or scope.

### Details
A matching record was not found in OpenAlex or other academic databases. The title in the citation contradicts the best potential match found, which focuses on democracy assistance rather than EU-specific legal and ethical implications. The authors and year could not be confirmed due to lack of matching metadata. No DOI or other identifier was available to verify the reference. The best potential match found was a ResearchGate publication titled ""Biometric voter registration: A new modality of democracy assistance?"" which differs significantly in focus and scope from the cited article.

- https://www.researchgate.net/publication/345446957_Biometric_voter_registration_A_new_modality_of_democracy_assistance",0.0,1.0
"Nguyen, T., & Park, S. (2021). Deep learning for real‑time facial recognition in voter verification. *Proceedings of the 2021 ACM Conference on Computer and Communications Security (CCS)*, 1123‑1135.",Biometric voter registration,gpt_oss_120b,unverified,Reference could not be verified.,CONTRADICTION,CONTRADICTION,CONTRADICTION,CONTRADICTION,ABSENT,Facial recognition and manual verification automation device for polling booths (DigiVoter),P Sudhakaran; V Rekha; V Sindhu; M Preetha,2024,"Conference on Recent …, Springer",10.1007/978-981-97-8946-7_11,https://link.springer.com/chapter/10.1007/978-981-97-8946-7_11,GOOGLE,0,4,0,1,0,Deep learning for real‑time facial recognition in voter verification,Facial recognition and manual verification automation device for polling booths (DigiVoter),"Nguyen, T.; Park, S.",P Sudhakaran; V Rekha; V Sindhu; M Preetha,2021,2024,Proceedings of the 2021 ACM Conference on Computer and Communications Security (CCS),"Conference on Recent …, Springer",,10.1007/978-981-97-8946-7_11,0,0,3,GOOGLE,0,"✗ Title | ✗ Authors | ✗ Year | ✗ Venue | ○ ID

### Summary
No matching article could be found for the reference by Nguyen and Park (2021) on deep learning for real-time facial recognition in voter verification. The search results instead found a different work from 2024 by Sudhakaran et al. about a facial recognition and manual verification device for polling booths.

### Details
A matching record was not found for the cited article in the ACM CCS 2021 conference. The title, authors, year, and venue all differ significantly from the best available candidate, which is a 2024 Springer conference paper by Sudhakaran, Rekha, Sindhu, and Preetha. The cited year 2021 contrasts with 2024, and the topics, authors, and publication venues do not align. No DOI or other identifier was present in the original citation to aid verification.

- https://link.springer.com/chapter/10.1007/978-981-97-8946-7_11",0.0,1.0
"Patel, N., & Singh, R. (2023). A dissertation on the impact of biometric voter registration on electoral fraud reduction. *Doctoral dissertation*, University of California, Berkeley.",Biometric voter registration,gpt_oss_120b,unverified,Reference could not be verified.,UNCONFIRMED,UNCONFIRMED,UNCONFIRMED,UNCONFIRMED,UNCONFIRMED,,,,,,,,,,,,,,,,,,,,,,,0,0,0,,0,"? Title | ? Authors | ? Year | ? Venue | ? ID

### Summary
No matching dissertation or publication by Patel and Singh from 2023 on the impact of biometric voter registration was found. The reference could not be verified as no records or evidence were located.

### Details
A search in OpenAlex and Google did not find any matching work with the given title, authors, year, or university affiliation. There were no potential matches or related records discovered in the databases checked.

- https://openalex.org
- https://www.google.com/search",0.0,1.0
"Smith, J. A., & Lee, K. (2020). Projected impacts of extreme heat on urban populations. *Nature Climate Change, 10*(4), 345‑352.",Climate change,gpt_oss_120b,unverified,Reference could not be verified.,CONTRADICTION,CONTRADICTION,MATCH,CONTRADICTION,ABSENT,Vulnerability assessment of urban expansion and modelling green spaces to build heat waves risk resiliency in Karachi,Adnan Arshad; Muhammad Ashraf; Ristina Siti Sundari; Huma Qamar; Muhammad Wajid; Mahmood-ul Hasan,2020,International Journal of Disaster Risk Reduction,10.1016/j.ijdrr.2019.101468,https://doi.org/10.1016/j.ijdrr.2019.101468,GOOGLE,1,3,0,1,0,Projected impacts of extreme heat on urban populations.,Vulnerability assessment of urban expansion and modelling green spaces to build heat waves risk resiliency in Karachi,"Smith, J. A.; Lee, K.",Adnan Arshad; Muhammad Ashraf; Ristina Siti Sundari; Huma Qamar; Muhammad Wajid; Mahmood-ul Hasan,2020,2020,Nature Climate Change,International Journal of Disaster Risk Reduction,,10.1016/j.ijdrr.2019.101468,0,0,2,GOOGLE,0,"✗ Title | ✗ Authors | ✓ Year | ✗ Venue | ○ ID

### Summary
No matching article could be found for the reference by Smith and Lee (2020) titled ""Projected impacts of extreme heat on urban populations"" in *Nature Climate Change*. The best candidate found was a different article with a distinct title, authors, and journal.

### Details
A matching record was not found for the cited article. The year 2020 matched exactly, but the title and authors did not correspond. The cited article lists Smith, J. A. and Lee, K. as authors and is published in *Nature Climate Change*, while the closest candidate article has different authors (Arshad et al.) and is published in the *International Journal of Disaster Risk Reduction*. The titles also differ significantly in focus and scope. No DOI was provided in the original citation to aid verification.

- https://doi.org/10.1016/j.ijdrr.2019.101468",0.0,1.0
"Patel, R., & Gomez, L. (2019). Assessing the effectiveness of carbon‑pricing mechanisms. *Journal of Environmental Economics, 45*(2), 210‑229.",Climate change,gpt_oss_120b,unverified,Reference could not be verified.,CONTRADICTION,CONTRADICTION,CONTAINS,CONTRADICTION,ABSENT,Effectiveness of pilot carbon emissions trading systems in China,Zhe Deng; Dongya Li; Tao Pang; Maosheng Duan,2018,Climate Policy,10.1080/14693062.2018.1438245,https://doi.org/10.1080/14693062.2018.1438245,GOOGLE,0,3,1,1,0,Assessing the effectiveness of carbon‑pricing mechanisms.,Effectiveness of pilot carbon emissions trading systems in China,"Patel, R.; Gomez, L.",Zhe Deng; Dongya Li; Tao Pang; Maosheng Duan,2019,2018,Journal of Environmental Economics,Climate Policy,,10.1080/14693062.2018.1438245,0,0,3,GOOGLE,0,"✗ Title | ✗ Authors | ◐ Year | ✗ Venue | ○ ID

### Summary
No matching article could be found for the reference by Patel and Gomez (2019) titled ""Assessing the effectiveness of carbon‑pricing mechanisms"" in the Journal of Environmental Economics. The available records show different authors, titles, and journals, indicating this specific article does not appear in the searched sources.

### Details
A search found a similar article titled ""Effectiveness of pilot carbon emissions trading systems in China"" published in 2018 in Climate Policy by Deng, Li, Pang, and Duan, which differs significantly in title, authors, and journal from the cited reference. The year 2019 in the citation is close to 2018 in the found article, but the other key details do not match. No DOI or other identifier was present in the citation to aid verification. Additional searches returned articles by different Patel authors but none matching the exact citation details.

- https://doi.org/10.1080/14693062.2018.1438245
- https://www.cetjournal.it/index.php/cet/article/view/CET23103136",0.0,1.0
"Wang, H., Zhou, Y., & Chen, X. (2022). Machine‑learning approaches for downscaling climate model outputs. In *Proceedings of the 2022 International Conference on Climate Informatics* (pp. 78‑85). IEEE.",Climate change,gpt_oss_120b,unverified,Reference could not be verified.,CONTRADICTION,CONTRADICTION,MATCH,CONTRADICTION,ABSENT,On deep learning-based bias correction and downscaling of multiple climate models simulations,F Wang; D Tian,2022,Climate dynamics,,https://link.springer.com/article/10.1007/s00382-022-06277-2,GOOGLE,1,3,0,1,0,Machine‑learning approaches for downscaling climate model outputs.,On deep learning-based bias correction and downscaling of multiple climate models simulations,"Wang, H.; Zhou, Y.; Chen, X.",F Wang; D Tian,2022,2022,Proceedings of the 2022 International Conference on Climate Informatics,Climate dynamics,,https://link.springer.com/article/10.1007/s00382-022-06277-2,0,0,3,GOOGLE,0,"✗ Title | ✗ Authors | ✓ Year | ✗ Venue | ○ ID

### Summary
No matching article could be found that corresponds to the original reference. The title, authors, and venue differ significantly from the best available match, despite the year being the same.

### Details
A matching record was found for a 2022 article titled ""On deep learning-based bias correction and downscaling of multiple climate models simulations"" by F. Wang and D. Tian published in the journal Climate Dynamics. However, this differs from the original reference which lists H. Wang, Y. Zhou, and X. Chen as authors, a different title focusing on machine-learning approaches for downscaling climate model outputs, and a conference proceedings venue. The year 2022 matches exactly, but the other key details contradict, indicating these are distinct works. No identifier was provided in the original reference to aid verification.

- https://link.springer.com/article/10.1007/s00382-022-06277-2",0.0,1.0
"O’Connor, M., & Singh, P. (2018). Sea‑level rise and coastal adaptation strategies. *Coastal Management, 46*(3), 215‑237.",Climate change,gpt_oss_120b,unverified,Reference could not be verified.,CONTRADICTION,CONTRADICTION,CONTAINS,CONTRADICTION,ABSENT,Adaptation to uncertain sea-level rise; how uncertainty in Antarctic mass-loss impacts the coastal adaptation strategy of the Netherlands,Marjolijn Haasnoot; Jaap Kwadijk; Jos van Alphen; Dewi Le Bars; Bart van den Hurk; Ferdinand Diermanse; Ad van der Spek; Gualbert Oude Essink; Joost Delsman; Marjolein Mens,2019,Environmental Research Letters,10.1088/1748-9326/ab666c,https://doi.org/10.1088/1748-9326/ab666c,GOOGLE,0,3,1,1,0,Sea‑level rise and coastal adaptation strategies.,Adaptation to uncertain sea-level rise; how uncertainty in Antarctic mass-loss impacts the coastal adaptation strategy of the Netherlands,"O’Connor, M.; Singh, P.",Marjolijn Haasnoot; Jaap Kwadijk; Jos van Alphen; Dewi Le Bars; Bart van den Hurk; Ferdinand Diermanse; Ad van der Spek; Gualbert Oude Essink; Joost Delsman; Marjolein Mens,2018,2019,Coastal Management,Environmental Research Letters,,10.1088/1748-9326/ab666c,0,0,3,GOOGLE,0,"✗ Title | ✗ Authors | ◐ Year | ✗ Venue | ○ ID

### Summary
No matching article could be found for the reference by O’Connor and Singh (2018) titled ""Sea‑level rise and coastal adaptation strategies."" The best candidate found has a different title, different authors, a different journal, and a different publication year.

### Details
A search found a candidate article titled ""Adaptation to uncertain sea-level rise; how uncertainty in Antarctic mass-loss impacts the coastal adaptation strategy of the Netherlands"" published in 2019 in Environmental Research Letters. This article has a completely different set of authors than the cited O’Connor and Singh paper. The title and journal also do not match the original reference. The year is close but not exact, and no DOI or other identifier was found for the original citation.

- https://doi.org/10.1088/1748-9326/ab666c",0.0,1.0
"Hernandez, A., & Torres, M. (2021). Deforestation feedbacks in the Amazon basin. *Earth System Science Data, 13*(5), 2151‑2170.",Climate change,gpt_oss_120b,unverified,Reference could not be verified.,CONTRADICTION,CONTRADICTION,CONTRADICTION,CONTRADICTION,ABSENT,Greenhouse Gas Emissions from Livestock-Driven Deforestation in the Amazon: A Bibliometric Analysis 2004–2024,D Hernandez Guzman; S Zielinski,2025,Land,,https://www.mdpi.com/2073-445X/14/8/1695,GOOGLE,0,4,0,1,0,Deforestation feedbacks in the Amazon basin,Greenhouse Gas Emissions from Livestock-Driven Deforestation in the Amazon: A Bibliometric Analysis 2004–2024,"Hernandez, A.; Torres, M.",D Hernandez Guzman; S Zielinski,2021,2025,Earth System Science Data,Land,,https://www.mdpi.com/2073-445X/14/8/1695,0,0,3,GOOGLE,1,"✗ Title | ✗ Authors | ✗ Year | ✗ Venue | ○ ID

### Summary
No matching article could be found for the reference by Hernandez and Torres (2021) titled ""Deforestation feedbacks in the Amazon basin."" The details show that the titles, authors, publication years, and journals do not align with any known records.

### Details
A search found a different article titled ""Greenhouse Gas Emissions from Livestock-Driven Deforestation in the Amazon: A Bibliometric Analysis 2004–2024"" by Hernandez Guzman and Zielinski, published in 2025 in the journal Land. This differs significantly from the cited article in title focus, author names, publication year (2021 vs. 2025), and journal (Earth System Science Data vs. Land). No identifier was available to confirm the citation. These contradictions indicate the cited reference could not be verified.

- https://www.mdpi.com/2073-445X/14/8/1695",0.0,1.0
"Liu, Y., & Zhao, Q. (2023). Attribution of recent extreme precipitation events to anthropogenic climate change. *Geophysical Research Letters, 50*(12), e2023GL102345.",Climate change,gpt_oss_120b,unverified,Reference could not be verified.,CONTRADICTION,CONTRADICTION,MATCH,CONTAINS,ABSENT,Attribution of the record‐breaking extreme precipitation events in July 2021 over central and eastern China to anthropogenic climate change,J Gong; M Dembélé; F Tosunoğlu; J Liu,2023,Earth's Future,10.1029/2023EF003613,https://agupubs.onlinelibrary.wiley.com/doi/abs/10.1029/2023EF003613,GOOGLE,1,2,1,1,0,Attribution of recent extreme precipitation events to anthropogenic climate change,Attribution of the record‐breaking extreme precipitation events in July 2021 over central and eastern China to anthropogenic climate change,"Liu, Y.; Zhao, Q.",J Gong; M Dembélé; F Tosunoğlu; J Liu,2023,2023,Geophysical Research Letters,Earth's Future,,10.1029/2023EF003613,0,0,3,GOOGLE,0,"✗ Title | ✗ Authors | ✓ Year | ◐ Venue | ○ ID

### Summary
No matching article could be found for the given reference. The title and authors differ significantly from any records found, despite the year matching.

### Details
A matching record was not found for the title ""Attribution of recent extreme precipitation events to anthropogenic climate change"" by Liu, Y. and Zhao, Q. in 2023. The closest found article has a longer, more specific title about July 2021 extreme precipitation in central and eastern China, authored by Gong, J., Dembélé, M., Tosunoğlu, F., and Liu, J., published in Earth's Future. The journals differ, and the author lists do not overlap except for a different Liu. No DOI or identifier was found matching the original citation.

- https://agupubs.onlinelibrary.wiley.com/doi/abs/10.1029/2023EF003613",0.0,1.0
"Brown, T. J. (2020). *Climate change communication in the digital age* (Doctoral dissertation, University of California, Berkeley). ProQuest Dissertations Publishing.",Climate change,gpt_oss_120b,unverified,,MATCH,CONTRADICTION,UNCONFIRMED,UNCONFIRMED,ABSENT,,,,,,,,,,,,,,,,,,,,,,,,,,,,,0.067,0.933
European Environment Agency. (2019). *Climate change impacts on European agriculture* (Technical Report No. 12/2019). European Environment Agency.,Climate change,gpt_oss_120b,verified-with-error,European Environment Agency. (n.d.). *Global Climate Change Impacts - Agricultural Supply in Europe*. European Environment Agency. https://www.eea.europa.eu/en/analysis/publications/global-climate-change-impacts-and,CONTAINS,MATCH,UNCONFIRMED,MATCH,ABSENT,Global Climate Change Impacts - Agricultural Supply in Europe,European Environment Agency,,European Environment Agency,,https://www.eea.europa.eu/en/analysis/publications/global-climate-change-impacts-and,GOOGLE,2,0,1,1,1,Climate change impacts on European agriculture,Global Climate Change Impacts - Agricultural Supply in Europe,European Environment Agency,European Environment Agency,2019,,European Environment Agency,European Environment Agency,,https://www.eea.europa.eu/en/analysis/publications/global-climate-change-impacts-and,1,1,2,GOOGLE,0,"◐ Title | ✓ Authors | ? Year | ✓ Venue | ○ ID

### Summary
This report was found from the European Environment Agency with matching authors and publisher. The title closely relates to the cited one, focusing on climate change impacts on European agriculture, though the exact year could not be confirmed.

### Details
A matching record titled ""Global Climate Change Impacts - Agricultural Supply in Europe"" was found from the European Environment Agency, which aligns well with the cited topic. The authors and publisher match exactly. However, the year 2019 from the citation could not be confirmed as the found document does not specify a publication year. No DOI or other identifier was available to verify the year.

- https://www.eea.europa.eu/en/analysis/publications/global-climate-change-impacts-and",0.633,0.367
IPCC. (2021). *Climate Change 2021: The Physical Science Basis* (Report No. AR6‑WGI). Intergovernmental Panel on Climate Change.,Climate change,gpt_oss_120b,verified,Intergovernmental Panel on Climate Change. (2021). *Climate Change 2021: The Physical Science Basis* (Report No. AR6‑WGI). Intergovernmental Panel on Climate Change. https://www.ipcc.ch/report/ar6/wg1/,MATCH,MATCH,MATCH,MATCH,ABSENT,Climate Change 2021: The Physical Science Basis,Intergovernmental Panel on Climate Change,2021,Intergovernmental Panel on Climate Change (Report AR6-WGI),,https://www.ipcc.ch/report/ar6/wg1/,GOOGLE,4,0,0,1,0,Climate Change 2021: The Physical Science Basis,Climate Change 2021: The Physical Science Basis,IPCC,Intergovernmental Panel on Climate Change,2021,2021,Intergovernmental Panel on Climate Change,Intergovernmental Panel on Climate Change (Report AR6-WGI),,https://www.ipcc.ch/report/ar6/wg1/,1,1,1,GOOGLE,1,"✓ Title | ✓ Authors | ✓ Year | ✓ Venue | ○ ID

### Summary
This report was confirmed as ""Climate Change 2021: The Physical Science Basis"" authored by the Intergovernmental Panel on Climate Change (IPCC) in 2021. The title, authorship, year, and publisher details all match exactly, verifying the reference.

### Details
A matching record was found with the exact title ""Climate Change 2021: The Physical Science Basis"" and the author listed as the Intergovernmental Panel on Climate Change, which corresponds to the acronym IPCC used in the citation. The year 2021 matched exactly. The venue is identified as the Intergovernmental Panel on Climate Change with the report designation AR6-WGI, consistent with the citation. No DOI was provided in the original citation, which aligns with the evidence. Relevant sources include the official IPCC report page and Cambridge University Press listings.

- [IPCC Report AR6 WGI](https://www.ipcc.ch/report/ar6/wg1/)
- [Cambridge University Press eBook](https://doi.org/10.1017/9781009157896)",1.0,0.0
"Kim, S., & Park, J. (2022). Evaluating renewable energy integration under climate variability. *Renewable Energy, 180*, 1123‑1135.",Climate change,gpt_oss_120b,needs-human,Reference requires human review.,CONTRADICTION,CONTAINS,CONTAINS,MATCH,ABSENT,Optimization of the design of an agrophotovoltaic system in future climate conditions in South Korea,S Kim; S Kim,2023,Renewable Energy,,https://www.sciencedirect.com/science/article/pii/S0960148123002410,GOOGLE,1,1,2,1,0,Evaluating renewable energy integration under climate variability.,Optimization of the design of an agrophotovoltaic system in future climate conditions in South Korea,"Kim, S.; Park, J.",S Kim; S Kim,2022,2023,Renewable Energy,Renewable Energy,,https://www.sciencedirect.com/science/article/pii/S0960148123002410,0,0,3,GOOGLE,0,"✗ Title | ◐ Authors | ◐ Year | ✓ Venue | ○ ID

### Summary
The reference could not be fully verified because the title does not match the found article, even though the journal and one author name are similar. The year is close but not exact, and the main topics differ significantly.

### Details
A matching record was found in the journal Renewable Energy with the year 2023, which is close to the cited year 2022. One author, S. Kim, matches the citation's authors, but the other cited author, J. Park, is not present in the found article. The titles differ notably: the citation discusses renewable energy integration under climate variability, while the found article focuses on optimizing an agrophotovoltaic system design in South Korea under future climate conditions. No DOI was available to confirm the match.

- https://www.sciencedirect.com/science/article/pii/S0960148123002410",0.1,0.9
"Lipper, L., Thornton, P., Campbell, B. M., Baedeker, T., Braimoh, A., Bwalya, M., ... & Van der Werf, G. (2014). Climate-smart agriculture: Building resilience to climate change. *Nature Climate Change, 4*(4), 287‑292.",Climate change adaptation in agriculture,gpt_oss_120b,needs-human,,CONTAINS,UNCONFIRMED,UNCONFIRMED,CONTAINS,ABSENT,,,,,,,,,,,,,,,,,,,,,,,,,,,,,0.267,0.733
"Howden, S. M., Soussana, J. F., Tubiello, F. N., Chhetri, N., Dunlop, M., & Meinke, H. (2007). Adapting agriculture to climate change. *Proceedings of the National Academy of Sciences, 104*(50), 19691‑19696.",Climate change adaptation in agriculture,gpt_oss_120b,verified,"Howden, M., Soussana, J.-F., Tubiello, F. N., Chhetri, N., Dunlop, M., & Meinke, H. (2007). Adapting agriculture to climate change. *Proceedings of the National Academy of Sciences*, 104(50), 19691-19696. https://doi.org/10.1073/pnas.0701890104",MATCH,MATCH,MATCH,MATCH,ABSENT,Adapting agriculture to climate change,Mark Howden; Jean‐François Soussana; Francesco N. Tubiello; Netra Chhetri; Michael Dunlop; Holger Meinke,2007,Proceedings of the National Academy of Sciences,10.1073/pnas.0701890104,https://doi.org/10.1073/pnas.0701890104,GOOGLE,4,0,0,1,0,Adapting agriculture to climate change.,Adapting agriculture to climate change,"Howden, S. M.; Soussana, J. F.; Tubiello, F. N.; Chhetri, N.; Dunlop, M.; Meinke, H.",Mark Howden; Jean‐François Soussana; Francesco N. Tubiello; Netra Chhetri; Michael Dunlop; Holger Meinke,2007,2007,Proceedings of the National Academy of Sciences,Proceedings of the National Academy of Sciences,,10.1073/pnas.0701890104,1,1,1,GOOGLE,0,"✓ Title | ✓ Authors | ✓ Year | ✓ Venue | ○ ID

### Summary
This article was confirmed in the Proceedings of the National Academy of Sciences with matching authors and year. The title ""Adapting agriculture to climate change"" was exactly matched, and all six authors correspond to the same individuals listed in the citation.

### Details
A matching record was found with the exact title ""Adapting agriculture to climate change"" published in 2007. The authors Mark Howden, Jean-François Soussana, Francesco N. Tubiello, Netra Chhetri, Michael Dunlop, and Holger Meinke were all confirmed, matching the citation's author list despite differences in name formatting (initials vs full names). The journal name also matched exactly as ""Proceedings of the National Academy of Sciences."" No identifier was present in the citation, but the evidence includes the DOI 10.1073/pnas.0701890104.

- [DOI link](https://doi.org/10.1073/pnas.0701890104)",1.0,0.0
"Schlenker, W., & Roberts, M. J. (2009). Nonlinear temperature effects indicate severe damages to U.S. crop yields under climate change. *Nature, 460*(7252), 113–116.",Climate change adaptation in agriculture,gpt_oss_120b,verified-with-error,"Schlenker, W., & Roberts, M. J. (2009). Nonlinear temperature effects indicate severe damages to U.S. crop yields under climate change. *Proceedings of the National Academy of Sciences, 106*(37), 15594–15598. https://doi.org/10.1073/pnas.0906865106",MATCH,MATCH,MATCH,CONTRADICTION,ABSENT,Nonlinear temperature effects indicate severe damages to U.S. crop yields under climate change,Wolfram Schlenker; Michael J. Roberts,2009,Proceedings of the National Academy of Sciences,10.1073/pnas.0906865106,https://doi.org/10.1073/pnas.0906865106,GOOGLE,3,1,0,1,0,Nonlinear temperature effects indicate severe damages to U.S. crop yields under climate change.,Nonlinear temperature effects indicate severe damages to U.S. crop yields under climate change,"Schlenker, W.; Roberts, M. J.",Wolfram Schlenker; Michael J. Roberts,2009,2009,Nature,Proceedings of the National Academy of Sciences,,10.1073/pnas.0906865106,0,0,1,GOOGLE,0,"✓ Title | ✓ Authors | ✓ Year | ✗ Venue | ○ ID

### Summary
This article was confirmed with the title ""Nonlinear temperature effects indicate severe damages to U.S. crop yields under climate change"" and authors Wolfram Schlenker and Michael J. Roberts from the year 2009. However, the journal name in the original reference was incorrect; the article was actually published in the *Proceedings of the National Academy of Sciences* rather than *Nature*.

### Details
A matching record was found with the exact title and author names, confirming the year 2009. The original citation listed the journal as *Nature*, but the verified source shows it was published in the *Proceedings of the National Academy of Sciences*. No DOI was provided in the original citation, but the verified article has DOI 10.1073/pnas.0906865106. This discrepancy in the journal name is the reason for the minor verification error.

- https://doi.org/10.1073/pnas.0906865106
- https://pubmed.ncbi.nlm.nih.gov/19717432/
- https://www.pnas.org/doi/10.1073/pnas.0906865106",0.6,0.4
"Deressa, T. T., Hassan, R. M., & Ringler, C. (2009). Climate change and smallholder farmer adaptation strategies in the Ethiopian highlands. *Agricultural Systems, 100*(1), 45‑55.",Climate change adaptation in agriculture,gpt_oss_120b,needs-human,Reference requires human review.,CONTRADICTION,CONTAINS,MATCH,CONTAINS,ABSENT,Determinants of farmers’ choice of adaptation methods to climate change in the Nile Basin of Ethiopia,Temesgen Deressa; Rashid Hassan; Claudia Ringler; Tekie Alemu; Mahmud Yesuf,2009,Global Environmental Change,10.1016/j.gloenvcha.2009.01.002,https://doi.org/10.1016/j.gloenvcha.2009.01.002,GOOGLE,1,1,2,1,0,Climate change and smallholder farmer adaptation strategies in the Ethiopian highlands.,Determinants of farmers’ choice of adaptation methods to climate change in the Nile Basin of Ethiopia,"Deressa, T. T.; Hassan, R. M.; Ringler, C.",Temesgen Deressa; Rashid Hassan; Claudia Ringler; Tekie Alemu; Mahmud Yesuf,2009,2009,Agricultural Systems,Global Environmental Change,,10.1016/j.gloenvcha.2009.01.002,0,0,1,GOOGLE,1,"✗ Title | ◐ Authors | ✓ Year | ◐ Venue | ○ ID

### Summary
The reference could not be fully verified because the title and journal do not match the found article, although the authors and year are consistent. The original citation refers to a study on smallholder farmer adaptation strategies in the Ethiopian highlands published in Agricultural Systems, while the closest match is a 2009 article by the same authors with additional co-authors, focusing on adaptation methods in the Nile Basin of Ethiopia and published in Global Environmental Change.

### Details
A matching record was found with the same three authors plus two more, published in 2009, but the title and journal differ significantly. The original title focuses on the Ethiopian highlands, whereas the found article addresses the Nile Basin. The journals Agricultural Systems and Global Environmental Change are different, though both are Elsevier publications. No DOI or other identifier was present in the original citation to confirm a direct match.

- https://doi.org/10.1016/j.gloenvcha.2009.01.002",0.1,0.9
"Nelson, G. C., Rosegrant, M. W., Koo, J., Robertson, R., Sulser, T., & Zhu, T. (2014). Climate change adaptation in agriculture: A review of the literature. *Food Policy, 44*, 1‑12.",Climate change adaptation in agriculture,gpt_oss_120b,needs-human,Reference requires human review.,CONTAINS,CONTRADICTION,MATCH,CONTAINS,ABSENT,"Understanding the nested, multi-scale, spatial and hierarchical nature of future climate change adaptation decision making in agricultural regions: A narrative literature review",Greg Lyle,2014,Journal of Rural Studies,10.1016/j.jrurstud.2014.10.004,https://doi.org/10.1016/j.jrurstud.2014.10.004,GOOGLE,1,1,2,1,0,Climate change adaptation in agriculture: A review of the literature,"Understanding the nested, multi-scale, spatial and hierarchical nature of future climate change adaptation decision making in agricultural regions: A narrative literature review","Nelson, G. C.; Rosegrant, M. W.; Koo, J.; Robertson, R.; Sulser, T.; Zhu, T.",Greg Lyle,2014,2014,Food Policy,Journal of Rural Studies,,10.1016/j.jrurstud.2014.10.004,0,0,1,GOOGLE,0,"◐ Title | ✗ Authors | ✓ Year | ◐ Venue | ○ ID

### Summary
The reference could not be fully confirmed because the authors listed do not match the authors of the closest found article, even though the year and general topic are similar. The titles both discuss climate change adaptation in agriculture and are literature reviews, but the author names differ significantly.

### Details
A matching record was found for a 2014 article titled ""Understanding the nested, multi-scale, spatial and hierarchical nature of future climate change adaptation decision making in agricultural regions: A narrative literature review"" published in the Journal of Rural Studies by Greg Lyle. However, the original citation lists six different authors and is published in Food Policy. The year 2014 matched exactly, and both journals are published by Elsevier, but the author contradiction and different journal titles mean this is not a clear match. No DOI was provided in the original citation to aid verification.

- https://doi.org/10.1016/j.jrurstud.2014.10.004",0.2,0.8
"Intergovernmental Panel on Climate Change. (2014). *Climate Change 2014: Impacts, Adaptation, and Vulnerability* (Technical Report). Cambridge University Press.",Climate change adaptation in agriculture,gpt_oss_120b,verified-with-error,"Intergovernmental Panel on Climate Change. (2014). *Climate Change 2014: Impacts, Adaptation, and Vulnerability*. IPCC. https://www.ipcc.ch/report/ar5/wg2/",MATCH,MATCH,MATCH,CONTRADICTION,ABSENT,"AR5 Climate Change 2014: Impacts, Adaptation, and Vulnerability",Intergovernmental Panel on Climate Change,2014,IPCC,,https://www.ipcc.ch/report/ar5/wg2/,GOOGLE,3,1,0,1,0,"Climate Change 2014: Impacts, Adaptation, and Vulnerability","AR5 Climate Change 2014: Impacts, Adaptation, and Vulnerability",Intergovernmental Panel on Climate Change,Intergovernmental Panel on Climate Change,2014,2014,Cambridge University Press,IPCC,,https://www.ipcc.ch/report/ar5/wg2/,0,0,2,GOOGLE,1,"✓ Title | ✓ Authors | ✓ Year | ✗ Venue | ○ ID

### Summary
This report was confirmed as the 2014 publication titled ""Climate Change 2014: Impacts, Adaptation, and Vulnerability"" by the Intergovernmental Panel on Climate Change. The title, authors, and year matched exactly, but there was a minor discrepancy regarding the venue or publisher name.

### Details
A matching record was found with the exact title and author as the Intergovernmental Panel on Climate Change in 2014. The title matched perfectly, including the core phrase, though the candidate added the abbreviation ""AR5"" which refers to the Fifth Assessment Report and does not change the identity of the document. The authorship by the IPCC was confirmed exactly. The year 2014 matched exactly as well. However, there was a contradiction in the venue: the citation listed Cambridge University Press as the publisher, while the evidence pointed to the IPCC itself as the publishing body. This reflects a minor issue in how the publisher or venue is recorded but does not affect the overall confirmation of the document. No digital identifier like a DOI was present in the citation.

- [IPCC Report AR5 WG2](https://www.ipcc.ch/report/ar5/wg2/)
- [Cambridge University Press eBook on OpenAlex](https://doi.org/10.1017/cbo9781107415379)",0.6,0.4
"Zhang, X., & Wang, Y. (2021). Adaptation pathways for cereal production under future climate scenarios: A case study in the North China Plain. In *Proceedings of the 10th International Conference on Climate Change and Agriculture* (pp. 112‑124). Springer.",Climate change adaptation in agriculture,gpt_oss_120b,unverified,Reference could not be verified.,CONTRADICTION,CONTRADICTION,MATCH,CONTRADICTION,ABSENT,Planning maize hybrids adaptation to future climate change by integrating crop modelling with machine learning,L Zhang; Z Zhang; F Tao; Y Luo; J Cao,2021,Environmental …,,https://iopscience.iop.org/article/10.1088/1748-9326/ac32fd/meta,GOOGLE,1,3,0,1,0,Adaptation pathways for cereal production under future climate scenarios: A case study in the North China Plain.,Planning maize hybrids adaptation to future climate change by integrating crop modelling with machine learning,"Zhang, X.; Wang, Y.",L Zhang; Z Zhang; F Tao; Y Luo; J Cao,2021,2021,Proceedings of the 10th International Conference on Climate Change and Agriculture,Environmental …,,https://iopscience.iop.org/article/10.1088/1748-9326/ac32fd/meta,0,0,3,GOOGLE,0,"✗ Title | ✗ Authors | ✓ Year | ✗ Venue | ○ ID

### Summary
No matching article could be found for the reference provided. The title, authors, and venue details do not align with any records found in the search results, despite the year 2021 matching.

### Details
A search for the article titled ""Adaptation pathways for cereal production under future climate scenarios: A case study in the North China Plain"" by Zhang, X. and Wang, Y. from 2021 did not yield any matching records. The closest found article was about maize hybrids adaptation using crop modelling and machine learning, authored by a different set of authors (L Zhang, Z Zhang, F Tao, Y Luo, J Cao) and published in a different venue. The year 2021 matched exactly, but the title, authors, and venue were contradictory. No DOI or other identifier was available to confirm the citation. 

- https://iopscience.iop.org/article/10.1088/1748-9326/ac32fd/meta
- https://link.springer.com
- https://www.sciencedirect.com
- https://www.emerald.com
- https://onlinelibrary.wiley.com
- https://agupubs.onlinelibrary.wiley.com
- https://pmc.ncbi.nlm.nih.gov
- https://europepmc.org
- https://www.mdpi.com",0.0,1.0
"Sharma, R. (2020). *Farmer adaptation strategies to climate change in the Indian Himalayas* (Doctoral dissertation, University of Delhi).",Climate change adaptation in agriculture,gpt_oss_120b,unverified,Reference could not be verified.,CONTRADICTION,CONTRADICTION,CONTAINS,CONTRADICTION,ABSENT,Farmer typology to understand differentiated climate change adaptation in Himalaya,Roopam Shukla; Ankit Agarwal; Christoph Gornott; Kamna Sachdeva; P. K. Joshi,2019,Scientific Reports,10.1038/s41598-019-56931-9,https://doi.org/10.1038/s41598-019-56931-9,GOOGLE,0,3,1,1,0,Farmer adaptation strategies to climate change in the Indian Himalayas,Farmer typology to understand differentiated climate change adaptation in Himalaya,"Sharma, R.",Roopam Shukla; Ankit Agarwal; Christoph Gornott; Kamna Sachdeva; P. K. Joshi,2020,2019,University of Delhi,Scientific Reports,,10.1038/s41598-019-56931-9,0,1,3,GOOGLE,0,"✗ Title | ✗ Authors | ◐ Year | ✗ Venue | ○ ID

### Summary
No matching dissertation by Sharma, R. from University of Delhi in 2020 could be found. The closest related work found is a 2019 article with different authors and a different title focusing on farmer typology rather than adaptation strategies.

### Details
A search found a candidate article titled ""Farmer typology to understand differentiated climate change adaptation in Himalaya"" published in 2019 in Scientific Reports by different authors (Shukla, Agarwal, Gornott, Sachdeva, Joshi). The title, authors, and venue differ significantly from the original reference, which cites Sharma, R. (2020) from University of Delhi. No identifier was available in the original citation to aid verification. The year is close but not an exact match, and the geographic focus and subject emphasis differ, indicating these are distinct works.

- https://doi.org/10.1038/s41598-019-56931-9",0.0,1.0
United States Department of Agriculture. (2018). *Climate change adaptation in the Great Plains: Technical report on crop and livestock resilience* (USDA Climate Hubs Publication No. 18‑001).,Climate change adaptation in agriculture,gpt_oss_120b,unverified,Reference could not be verified.,CONTRADICTION,UNCONFIRMED,UNCONFIRMED,MATCH,ABSENT,Agricultural Adaptation in a Changing Climate,,,USDA Climate Hubs website,,https://www.climatehubs.usda.gov/agricultural-adaptation-changing-climate,GOOGLE,1,1,0,1,2,Climate change adaptation in the Great Plains: Technical report on crop and livestock resilience,Agricultural Adaptation in a Changing Climate,United States Department of Agriculture,,2018,,United States Department of Agriculture,USDA Climate Hubs website,,https://www.climatehubs.usda.gov/agricultural-adaptation-changing-climate,0,0,3,GOOGLE,0,"✗ Title | ? Authors | ? Year | ✓ Venue | ○ ID

### Summary
No matching document could be found that exactly corresponds to the cited USDA technical report titled ""Climate change adaptation in the Great Plains: Technical report on crop and livestock resilience"" from 2018. While a related USDA Climate Hubs resource was identified, it has a different title and does not specify the Great Plains or the technical report context.

### Details
A search found a USDA Climate Hubs webpage titled ""Agricultural Adaptation in a Changing Climate,"" which is related but not the same document. The titles differ significantly, with the cited reference focusing specifically on the Great Plains and crop and livestock resilience, whereas the found resource is more general. The authoring organization matches as the United States Department of Agriculture, and the venue (USDA Climate Hubs) aligns, but the year and detailed content could not be confirmed. No DOI or other unique identifier was found to link the citation to a specific document.

- https://www.climatehubs.usda.gov/agricultural-adaptation-changing-climate
- https://www.usda.gov/about-usda/general-information/staff-offices/office-chief-economist/office-energy-and-environmental-policy/climate-change/climate-change-adaptation",0.0,1.0
"Kc, S., & Singh, B. (2019). Integrating climate change adaptation into agricultural policy: Lessons from South Asia. *Journal of Agricultural Economics, 70*(3), 567‑585.",Climate change adaptation in agriculture,gpt_oss_120b,unverified,Reference could not be verified.,UNCONFIRMED,UNCONFIRMED,UNCONFIRMED,UNCONFIRMED,UNCONFIRMED,,,,,,,,,,,,,,,,,,,,,,,0,0,0,,0,"? Title | ? Authors | ? Year | ? Venue | ? ID

### Summary
No matching article could be found for the reference titled ""Integrating climate change adaptation into agricultural policy: Lessons from South Asia"" by Kc and Singh from 2019. None of the key details such as title, authors, year, or journal were confirmed.

### Details
A search was conducted using OpenAlex and Google Scholar, but no records matching the title, authors, year, or journal were found. There were no potential matches or evidence candidates to compare against, leading to the conclusion that this reference could not be verified.

- [OpenAlex](https://openalex.org)
- [Google Scholar](https://scholar.google.com)",0.0,1.0
"Aggarwal, P., & Singh, R. (2021). Climate‑smart agriculture practices and productivity among smallholder rice farmers in India. *Agricultural Systems, 191*, 103215.",Climate-smart agriculture for smallholder farmers,gpt_oss_120b,unverified,Reference could not be verified.,CONTRADICTION,CONTRADICTION,MATCH,CONTRADICTION,ABSENT,"Effect of climate-smart agriculture practices on climate change adaptation, greenhouse gas mitigation and economic efficiency of rice-wheat system in India",SK Kakraliya; HS Jat; TB Sapkota; I Singh; M Kakraliya,2021,Agriculture,,https://www.mdpi.com/2077-0472/11/12/1269,GOOGLE,1,3,0,1,0,Climate‑smart agriculture practices and productivity among smallholder rice farmers in India.,"Effect of climate-smart agriculture practices on climate change adaptation, greenhouse gas mitigation and economic efficiency of rice-wheat system in India","Aggarwal, P.; Singh, R.",SK Kakraliya; HS Jat; TB Sapkota; I Singh; M Kakraliya,2021,2021,Agricultural Systems,Agriculture,,https://www.mdpi.com/2077-0472/11/12/1269,0,0,3,GOOGLE,0,"✗ Title | ✗ Authors | ✓ Year | ✗ Venue | ○ ID

### Summary
No matching article could be found for the reference by Aggarwal and Singh (2021) titled ""Climate‑smart agriculture practices and productivity among smallholder rice farmers in India"". The closest found article differs significantly in title, authors, and journal.

### Details
A matching record was not found in OpenAlex or other scholarly searches. The year 2021 matches exactly, but the title focuses on different subjects: the citation discusses productivity among smallholder rice farmers, while the found article addresses climate-smart agriculture's effects on adaptation, greenhouse gas mitigation, and economic efficiency in the rice-wheat system. The authors do not overlap; the citation lists Aggarwal, P. and Singh, R., whereas the found article lists SK Kakraliya, HS Jat, TB Sapkota, I Singh, and M Kakraliya. The journals differ as well: the citation is from ""Agricultural Systems"" and the found article is from ""Agriculture."" No DOI or other identifier was available to confirm a match.

- https://www.mdpi.com/2077-0472/11/12/1269",0.0,1.0
"Bwalya, M., & Moyo, S. (2020). Adoption of climate‑resilient cropping systems by smallholder farmers in Zambia. *Journal of Sustainable Agriculture, 44*(3), 345‑362.",Climate-smart agriculture for smallholder farmers,gpt_oss_120b,unverified,Reference could not be verified.,CONTRADICTION,CONTRADICTION,CONTRADICTION,CONTRADICTION,ABSENT,Livestock ownership among smallholder farming households in Eastern Zambia: a gendered pathway for enhancing climate resilience?,B Bwalya; BC Chiluba; K Mwanza,2024,Frontiers in Sustainable Food Systems,10.3389/fsufs.2024.1487798,https://www.frontiersin.org/journals/sustainable-food-systems/articles/10.3389/fsufs.2024.1487798/full,GOOGLE,0,4,0,1,0,Adoption of climate‑resilient cropping systems by smallholder farmers in Zambia.,Livestock ownership among smallholder farming households in Eastern Zambia: a gendered pathway for enhancing climate resilience?,"Bwalya, M.; Moyo, S.",B Bwalya; BC Chiluba; K Mwanza,2020,2024,Journal of Sustainable Agriculture,Frontiers in Sustainable Food Systems,,10.3389/fsufs.2024.1487798,0,0,3,GOOGLE,0,"✗ Title | ✗ Authors | ✗ Year | ✗ Venue | ○ ID

### Summary
The reference could not be verified because the details do not match any known publication. The cited article about adoption of climate-resilient cropping systems by Bwalya and Moyo in 2020 differs significantly from the closest found article, which focuses on livestock ownership with different authors and a 2024 publication year.

### Details
A matching record was not found for the cited title, authors, year, or journal. The closest candidate article is titled ""Livestock ownership among smallholder farming households in Eastern Zambia: a gendered pathway for enhancing climate resilience?"" published in 2024 by B Bwalya, BC Chiluba, and K Mwanza in Frontiers in Sustainable Food Systems. This differs in title focus, author list, publication year, and journal from the citation. No DOI or other identifier was present in the original reference to aid verification.

- https://www.frontiersin.org/journals/sustainable-food-systems/articles/10.3389/fsufs.2024.1487798/full",0.0,1.0
"Chen, L., Zhou, Y., & Wang, X. (2022). Integrating agroforestry into climate‑smart agriculture for smallholders in the Chinese Loess Plateau. *Agroforestry Systems, 96*(5), 1231‑1245.",Climate-smart agriculture for smallholder farmers,gpt_oss_120b,unverified,Reference could not be verified.,CONTRADICTION,CONTRADICTION,MATCH,CONTAINS,ABSENT,Plasticity of root traits in a seedling apple intercropping system driven by drought stress on the Loess Plateau of China,L Zhao; N He; J Wang; KHM Siddique; X Gao; X Zhao,2022,Plant and Soil,10.1007/s11104-022-05603-1,https://link.springer.com/article/10.1007/s11104-022-05603-1,GOOGLE,1,2,1,1,0,Integrating agroforestry into climate-smart agriculture for smallholders in the Chinese Loess Plateau.,Plasticity of root traits in a seedling apple intercropping system driven by drought stress on the Loess Plateau of China,"Chen, L.; Zhou, Y.; Wang, X.",L Zhao; N He; J Wang; KHM Siddique; X Gao; X Zhao,2022,2022,Agroforestry Systems,Plant and Soil,,10.1007/s11104-022-05603-1,0,0,3,GOOGLE,0,"✗ Title | ✗ Authors | ✓ Year | ◐ Venue | ○ ID

### Summary
No matching article could be found for the reference by Chen, L., Zhou, Y., & Wang, X. (2022) titled ""Integrating agroforestry into climate‑smart agriculture for smallholders in the Chinese Loess Plateau."" The closest candidate found has a different title, different authors, and a different journal.

### Details
A matching record was not found for the given title and authors. The year 2022 matched exactly, but the title and authors showed contradictions. The candidate article found was titled ""Plasticity of root traits in a seedling apple intercropping system driven by drought stress on the Loess Plateau of China"" with authors Zhao L., He N., Wang J., Siddique K.H.M., Gao X., and Zhao X., published in the journal Plant and Soil. This differs significantly from the citation's title and author list. Both journals are published by Springer, indicating a publisher-level connection, but this is insufficient to confirm the reference. No DOI or other identifier was present in the original citation to aid verification.

- https://link.springer.com/article/10.1007/s11104-022-05603-1",0.0,1.0
Food and Agriculture Organization. (2019). *Climate‑smart agriculture for smallholder farmers: Technical guidelines* (FAO Technical Report No. 2019‑12). FAO.,Climate-smart agriculture for smallholder farmers,gpt_oss_120b,unverified,Reference could not be verified.,CONTRADICTION,MATCH,UNCONFIRMED,MATCH,ABSENT,Overview | Climate-Smart Agriculture,Food and Agriculture Organization (FAO),,FAO website,,https://www.fao.org/climate-smart-agriculture/overview/en/,GOOGLE,2,1,0,1,1,Climate‑smart agriculture for smallholder farmers: Technical guidelines,Overview | Climate-Smart Agriculture,Food and Agriculture Organization,Food and Agriculture Organization (FAO),2019,,FAO,FAO website,,https://www.fao.org/climate-smart-agriculture/overview/en/,0,0,3,GOOGLE,0,"✗ Title | ✓ Authors | ? Year | ✓ Venue | ○ ID

### Summary
No matching document could be found that exactly corresponds to the cited technical guidelines titled ""Climate‑smart agriculture for smallholder farmers: Technical guidelines"" from 2019 by the Food and Agriculture Organization. While the author and publisher match, the title found online refers to a general overview of Climate-Smart Agriculture rather than the specific technical guidelines.

### Details
A matching record was not found in the databases searched. The author ""Food and Agriculture Organization (FAO)"" and the publisher ""FAO"" were confirmed as the same entity. However, the title in the citation differs significantly from the closest available document titled ""Overview | Climate-Smart Agriculture"" found on the FAO website, which is a general overview rather than a technical guideline. The year 2019 could not be confirmed as the online source does not specify a publication year. No DOI or other identifier was found to support the citation. 

- https://www.fao.org/climate-smart-agriculture/overview/en/",0.133,0.867
"Ghosh, S., & Kaur, H. (2023). Impact of climate‑smart livestock interventions on income and resilience of smallholder dairy farms in Bangladesh. *Livestock Science, 267*, 105123.",Climate-smart agriculture for smallholder farmers,gpt_oss_120b,unverified,Reference could not be verified.,CONTRADICTION,CONTRADICTION,MATCH,CONTRADICTION,ABSENT,IMPACT ASSESSMENT OF CLIMATE RESILIENT INTERVENTIONS ON DAIRY FARMING IN HARYANA,S BIJAKAL,2023,krishikosh.egranth.ac.in,,https://krishikosh.egranth.ac.in/server/api/core/bitstreams/2ec3832d-9add-4dfd-8c36-58b00fe13571/content,GOOGLE,1,3,0,1,0,Impact of climate‑smart livestock interventions on income and resilience of smallholder dairy farms in Bangladesh,IMPACT ASSESSMENT OF CLIMATE RESILIENT INTERVENTIONS ON DAIRY FARMING IN HARYANA,"Ghosh, S.; Kaur, H.",S BIJAKAL,2023,2023,Livestock Science,krishikosh.egranth.ac.in,,https://krishikosh.egranth.ac.in/server/api/core/bitstreams/2ec3832d-9add-4dfd-8c36-58b00fe13571/content,0,0,3,GOOGLE,0,"✗ Title | ✗ Authors | ✓ Year | ✗ Venue | ○ ID

### Summary
No matching article could be found for the reference by Ghosh and Kaur (2023) titled ""Impact of climate‑smart livestock interventions on income and resilience of smallholder dairy farms in Bangladesh"". The verification process found significant differences in title, authors, and publication venue compared to available records.

### Details
A matching record was not found in OpenAlex or other scholarly databases. The closest found work was titled ""IMPACT ASSESSMENT OF CLIMATE RESILIENT INTERVENTIONS ON DAIRY FARMING IN HARYANA"" by S Bijakal (2023), which differs in study region (Haryana vs Bangladesh), authorship, and publication source. The year 2023 matched exactly, but the title and authors did not correspond, and the venue was an Indian agricultural repository rather than the journal Livestock Science. No DOI or other identifier was available to confirm the original reference.

- https://krishikosh.egranth.ac.in/server/api/core/bitstreams/2ec3832d-9add-4dfd-8c36-58b00fe13571/content",0.0,1.0
"Karanja, J. M., & Mwangi, J. (2021). Evaluating the effectiveness of climate‑smart irrigation technologies for smallholder maize production in Kenya. In *Proceedings of the International Conference on Climate Change and Agriculture* (pp. 78‑89).",Climate-smart agriculture for smallholder farmers,gpt_oss_120b,unverified,Reference could not be verified.,CONTRADICTION,UNCONFIRMED,CONTRADICTION,CONTRADICTION,ABSENT,Assessing the adoption and impact of climate-smart agricultural ...,,2025,Frontiers in Sustainable Food Systems,10.3389/fsufs.2025.1543805,https://www.frontiersin.org/journals/sustainable-food-systems/articles/10.3389/fsufs.2025.1543805/full,GOOGLE,0,3,0,1,1,Evaluating the effectiveness of climate‑smart irrigation technologies for smallholder maize production in Kenya.,Assessing the adoption and impact of climate-smart agricultural ...,"Karanja, J. M.; Mwangi, J.",,2021,2025,Proceedings of the International Conference on Climate Change and Agriculture,Frontiers in Sustainable Food Systems,,10.3389/fsufs.2025.1543805,0,0,2,GOOGLE,0,"✗ Title | ? Authors | ✗ Year | ✗ Venue | ○ ID

### Summary
No matching article could be found that confirms the original reference. The title, year, and venue details all differ significantly from available records.

### Details
A search found no exact match for the article titled ""Evaluating the effectiveness of climate-smart irrigation technologies for smallholder maize production in Kenya"" from 2021 in the specified conference proceedings. The closest potential match is a 2025 article titled ""Assessing the adoption and impact of climate-smart agricultural ..."" published in Frontiers in Sustainable Food Systems, which differs in title focus, year, and publication venue. The original reference lacks an identifier such as a DOI, making verification more difficult.

- https://www.frontiersin.org/journals/sustainable-food-systems/articles/10.3389/fsufs.2025.1543805/full
- https://ideas.repec.org/a/gam/jsusta/v16y2024i22p9693-d1515888.html",0.0,1.0
"Liu, Y., & Zhang, Q. (2020). Modeling the adoption dynamics of climate‑smart agriculture among smallholder farmers in the Ethiopian highlands. *Environmental Modelling & Software, 132*, 104795.",Climate-smart agriculture for smallholder farmers,gpt_oss_120b,unverified,,CONTAINS,UNCONFIRMED,UNCONFIRMED,UNCONFIRMED,ABSENT,,,,,,,,,,,,,,,,,,,,,,,,,,,,,0.167,0.833
"Ndlovu, T., & Mthembu, N. (2022). Gendered pathways to climate‑smart agriculture adoption among smallholder households in South Africa. *Journal of Rural Studies, 92*, 123‑135.",Climate-smart agriculture for smallholder farmers,gpt_oss_120b,unverified,Reference could not be verified.,CONTRADICTION,CONTRADICTION,CONTAINS,CONTRADICTION,ABSENT,Challenges of Smallholder Farming in Ethiopia and Opportunities by Adopting Climate-Smart Agriculture,Gebeyanesh Worku Zerssa; Debela Hunde Feyssa; Dong‐Gill Kim; Bettina Eichler‐Löbermann,2021,Agriculture,10.3390/agriculture11030192,https://doi.org/10.3390/agriculture11030192,GOOGLE,0,3,1,1,0,Gendered pathways to climate‑smart agriculture adoption among smallholder households in South Africa,Challenges of Smallholder Farming in Ethiopia and Opportunities by Adopting Climate-Smart Agriculture,"Ndlovu, T.; Mthembu, N.",Gebeyanesh Worku Zerssa; Debela Hunde Feyssa; Dong‐Gill Kim; Bettina Eichler‐Löbermann,2022,2021,Journal of Rural Studies,Agriculture,,10.3390/agriculture11030192,0,0,3,GOOGLE,0,"✗ Title | ✗ Authors | ◐ Year | ✗ Venue | ○ ID

### Summary
No matching article could be found for the reference by Ndlovu and Mthembu (2022) titled ""Gendered pathways to climate‑smart agriculture adoption among smallholder households in South Africa."" The closest candidate found was a different article with distinct authors, title, and journal.

### Details
A matching record was not found for the cited article. The candidate article identified has a different title, ""Challenges of Smallholder Farming in Ethiopia and Opportunities by Adopting Climate-Smart Agriculture,"" with no overlapping authors and published in a different journal, Agriculture, in 2021. The cited article's title, authors, and journal do not match any records found in the search results.

- https://doi.org/10.3390/agriculture11030192
- https://link.springer.com/article/10.1007/s43621-025-01150-8
- https://www.mdpi.com/2304-8158/15/4/694
- https://open.uct.ac.za/items/9993211c-1029-42e9-9616-1a3f2b53ef34",0.0,1.0
"Osei, P., & Boateng, A. (2023). Policy incentives for scaling climate‑smart agriculture: Lessons from Ghana’s smallholder sector. *World Development, 165*, 106332.",Climate-smart agriculture for smallholder farmers,gpt_oss_120b,unverified,Reference could not be verified.,CONTRADICTION,UNCONFIRMED,MATCH,CONTRADICTION,ABSENT,Policy incentives for smallholder adoption of climate-smart agricultural practices,,2023,Frontiers in Political Science,10.3389/fpos.2023.1112311,https://www.frontiersin.org/journals/political-science/articles/10.3389/fpos.2023.1112311/full,GOOGLE,1,2,0,1,1,Policy incentives for scaling climate-smart agriculture: Lessons from Ghana’s smallholder sector.,Policy incentives for smallholder adoption of climate-smart agricultural practices,"Osei, P.; Boateng, A.",,2023,2023,World Development,Frontiers in Political Science,,10.3389/fpos.2023.1112311,0,0,1,GOOGLE,0,"✗ Title | ? Authors | ✓ Year | ✗ Venue | ○ ID

### Summary
No matching article could be found that exactly corresponds to the original reference. The title and journal differ significantly from the closest available article, which focuses on policy incentives for smallholder adoption of climate-smart agricultural practices but does not mention Ghana or the smallholder sector specifically.

### Details
A matching record was not found for the original article titled ""Policy incentives for scaling climate-smart agriculture: Lessons from Ghana’s smallholder sector"" published in *World Development* in 2023. The closest potential match is an article titled ""Policy incentives for smallholder adoption of climate-smart agricultural practices"" published in *Frontiers in Political Science* in 2023. However, the titles emphasize different scopes, and the journals are distinct with no clear relation. The year 2023 matches exactly, but author confirmation is lacking and no DOI or other identifier was found for the original reference.

- https://www.frontiersin.org/journals/political-science/articles/10.3389/fpos.2023.1112311/full",0.0,1.0
"Patel, R. (2021). *Climate‑smart agriculture and food security: A dissertation on smallholder adaptation strategies in Nepal* (Doctoral dissertation, University of California, Davis).",Climate-smart agriculture for smallholder farmers,gpt_oss_120b,unverified,,CONTAINS,CONTRADICTION,CONTRADICTION,CONTRADICTION,ABSENT,,,,,,,,,,,,,,,,,,,,,,,,,,,,,0.000,1.000
"Birch, S. (2019). Electoral systems and democratic representation: A comparative analysis. *Journal of Democracy Studies*, 27(3), 45‑62.",Democratic elections,gpt_oss_120b,unverified,Reference could not be verified.,CONTRADICTION,MATCH,CONTRADICTION,UNCONFIRMED,ABSENT,Electoral systems and political transformation in post-communist Europe,S Birch,2003,,,https://books.google.com/books?hl=en&lr=&id=KzGGDAAAQBAJ&oi=fnd&pg=PR1&dq=Electoral+systems+and+democratic+representation:+A+comparative+analysis+Birch&ots=zgvjzOX5aD&sig=wgS1IKk6wxHTRKoD-NYmefLrpqs,GOOGLE,1,2,0,1,1,Electoral systems and democratic representation: A comparative analysis.,Electoral systems and political transformation in post-communist Europe,"Birch, S.",S Birch,2019,2003,Journal of Democracy Studies,,,https://books.google.com/books?hl=en&lr=&id=KzGGDAAAQBAJ&oi=fnd&pg=PR1&dq=Electoral+systems+and+democratic+representation:+A+comparative+analysis+Birch&ots=zgvjzOX5aD&sig=wgS1IKk6wxHTRKoD-NYmefLrpqs,0,0,3,GOOGLE,0,"✗ Title | ✓ Authors | ✗ Year | ? Venue | ○ ID

### Summary
No matching article could be found for the reference provided. Although the author 'Birch, S.' matches, the title and year differ significantly from any available records.

### Details
A matching record was not found in OpenAlex. A search found a book by S. Birch titled ""Electoral systems and political transformation in post-communist Europe"" published in 2003, which differs from the cited title ""Electoral systems and democratic representation: A comparative analysis"" and the year 2019. The journal name ""Journal of Democracy Studies"" could not be confirmed. No DOI or other identifier was available to verify the citation.

- https://books.google.com/books?hl=en&lr=&id=KzGGDAAAQBAJ&oi=fnd&pg=PR1&dq=Electoral+systems+and+democratic+representation:+A+comparative+analysis+Birch&ots=zgvjzOX5aD&sig=wgS1IKk6wxHTRKoD-NYmefLrpqs",0.0,1.0
"Lijphart, A. (2018). Patterns of democratic consolidation in emerging democracies. *Comparative Political Studies*, 51(7), 1023‑1050.",Democratic elections,gpt_oss_120b,unverified,Reference could not be verified.,CONTRADICTION,MATCH,MATCH,CONTRADICTION,ABSENT,Institutional design in new democracies: Eastern Europe and Latin America,A Lijphart,2018,books.google.com,,https://books.google.com/books?hl=en&lr=&id=hQDFDwAAQBAJ&oi=fnd&pg=PP1&dq=Patterns+of+democratic+consolidation+in+emerging+democracies+Lijphart&ots=Va1hKLhJu1&sig=PTv63s6C1_QvObUTJiPBtKE46DI,GOOGLE,2,2,0,1,0,Patterns of democratic consolidation in emerging democracies.,Institutional design in new democracies: Eastern Europe and Latin America,"Lijphart, A.",A Lijphart,2018,2018,Comparative Political Studies,books.google.com,,https://books.google.com/books?hl=en&lr=&id=hQDFDwAAQBAJ&oi=fnd&pg=PP1&dq=Patterns+of+democratic+consolidation+in+emerging+democracies+Lijphart&ots=Va1hKLhJu1&sig=PTv63s6C1_QvObUTJiPBtKE46DI,0,0,3,GOOGLE,1,"✗ Title | ✓ Authors | ✓ Year | ✗ Venue | ○ ID

### Summary
No matching article titled ""Patterns of democratic consolidation in emerging democracies"" by Lijphart in 2018 could be found in the journal Comparative Political Studies. Although the author and year match, the title and publication venue differ significantly, indicating this reference could not be verified.

### Details
A matching record was not found in OpenAlex. A search found a book titled ""Institutional design in new democracies: Eastern Europe and Latin America"" by A. Lijphart from 2018 on books.google.com, which differs in title and publication type from the cited journal article. The year 2018 and author name matched exactly, but the title and venue did not correspond to the citation. No DOI or other identifier was available to confirm the citation.

- https://books.google.com/books?hl=en&lr=&id=hQDFDwAAQBAJ&oi=fnd&pg=PP1&dq=Patterns+of+democratic+consolidation+in+emerging+democracies+Lijphart&ots=Va1hKLhJu1&sig=PTv63s6C1_QvObUTJiPBtKE46DI
- https://www.jstor.org/stable/j.ctt32bg23
- https://yalebooks.yale.edu/book/9780300172027/patterns-of-democracy/",0.0,1.0
"Norris, P., & Inglehart, R. (2020). Cultural foundations of voter turnout in modern democracies. *Political Behavior*, 42(2), 215‑237.",Democratic elections,gpt_oss_120b,unverified,Reference could not be verified.,UNCONFIRMED,UNCONFIRMED,UNCONFIRMED,UNCONFIRMED,UNCONFIRMED,,,,,,,,,,,,,,,,,,,,,,,0,0,0,,0,"? Title | ? Authors | ? Year | ? Venue | ? ID

### Summary
No matching article titled ""Cultural foundations of voter turnout in modern democracies"" by Norris and Inglehart from 2020 could be found in the journal Political Behavior or elsewhere. The reference could not be verified based on available data.

### Details
A search in OpenAlex and Google did not find any record matching the title, authors, year, or journal. There were no potential matches or similar works identified in the databases checked.

- [OpenAlex](https://openalex.org)
- [Google Search](https://www.google.com)",0.0,1.0
"Ginsberg, B., & Shepsle, K. A. (2021). The strategic behavior of parties in proportional representation elections. In S. R. Smith (Ed.), *Proceedings of the 2021 International Conference on Electoral Studies* (pp. 89‑104). Cambridge University Press.",Democratic elections,gpt_oss_120b,unverified,Reference could not be verified.,CONTRADICTION,CONTRADICTION,CONTRADICTION,CONTRADICTION,ABSENT,The competitive road to proportional representation: partisan biases and electoral regime change under increasing party competition,E Calvo,2009,World Politics,,https://www.cambridge.org/core/journals/world-politics/article/competitive-road-to-proportional-representation/150DF2FEBD0E8F11C12C89BD1FA74656,GOOGLE,0,4,0,1,0,The strategic behavior of parties in proportional representation elections.,The competitive road to proportional representation: partisan biases and electoral regime change under increasing party competition,"Ginsberg, B.; Shepsle, K. A.",E Calvo,2021,2009,Proceedings of the 2021 International Conference on Electoral Studies,World Politics,,https://www.cambridge.org/core/journals/world-politics/article/competitive-road-to-proportional-representation/150DF2FEBD0E8F11C12C89BD1FA74656,0,0,3,GOOGLE,0,"✗ Title | ✗ Authors | ✗ Year | ✗ Venue | ○ ID

### Summary
No matching article could be found that confirms the reference by Ginsberg and Shepsle from 2021 about strategic behavior in proportional representation elections. The available evidence points to a different work by E. Calvo from 2009 with a distinct title, authorship, year, and publication.

### Details
A search found no record matching the cited title, authors, year, or venue. The closest found article is by E. Calvo (2009) titled ""The competitive road to proportional representation: partisan biases and electoral regime change under increasing party competition,"" published in the journal World Politics. This differs significantly from the cited conference proceedings by Ginsberg and Shepsle in 2021. There is no identifier provided in the citation to aid verification.

- https://www.cambridge.org/core/journals/world-politics/article/competitive-road-to-proportional-representation/150DF2FEBD0E8F11C12C89BD1FA74656",0.0,1.0
"Alvarez, M., & García, L. (2022). Election fraud detection using statistical forensics: A case study of Latin American elections. *Electoral Studies Technical Report*, University of Madrid.",Democratic elections,gpt_oss_120b,unverified,Reference could not be verified.,CONTRADICTION,CONTRADICTION,MATCH,CONTRADICTION,ABSENT,The forensics of fraud: Evidence from the 2018 Brazilian presidential election,D Figueiredo Filho; L Silva; E Carvalho,2022,Forensic Science International,,https://www.sciencedirect.com/science/article/pii/S2589871X22000717,GOOGLE,1,3,0,1,0,Election fraud detection using statistical forensics: A case study of Latin American elections.,The forensics of fraud: Evidence from the 2018 Brazilian presidential election,"Alvarez, M.; García, L.",D Figueiredo Filho; L Silva; E Carvalho,2022,2022,Electoral Studies Technical Report,Forensic Science International,,https://www.sciencedirect.com/science/article/pii/S2589871X22000717,0,0,3,GOOGLE,1,"✗ Title | ✗ Authors | ✓ Year | ✗ Venue | ○ ID

### Summary
No matching article could be found for the reference by Alvarez and García (2022) titled ""Election fraud detection using statistical forensics: A case study of Latin American elections."" The verification process found significant differences in the title, authors, and publication venue compared to available records.

### Details
A matching record was not found for the cited article. The year 2022 matched exactly, but the title and authors did not correspond to any known publication. The cited title focuses broadly on Latin American elections, while the closest found article discusses forensic evidence specifically from the 2018 Brazilian presidential election. Additionally, the authors Alvarez, M. and García, L. do not overlap with the authors of the closest match, who are D Figueiredo Filho, L Silva, and E Carvalho. The cited venue ""Electoral Studies Technical Report"" also differs from the found journal ""Forensic Science International."" No identifier such as a DOI was provided in the citation to aid verification.

- https://www.sciencedirect.com/science/article/pii/S2589871X22000717",0.0,1.0
"Kim, H.-J., & Lee, S. (2023). Digital campaigning and voter mobilization in South Korean democratic elections. *Asian Journal of Political Science*, 31(1), 77‑95.",Democratic elections,gpt_oss_120b,unverified,Reference could not be verified.,CONTRADICTION,UNCONFIRMED,UNCONFIRMED,UNCONFIRMED,ABSENT,Mobile communication and political participation in South Korea,,,,,https://www.sciencedirect.com/science/article/abs/pii/S0747563214002957,GOOGLE,0,1,0,1,3,Digital campaigning and voter mobilization in South Korean democratic elections.,Mobile communication and political participation in South Korea,"Kim, H.-J.; Lee, S.",,2023,,Asian Journal of Political Science,,,https://www.sciencedirect.com/science/article/abs/pii/S0747563214002957,0,0,3,GOOGLE,1,"✗ Title | ? Authors | ? Year | ? Venue | ○ ID

### Summary
No matching article could be found for the reference provided. The title in the reference about digital campaigning and voter mobilization does not match any found articles, and the authors, year, and journal could not be confirmed.

### Details
A search found a potentially related article titled ""Mobile communication and political participation in South Korea,"" but this title clearly differs from the cited one, indicating they are not the same work. There was no matching record with the exact authors, year 2023, or the journal ""Asian Journal of Political Science."" No DOI or other identifiers were available to confirm the reference.

- https://www.sciencedirect.com/science/article/abs/pii/S0747563214002957",0.0,1.0
"Patel, R. (2020). The role of independent electoral commissions in safeguarding democratic elections. *Democracy & Governance Working Paper*, 12, 1‑28.",Democratic elections,gpt_oss_120b,unverified,Reference could not be verified.,UNCONFIRMED,UNCONFIRMED,UNCONFIRMED,UNCONFIRMED,UNCONFIRMED,,,,,,,,,,,,,,,,,,,,,,,0,0,0,,0,"? Title | ? Authors | ? Year | ? Venue | ? ID

### Summary
No matching article could be found for the reference by Patel, R. (2020) titled ""The role of independent electoral commissions in safeguarding democratic elections"". The verification process did not find any record confirming the authors, title, year, or publication details.

### Details
A search in OpenAlex returned no matching work, and a Google search also did not find any relevant results. There were no potential matches to compare against, so the reference remains unverified.

- [OpenAlex](https://openalex.org)
- [Google Search](https://www.google.com)",0.0,1.0
"Osei, K. (2021). Voter education and its impact on electoral participation in Ghana’s fourth republic (Doctoral dissertation). University of Ghana.",Democratic elections,gpt_oss_120b,unverified,Reference could not be verified.,UNCONFIRMED,UNCONFIRMED,UNCONFIRMED,UNCONFIRMED,UNCONFIRMED,,,,,,,,,,,,,,,,,,,,,,,0,0,0,,0,"? Title | ? Authors | ? Year | ? Venue | ? ID

### Summary
No matching doctoral dissertation titled ""Voter education and its impact on electoral participation in Ghana’s fourth republic"" by Osei, K. from 2021 at the University of Ghana could be found in the searched databases.

### Details
A search was conducted in OpenAlex and through a general Google search, but no records or references matching the title, author, year, or institution were found. There were no potential matches or similar works identified to confirm the existence of this dissertation.

- [OpenAlex](https://openalex.org)
- [Google Search](https://www.google.com)",0.0,1.0
"Müller, J.-W., & Strøm, K. (2019). Coalition formation and policy outcomes in parliamentary democracies. *European Journal of Political Research*, 58(4), 1021‑1045.",Democratic elections,gpt_oss_120b,unverified,Reference could not be verified.,CONTRADICTION,MATCH,CONTRADICTION,CONTRADICTION,ABSENT,The keys to togetherness: Coalition agreements in parliamentary democracies,K. Strøm; W.C. Müller,2014,Taylor & Francis (book chapter),,https://www.taylorfrancis.com/chapters/edit/10.4324/9781315038452-8/keys-togetherness-coalition-agreements-parliamentary-democracies-kaare-str%C3%B8m-wolfgang-m%C3%BCller,GOOGLE,1,3,0,1,0,Coalition formation and policy outcomes in parliamentary democracies.,The keys to togetherness: Coalition agreements in parliamentary democracies,"Müller, J.-W.; Strøm, K.",K. Strøm; W.C. Müller,2019,2014,European Journal of Political Research,Taylor & Francis (book chapter),,https://www.taylorfrancis.com/chapters/edit/10.4324/9781315038452-8/keys-togetherness-coalition-agreements-parliamentary-democracies-kaare-str%C3%B8m-wolfgang-m%C3%BCller,0,0,3,GOOGLE,0,"✗ Title | ✓ Authors | ✗ Year | ✗ Venue | ○ ID

### Summary
The reference could not be verified because the key details do not match any known record. Although the authors Strøm and Müller were found, the title, year, and publication venue differ significantly from the original citation.

### Details
A matching record was found with the same authors but with different initials and order, indicating a possible variant of the author names. However, the title ""The keys to togetherness: Coalition agreements in parliamentary democracies"" differs from the cited title about coalition formation and policy outcomes. The year 2019 in the citation conflicts with the 2014 year of the found record. Additionally, the cited journal ""European Journal of Political Research"" is different from the found source, which is a book chapter published by Taylor & Francis. No identifier was provided in the original citation to aid verification.

- https://www.taylorfrancis.com/chapters/edit/10.4324/9781315038452-8/keys-togetherness-coalition-agreements-parliamentary-democracies-kaare-str%C3%B8m-wolfgang-m%C3%BCller",0.0,1.0
"Chen, Y., & Wang, X. (2022). Social media misinformation and its effects on electoral legitimacy in democratic societies. *Journal of Communication & Politics*, 15(3), 311‑329.",Democratic elections,gpt_oss_120b,unverified,Reference could not be verified.,CONTRADICTION,CONTRADICTION,MATCH,CONTRADICTION,ABSENT,"Social media, emergent manipulation, and political legitimacy",A Pham; A Rubel; C Castro,2022,The philosophy of online …,10.4324/9781003205425-21,https://www.taylorfrancis.com/chapters/oa-edit/10.4324/9781003205425-21/social-media-emergent-manipulation-political-legitimacy-adam-pham-alan-rubel-clinton-castro,GOOGLE,1,3,0,1,0,Social media misinformation and its effects on electoral legitimacy in democratic societies.,"Social media, emergent manipulation, and political legitimacy","Chen, Y.; Wang, X.",A Pham; A Rubel; C Castro,2022,2022,Journal of Communication & Politics,The philosophy of online …,,10.4324/9781003205425-21,0,0,3,GOOGLE,0,"✗ Title | ✗ Authors | ✓ Year | ✗ Venue | ○ ID

### Summary
No matching article could be found for the reference by Chen and Wang (2022) titled ""Social media misinformation and its effects on electoral legitimacy in democratic societies."" The verification process found significant differences in the title, authors, and journal name compared to available records.

### Details
A matching record was not found in OpenAlex or through scholarly search engines. The year 2022 matched exactly, but the title differed substantially, focusing on different subjects and scope. The authors Chen, Y. and Wang, X. did not overlap with the authors found in the closest related work, which was by Pham, Rubel, and Castro. Additionally, the journal ""Journal of Communication & Politics"" did not match the venue of the closest found work, which was titled ""The philosophy of online …"". No identifier such as a DOI was present to aid verification.

- https://www.taylorfrancis.com/chapters/oa-edit/10.4324/9781003205425-21/social-media-emergent-manipulation-political-legitimacy-adam-pham-alan-rubel-clinton-castro
- https://openalex.org
- https://scholar.google.com",0.0,1.0
"Aker, J. C., & Mbiti, I. M. (2010). Mobile phones and economic development in Africa. *Journal of Economic Perspectives*, 24(3), 207‑232.",Digital financial services,gpt_oss_120b,verified,"Aker, J. C., & Mbiti, I. M. (2010). Mobile phones and economic development in Africa. *The Journal of Economic Perspectives*, 24(3), 207-232. https://doi.org/10.1257/jep.24.3.207",MATCH,MATCH,MATCH,MATCH,ABSENT,Mobile Phones and Economic Development in Africa,Jenny C. Aker; Isaac Mbiti,2010,The Journal of Economic Perspectives,10.1257/jep.24.3.207,https://doi.org/10.1257/jep.24.3.207,GOOGLE,4,0,0,1,0,Mobile phones and economic development in Africa.,Mobile Phones and Economic Development in Africa,"Aker, J. C.; Mbiti, I. M.",Jenny C. Aker; Isaac Mbiti,2010,2010,Journal of Economic Perspectives,The Journal of Economic Perspectives,,10.1257/jep.24.3.207,1,1,1,GOOGLE,0,"✓ Title | ✓ Authors | ✓ Year | ✓ Venue | ○ ID

### Summary
This article was confirmed in The Journal of Economic Perspectives with matching authors Jenny C. Aker and Isaac Mbiti, and the year 2010. The title and journal name matched exactly, confirming the reference's accuracy.

### Details
A matching record was found with the exact title ""Mobile Phones and Economic Development in Africa"" and authors Jenny C. Aker and Isaac Mbiti. The year 2010 matched exactly, and the journal name ""The Journal of Economic Perspectives"" corresponds closely to the cited ""Journal of Economic Perspectives,"" with the leading ""The"" considered optional. The DOI 10.1257/jep.24.3.207 and URL https://doi.org/10.1257/jep.24.3.207 further support the verification.

- https://doi.org/10.1257/jep.24.3.207
- https://www.aeaweb.org/articles?id=10.1257/jep.24.3.207",1.0,0.0
"Demirgüç‑Koçak, Y., & Huizinga, H. (2019). FinTech and the future of banking. *Journal of Financial Stability*, 41, 100‑112.",Digital financial services,gpt_oss_120b,needs-human,Reference requires human review.,MATCH,CONTRADICTION,MATCH,CONTRADICTION,ABSENT,FinTech and the Future of Banking,Andrada Bilan; Hans Degryse; Kuchulain O’Flynn; Steven Ongena,2019,Palgrave Macmillan studies in banking and financial institutions,10.1007/978-3-030-26844-2_7,https://doi.org/10.1007/978-3-030-26844-2_7,GOOGLE,2,2,0,1,0,FinTech and the future of banking,FinTech and the Future of Banking,"Demirgüç‑Koçak, Y.; Huizinga, H.",Andrada Bilan; Hans Degryse; Kuchulain O’Flynn; Steven Ongena,2019,2019,Journal of Financial Stability,Palgrave Macmillan studies in banking and financial institutions,,10.1007/978-3-030-26844-2_7,0,0,2,GOOGLE,1,"✓ Title | ✗ Authors | ✓ Year | ✗ Venue | ○ ID

### Summary
The reference titled ""FinTech and the Future of Banking"" from 2019 could not be conclusively verified because the authors and publication venue differ from the provided citation. The title and year match exactly, but the authors listed in the citation do not overlap with those found in the best matching record, which is a book chapter published in a Palgrave Macmillan series rather than a journal article.

### Details
A matching record was found with the exact title ""FinTech and the Future of Banking"" published in 2019. However, the authors in the citation (Demirgüç‑Koçak, Y. and Huizinga, H.) do not match the authors of the found record (Andrada Bilan, Hans Degryse, Kuchulain O’Flynn, Steven Ongena). Additionally, the citation lists the venue as the ""Journal of Financial Stability,"" while the found record is part of the ""Palgrave Macmillan studies in banking and financial institutions"" book series. No identifier was provided in the citation to aid verification.

- https://doi.org/10.1007/978-3-030-26844-2_7",0.067,0.933
"Ghosh, S., & Kaur, H. (2021). Digital financial inclusion: Evidence from mobile money adoption in South Asia. *World Development*, 138, 105306.",Digital financial services,gpt_oss_120b,unverified,Reference could not be verified.,CONTRADICTION,CONTRADICTION,CONTAINS,CONTRADICTION,ABSENT,Industry 4.0 in Finance: The Impact of Artificial Intelligence (AI) on Digital Financial Inclusion,David Mhlanga,2020,International Journal of Financial Studies,10.3390/ijfs8030045,https://doi.org/10.3390/ijfs8030045,GOOGLE,0,3,1,1,0,Digital financial inclusion: Evidence from mobile money adoption in South Asia,Industry 4.0 in Finance: The Impact of Artificial Intelligence (AI) on Digital Financial Inclusion,"Ghosh, S.; Kaur, H.",David Mhlanga,2021,2020,World Development,International Journal of Financial Studies,,10.3390/ijfs8030045,0,0,3,GOOGLE,0,"✗ Title | ✗ Authors | ◐ Year | ✗ Venue | ○ ID

### Summary
No matching article could be found for the reference by Ghosh and Kaur (2021) titled ""Digital financial inclusion: Evidence from mobile money adoption in South Asia"" in the journal *World Development*. The verification process found a different article with a distinct title, authors, year, and journal.

### Details
A matching record was not found for the given citation. The closest candidate found was an article titled ""Industry 4.0 in Finance: The Impact of Artificial Intelligence (AI) on Digital Financial Inclusion"" by David Mhlanga, published in 2020 in the *International Journal of Financial Studies*. This differs significantly from the citation in title, authorship, publication year, and journal. The year 2021 in the citation and 2020 in the candidate are close but do not align with other key details. No DOI or other identifier was present in the original citation to aid verification.

- https://doi.org/10.3390/ijfs8030045",0.0,1.0
"Kshetri, N. (2020). Blockchain‑based digital financial services: Opportunities and challenges. *IEEE Access*, 8, 124 567‑124 580.",Digital financial services,gpt_oss_120b,unverified,Reference could not be verified.,UNCONFIRMED,UNCONFIRMED,UNCONFIRMED,UNCONFIRMED,UNCONFIRMED,,,,,,,,,,,,,,,,,,,,,,,0,0,0,,0,"? Title | ? Authors | ? Year | ? Venue | ? ID

### Summary
No matching article could be found for the reference by Kshetri (2020) titled ""Blockchain‑based digital financial services: Opportunities and challenges"" in IEEE Access or other sources.

### Details
A search in OpenAlex returned no matching records for this article. Additionally, a scholar search did not find any relevant results matching the title, author, year, or journal. The year, authors, title, and venue could not be confirmed due to lack of evidence.

- [OpenAlex](https://openalex.org)
- [Google Scholar](https://scholar.google.com)",0.0,1.0
"Liu, Y., & Zhang, J. (2022). The impact of digital payment platforms on small‑business performance: A field experiment. In *Proceedings of the 2022 ACM Conference on Economics and Computation* (pp. 321‑332). ACM.",Digital financial services,gpt_oss_120b,unverified,Reference could not be verified.,CONTRADICTION,CONTRADICTION,CONTRADICTION,CONTRADICTION,ABSENT,The real impact of FinTech: Evidence from mobile payment technology,S Agarwal; W Qian; Y Ren; HT Tsai,2025,Management …,,https://pubsonline.informs.org/doi/abs/10.1287/mnsc.2023.03947,GOOGLE,0,4,0,1,0,The impact of digital payment platforms on small‑business performance: A field experiment.,The real impact of FinTech: Evidence from mobile payment technology,"Liu, Y.; Zhang, J.",S Agarwal; W Qian; Y Ren; HT Tsai,2022,2025,Proceedings of the 2022 ACM Conference on Economics and Computation,Management …,,https://pubsonline.informs.org/doi/abs/10.1287/mnsc.2023.03947,0,0,3,GOOGLE,0,"✗ Title | ✗ Authors | ✗ Year | ✗ Venue | ○ ID

### Summary
The reference could not be verified as no matching article was found with the given details. The title, authors, year, and venue all differ significantly from any available records.

### Details
A search found no record matching the title ""The impact of digital payment platforms on small‑business performance: A field experiment"" by Liu, Y. and Zhang, J. from 2022 in the ACM Conference on Economics and Computation. Instead, a different article titled ""The real impact of FinTech: Evidence from mobile payment technology"" by Agarwal, S., Qian, W., Ren, Y., and Tsai, H. T. from 2025 in a management journal was found, showing no overlap in authors or publication details. No DOI or other identifier was present to aid verification.

- https://pubsonline.informs.org/doi/abs/10.1287/mnsc.2023.03947",0.0,1.0
"Muthuraman, V., & Raghunathan, S. (2018). Mobile money and financial resilience in developing economies. *World Bank Policy Research Working Paper* No. 8452.",Digital financial services,gpt_oss_120b,unverified,Reference could not be verified.,CONTRADICTION,UNCONFIRMED,UNCONFIRMED,UNCONFIRMED,ABSENT,The Rise of FinTech and the Journey Toward a Cashless Society,,,,,https://www.mdpi.com/2076-3387/15/5/178,GOOGLE,0,1,0,1,3,Mobile money and financial resilience in developing economies,The Rise of FinTech and the Journey Toward a Cashless Society,"Muthuraman, V.; Raghunathan, S.",,2018,,World Bank Policy Research Working Paper,,,https://www.mdpi.com/2076-3387/15/5/178,0,0,2,GOOGLE,0,"✗ Title | ? Authors | ? Year | ? Venue | ○ ID

### Summary
No matching article could be found for the reference by Muthuraman and Raghunathan (2018) titled ""Mobile money and financial resilience in developing economies."" The titles and other details do not align with any available records.

### Details
A search did not find any record matching the title or authors exactly. The closest found article, ""The Rise of FinTech and the Journey Toward a Cashless Society,"" has a different title and no author or year information matching the citation. The year 2018 and the venue ""World Bank Policy Research Working Paper"" could not be confirmed. No identifier such as a DOI was present to aid verification.

- https://www.mdpi.com/2076-3387/15/5/178
- https://adaimpact.lu/sites/default/files/2020-10/full-paper-patmfossa-mobile-money_0.pdf",0.0,1.0
"Osei‑Bonsu, N., & Osei‑Bonsu, K. (2023). Digital financial services and gender equity: A systematic review. *Information Systems Journal*, 33(4), 567‑595.",Digital financial services,gpt_oss_120b,unverified,Reference could not be verified.,UNCONFIRMED,UNCONFIRMED,UNCONFIRMED,UNCONFIRMED,UNCONFIRMED,,,,,,,,,,,,,,,,,,,,,,,0,0,0,,0,"? Title | ? Authors | ? Year | ? Venue | ? ID

### Summary
No matching article could be found for the reference by Osei-Bonsu and Osei-Bonsu (2023) titled ""Digital financial services and gender equity: A systematic review"" in the Information Systems Journal or any other source.

### Details
A search in OpenAlex returned no matching records for this work. Additionally, a scholar search did not find any articles matching the title, authors, year, or journal. The closest results were unrelated works by authors with similar names but different topics and years. Therefore, there is no evidence to confirm the existence of this article.

- https://openalex.org
- https://scholar.google.com",0.0,1.0
"Prasad, A., & Raghavan, S. (2017). Regulatory sandboxes for fintech innovation: Lessons from the UK and Singapore. *Journal of Banking Regulation*, 18(2), 115‑130.",Digital financial services,gpt_oss_120b,unverified,Reference could not be verified.,CONTRADICTION,CONTRADICTION,CONTRADICTION,CONTRADICTION,ABSENT,Bridging Sustainable Innovation: Developing a Regulatory Sandbox Model for FinTech Products,K Vikram; D Agarwal; JJ Joseph,2024,"World Conference on Information …, Springer",10.1007/978-981-96-1741-8_17,https://link.springer.com/chapter/10.1007/978-981-96-1741-8_17,GOOGLE,0,4,0,1,0,Regulatory sandboxes for fintech innovation: Lessons from the UK and Singapore,Bridging Sustainable Innovation: Developing a Regulatory Sandbox Model for FinTech Products,"Prasad, A.; Raghavan, S.",K Vikram; D Agarwal; JJ Joseph,2017,2024,Journal of Banking Regulation,"World Conference on Information …, Springer",,10.1007/978-981-96-1741-8_17,0,0,3,GOOGLE,0,"✗ Title | ✗ Authors | ✗ Year | ✗ Venue | ○ ID

### Summary
No matching article could be found for the reference by Prasad and Raghavan (2017) titled ""Regulatory sandboxes for fintech innovation: Lessons from the UK and Singapore"" in the Journal of Banking Regulation. The search results instead found a different work from 2024 by Vikram, Agarwal, and Joseph with a distinct title and venue.

### Details
A matching record was not found for the original citation. The title, authors, year, and journal all differ significantly from the candidate found. The original citation is from 2017 by Prasad and Raghavan in the Journal of Banking Regulation, while the closest found work is from 2024 by Vikram, Agarwal, and Joseph titled ""Bridging Sustainable Innovation: Developing a Regulatory Sandbox Model for FinTech Products"" published in a conference proceeding by Springer. No DOI or identifier was available for the original reference to aid verification.

- https://link.springer.com/chapter/10.1007/978-981-96-1741-8_17",0.0,1.0
"Suri, T., & Jack, W. (2016). The long‑run impact of mobile money. *Science*, 354(6317), 1288‑1292.",Digital financial services,gpt_oss_120b,verified-with-error,"Suri, T., & Jack, W. (2016). The long-run poverty and gender impacts of mobile money. *Science*, 354(6317), 1288-1292. https://doi.org/10.1126/science.aah5309",CONTAINS,MATCH,MATCH,MATCH,ABSENT,The long-run poverty and gender impacts of mobile money,Tavneet Suri; William Jack,2016,Science,10.1126/science.aah5309,https://doi.org/10.1126/science.aah5309,GOOGLE,3,0,1,1,0,The long-run impact of mobile money,The long-run poverty and gender impacts of mobile money,"Suri, T.; Jack, W.",Tavneet Suri; William Jack,2016,2016,Science,Science,,10.1126/science.aah5309,1,1,1,GOOGLE,0,"◐ Title | ✓ Authors | ✓ Year | ✓ Venue | ○ ID

### Summary
This article was confirmed in Science with matching authors Tavneet Suri and William Jack and the year 2016. The title closely matches, though the verified version includes additional detail about poverty and gender impacts.

### Details
A matching record was found with the title ""The long-run poverty and gender impacts of mobile money,"" which contains the core phrase from the original title. Both authors matched exactly, and the publication year 2016 and journal Science were confirmed. No identifier was provided in the original citation, but the verified record includes a DOI: 10.1126/science.aah5309.

- https://doi.org/10.1126/science.aah5309",0.833,0.167
"Zhang, L., & Wang, X. (2024). Designing user‑centric digital financial services for the unbanked: A dissertation. Ph.D. dissertation, University of California, Berkeley.",Digital financial services,gpt_oss_120b,unverified,Reference could not be verified.,CONTRADICTION,CONTAINS,MATCH,CONTRADICTION,ABSENT,Factors influencing fintech adoption among the unbanked in south africa,KH Matsimbi,2024,ProQuest (dissertation),,https://search.proquest.com/openview/7f5e949ffde763439f17b3e77b86434b/1?pq-origsite=gscholar&cbl=2026366&diss=y,GOOGLE,1,2,1,1,0,Designing user‑centric digital financial services for the unbanked: A dissertation.,Factors influencing fintech adoption among the unbanked in south africa,"Zhang, L.; Wang, X.",KH Matsimbi,2024,2024,"University of California, Berkeley",ProQuest (dissertation),,https://search.proquest.com/openview/7f5e949ffde763439f17b3e77b86434b/1?pq-origsite=gscholar&cbl=2026366&diss=y,0,0,3,GOOGLE,1,"✗ Title | ◐ Authors | ✓ Year | ✗ Venue | ○ ID

### Summary
The reference could not be verified as it does not match any known records. The title and venue details differ significantly from available sources, despite the year matching.

### Details
A matching record was not found for the dissertation titled ""Designing user‑centric digital financial services for the unbanked"" by Zhang and Wang from the University of California, Berkeley. The closest found work is a 2024 dissertation titled ""Factors influencing fintech adoption among the unbanked in South Africa"" by KH Matsimbi, published via ProQuest, which differs in title, authors, and venue. The year 2024 matched exactly, but the title and venue showed contradictions, and no identifier was present to confirm the citation.

- https://search.proquest.com/openview/7f5e949ffde763439f17b3e77b86434b/1?pq-origsite=gscholar&cbl=2026366&diss=y",0.0,1.0
"Acemoglu, D., & Robinson, J. A. (2012). *Why nations fail: The origins of power, prosperity, and poverty*. Crown Business.",Economics,gpt_oss_120b,verified-with-error,"Acemoğlu, D., & Robinson, J. A. (2012). Why Nations Fail: The Origins of Power, Prosperity and Poverty. *Asean Economic Bulletin*, 29(2), 168. https://doi.org/10.1355/ae29-2j",MATCH,MATCH,MATCH,CONTRADICTION,ABSENT,"Why Nations Fail: The Origins of Power, Prosperity and Poverty",Daron Acemoğlu; James A. Robinson,2012,Asean Economic Bulletin,10.1355/ae29-2j,https://doi.org/10.1355/ae29-2j,GOOGLE,3,1,0,1,0,"Why nations fail: The origins of power, prosperity, and poverty","Why Nations Fail: The Origins of Power, Prosperity and Poverty","Acemoglu, D.; Robinson, J. A.",Daron Acemoğlu; James A. Robinson,2012,2012,Crown Business,Asean Economic Bulletin,,10.1355/ae29-2j,1,1,3,GOOGLE,0,"✓ Title | ✓ Authors | ✓ Year | ✗ Venue | ○ ID

### Summary
This book was confirmed with the exact title ""Why Nations Fail: The Origins of Power, Prosperity, and Poverty"" and matching authors Daron Acemoglu and James A. Robinson, published in 2012. However, there is a discrepancy in the venue: the citation lists Crown Business as the publisher, while the best matching record found is from the Asean Economic Bulletin journal.

### Details
A matching record was found with the exact title and authors, and the year 2012 matched exactly. The authors' names matched despite minor differences in initials and diacritics. The venue, however, contradicts the citation: Crown Business is a book publisher, whereas the evidence points to an article in the Asean Economic Bulletin journal. No identifier was present in the citation. This suggests the reference is mostly correct but has an error in the venue or publisher information.

- https://doi.org/10.1355/ae29-2j
- https://en.wikipedia.org/wiki/Why_Nations_Fail
- https://www.amazon.com/Why-Nations-Fail-Origins-Prosperity/dp/0307719227",0.6,0.4
"Akerlof, G. A., & Kranton, R. (2010). Identity economics. *Journal of Economic Perspectives*, 24(2), 3‑20.",Economics,gpt_oss_120b,verified,"Akerlof, G. A., & Kranton, R. E. (2010). Identity economics. *Economists' Voice*, 7(2). https://doi.org/10.2202/1553-3832.1762",MATCH,MATCH,MATCH,CONTAINS,ABSENT,Identity economics,George A. Akerlof; Rachel E. Kranton,2010,Economists' Voice,10.2202/1553-3832.1762,,GOOGLE,3,0,1,1,0,Identity economics,Identity economics,"Akerlof, G. A.; Kranton, R.",George A. Akerlof; Rachel E. Kranton,2010,2010,Journal of Economic Perspectives,Economists' Voice,,10.2202/1553-3832.1762,1,1,2,GOOGLE,0,"✓ Title | ✓ Authors | ✓ Year | ◐ Venue | ○ ID

### Summary
This reference was confirmed as a match to the work by George A. Akerlof and Rachel E. Kranton titled ""Identity Economics"" published in 2010. The title, authors, and year matched exactly, confirming the core details of the citation.

### Details
A matching record was found with the exact title ""Identity Economics"" and authors George A. Akerlof and Rachel E. Kranton. The year 2010 matched exactly. Although the citation lists the journal as ""Journal of Economic Perspectives,"" the evidence points to a related publication ""Economists' Voice,"" which is a sister publication from the same publisher, the American Economic Association. No DOI was provided in the original citation, but a DOI exists for the related publication. This confirms the reference with minor venue differences.

- https://doi.org/10.2202/1553-3832.1762
- https://press.princeton.edu/books/paperback/9780691152554/identity-economics
- https://ideas.repec.org/a/bpj/evoice/v7y2010i2n6.html",0.9,0.1
"Banerjee, A. V., & Duflo, E. (2019). Machine learning for policy evaluation. In *Proceedings of the 36th International Conference on Machine Learning* (pp. 1234‑1243).",Economics,gpt_oss_120b,needs-human,Reference requires human review.,CONTAINS,CONTRADICTION,MATCH,CONTAINS,ABSENT,Machine learning in policy evaluation: new tools for causal inference,Noémi Kreif; Karla Díaz-Ordaz,2019,arXiv (Cornell University),10.48550/arxiv.1903.00402,http://arxiv.org/abs/1903.00402,GOOGLE,1,1,2,1,0,Machine learning for policy evaluation.,Machine learning in policy evaluation: new tools for causal inference,"Banerjee, A. V.; Duflo, E.",Noémi Kreif; Karla Díaz-Ordaz,2019,2019,Proceedings of the 36th International Conference on Machine Learning,arXiv (Cornell University),,10.48550/arxiv.1903.00402,0,0,3,GOOGLE,0,"◐ Title | ✗ Authors | ✓ Year | ◐ Venue | ○ ID

### Summary
The reference could not be conclusively verified because the authors listed do not match any found in the search results for the given title and year. While the title and year align with a known work, the authors differ, indicating a possible mix-up or error.

### Details
A matching record was found for a 2019 work titled ""Machine learning in policy evaluation: new tools for causal inference"" by Noémi Kreif and Karla Díaz-Ordaz, which aligns closely with the cited title and year. However, the original reference lists Banerjee and Duflo as authors, who do not appear in the matching records. The venue also differs, with the found work hosted on arXiv rather than conference proceedings. No identifier was provided in the original citation to aid verification.

- http://arxiv.org/abs/1903.00402
- https://doi.org/10.1093/acrefore/9780190625979.013.256",0.2,0.8
"Blanchard, O., & Leigh, D. (2013). Growth forecast errors and fiscal multipliers. *American Economic Review*, 103(3), 117‑122.",Economics,gpt_oss_120b,verified,"Blanchard, O. J., & Leigh, D. (2013). Growth forecast errors and fiscal multipliers. *American Economic Review*, 103(3), 117–120. https://doi.org/10.1257/aer.103.3.117",MATCH,MATCH,MATCH,MATCH,ABSENT,Growth Forecast Errors and Fiscal Multipliers,Olivier J. Blanchard; Daniel Leigh,2013,American Economic Review,10.1257/aer.103.3.117,https://doi.org/10.1257/aer.103.3.117,GOOGLE,4,0,0,1,0,Growth forecast errors and fiscal multipliers.,Growth Forecast Errors and Fiscal Multipliers,"Blanchard, O.; Leigh, D.",Olivier J. Blanchard; Daniel Leigh,2013,2013,American Economic Review,American Economic Review,,10.1257/aer.103.3.117,1,1,1,GOOGLE,0,"✓ Title | ✓ Authors | ✓ Year | ✓ Venue | ○ ID

### Summary
This article was confirmed in the American Economic Review with matching authors Olivier J. Blanchard and Daniel Leigh, the exact title ""Growth Forecast Errors and Fiscal Multipliers,"" and the year 2013. The journal name also matched perfectly.

### Details
A matching record was found with the exact title and author names, confirming Olivier J. Blanchard and Daniel Leigh as the authors. The publication year 2013 matched exactly, and the article appeared in the American Economic Review. Although no identifier was provided in the original citation, the article's DOI (10.1257/aer.103.3.117) was found and verified through OpenAlex and the official journal website.

- https://doi.org/10.1257/aer.103.3.117
- https://doi.org/issues/304#10.1257/aer.103.3.117",1.0,0.0
"Gabaix, X. (2019). Power laws in economics and finance. *Annual Review of Economics*, 11, 33‑55.",Economics,gpt_oss_120b,verified-with-error,"Gabaix, X. (2009). Power Laws in Economics and Finance. *Annual Review of Economics*, 1, 255–294. https://doi.org/10.1146/annurev.economics.050708.142940",MATCH,MATCH,CONTRADICTION,MATCH,ABSENT,Power Laws in Economics and Finance,Xavier Gabaix,2009,Annual Review of Economics,10.1146/annurev.economics.050708.142940,https://doi.org/10.1146/annurev.economics.050708.142940,GOOGLE,3,1,0,1,0,Power laws in economics and finance.,Power Laws in Economics and Finance,"Gabaix, X.",Xavier Gabaix,2019,2009,Annual Review of Economics,Annual Review of Economics,,10.1146/annurev.economics.050708.142940,0,0,1,GOOGLE,1,"✓ Title | ✓ Authors | ✗ Year | ✓ Venue | ○ ID

### Summary
This article was found in the Annual Review of Economics with the correct title and author, Xavier Gabaix. However, there is a discrepancy in the publication year: the citation lists 2019, but the verified article was published in 2009.

### Details
A matching record was found with the exact title ""Power Laws in Economics and Finance"" and author Xavier Gabaix. The journal name also matched exactly as Annual Review of Economics. The year in the citation (2019) does not match the verified publication year (2009), which is a significant difference. No identifier such as a DOI was provided in the citation to further confirm the reference.

- [DOI link to article](https://doi.org/10.1146/annurev.economics.050708.142940)",0.6,0.4
"Hsieh, C.-T., & Klenow, P. J. (2009). Misallocation and manufacturing TFP in China and India. *Quarterly Journal of Economics*, 124(4), 1403‑1448.",Economics,gpt_oss_120b,verified,"Hsieh, C.-T., & Klenow, P. J. (2009). Misallocation and manufacturing TFP in China and India. *The Quarterly Journal of Economics*, 124(4), 1403-1448. https://doi.org/10.1162/qjec.2009.124.4.1403",MATCH,MATCH,MATCH,MATCH,ABSENT,Misallocation and Manufacturing TFP in China and India*,Chang‐Tai Hsieh; Peter J. Klenow,2009,The Quarterly Journal of Economics,10.1162/qjec.2009.124.4.1403,https://doi.org/10.1162/qjec.2009.124.4.1403,GOOGLE,4,0,0,1,0,Misallocation and manufacturing TFP in China and India,Misallocation and Manufacturing TFP in China and India*,"Hsieh, C.-T.; Klenow, P. J.",Chang‐Tai Hsieh; Peter J. Klenow,2009,2009,Quarterly Journal of Economics,The Quarterly Journal of Economics,,10.1162/qjec.2009.124.4.1403,1,1,1,GOOGLE,0,"✓ Title | ✓ Authors | ✓ Year | ✓ Venue | ○ ID

### Summary
This article was confirmed in The Quarterly Journal of Economics with matching authors Chang‐Tai Hsieh and Peter J. Klenow, and the year 2009. The title ""Misallocation and Manufacturing TFP in China and India"" was verified exactly as cited.

### Details
A matching record was found with the exact title and year 2009. The authors matched despite differences in name formatting, confirming the same individuals. The journal name matched closely, with the presence of the article ""The"" considered a common variation. No identifier was provided in the citation, but the DOI 10.1162/qjec.2009.124.4.1403 was found in the evidence, linking to the official publication.

- https://doi.org/10.1162/qjec.2009.124.4.1403",1.0,0.0
"Jones, C. I. (2016). *The global innovation index: Measuring innovation performance* (Technical Report). World Intellectual Property Organization.",Economics,gpt_oss_120b,needs-human,Reference requires human review.,CONTAINS,UNCONFIRMED,CONTRADICTION,MATCH,ABSENT,Global Innovation Index 2022,,2022,World Intellectual Property Organization,,https://www.wipo.int/edocs/pubdocs/en/wipo-pub-2000-2022-en-main-report-global-innovation-index-2022-15th-edition.pdf,GOOGLE,1,1,1,1,1,The global innovation index: Measuring innovation performance,Global Innovation Index 2022,"Jones, C. I.",,2016,2022,World Intellectual Property Organization,World Intellectual Property Organization,,https://www.wipo.int/edocs/pubdocs/en/wipo-pub-2000-2022-en-main-report-global-innovation-index-2022-15th-edition.pdf,0,0,3,GOOGLE,0,"◐ Title | ? Authors | ✗ Year | ✓ Venue | ○ ID

### Summary
The reference could not be fully verified because the year of publication does not match the available records. While the title and publisher (World Intellectual Property Organization) align with the Global Innovation Index series, the cited year 2016 conflicts with the found document from 2022.

### Details
A matching record was found for the Global Innovation Index published by the World Intellectual Property Organization, but the year differs significantly: the citation states 2016, whereas the candidate document is from 2022. The title contains the core phrase ""Global Innovation Index,"" but the subtitle and edition year differ. No author information was confirmed in the candidate record. This discrepancy in publication year suggests the need for human review to confirm the correct edition.

- [Global Innovation Index 2022 PDF](https://www.wipo.int/edocs/pubdocs/en/wipo-pub-2000-2022-en-main-report-global-innovation-index-2022-15th-edition.pdf)
- [WIPO Global Innovation Index 2022 Webpage](https://www.wipo.int/en/web/global-innovation-index/2022/index)",0.167,0.833
"Kiyotaki, N., & Moore, J. (1997). Credit cycles. *Journal of Political Economy*, 105(2), 211‑248.",Economics,gpt_oss_120b,verified,"Kiyotaki, N., & Moore, J. (1997). *Credit Cycles*. *Journal of Political Economy, 105*(2), 211-248. https://doi.org/10.1086/262072",MATCH,MATCH,MATCH,MATCH,ABSENT,Credit Cycles,Nobuhiro Kiyotaki; John Moore,1997,Journal of Political Economy,10.1086/262072,https://doi.org/10.1086/262072,GOOGLE,4,0,0,1,0,Credit cycles,Credit Cycles,"Kiyotaki, N.; Moore, J.",Nobuhiro Kiyotaki; John Moore,1997,1997,Journal of Political Economy,Journal of Political Economy,,10.1086/262072,1,1,1,GOOGLE,0,"✓ Title | ✓ Authors | ✓ Year | ✓ Venue | ○ ID

### Summary
This article was confirmed in the Journal of Political Economy with matching authors Nobuhiro Kiyotaki and John Moore, the year 1997, and the exact title ""Credit Cycles."" The journal name and publication details also matched perfectly.

### Details
A matching record was found with the exact title ""Credit Cycles"" and authors Nobuhiro Kiyotaki and John Moore, confirming the citation's accuracy. The year 1997 and the journal ""Journal of Political Economy"" matched exactly. Although no identifier was provided in the original citation, the article's DOI is 10.1086/262072, which links to the official publication page.

- https://doi.org/10.1086/262072",1.0,0.0
"Mankiw, N. G. (2020). The impact of fiscal stimulus on macroeconomic stability. *American Economic Review*, 110(4), 1235‑1260.",Economics,gpt_oss_120b,unverified,Reference could not be verified.,CONTRADICTION,MATCH,CONTRADICTION,CONTRADICTION,ABSENT,Crisis economics,N. G. Mankiw,2010,National Affairs,,http://cob.jmu.edu/heapps/GECON/20100614_Mankiw_Web[1].pdf,GOOGLE,1,3,0,1,0,The impact of fiscal stimulus on macroeconomic stability.,Crisis economics,N. G. Mankiw,N. G. Mankiw,2020,2010,American Economic Review,National Affairs,,http://cob.jmu.edu/heapps/GECON/20100614_Mankiw_Web[1].pdf,0,0,3,GOOGLE,0,"✗ Title | ✓ Authors | ✗ Year | ✗ Venue | ○ ID

### Summary
The reference could not be verified as matching the claimed article. Although the author N. G. Mankiw was confirmed, the title, year, and journal did not match any found records.

### Details
A matching record was found for N. G. Mankiw, but it was titled ""Crisis economics,"" published in 2010 in National Affairs, which differs significantly from the claimed 2020 article ""The impact of fiscal stimulus on macroeconomic stability"" in the American Economic Review. The publication years differ by 10 years, and the venues are unrelated, with one being an academic journal and the other a public policy magazine. No DOI or other identifier was available to support the claimed reference.

- http://cob.jmu.edu/heapps/GECON/20100614_Mankiw_Web[1].pdf",0.0,1.0
"Piketty, T. (2014). *Capital in the twenty‑first century*. Harvard University Press.",Economics,gpt_oss_120b,verified,"Piketty, T. (2014). *Capital in the Twenty-First Century*. Harvard University Press. https://doi.org/10.4159/9780674369542",MATCH,MATCH,MATCH,MATCH,ABSENT,Capital in the Twenty-First Century,Thomas Piketty,2014,Harvard University Press,10.4159/9780674369542,https://doi.org/10.4159/9780674369542,GOOGLE,4,0,0,1,0,Capital in the twenty‑first century,Capital in the Twenty-First Century,"Piketty, T.",Thomas Piketty,2014,2014,Harvard University Press,Harvard University Press,,10.4159/9780674369542,1,1,1,GOOGLE,0,"✓ Title | ✓ Authors | ✓ Year | ✓ Venue | ○ ID

### Summary
This book was confirmed as ""Capital in the Twenty-First Century"" by Thomas Piketty, published in 2014 by Harvard University Press. The title, author, year, and publisher all matched exactly, confirming the reference.

### Details
A matching record was found with the exact title ""Capital in the Twenty-First Century"" and author Thomas Piketty. The publication year 2014 and publisher Harvard University Press also matched perfectly. Although no identifier was provided in the original citation, the book is associated with the DOI 10.4159/9780674369542, which links to the official source. The verification is supported by data from OpenAlex and the DOI landing page.

- https://doi.org/10.4159/9780674369542
- https://openalex.org/works/https://doi.org/10.4159/9780674369542",1.0,0.0
"Anderson, L. W., & Krathwohl, D. R. (2001). *A taxonomy for learning, teaching, and assessing: A revision of Bloom's taxonomy of educational objectives*. Longman.",Education,gpt_oss_120b,verified,"Anderson, L. W., & Krathwohl, D. R. (2001). *A taxonomy for learning, teaching, and assessing : a revision of Bloom's taxonomy of educational objectives*. http://bvbr.bib-bvb.de:8991/F?func=service&doc_library=BVB01&local_base=BVB01&doc_number=009385460&sequence=000002&line_number=0001&func_code=DB_RECORDS&service_type=MEDIA",MATCH,MATCH,MATCH,UNCONFIRMED,ABSENT,"A taxonomy for learning, teaching, and assessing : a revision of Bloom's taxonomy of educational objectives",Lorin W. Anderson; David R. Krathwohl,2001,,,http://bvbr.bib-bvb.de:8991/F?func=service&doc_library=BVB01&local_base=BVB01&doc_number=009385460&sequence=000002&line_number=0001&func_code=DB_RECORDS&service_type=MEDIA,GOOGLE,3,0,0,1,1,"A taxonomy for learning, teaching, and assessing: A revision of Bloom's taxonomy of educational objectives","A taxonomy for learning, teaching, and assessing : a revision of Bloom's taxonomy of educational objectives","Anderson, L. W.; Krathwohl, D. R.",Lorin W. Anderson; David R. Krathwohl,2001,2001,Longman,,,http://bvbr.bib-bvb.de:8991/F?func=service&doc_library=BVB01&local_base=BVB01&doc_number=009385460&sequence=000002&line_number=0001&func_code=DB_RECORDS&service_type=MEDIA,1,1,1,GOOGLE,0,"✓ Title | ✓ Authors | ✓ Year | ? Venue | ○ ID

### Summary
This book was confirmed with the exact title ""A taxonomy for learning, teaching, and assessing: A revision of Bloom's taxonomy of educational objectives"" and matching authors Lorin W. Anderson and David R. Krathwohl. The publication year 2001 also matched exactly, confirming the reference.

### Details
A matching record was found with the exact title and the two authors fully matching the citation, though the publisher ""Longman"" was not confirmed in the evidence. The year 2001 matched exactly. No DOI was available, but a reliable URL to the record was provided.

- [Record URL](http://bvbr.bib-bvb.de:8991/F?func=service&doc_library=BVB01&local_base=BVB01&doc_number=009385460&sequence=000002&line_number=0001&func_code=DB_RECORDS&service_type=MEDIA)",0.8,0.2
"Darling-Hammond, L., Hyler, M. E., & Gardner, M. (2017). Effective teacher professional development. *Learning Policy Institute Report*, 1‑45.",Education,gpt_oss_120b,verified,"Darling-Hammond, L., Hyler, M. E., & Gardner, M. (2017). Effective Teacher Professional Development. *Learning Policy Institute Report*. https://doi.org/10.54300/122.311",MATCH,MATCH,MATCH,CONTAINS,ABSENT,Effective Teacher Professional Development,Linda Darling‐Hammond; Maria E. Hyler; Madelyn Gardner,2017,Learning Policy Institute Report,10.54300/122.311,https://doi.org/10.54300/122.311,GOOGLE,3,0,1,1,0,Effective teacher professional development.,Effective Teacher Professional Development,"Darling-Hammond, L.; Hyler, M. E.; Gardner, M.",Linda Darling‐Hammond; Maria E. Hyler; Madelyn Gardner,2017,2017,Learning Policy Institute,Learning Policy Institute Report,,10.54300/122.311,1,1,1,GOOGLE,0,"✓ Title | ✓ Authors | ✓ Year | ◐ Venue | ○ ID

### Summary
This report titled ""Effective Teacher Professional Development"" was confirmed as authored by Linda Darling-Hammond, Maria E. Hyler, and Madelyn Gardner in 2017. It is published by the Learning Policy Institute as a report, matching the citation details closely.

### Details
A matching record was found with the exact title ""Effective Teacher Professional Development"" and the same three authors, confirming the year 2017. The publication is identified as a report from the Learning Policy Institute, which aligns with the citation's venue description. Although no DOI was provided in the original citation, the verified source includes a DOI (10.54300/122.311) and a URL link to the official report. The venue name in the citation is a shortened form of the full report title, which is consistent with the publisher's naming conventions.

- https://doi.org/10.54300/122.311
- https://learningpolicyinstitute.org/product/effective-teacher-professional-development-report
- https://eric.ed.gov/?id=ED606743",0.9,0.1
"Hattie, J. (2009). *Visible learning: A synthesis of over 800 meta‑analyses relating to achievement*. Routledge.",Education,gpt_oss_120b,verified,"Hattie, J. (2008). *Visible Learning: A Synthesis of Over 800 Meta-Analyses Relating to Achievement*. Routledge. https://doi.org/10.4324/9780203887332",MATCH,MATCH,CONTAINS,MATCH,ABSENT,Visible Learning: A Synthesis of Over 800 Meta-Analyses Relating to Achievement,John Hattie,2008,Routledge,10.4324/9780203887332,https://doi.org/10.4324/9780203887332,GOOGLE,3,0,1,1,0,Visible learning: A synthesis of over 800 meta‑analyses relating to achievement,Visible Learning: A Synthesis of Over 800 Meta-Analyses Relating to Achievement,"Hattie, J.",John Hattie,2009,2008,Routledge,Routledge,,10.4324/9780203887332,1,1,1,GOOGLE,0,"✓ Title | ✓ Authors | ◐ Year | ✓ Venue | ○ ID

### Summary
This book was confirmed as ""Visible Learning: A Synthesis of Over 800 Meta-Analyses Relating to Achievement"" by John Hattie, published by Routledge. The title, author, and publisher matched exactly, with a minor difference in the publication year (2009 cited vs. 2008 found).

### Details
A matching record was found with the exact title and author John Hattie, published by Routledge. The year in the citation is 2009, while the evidence shows 2008, which is within an acceptable range. No identifier was provided in the citation, but the DOI 10.4324/9780203887332 corresponds to the book. The source URL confirms the publication details and content.

- https://doi.org/10.4324/9780203887332
- https://www.taylorfrancis.com/books/mono/10.4324/9780203887332/visible-learning-john-hattie",0.9,0.1
"Lee, J., & Smith, K. (2020). Adaptive learning technologies in higher education: A systematic review. *Computers & Education*, 148, 103‑822.",Education,gpt_oss_120b,unverified,Reference could not be verified.,CONTRADICTION,CONTRADICTION,MATCH,CONTAINS,ABSENT,"Systematic review of adaptive learning research designs, context, strategies, and technologies from 2009 to 2018",Florence Martin; Yan Chen; Robert L. Moore; Carl D. Westine,2020,Educational Technology Research and Development,10.1007/s11423-020-09793-2,https://doi.org/10.1007/S11423-020-09793-2,GOOGLE,1,2,1,1,0,Adaptive learning technologies in higher education: A systematic review.,"Systematic review of adaptive learning research designs, context, strategies, and technologies from 2009 to 2018","Lee, J.; Smith, K.",Florence Martin; Yan Chen; Robert L. Moore; Carl D. Westine,2020,2020,Computers & Education,Educational Technology Research and Development,,10.1007/s11423-020-09793-2,0,1,3,GOOGLE,0,"✗ Title | ✗ Authors | ✓ Year | ◐ Venue | ○ ID

### Summary
No matching article could be found for the reference by Lee and Smith (2020) titled ""Adaptive learning technologies in higher education: A systematic review."" The closest found article has a different title, different authors, and a different journal, despite sharing the same publication year.

### Details
A matching record was found for a 2020 article titled ""Systematic review of adaptive learning research designs, context, strategies, and technologies from 2009 to 2018"" authored by Florence Martin, Yan Chen, Robert L. Moore, and Carl D. Westine, published in *Educational Technology Research and Development*. This differs significantly from the cited title and authors ""Lee, J., & Smith, K."", and the journal names also differ, though both relate to educational technology. No identifier was provided in the original citation to aid verification. Therefore, the reference by Lee and Smith could not be confirmed.

- https://doi.org/10.1007/S11423-020-09793-2
- https://link.springer.com/article/10.1007/S11423-020-09793-2",0.0,1.0
"Liu, Y., & Wang, X. (2022). Exploring the impact of blended learning on student engagement: Evidence from a large‑scale university course. In *Proceedings of the 2022 International Conference on Learning Analytics and Knowledge* (pp. 112‑121). ACM.",Education,gpt_oss_120b,unverified,Reference could not be verified.,CONTRADICTION,CONTRADICTION,CONTRADICTION,CONTRADICTION,ABSENT,Teacher support and its impact on ESL student engagement in blended learning: The mediating effects of L2 grit and intended effort,Z Gao; X Li; H Liao,2024,Acta psychologica,,https://www.sciencedirect.com/science/article/pii/S0001691824003056,GOOGLE,0,4,0,1,0,Exploring the impact of blended learning on student engagement: Evidence from a large‑scale university course.,Teacher support and its impact on ESL student engagement in blended learning: The mediating effects of L2 grit and intended effort,"Liu, Y.; Wang, X.",Z Gao; X Li; H Liao,2022,2024,Proceedings of the 2022 International Conference on Learning Analytics and Knowledge,Acta psychologica,,https://www.sciencedirect.com/science/article/pii/S0001691824003056,0,1,3,GOOGLE,0,"✗ Title | ✗ Authors | ✗ Year | ✗ Venue | ○ ID

### Summary
No matching article could be found for the reference by Liu and Wang (2022) titled ""Exploring the impact of blended learning on student engagement: Evidence from a large‑scale university course."" The details such as title, authors, year, and venue all differ significantly from any available records.

### Details
A search found a different article titled ""Teacher support and its impact on ESL student engagement in blended learning: The mediating effects of L2 grit and intended effort"" by Gao, Li, and Liao published in 2024 in the journal Acta Psychologica. This differs from the cited work in all key aspects: the authors are completely different, the publication year is two years later, the title focuses on ESL students and teacher support rather than a large-scale university course, and the venue is a psychology journal rather than conference proceedings. No identifier was provided in the original reference, and no matching record was found in OpenAlex or other scholarly databases for the cited details.

- https://www.sciencedirect.com/science/article/pii/S0001691824003056",0.0,1.0
"Mishra, P., & Koehler, M. J. (2006). Technological pedagogical content knowledge: A framework for teacher knowledge. *Teachers College Record*, 108(6), 1017‑1054.",Education,gpt_oss_120b,verified,"Mishra, P., & Koehler, M. J. (2006). *Technological Pedagogical Content Knowledge: A Framework for Teacher Knowledge*. *Teachers College Record The Voice of Scholarship in Education*, 108(6), 1017-1054. https://doi.org/10.1111/j.1467-9620.2006.00684.x",MATCH,MATCH,MATCH,MATCH,ABSENT,Technological Pedagogical Content Knowledge: A Framework for Teacher Knowledge,Punya Mishra; Matthew J. Koehler,2006,Teachers College Record The Voice of Scholarship in Education,10.1111/j.1467-9620.2006.00684.x,https://doi.org/10.1111/j.1467-9620.2006.00684.x,GOOGLE,4,0,0,1,0,Technological pedagogical content knowledge: A framework for teacher knowledge,Technological Pedagogical Content Knowledge: A Framework for Teacher Knowledge,"Mishra, P.; Koehler, M. J.",Punya Mishra; Matthew J. Koehler,2006,2006,Teachers College Record,Teachers College Record The Voice of Scholarship in Education,,10.1111/j.1467-9620.2006.00684.x,1,1,1,GOOGLE,0,"✓ Title | ✓ Authors | ✓ Year | ✓ Venue | ○ ID

### Summary
This article was confirmed in Teachers College Record with matching authors Punya Mishra and Matthew J. Koehler and the year 2006. The title ""Technological Pedagogical Content Knowledge: A Framework for Teacher Knowledge"" was verified exactly as cited.

### Details
A matching record was found with the exact title and the same authors, though the citation used initials while the evidence used full names. The year 2006 matched exactly. The journal name matched closely, with the evidence including a subtitle ""The Voice of Scholarship in Education"". No identifier was provided in the citation, but the evidence includes a DOI: 10.1111/j.1467-9620.2006.00684.x. Attempts to access the URL showed access restrictions, likely due to paywall.

- https://doi.org/10.1111/j.1467-9620.2006.00684.x",1.0,0.0
OECD. (2019). *Education at a glance 2019: OECD indicators*. OECD Publishing.,Education,gpt_oss_120b,verified,OECD (Organisation for Economic Co-operation and Development). (2019). *Education at a glance 2019: OECD indicators*. OECD Publishing. https://www.oecd.org/content/dam/oecd/en/publications/reports/2019/09/education-at-a-glance-2019_892e172e/f8d7880d-en.pdf,MATCH,MATCH,MATCH,MATCH,ABSENT,Education at a Glance 2019 - OECD INDICATORS,OECD (Organisation for Economic Co-operation and Development),2019,OECD Publishing,,https://www.oecd.org/content/dam/oecd/en/publications/reports/2019/09/education-at-a-glance-2019_892e172e/f8d7880d-en.pdf,GOOGLE,4,0,0,1,0,Education at a glance 2019: OECD indicators,Education at a Glance 2019 - OECD INDICATORS,OECD,OECD (Organisation for Economic Co-operation and Development),2019,2019,OECD Publishing,OECD Publishing,,https://www.oecd.org/content/dam/oecd/en/publications/reports/2019/09/education-at-a-glance-2019_892e172e/f8d7880d-en.pdf,1,1,2,GOOGLE,0,"✓ Title | ✓ Authors | ✓ Year | ✓ Venue | ○ ID

### Summary
This publication was confirmed as ""Education at a Glance 2019: OECD Indicators"" by OECD Publishing with matching authors and year. The title, authoring organization, publication year, and publisher all align exactly with the cited reference.

### Details
A matching record was found where the title ""Education at a Glance 2019 - OECD INDICATORS"" matched exactly. The author is the OECD, which corresponds to the full name ""OECD (Organisation for Economic Co-operation and Development)"" in the evidence. The year 2019 matched exactly, as did the publisher ""OECD Publishing."" Although no DOI was present, the official PDF link from the OECD website confirms the publication details.

- https://www.oecd.org/content/dam/oecd/en/publications/reports/2019/09/education-at-a-glance-2019_892e172e/f8d7880d-en.pdf
- https://www.oecd.org/en/publications/2019/09/education-at-a-glance-2019_892e172e.html",1.0,0.0
"Penuel, W. R., & Gallagher, L. P. (2021). Designing and studying educational interventions: A mixed‑methods approach. *Journal of Research on Technology in Education*, 53(2), 123‑140.",Education,gpt_oss_120b,unverified,,UNCONFIRMED,UNCONFIRMED,UNCONFIRMED,UNCONFIRMED,ABSENT,,,,,,,,,,,,,,,,,,,,,,,,,,,,,0.000,1.000
"Smith, A. L., & Jones, B. C. (2018). The role of formative assessment in improving student learning outcomes. *Educational Measurement: Issues and Practice*, 37(3), 23‑31.",Education,gpt_oss_120b,unverified,Reference could not be verified.,UNCONFIRMED,UNCONFIRMED,UNCONFIRMED,UNCONFIRMED,UNCONFIRMED,,,,,,,,,,,,,,,,,,,,,,,0,0,0,,0,"? Title | ? Authors | ? Year | ? Venue | ? ID

### Summary
No matching article could be found for the reference by Smith and Jones from 2018 titled ""The role of formative assessment in improving student learning outcomes"" in the journal Educational Measurement: Issues and Practice.

### Details
A search in OpenAlex and a scholarly search returned no records matching the title, authors, year, or journal. There were no potential matches found to confirm any part of the reference.

- [OpenAlex](https://openalex.org)
- [Google Scholar](https://scholar.google.com)",0.0,1.0
"Zhang, H. (2023). *Investigating the effects of gamified learning environments on middle‑school mathematics achievement* (Doctoral dissertation, University of California, Berkeley). ProQuest Dissertations Publishing.",Education,gpt_oss_120b,unverified,,CONTRADICTION,CONTRADICTION,MATCH,CONTRADICTION,ABSENT,,,,,,,,,,,,,,,,,,,,,,,,,,,,,0.000,1.000
International Energy Agency. (2023). *World Energy Outlook 2023*. Paris: International Energy Agency.,Energy,gpt_oss_120b,verified,International Energy Agency. (2023). *World Energy Outlook 2023*. International Energy Agency. https://iea.blob.core.windows.net/assets/ed1e4c42-5726-4269-b801-97b3d32e117c/WorldEnergyOutlook2023.pdf,MATCH,MATCH,MATCH,MATCH,ABSENT,World Energy Outlook 2023,International Energy Agency,2023,International Energy Agency,,https://iea.blob.core.windows.net/assets/ed1e4c42-5726-4269-b801-97b3d32e117c/WorldEnergyOutlook2023.pdf,GOOGLE,4,0,0,1,0,World Energy Outlook 2023,World Energy Outlook 2023,International Energy Agency,International Energy Agency,2023,2023,International Energy Agency,International Energy Agency,,https://iea.blob.core.windows.net/assets/ed1e4c42-5726-4269-b801-97b3d32e117c/WorldEnergyOutlook2023.pdf,1,1,1,GOOGLE,1,"✓ Title | ✓ Authors | ✓ Year | ✓ Venue | ○ ID

### Summary
This report titled ""World Energy Outlook 2023"" by the International Energy Agency was confirmed as a valid reference. The title, author, year, and publisher all matched exactly with the verified source.

### Details
A matching record was found with the exact title ""World Energy Outlook 2023"" authored by the International Energy Agency in 2023. The publisher information also matched perfectly. Although no DOI was present, the official PDF version of the report is available on the International Energy Agency's website, confirming the authenticity of the citation.

- [IEA World Energy Outlook 2023 PDF](https://iea.blob.core.windows.net/assets/ed1e4c42-5726-4269-b801-97b3d32e117c/WorldEnergyOutlook2023.pdf)
- [IEA World Energy Outlook 2023 Report Page](https://www.iea.org/reports/world-energy-outlook-2023)",1.0,0.0
"Liu, Y., & Wang, J. (2021). Machine learning for solar power forecasting: A review. *Renewable and Sustainable Energy Reviews*, 138, 110567.",Energy,gpt_oss_120b,unverified,Reference could not be verified.,CONTRADICTION,CONTRADICTION,MATCH,MATCH,ABSENT,A survey on deep learning methods for power load and renewable energy forecasting in smart microgrids,Sheraz Aslam; Herodotos Herodotou; Syed Muhammad Mohsin; Nadeem Javaid; Nouman Ashraf; Shahzad Aslam,2021,Renewable and Sustainable Energy Reviews,10.1016/j.rser.2021.110992,https://doi.org/10.1016/j.rser.2021.110992,GOOGLE,2,2,0,1,0,Machine learning for solar power forecasting: A review.,A survey on deep learning methods for power load and renewable energy forecasting in smart microgrids,"Liu, Y.; Wang, J.",Sheraz Aslam; Herodotos Herodotou; Syed Muhammad Mohsin; Nadeem Javaid; Nouman Ashraf; Shahzad Aslam,2021,2021,Renewable and Sustainable Energy Reviews,Renewable and Sustainable Energy Reviews,,10.1016/j.rser.2021.110992,0,0,3,GOOGLE,0,"✗ Title | ✗ Authors | ✓ Year | ✓ Venue | ○ ID

### Summary
No matching article could be found for the reference by Liu and Wang (2021) titled ""Machine learning for solar power forecasting: A review"" in Renewable and Sustainable Energy Reviews. The closest candidate found was a different article with a different set of authors and a different title, despite matching the year and journal.

### Details
A matching record was found for a 2021 article in Renewable and Sustainable Energy Reviews, but the title ""A survey on deep learning methods for power load and renewable energy forecasting in smart microgrids"" and the authors (Sheraz Aslam et al.) do not match the cited reference by Liu, Y. and Wang, J. The year 2021 and journal name matched exactly, but the topics and authors differ significantly, indicating this is not the same article. No DOI or other identifier was provided in the original citation to aid verification.

- https://doi.org/10.1016/j.rser.2021.110992",0.0,1.0
"Smith, A. B., & Patel, R. (2020). Life‑cycle assessment of lithium‑ion batteries for electric vehicles. *Journal of Cleaner Production*, 276, 124215.",Energy,gpt_oss_120b,needs-human,Reference requires human review.,CONTAINS,CONTRADICTION,CONTAINS,MATCH,ABSENT,Comparative life cycle assessment of lithium-ion batteries for electric vehicles addressing capacity fade,Pedro Marques; Rita Garcia; Luiz Kulay; Fausto Freire,2019,Journal of Cleaner Production,10.1016/j.jclepro.2019.05.026,https://doi.org/10.1016/j.jclepro.2019.05.026,GOOGLE,1,1,2,1,0,Life‑cycle assessment of lithium‑ion batteries for electric vehicles.,Comparative life cycle assessment of lithium-ion batteries for electric vehicles addressing capacity fade,"Smith, A. B.; Patel, R.",Pedro Marques; Rita Garcia; Luiz Kulay; Fausto Freire,2020,2019,Journal of Cleaner Production,Journal of Cleaner Production,,10.1016/j.jclepro.2019.05.026,0,0,3,GOOGLE,0,"◐ Title | ✗ Authors | ◐ Year | ✓ Venue | ○ ID

### Summary
The reference could not be fully confirmed because the authors listed in the citation do not match those found in the closest candidate article, despite the title and journal being very similar. The year is close but differs by one year, and no unique identifier was available to confirm the match.

### Details
A matching article was found titled ""Comparative life cycle assessment of lithium-ion batteries for electric vehicles addressing capacity fade"" published in the Journal of Cleaner Production. The year of publication is 2019, which is one year earlier than the cited 2020. However, none of the authors (Pedro Marques, Rita Garcia, Luiz Kulay, Fausto Freire) match the cited authors (Smith, A. B., Patel, R.). The title shares the core phrase but includes additional details, suggesting a related but distinct work. No DOI or other identifier was present in the original citation to aid verification.

- https://doi.org/10.1016/j.jclepro.2019.05.026",0.2,0.8
"Kim, H., & Lee, S. (2019). Advanced grid integration of offshore wind farms. In *Proceedings of the IEEE Power & Energy Society General Meeting* (pp. 1‑5). IEEE.",Energy,gpt_oss_120b,unverified,Reference could not be verified.,CONTAINS,CONTRADICTION,CONTRADICTION,MATCH,ABSENT,"Offshore wind farm-grid integration: A review on infrastructure, challenges, and grid solutions",SW Ali; M Sadiq; Y Terriche; SAR Naqvi,2021,Ieee …,,https://ieeexplore.ieee.org/abstract/document/9492079/,GOOGLE,1,2,1,1,0,Advanced grid integration of offshore wind farms,"Offshore wind farm-grid integration: A review on infrastructure, challenges, and grid solutions","Kim, H.; Lee, S.",SW Ali; M Sadiq; Y Terriche; SAR Naqvi,2019,2021,Proceedings of the IEEE Power & Energy Society General Meeting,Ieee …,,https://ieeexplore.ieee.org/abstract/document/9492079/,0,0,3,GOOGLE,1,"◐ Title | ✗ Authors | ✗ Year | ✓ Venue | ○ ID

### Summary
No matching article could be found for the reference by Kim and Lee (2019) titled ""Advanced grid integration of offshore wind farms"". Although the venue, the IEEE Power & Energy Society General Meeting, matches, the authors and year differ significantly from the closest candidate found.

### Details
A candidate article titled ""Offshore wind farm-grid integration: A review on infrastructure, challenges, and grid solutions"" was found in the same IEEE venue but published in 2021 with different authors (SW Ali, M Sadiq, Y Terriche, SAR Naqvi). The title contains the core phrase ""grid integration of offshore wind farms,"" but the author names and publication year do not match the original reference. No identifier was available to confirm a match. Additional searches did not find any record matching the original authors and year.

- https://ieeexplore.ieee.org/abstract/document/9492079/",0.0,1.0
"Garcia, M. L. (2018). *Economic impacts of distributed renewable energy adoption in rural communities* (Doctoral dissertation, University of Texas at Austin). ProQuest Dissertations Publishing.",Energy,gpt_oss_120b,unverified,Reference could not be verified.,CONTRADICTION,CONTRADICTION,CONTRADICTION,CONTRADICTION,ABSENT,Economic and territorial integration of renewables in rural areas: Lessons from a long-term perspective,R Duarte; Á García-Riazuelo; LA Sáez; C Sarasa,2022,Energy Economics,,https://www.sciencedirect.com/science/article/pii/S0140988322001773,GOOGLE,0,4,0,1,0,Economic impacts of distributed renewable energy adoption in rural communities,Economic and territorial integration of renewables in rural areas: Lessons from a long-term perspective,"Garcia, M. L.",R Duarte; Á García-Riazuelo; LA Sáez; C Sarasa,2018,2022,ProQuest Dissertations Publishing,Energy Economics,,https://www.sciencedirect.com/science/article/pii/S0140988322001773,0,0,3,GOOGLE,0,"✗ Title | ✗ Authors | ✗ Year | ✗ Venue | ○ ID

### Summary
No matching dissertation or article could be found that corresponds to the reference by Garcia, M. L. from 2018 about economic impacts of distributed renewable energy adoption in rural communities. The closest found work differs significantly in title, authors, year, and publication type.

### Details
A search did not find any record matching the title, authors, or year of the cited dissertation. The closest related article found was titled ""Economic and territorial integration of renewables in rural areas: Lessons from a long-term perspective,"" published in 2022 by different authors in the journal Energy Economics. This article focuses on a different subject and is published in a different venue than the cited dissertation. No identifier was available to assist verification.

- https://www.sciencedirect.com/science/article/pii/S0140988322001773",0.0,1.0
"Zhao, X., & Zhou, Y. (2022). Thermoelectric materials for waste heat recovery: Recent advances and challenges. *Energy & Environmental Science*, 15(3), 1024‑1045.",Energy,gpt_oss_120b,unverified,Reference could not be verified.,CONTRADICTION,CONTRADICTION,MATCH,CONTRADICTION,ABSENT,A record thermoelectric efficiency in tellurium-free modules for low-grade waste heat recovery,Z Bu; X Zhang; Y Hu; Z Chen; S Lin; W Li; C Xiao,2022,Nature Communications,,https://www.nature.com/articles/s41467-021-27916-y,GOOGLE,1,3,0,1,0,Thermoelectric materials for waste heat recovery: Recent advances and challenges.,A record thermoelectric efficiency in tellurium-free modules for low-grade waste heat recovery,"Zhao, X.; Zhou, Y.",Z Bu; X Zhang; Y Hu; Z Chen; S Lin; W Li; C Xiao,2022,2022,Energy & Environmental Science,Nature Communications,,https://www.nature.com/articles/s41467-021-27916-y,0,0,3,GOOGLE,0,"✗ Title | ✗ Authors | ✓ Year | ✗ Venue | ○ ID

### Summary
No matching article could be found for the reference by Zhao and Zhou (2022) in *Energy & Environmental Science*. The details show significant differences in title, authors, and journal compared to the closest available records.

### Details
A matching record was not found for the cited article. The year 2022 matches exactly, but the title and authors differ substantially. The cited title discusses a general review on thermoelectric materials for waste heat recovery, while the closest found article reports a specific result on thermoelectric efficiency in tellurium-free modules, authored by a completely different group. Additionally, the cited journal (*Energy & Environmental Science*) does not match the journal of the closest candidate (*Nature Communications*). No DOI or other identifier was available to confirm the citation.

- https://www.nature.com/articles/s41467-021-27916-y",0.0,1.0
"National Renewable Energy Laboratory. (2020). *Distributed Energy Resources: Market Trends and Policy Implications* (NREL/TP‑5D00‑78901). Golden, CO: NREL.",Energy,gpt_oss_120b,needs-human,Reference requires human review.,CONTRADICTION,MATCH,MATCH,MATCH,ABSENT,Maximizing Distributed Energy Resource Value for All Stakeholders,National Renewable Energy Laboratory,2020,National Renewable Energy Laboratory,,https://docs.nrel.gov/docs/fy20osti/76926.pdf,GOOGLE,3,1,0,1,0,Distributed Energy Resources: Market Trends and Policy Implications,Maximizing Distributed Energy Resource Value for All Stakeholders,National Renewable Energy Laboratory,National Renewable Energy Laboratory,2020,2020,National Renewable Energy Laboratory,National Renewable Energy Laboratory,,https://docs.nrel.gov/docs/fy20osti/76926.pdf,0,0,3,GOOGLE,0,"✗ Title | ✓ Authors | ✓ Year | ✓ Venue | ○ ID

### Summary
The reference could not be conclusively verified because the title in the citation does not match the title found in the best potential match, even though the authors, year, and publisher are the same. This discrepancy suggests that the two titles refer to different documents.

### Details
A matching record was found with the same author (National Renewable Energy Laboratory), year (2020), and publisher, but the title differs. The citation title is about ""Distributed Energy Resources: Market Trends and Policy Implications,"" while the found document is titled ""Maximizing Distributed Energy Resource Value for All Stakeholders."" No identifier was provided in the citation to help confirm the match. The best potential match is available at [NREL document](https://docs.nrel.gov/docs/fy20osti/76926.pdf). 

- https://docs.nrel.gov/docs/fy20osti/76926.pdf",0.333,0.667
"Patel, S., & Kumar, P. (2023). Hydrogen production via electrolysis powered by renewable energy: Techno‑economic analysis. *International Journal of Hydrogen Energy*, 48(12), 6578‑6590.",Energy,gpt_oss_120b,needs-human,Reference requires human review.,CONTAINS,CONTRADICTION,CONTAINS,CONTAINS,ABSENT,Techno-economic analysis of current and emerging electrolysis technologies for green hydrogen production,Hossein Nami; Omid Babaie Rizvandi; Christodoulos Chatzichristodoulou; Peter Vang Hendriksen; Henrik Lund Frandsen,2022,Energy Conversion and Management,10.1016/j.enconman.2022.116162,https://doi.org/10.1016/j.enconman.2022.116162,GOOGLE,0,1,3,1,0,Hydrogen production via electrolysis powered by renewable energy: Techno‑economic analysis,Techno-economic analysis of current and emerging electrolysis technologies for green hydrogen production,"Patel, S.; Kumar, P.",Hossein Nami; Omid Babaie Rizvandi; Christodoulos Chatzichristodoulou; Peter Vang Hendriksen; Henrik Lund Frandsen,2023,2022,International Journal of Hydrogen Energy,Energy Conversion and Management,,10.1016/j.enconman.2022.116162,0,0,2,GOOGLE,1,"◐ Title | ✗ Authors | ◐ Year | ◐ Venue | ○ ID

### Summary
The verification result is ambiguous and requires human review because the authors listed in the original reference do not match those found in the closest candidate article. While the titles and publication years are similar, the author names are completely different, indicating these are likely two distinct articles.

### Details
A matching record was found with a similar title about techno-economic analysis of electrolysis technologies for green hydrogen production, published in 2022 in the journal Energy Conversion and Management. However, the authors of this candidate article (Nami, Babaie Rizvandi, Chatzichristodoulou, Vang Hendriksen, Lund Frandsen) do not overlap with the authors in the original reference (Patel, Kumar). The publication years are close (2022 vs. 2023), and both journals are published by Elsevier, but the author discrepancy means the match is uncertain and needs human judgment.

- https://doi.org/10.1016/j.enconman.2022.116162
- https://www.sciencedirect.com/journal/energy-conversion-and-management",0.1,0.9
"O'Connor, D., & Singh, R. (2021). Smart microgrid control using reinforcement learning. In *2021 IEEE International Conference on Smart Grid Communications (SmartGridComm)* (pp. 210‑215). IEEE.",Energy,gpt_oss_120b,unverified,Reference could not be verified.,CONTRADICTION,CONTRADICTION,CONTAINS,CONTAINS,ABSENT,Reinforcement Learning Techniques for Optimal Power Control in Grid-Connected Microgrids: A Comprehensive Review,Erick O. Arwa; Komla A. Folly,2020,IEEE Access,10.1109/access.2020.3038735,https://doi.org/10.1109/access.2020.3038735,GOOGLE,0,2,2,1,0,Smart microgrid control using reinforcement learning,Reinforcement Learning Techniques for Optimal Power Control in Grid-Connected Microgrids: A Comprehensive Review,"O'Connor, D.; Singh, R.",Erick O. Arwa; Komla A. Folly,2021,2020,IEEE,IEEE Access,,10.1109/access.2020.3038735,0,0,3,GOOGLE,0,"✗ Title | ✗ Authors | ◐ Year | ◐ Venue | ○ ID

### Summary
No matching article could be found for the reference by O'Connor and Singh (2021) titled ""Smart microgrid control using reinforcement learning."" The available records show a different article with a distinct title, different authors, and a different year.

### Details
A search found a candidate article titled ""Reinforcement Learning Techniques for Optimal Power Control in Grid-Connected Microgrids: A Comprehensive Review"" published in IEEE Access in 2020 by Erick O. Arwa and Komla A. Folly. This differs significantly from the cited article in title, authors, and year. The cited article's title and authors do not match any found records, and no DOI or other identifier was available to confirm it. The year 2021 is close to 2020 but does not compensate for the other contradictions. 

- https://doi.org/10.1109/access.2020.3038735",0.0,1.0
"Wang, L., & Chen, H. (2019). Energy policy and carbon pricing: A comparative analysis of EU and China. *Energy Policy*, 132, 1‑10.",Energy,gpt_oss_120b,unverified,Reference could not be verified.,CONTRADICTION,CONTRADICTION,CONTRADICTION,CONTRADICTION,ABSENT,The integration of carbon price between European and Chinese markets: what are the implications?,Y Wang; Q Fu; CP Chang,2021,Journal of Environmental Research,,https://link.springer.com/article/10.1007/s41742-021-00342-0,GOOGLE,0,4,0,1,0,Energy policy and carbon pricing: A comparative analysis of EU and China.,The integration of carbon price between European and Chinese markets: what are the implications?,"Wang, L.; Chen, H.",Y Wang; Q Fu; CP Chang,2019,2021,Energy Policy,Journal of Environmental Research,,https://link.springer.com/article/10.1007/s41742-021-00342-0,0,0,1,GOOGLE,1,"✗ Title | ✗ Authors | ✗ Year | ✗ Venue | ○ ID

### Summary
No matching article could be found for the cited reference. The details show significant differences in title, authors, year, and journal, indicating the cited work does not correspond to the found candidate.

### Details
A search found a similar article titled ""The integration of carbon price between European and Chinese markets: what are the implications?"" published in 2021 by Y. Wang, Q. Fu, and C.P. Chang in the Journal of Environmental Research. However, this differs from the cited article titled ""Energy policy and carbon pricing: A comparative analysis of EU and China"" by L. Wang and H. Chen from 2019 in Energy Policy. The titles focus on different topics, the authors mostly differ except for one shared surname, the publication years are two years apart, and the journals are distinct with no clear relation. No identifier was available to confirm a match.

- https://link.springer.com/article/10.1007/s41742-021-00342-0",0.0,1.0
"Smith, J. A., & Lee, K. (2022). Climate change impacts on freshwater ecosystems: A meta‑analysis. *Global Change Biology*, 28(4), 1234‑1249.",Environmental Science,gpt_oss_120b,unverified,Reference could not be verified.,CONTRADICTION,CONTRADICTION,MATCH,MATCH,ABSENT,Effects of climate on salmonid productivity: A global meta‐analysis across freshwater ecosystems,Brian K. Gallagher; Sarah Geargeoura; Dylan J. Fraser,2022,Global Change Biology,10.1111/gcb.16446,https://doi.org/10.1111/gcb.16446,GOOGLE,2,2,0,1,0,Climate change impacts on freshwater ecosystems: A meta‑analysis,Effects of climate on salmonid productivity: A global meta‐analysis across freshwater ecosystems,"Smith, J. A.; Lee, K.",Brian K. Gallagher; Sarah Geargeoura; Dylan J. Fraser,2022,2022,Global Change Biology,Global Change Biology,,10.1111/gcb.16446,0,0,2,GOOGLE,0,"✗ Title | ✗ Authors | ✓ Year | ✓ Venue | ○ ID

### Summary
The reference could not be verified because the title and authors do not match any found records, even though the year and journal are correct. The cited article and the closest found article are about different topics and have completely different authors.

### Details
A matching record was found in the journal Global Change Biology for the year 2022, but the title ""Effects of climate on salmonid productivity: A global meta‐analysis across freshwater ecosystems"" and authors Brian K. Gallagher, Sarah Geargeoura, and Dylan J. Fraser do not match the cited title or authors Smith, J. A. and Lee, K. The year 2022 and journal Global Change Biology matched exactly, but no identifier was provided in the citation to aid verification.

- https://doi.org/10.1111/gcb.16446",0.0,1.0
"González, M., Patel, R., & Wang, L. (2021). Urban green infrastructure and air quality improvement: A systematic review. *Environmental Science & Technology*, 55(12), 7890‑7905.",Environmental Science,gpt_oss_120b,unverified,Reference could not be verified.,CONTRADICTION,UNCONFIRMED,MATCH,UNCONFIRMED,ABSENT,Full article: Green infrastructure: systematic literature review,,2021,,10.1080/1331677X.2021.1893202,https://www.tandfonline.com/doi/full/10.1080/1331677X.2021.1893202,GOOGLE,1,1,0,1,2,Urban green infrastructure and air quality improvement: A systematic review,Full article: Green infrastructure: systematic literature review,"González, M.; Patel, R.; Wang, L.",,2021,2021,Environmental Science & Technology,,,10.1080/1331677X.2021.1893202,0,0,3,GOOGLE,1,"✗ Title | ? Authors | ✓ Year | ? Venue | ○ ID

### Summary
No matching article could be found that confirms the reference as stated. The title provided in the reference differs significantly from any found, indicating they are likely different papers despite the matching year.

### Details
A search found a potential match titled ""Full article: Green infrastructure: systematic literature review"" published in 2021, but this title does not align with the cited article's focus on urban green infrastructure and air quality improvement. The authors and journal could not be confirmed, and no identifier was available to verify the reference further. The year 2021 matched exactly, but the title contradiction and lack of author and venue confirmation led to the conclusion that the reference could not be verified.

- https://www.tandfonline.com/doi/full/10.1080/1331677X.2021.1893202",0.0,1.0
"O'Connor, P., & Hernández, S. (2020). Assessing soil carbon sequestration under regenerative agriculture practices. *Journal of Soil Science*, 85(3), 456‑470.",Environmental Science,gpt_oss_120b,unverified,Reference could not be verified.,CONTRADICTION,CONTRADICTION,MATCH,CONTRADICTION,ABSENT,Potential for soil organic carbon sequestration in grasslands in East African countries: A review,Bezaye Tessema; Rolf Sommer; Kristin Piikki; Mats Söderström; Sara Namirembe; An Notenbaert; Lulseged Tamene; Sylvia S. Nyawira; Birthe K. Paul,2020,Grassland Science,10.1111/grs.12267,https://doi.org/10.1111/grs.12267,GOOGLE,1,3,0,1,0,Assessing soil carbon sequestration under regenerative agriculture practices.,Potential for soil organic carbon sequestration in grasslands in East African countries: A review,"O'Connor, P.; Hernández, S.",Bezaye Tessema; Rolf Sommer; Kristin Piikki; Mats Söderström; Sara Namirembe; An Notenbaert; Lulseged Tamene; Sylvia S. Nyawira; Birthe K. Paul,2020,2020,Journal of Soil Science,Grassland Science,,10.1111/grs.12267,0,0,3,GOOGLE,0,"✗ Title | ✗ Authors | ✓ Year | ✗ Venue | ○ ID

### Summary
No matching article could be found for the reference by O'Connor and Hernández (2020) titled ""Assessing soil carbon sequestration under regenerative agriculture practices"" in the Journal of Soil Science. The best candidate found was a different article with a distinct title, authors, and journal.

### Details
A search found a candidate article titled ""Potential for soil organic carbon sequestration in grasslands in East African countries: A review"" published in 2020 in Grassland Science, but this differs significantly from the cited article. The authors of the candidate article do not overlap with the cited authors O'Connor and Hernández. The journal titles also differ, with no apparent connection between Journal of Soil Science and Grassland Science. The year 2020 matches exactly, but the title, authors, and journal contradict the citation. No DOI or other identifier was provided in the original reference to aid verification.

- https://doi.org/10.1111/grs.12267",0.0,1.0
"Liu, Y., & Zhao, X. (2023). Remote sensing of deforestation dynamics in the Amazon basin using Sentinel‑2 data. *Remote Sensing of Environment*, 285, 113215.",Environmental Science,gpt_oss_120b,unverified,Reference could not be verified.,CONTRADICTION,CONTRADICTION,CONTRADICTION,CONTAINS,ABSENT,Deforestation detection with fully convolutional networks in the Amazon Forest from Landsat-8 and Sentinel-2 images,DL Torres; JN Turnes; PJ Soto Vega; RQ Feitosa…,2021,Remote Sensing,,https://www.mdpi.com/2072-4292/13/24/5084,GOOGLE,0,3,1,1,0,Remote sensing of deforestation dynamics in the Amazon basin using Sentinel‑2 data,Deforestation detection with fully convolutional networks in the Amazon Forest from Landsat-8 and Sentinel-2 images,"Liu, Y.; Zhao, X.",DL Torres; JN Turnes; PJ Soto Vega; RQ Feitosa…,2023,2021,Remote Sensing of Environment,Remote Sensing,,https://www.mdpi.com/2072-4292/13/24/5084,0,0,3,GOOGLE,0,"✗ Title | ✗ Authors | ✗ Year | ◐ Venue | ○ ID

### Summary
No matching article could be found for the reference by Liu and Zhao (2023) titled ""Remote sensing of deforestation dynamics in the Amazon basin using Sentinel‑2 data."" The details such as title, authors, year, and journal do not align with any known records.

### Details
A search found a different article titled ""Deforestation detection with fully convolutional networks in the Amazon Forest from Landsat-8 and Sentinel-2 images"" published in 2021 by Torres et al. in the journal Remote Sensing. This differs significantly in title focus, author names, publication year, and journal name from the cited reference. No identifier was available to confirm the citation, and no exact match was found in OpenAlex or other scholarly databases.

- https://www.mdpi.com/2072-4292/13/24/5084
- https://ieeexplore.ieee.org/abstract/document/10402113/",0.0,1.0
"Patel, N. (2022). *Evaluating the effectiveness of marine protected areas in biodiversity conservation* (Doctoral dissertation, University of California, Santa Barbara). ProQuest Dissertations Publishing.",Environmental Science,gpt_oss_120b,unverified,Reference could not be verified.,UNCONFIRMED,UNCONFIRMED,UNCONFIRMED,UNCONFIRMED,UNCONFIRMED,,,,,,,,,,,,,,,,,,,,,,,0,0,0,,0,"? Title | ? Authors | ? Year | ? Venue | ? ID

### Summary
No matching doctoral dissertation by N. Patel from 2022 titled ""Evaluating the effectiveness of marine protected areas in biodiversity conservation"" could be found. The search did not confirm the author, title, year, or university details.

### Details
A search through OpenAlex and academic databases found no records matching this dissertation. The year 2022, author name Patel N., and the dissertation title were all unconfirmed. Related articles on marine protected areas were found but none matched the specific dissertation details. No ProQuest or university repository records were identified.

- https://openalex.org
- https://scholar.google.com",0.0,1.0
"Kim, H., & Park, J. (2021). Life‑cycle assessment of electric vehicle batteries: Environmental trade‑offs. In *Proceedings of the 12th International Conference on Sustainable Energy* (pp. 212‑219). IEEE.",Environmental Science,gpt_oss_120b,unverified,Reference could not be verified.,CONTRADICTION,CONTRADICTION,CONTAINS,CONTRADICTION,ABSENT,Comparative environmental life cycle assessment of several powertrain types for cars and buses in France for two driving cycles: “worldwide harmonized light vehicle test procedure” cycle and urban cycle,Anne Bouter; Emmanuel Hache; Cyprien Ternel; Sandra Beauchet,2020,The International Journal of Life Cycle Assessment,10.1007/s11367-020-01756-2,https://doi.org/10.1007/s11367-020-01756-2,GOOGLE,0,3,1,1,0,Life‑cycle assessment of electric vehicle batteries: Environmental trade‑offs.,Comparative environmental life cycle assessment of several powertrain types for cars and buses in France for two driving cycles: “worldwide harmonized light vehicle test procedure” cycle and urban cycle,"Kim, H.; Park, J.",Anne Bouter; Emmanuel Hache; Cyprien Ternel; Sandra Beauchet,2021,2020,Proceedings of the 12th International Conference on Sustainable Energy,The International Journal of Life Cycle Assessment,,10.1007/s11367-020-01756-2,0,1,3,GOOGLE,0,"✗ Title | ✗ Authors | ◐ Year | ✗ Venue | ○ ID

### Summary
No matching article could be found for the reference by Kim and Park (2021) titled ""Life‑cycle assessment of electric vehicle batteries: Environmental trade‑offs"". The closest candidate found was a different article with different authors, title, and publication venue.

### Details
A search found a candidate article titled ""Comparative environmental life cycle assessment of several powertrain types for cars and buses in France for two driving cycles"" published in 2020 in The International Journal of Life Cycle Assessment by Anne Bouter, Emmanuel Hache, Cyprien Ternel, and Sandra Beauchet. This differs significantly from the cited title and authors (Kim, H. and Park, J.). The cited venue is a conference proceeding, while the candidate is a journal article. No DOI or other identifier was present in the original citation to aid verification.

- https://doi.org/10.1007/s11367-020-01756-2",0.0,1.0
United Nations Environment Programme. (2020). *Global environmental outlook 6: Regional assessments* (Technical Report). UNEP.,Environmental Science,gpt_oss_120b,verified-with-error,,CONTAINS,MATCH,UNCONFIRMED,MATCH,ABSENT,,,,,,,,,,,,,,,,,,,,,,,,,,,,,0.633,0.367
"Thompson, R., & Singh, A. (2023). Microplastic contamination in coastal sediments: Sources and mitigation strategies. *Marine Pollution Bulletin*, 190, 113456.",Environmental Science,gpt_oss_120b,unverified,Reference could not be verified.,CONTRADICTION,CONTRADICTION,CONTRADICTION,MATCH,ABSENT,"Microplastic fragment and fiber contamination of beach sediments from selected sites in Virginia and North Carolina, USA",G. Z. Dodson; A. K. Shotorban; P. G. Hatcher,2020,Marine Pollution Bulletin,,https://www.sciencedirect.com/science/article/pii/S0025326X19310252,GOOGLE,1,3,0,1,0,Microplastic contamination in coastal sediments: Sources and mitigation strategies,"Microplastic fragment and fiber contamination of beach sediments from selected sites in Virginia and North Carolina, USA","Thompson, R.; Singh, A.",G. Z. Dodson; A. K. Shotorban; P. G. Hatcher,2023,2020,Marine Pollution Bulletin,Marine Pollution Bulletin,,https://www.sciencedirect.com/science/article/pii/S0025326X19310252,0,0,3,GOOGLE,0,"✗ Title | ✗ Authors | ✗ Year | ✓ Venue | ○ ID

### Summary
The reference could not be verified because the details do not match any known publication. The cited article's title, authors, and year differ significantly from the closest found record, although the journal name matches.

### Details
A matching record was found in the same journal, Marine Pollution Bulletin, but it has a different title focusing on microplastic contamination in beach sediments from Virginia and North Carolina, USA. The authors of the found article (Dodson, Shotorban, Hatcher) do not overlap with the cited authors (Thompson, Singh). Additionally, the publication year differs by three years (2020 vs. 2023). No digital identifier was available to confirm the citation. These discrepancies indicate that the cited reference does not correspond to any verified publication in the sources searched.

- https://www.sciencedirect.com/science/article/pii/S0025326X19310252",0.0,1.0
"García, L., & Martínez, P. (2022). Modeling the spread of invasive plant species under climate change scenarios. *Ecological Modelling*, 466, 109754.",Environmental Science,gpt_oss_120b,unverified,,CONTRADICTION,CONTRADICTION,CONTAINS,CONTAINS,ABSENT,,,,,,,,,,,,,,,,,,,,,,,,,,,,,0.000,1.000
"Chen, S., & Roberts, D. (2021). Renewable energy policy incentives and their impact on greenhouse gas emissions in Europe. *Energy Policy*, 156, 112‑124.",Environmental Science,gpt_oss_120b,unverified,,CONTRADICTION,CONTRADICTION,MATCH,CONTAINS,ABSENT,,,,,,,,,,,,,,,,,,,,,,,,,,,,,0.000,1.000
"Unterhalter, E., & Lugg, R. (2015). Gender, education and development: A critical review of the evidence. *International Journal of Educational Development, 41*, 1‑12.",Girls education,gpt_oss_120b,unverified,Reference could not be verified.,CONTAINS,CONTAINS,CONTRADICTION,CONTRADICTION,ABSENT,"Gender, education and development",E Unterhalter,2006,"C. Skelton, B. Francis, & l. Smulyan (Eds.), The Sage …",,https://www.torrossa.com/gs/resourceProxy?an=4913701&publisher=FZ7200#page=118,GOOGLE,0,2,2,1,0,"Gender, education and development: A critical review of the evidence.","Gender, education and development","Unterhalter, E.; Lugg, R.",E Unterhalter,2015,2006,International Journal of Educational Development,"C. Skelton, B. Francis, & l. Smulyan (Eds.), The Sage …",,https://www.torrossa.com/gs/resourceProxy?an=4913701&publisher=FZ7200#page=118,0,0,1,GOOGLE,0,"◐ Title | ◐ Authors | ✗ Year | ✗ Venue | ○ ID

### Summary
The reference could not be verified as matching the original citation. Although the title ""Gender, education and development"" was found, the year and publication source differ significantly, and one of the authors is missing.

### Details
A matching record was found with the title ""Gender, education and development"" published in 2006 within an edited volume by C. Skelton, B. Francis, and L. Smulyan from Sage. However, the original citation refers to a 2015 article in the International Journal of Educational Development by Unterhalter and Lugg, which is a different venue and year. Additionally, the candidate reference only lists E. Unterhalter as an author, missing R. Lugg. No identifier was available to confirm the match.

- https://www.torrossa.com/gs/resourceProxy?an=4913701&publisher=FZ7200#page=118",0.0,1.0
"Kabeer, N. (2016). Empowering women through education: Evidence from South Asia. *World Development, 78*, 1‑13.",Girls education,gpt_oss_120b,unverified,Reference could not be verified.,CONTRADICTION,UNCONFIRMED,MATCH,CONTAINS,ABSENT,Empowering women through education: Experiences from Dalit women in Nepal,,2016,International Journal of Educational Development,,https://www.sciencedirect.com/science/article/abs/pii/S0738059314000728,GOOGLE,1,1,1,1,1,Empowering women through education: Evidence from South Asia.,Empowering women through education: Experiences from Dalit women in Nepal,"Kabeer, N.",,2016,2016,World Development,International Journal of Educational Development,,https://www.sciencedirect.com/science/article/abs/pii/S0738059314000728,0,1,3,GOOGLE,0,"✗ Title | ? Authors | ✓ Year | ◐ Venue | ○ ID

### Summary
No matching article could be found that exactly corresponds to the original reference by Kabeer (2016) titled ""Empowering women through education: Evidence from South Asia"". The closest found article has a similar title but focuses specifically on Dalit women in Nepal and is published in a different journal.

### Details
A matching record was not found in OpenAlex. The closest potential match is an article titled ""Empowering women through education: Experiences from Dalit women in Nepal"" published in 2016 in the International Journal of Educational Development. This differs from the original citation's title and journal, which is World Development. The year 2016 matches exactly, but the topics and venues differ, indicating these are distinct works. No DOI or other identifier was found to confirm the original reference.

- https://www.sciencedirect.com/science/article/abs/pii/S0738059314000728
- https://www.researchgate.net/publication/368666550_Empowering_Women_through_Education",0.0,1.0
UNESCO. (2018). *Girls' education and the Sustainable Development Goals: A technical report*. UNESCO Institute for Statistics.,Girls education,gpt_oss_120b,unverified,Reference could not be verified.,CONTRADICTION,MATCH,UNCONFIRMED,CONTAINS,ABSENT,Gender equality and education in the sustainable ...,UNESCO,,UNESDOC / UNESCO,,https://unesdoc.unesco.org/ark:/48223/pf0000245574,GOOGLE,1,1,1,1,1,Girls' education and the Sustainable Development Goals: A technical report,Gender equality and education in the sustainable ...,UNESCO,UNESCO,2018,,UNESCO Institute for Statistics,UNESDOC / UNESCO,,https://unesdoc.unesco.org/ark:/48223/pf0000245574,0,0,3,GOOGLE,0,"✗ Title | ✓ Authors | ? Year | ◐ Venue | ○ ID

### Summary
No matching report titled ""Girls' education and the Sustainable Development Goals: A technical report"" by UNESCO from 2018 could be found. While the author UNESCO matches exactly, the title differs significantly, focusing on gender equality and education more broadly rather than specifically on girls' education within the Sustainable Development Goals.

### Details
A matching record was not found in OpenAlex. The best potential match found was a UNESCO report titled ""Gender equality and education in the sustainable ..."" hosted on the UNESDOC portal, which is related but not identical in title or focus. The year 2018 could not be confirmed as the candidate record lacks a publication year. The venue differs slightly: the citation lists ""UNESCO Institute for Statistics,"" while the candidate is from ""UNESDOC / UNESCO,"" both under the UNESCO umbrella but distinct entities. No DOI or other identifier was found to confirm the citation.

- https://unesdoc.unesco.org/ark:/48223/pf0000245574",0.033,0.967
"Muthuri, J., & Kinyanjui, M. (2019). The impact of school feeding programs on girls' attendance in Kenya. In *Proceedings of the 12th International Conference on Education and Development* (pp. 45‑52). Nairobi, Kenya.",Girls education,gpt_oss_120b,unverified,Reference could not be verified.,UNCONFIRMED,UNCONFIRMED,UNCONFIRMED,UNCONFIRMED,UNCONFIRMED,,,,,,,,,,,,,,,,,,,,,,,0,0,0,,0,"? Title | ? Authors | ? Year | ? Venue | ? ID

### Summary
No matching conference proceeding could be found for the reference titled ""The impact of school feeding programs on girls' attendance in Kenya"" by Muthuri and Kinyanjui from 2019. The details of the conference and the authors could not be confirmed.

### Details
A search in OpenAlex and a general web search did not find any record matching the title, authors, year, or conference details provided. There were no potential matches or evidence to verify the reference.

- https://openalex.org
- https://www.google.com/search",0.0,1.0
"Singh, A., & Kaur, R. (2020). Socio‑cultural barriers to secondary education for girls in rural India. *Journal of Gender Studies, 29*(3), 345‑360.",Girls education,gpt_oss_120b,unverified,Reference could not be verified.,CONTRADICTION,CONTRADICTION,CONTRADICTION,CONTAINS,ABSENT,Exploring the socio-cultural barriers to girls' education: A qualitative study of parents' perspective of school dropout of girls of South Punjab,S Jabeen; S Omer; A Zafar,2024,Studies,,https://www.socialsciencejournals.pjgs-ws.com/index.php/PJGS/article/view/723,GOOGLE,0,3,1,1,0,Socio‑cultural barriers to secondary education for girls in rural India.,Exploring the socio-cultural barriers to girls' education: A qualitative study of parents' perspective of school dropout of girls of South Punjab,"Singh, A.; Kaur, R.",S Jabeen; S Omer; A Zafar,2020,2024,Journal of Gender Studies,Studies,,https://www.socialsciencejournals.pjgs-ws.com/index.php/PJGS/article/view/723,0,0,3,GOOGLE,0,"✗ Title | ✗ Authors | ✗ Year | ◐ Venue | ○ ID

### Summary
No matching article could be found for the reference by Singh and Kaur (2020) on socio-cultural barriers to secondary education for girls in rural India. The best available candidate was a different study from 2024 with different authors and a different focus region.

### Details
A matching record was not found in OpenAlex. The closest found article was titled ""Exploring the socio-cultural barriers to girls' education: A qualitative study of parents' perspective of school dropout of girls of South Punjab"" published in 2024 by Jabeen, Omer, and Zafar. This differs significantly from the cited article in title, authors, year, and geographic focus. The cited article's year (2020) and authors (Singh, A. and Kaur, R.) do not match the candidate's 2024 publication and different authors. The venue name partially overlaps but is not sufficient to confirm a match. No DOI or other identifier was available to support verification.

- https://www.socialsciencejournals.pjgs-ws.com/index.php/PJGS/article/view/723",0.0,1.0
"Osei, G. (2021). *Teacher gender bias and girls' participation in STEM classrooms: A Ghanaian case study* (Doctoral dissertation). University of Ghana, Legon.",Girls education,gpt_oss_120b,unverified,Reference could not be verified.,UNCONFIRMED,UNCONFIRMED,UNCONFIRMED,UNCONFIRMED,UNCONFIRMED,,,,,,,,,,,,,,,,,,,,,,,0,0,0,,0,"? Title | ? Authors | ? Year | ? Venue | ? ID

### Summary
No matching doctoral dissertation by G. Osei from 2021 titled ""Teacher gender bias and girls' participation in STEM classrooms: A Ghanaian case study"" could be found in available academic databases or search engines.

### Details
A search was conducted across multiple sources including OpenAlex, Google, and Google Scholar, but no records matching the author, title, year, or university were identified. There were no potential matches or similar entries found to confirm the existence of this dissertation.

- [OpenAlex](https://openalex.org)
- [Google](https://www.google.com)
- [Google Scholar](https://scholar.google.com)",0.0,1.0
"Baird, S., & McIntosh, C. (2022). Digital learning interventions for adolescent girls in low‑resource settings. *Education and Information Technologies, 27*(4), 5679‑5698.",Girls education,gpt_oss_120b,unverified,Reference could not be verified.,CONTRADICTION,UNCONFIRMED,UNCONFIRMED,UNCONFIRMED,ABSENT,Does Digital Literacy Empower Adolescent Girls in Low - PMC - NIH,,,,,https://pmc.ncbi.nlm.nih.gov/articles/PMC8716589/,GOOGLE,0,1,0,1,3,Digital learning interventions for adolescent girls in low‑resource settings,Does Digital Literacy Empower Adolescent Girls in Low - PMC - NIH,"Baird, S.; McIntosh, C.",,2022,,Education and Information Technologies,,,https://pmc.ncbi.nlm.nih.gov/articles/PMC8716589/,0,0,1,GOOGLE,0,"✗ Title | ? Authors | ? Year | ? Venue | ○ ID

### Summary
No matching article could be found that confirms the reference by Baird and McIntosh (2022) titled ""Digital learning interventions for adolescent girls in low-resource settings"". The closest found article has a different title and focus, indicating they are likely different works.

### Details
A search did not find any record matching the exact title or authors. The title in the reference focuses on ""digital learning interventions,"" while the closest found article discusses ""digital literacy empowerment,"" which is a different topic. The authors and year could not be confirmed due to lack of matching records. No DOI or other identifier was available to verify the citation. The best potential match was an article titled ""Does Digital Literacy Empower Adolescent Girls in Low"" found on PMC, but it differs significantly in title and focus from the cited work.

- https://pmc.ncbi.nlm.nih.gov/articles/PMC8716589/",0.0,1.0
World Bank. (2022). *Closing the gender gap in education: Policy brief and data analysis*. World Bank Group.,Girls education,gpt_oss_120b,unverified,Reference could not be verified.,CONTRADICTION,UNCONFIRMED,UNCONFIRMED,UNCONFIRMED,ABSENT,[PDF] Closing the Gender Gap in Education and Employment,,,,,https://www.ifc.org/content/dam/ifc/doc/2025/closing-the-gender-gap-in-education-and-employment.pdf,GOOGLE,0,1,0,1,3,Closing the gender gap in education: Policy brief and data analysis,[PDF] Closing the Gender Gap in Education and Employment,World Bank,,2022,,World Bank Group,,,https://www.ifc.org/content/dam/ifc/doc/2025/closing-the-gender-gap-in-education-and-employment.pdf,0,0,3,GOOGLE,0,"✗ Title | ? Authors | ? Year | ? Venue | ○ ID

### Summary
No matching document was found that exactly corresponds to the cited title ""Closing the gender gap in education: Policy brief and data analysis"" by the World Bank from 2022. The closest found document has a similar but different title, ""Closing the Gender Gap in Education and Employment,"" indicating these are likely different publications.

### Details
A search found a PDF titled ""Closing the Gender Gap in Education and Employment"" hosted on the IFC website, which differs in scope and subtitle from the cited reference. The year, authorship, and publisher details could not be confirmed for the cited reference, and no unique identifier was available to verify it. The title mismatch is the main reason for the unverified status, as the found document extends beyond education to employment and lacks the subtitle ""Policy brief and data analysis.""

- https://www.ifc.org/content/dam/ifc/doc/2025/closing-the-gender-gap-in-education-and-employment.pdf",0.0,1.0
"Al‑Mansour, H., & Al‑Harthi, S. (2023). Parental attitudes toward girls' education in Saudi Arabia: A mixed‑methods study. *International Journal of Educational Research, 115*, 101938.",Girls education,gpt_oss_120b,unverified,Reference could not be verified.,CONTRADICTION,CONTRADICTION,MATCH,CONTRADICTION,ABSENT,The impact of teachers' gender on reading achievement and school enrollment and attendance for male primary students in Saudi Arabia,N Alnomasy,2023,search.proquest.com,,https://search.proquest.com/openview/6c680806e6665c817e5dfbb5a113a239/1?pq-origsite=gscholar&cbl=18750&diss=y,GOOGLE,1,3,0,1,0,Parental attitudes toward girls' education in Saudi Arabia: A mixed‑methods study,The impact of teachers' gender on reading achievement and school enrollment and attendance for male primary students in Saudi Arabia,"Al‑Mansour, H.; Al‑Harthi, S.",N Alnomasy,2023,2023,International Journal of Educational Research,search.proquest.com,,https://search.proquest.com/openview/6c680806e6665c817e5dfbb5a113a239/1?pq-origsite=gscholar&cbl=18750&diss=y,0,0,1,GOOGLE,1,"✗ Title | ✗ Authors | ✓ Year | ✗ Venue | ○ ID

### Summary
No matching article could be found for the reference by Al‑Mansour and Al‑Harthi (2023) on parental attitudes toward girls' education in Saudi Arabia. The available evidence points to a different work by N. Alnomasy in 2023, which focuses on the impact of teachers' gender on male primary students' reading achievement and school attendance.

### Details
A search found no record matching the title, authors, or journal of the cited article. The year 2023 matches exactly, but the title and authors differ significantly. The candidate article found discusses a different topic and is authored by N. Alnomasy, not Al‑Mansour or Al‑Harthi. Additionally, the venue linked is a search portal (ProQuest), not the International Journal of Educational Research. These discrepancies indicate that the cited reference could not be verified.

- https://search.proquest.com/openview/6c680806e6665c817e5dfbb5a113a239/1?pq-origsite=gscholar&cbl=18750&diss=y",0.0,1.0
"Patel, R., & Jones, L. (2024). Long‑term economic outcomes of girls' secondary education in Bangladesh. In *Proceedings of the 2024 International Conference on Education Policy* (pp. 112‑119). Washington, DC.",Girls education,gpt_oss_120b,unverified,Reference could not be verified.,CONTRADICTION,CONTAINS,CONTRADICTION,CONTRADICTION,ABSENT,"Education, marriage, and fertility: Long-term evidence from a female stipend program in Bangladesh",Y Hahn; A Islam; K Nuzhat; R Smyth,2018,Economic …,,https://www.journals.uchicago.edu/doi/abs/10.1086/694930,GOOGLE,0,3,1,1,0,Long‑term economic outcomes of girls' secondary education in Bangladesh.,"Education, marriage, and fertility: Long-term evidence from a female stipend program in Bangladesh","Patel, R.; Jones, L.",Y Hahn; A Islam; K Nuzhat; R Smyth,2024,2018,Proceedings of the 2024 International Conference on Education Policy,Economic …,,https://www.journals.uchicago.edu/doi/abs/10.1086/694930,0,0,3,GOOGLE,0,"✗ Title | ◐ Authors | ✗ Year | ✗ Venue | ○ ID

### Summary
No matching article could be found for the reference by Patel and Jones (2024) on the long-term economic outcomes of girls' secondary education in Bangladesh. The available records show different titles, authors, years, and venues, indicating that the cited work does not correspond to any known publication.

### Details
A search for the article found no exact matches. The closest related work is titled ""Education, marriage, and fertility: Long-term evidence from a female stipend program in Bangladesh"" by Hahn, Islam, Nuzhat, and Smyth published in 2018, which differs significantly in title, authors, year, and venue from the cited reference. The cited year 2024 and venue ""Proceedings of the 2024 International Conference on Education Policy"" do not align with any found records. No DOI or other identifier was available to confirm the citation.

- https://www.journals.uchicago.edu/doi/abs/10.1086/694930
- https://www.researchgate.net/profile/Md-Nazirul-Islam-Sarker/publication/326112726_Economic_Effect_of_School_Dropout_in_Bangladesh/links/638f2f4911e9f00cda21abd0/Economic-Effect-of-School-Dropout-in-Bangladesh.pdf
- https://pmc.ncbi.nlm.nih.gov/articles/PMC6684866/",0.0,1.0
World Health Organization. (2021). *Global health estimates 2020: Disease burden and mortality*. WHO Press.,Health,gpt_oss_120b,verified-with-error,World Health Organization. (n.d.). *Global Health Estimates*. World Health Organization. https://www.who.int/data/global-health-estimates,CONTAINS,MATCH,UNCONFIRMED,MATCH,ABSENT,Global Health Estimates,World Health Organization,,World Health Organization,,https://www.who.int/data/global-health-estimates,GOOGLE,2,0,1,1,1,Global health estimates 2020: Disease burden and mortality,Global Health Estimates,World Health Organization,World Health Organization,2021,,World Health Organization,World Health Organization,,https://www.who.int/data/global-health-estimates,1,1,1,GOOGLE,0,"◐ Title | ✓ Authors | ? Year | ✓ Venue | ○ ID

### Summary
This reference to the World Health Organization's Global Health Estimates was confirmed with matching authors and publisher. The title matches closely, though the official source uses a shorter title without the year 2021, which could not be confirmed.

### Details
A matching record was found from the World Health Organization with the title ""Global Health Estimates"" and the same authoring organization. The year 2021 could not be confirmed as the official source does not specify a publication year. The publisher matches exactly as World Health Organization. The reference URL is https://www.who.int/data/global-health-estimates, which provides comprehensive data on global health estimates including disease burden and mortality.

- https://www.who.int/data/global-health-estimates
- https://www.scirp.org/reference/referencespapers?referenceid=3188789",0.633,0.367
"Marmot, M., & Allen, J. (2014). Social determinants of health equity. *The Lancet*, 389(10075), 1150‑1152.",Health,gpt_oss_120b,verified-with-error,"Marmot, M., & Allen, J. J. (2014). Social Determinants of Health Equity. *American Journal of Public Health*, 104(S4), S517–S519. https://doi.org/10.2105/ajph.2014.302200",MATCH,MATCH,MATCH,CONTRADICTION,ABSENT,Social Determinants of Health Equity,Michael Marmot; Jessica J. Allen,2014,American Journal of Public Health,10.2105/ajph.2014.302200,https://doi.org/10.2105/ajph.2014.302200,GOOGLE,3,1,0,1,0,Social determinants of health equity,Social Determinants of Health Equity,"Marmot, M.; Allen, J.",Michael Marmot; Jessica J. Allen,2014,2014,The Lancet,American Journal of Public Health,,10.2105/ajph.2014.302200,0,0,1,GOOGLE,1,"✓ Title | ✓ Authors | ✓ Year | ✗ Venue | ○ ID

### Summary
This article was confirmed with the title ""Social Determinants of Health Equity"" and authors Michael Marmot and Jessica J. Allen matching exactly, as well as the year 2014. However, there is a discrepancy in the journal name: the citation lists The Lancet, but the verified source shows it was published in the American Journal of Public Health.

### Details
A matching record was found with the exact title and author names, and the year 2014 matched exactly. The verified article appears in the American Journal of Public Health, volume 104, supplement 4, pages S517–S519, with DOI 10.2105/ajph.2014.302200. The citation's journal name, The Lancet, contradicts this verified source, indicating a minor error in the venue information.

- https://doi.org/10.2105/ajph.2014.302200
- https://pmc.ncbi.nlm.nih.gov/articles/PMC4151898/
- https://pubmed.ncbi.nlm.nih.gov/25100411/",0.6,0.4
"Krumholz, H. M., & Lin, Z. (2020). Big data and health care: A roadmap for the future. *Journal of the American Medical Informatics Association*, 27(5), 735‑741.",Health,gpt_oss_120b,unverified,Reference could not be verified.,CONTRADICTION,CONTAINS,CONTRADICTION,CONTRADICTION,ABSENT,"Big data and new knowledge in medicine: the thinking, training, and tools needed for a learning health system",H. M. Krumholz,2014,Health Affairs,10.1377/hlthaff.2014.0053,https://www.healthaffairs.org/doi/abs/10.1377/hlthaff.2014.0053,GOOGLE,0,3,1,1,0,Big data and health care: A roadmap for the future.,"Big data and new knowledge in medicine: the thinking, training, and tools needed for a learning health system","Krumholz, H. M.; Lin, Z.",H. M. Krumholz,2020,2014,Journal of the American Medical Informatics Association,Health Affairs,,10.1377/hlthaff.2014.0053,0,0,3,GOOGLE,0,"✗ Title | ◐ Authors | ✗ Year | ✗ Venue | ○ ID

### Summary
No matching article could be found for the citation provided. The closest related article found has a different title, author list, publication year, and journal.

### Details
A matching record was not found for the citation ""Big data and health care: A roadmap for the future"" by Krumholz and Lin from 2020 in the Journal of the American Medical Informatics Association. The best potential match is an article by H. M. Krumholz alone titled ""Big data and new knowledge in medicine: the thinking, training, and tools needed for a learning health system,"" published in 2014 in Health Affairs. The titles, authors, years, and journals differ significantly, indicating these are distinct works. No DOI or other identifier was found to link the citation to a verified source.

- https://www.healthaffairs.org/doi/abs/10.1377/hlthaff.2014.0053",0.0,1.0
"Patel, V., & Gopalakrishnan, S. (2019). Telemedicine adoption during the COVID‑19 pandemic: A systematic review. *Telemedicine and e‑Health*, 25(12), 1123‑1132.",Health,gpt_oss_120b,unverified,Reference could not be verified.,CONTRADICTION,CONTRADICTION,CONTAINS,CONTRADICTION,ABSENT,Telemedicine in the Era of the COVID-19 Pandemic: Implications in Facial Plastic Surgery,Tom Shokri; Jessyka G. Lighthall,2020,Facial Plastic Surgery & Aesthetic Medicine,10.1089/fpsam.2020.0163,https://doi.org/10.1089/fpsam.2020.0163,GOOGLE,0,3,1,1,0,Telemedicine adoption during the COVID‑19 pandemic: A systematic review,Telemedicine in the Era of the COVID-19 Pandemic: Implications in Facial Plastic Surgery,"Patel, V.; Gopalakrishnan, S.",Tom Shokri; Jessyka G. Lighthall,2019,2020,Telemedicine and e‑Health,Facial Plastic Surgery & Aesthetic Medicine,,10.1089/fpsam.2020.0163,0,0,3,GOOGLE,0,"✗ Title | ✗ Authors | ◐ Year | ✗ Venue | ○ ID

### Summary
The reference by Patel and Gopalakrishnan (2019) could not be verified. The closest found article differs significantly in title, authors, journal, and publication year.

### Details
A matching record was found for an article titled ""Telemedicine in the Era of the COVID-19 Pandemic: Implications in Facial Plastic Surgery"" by Tom Shokri and Jessyka G. Lighthall, published in 2020 in *Facial Plastic Surgery & Aesthetic Medicine*. This differs from the cited article's title about telemedicine adoption as a systematic review, the authors Patel and Gopalakrishnan, the journal *Telemedicine and e‑Health*, and the year 2019. No identifier was present in the original citation to aid verification.

- https://doi.org/10.1089/fpsam.2020.0163",0.0,1.0
"Liu, Y., & Wang, X. (2018). Machine learning for early detection of chronic kidney disease. *IEEE Transactions on Biomedical Engineering*, 65(9), 2105‑2114.",Health,gpt_oss_120b,unverified,Reference could not be verified.,CONTAINS,CONTRADICTION,CONTRADICTION,CONTRADICTION,ABSENT,Efficient Data Preprocessing with Ensemble Machine Learning Technique for the Early Detection of Chronic Kidney Disease,Vinoth Kumar Venkatesan; Mahesh Thyluru Ramakrishna; Ivan Izonin; Roman Tkachenko; Myroslav Havryliuk,2023,Applied Sciences,10.3390/app13052885,https://doi.org/10.3390/app13052885,GOOGLE,0,3,1,1,0,Machine learning for early detection of chronic kidney disease.,Efficient Data Preprocessing with Ensemble Machine Learning Technique for the Early Detection of Chronic Kidney Disease,"Liu, Y.; Wang, X.",Vinoth Kumar Venkatesan; Mahesh Thyluru Ramakrishna; Ivan Izonin; Roman Tkachenko; Myroslav Havryliuk,2018,2023,IEEE Transactions on Biomedical Engineering,Applied Sciences,,10.3390/app13052885,0,0,3,GOOGLE,0,"◐ Title | ✗ Authors | ✗ Year | ✗ Venue | ○ ID

### Summary
No matching article could be found for the reference by Liu and Wang (2018) titled ""Machine learning for early detection of chronic kidney disease"" in the IEEE Transactions on Biomedical Engineering. The closest candidate found has a similar title but different authors, year, and journal.

### Details
A matching record was not found for the cited authors Liu, Y. and Wang, X., nor for the year 2018 or the journal IEEE Transactions on Biomedical Engineering. The best potential match found was a 2023 article titled ""Efficient Data Preprocessing with Ensemble Machine Learning Technique for the Early Detection of Chronic Kidney Disease"" published in Applied Sciences, authored by Vinoth Kumar Venkatesan and colleagues, which differs significantly in authorship, year, and venue. The title similarity is due to overlapping phrases but the other key details contradict the citation.

- https://doi.org/10.3390/app13052885",0.0,1.0
"Smith, J. A., Jones, L. M., & Brown, R. K. (2017). The impact of air pollution on respiratory health in urban children. *Environmental Health Perspectives*, 125(4), 467‑475.",Health,gpt_oss_120b,unverified,Reference could not be verified.,CONTRADICTION,UNCONFIRMED,UNCONFIRMED,UNCONFIRMED,ABSENT,The respiratory impacts of air pollution in children - PMC - NIH,,,,,https://pmc.ncbi.nlm.nih.gov/articles/PMC9133359/,GOOGLE,0,1,0,1,3,The impact of air pollution on respiratory health in urban children,The respiratory impacts of air pollution in children - PMC - NIH,"Smith, J. A.; Jones, L. M.; Brown, R. K.",,2017,,Environmental Health Perspectives,,,https://pmc.ncbi.nlm.nih.gov/articles/PMC9133359/,0,1,3,GOOGLE,0,"✗ Title | ? Authors | ? Year | ? Venue | ○ ID

### Summary
No matching article could be found that confirms the reference details. The title, authors, year, and journal information all showed inconsistencies or were not confirmed.

### Details
A search found a potentially related article titled ""The respiratory impacts of air pollution in children"" but it differs significantly in title wording and scope from the cited work ""The impact of air pollution on respiratory health in urban children."" The authors, year, and journal could not be confirmed as matching. No DOI or other identifier was found to link the citation to a verified source. The year 2017 and journal name were present in the citation but not confirmed by any matching record.

- https://pmc.ncbi.nlm.nih.gov/articles/PMC9133359/",0.0,1.0
"Nguyen, T. H., & Lee, S. H. (2022). Nutritional interventions for preventing type 2 diabetes: A meta‑analysis of randomized controlled trials. *Nutrition Reviews*, 80(3), 345‑358.",Health,gpt_oss_120b,unverified,Reference could not be verified.,CONTRADICTION,CONTRADICTION,CONTAINS,CONTRADICTION,ABSENT,Lifestyle interventions reduce the risk of type II diabetes and cardiovascular diseases development among pre-diabetic adults,SN Nguyen; TTM Le; HT Nga; NTT Tho,2021,International Journal of …,,https://ijpras.com/article/lifestyle-interventions-reduce-the-risk-of-type-ii-diabetes-and-cardiovascular-diseases-development-tx5mynhauyxz8d4,GOOGLE,0,3,1,1,0,Nutritional interventions for preventing type 2 diabetes: A meta‑analysis of randomized controlled trials,Lifestyle interventions reduce the risk of type II diabetes and cardiovascular diseases development among pre-diabetic adults,"Nguyen, T. H.; Lee, S. H.",SN Nguyen; TTM Le; HT Nga; NTT Tho,2022,2021,Nutrition Reviews,International Journal of …,,https://ijpras.com/article/lifestyle-interventions-reduce-the-risk-of-type-ii-diabetes-and-cardiovascular-diseases-development-tx5mynhauyxz8d4,0,0,3,GOOGLE,0,"✗ Title | ✗ Authors | ◐ Year | ✗ Venue | ○ ID

### Summary
No matching article could be found for the given reference. The title, authors, journal, and study focus differ significantly from any available records.

### Details
A matching record was not found in OpenAlex. A scholar search found a similar article titled ""Lifestyle interventions reduce the risk of type II diabetes and cardiovascular diseases development among pre-diabetic adults"" published in 2021 in the International Journal of …, but this differs from the cited article in title, authorship, year, and journal. The cited article's title about nutritional interventions and authors Nguyen, T. H. and Lee, S. H. do not match the found article's focus on lifestyle interventions and different author names. The year 2022 and journal Nutrition Reviews also contradict the found evidence.

- https://ijpras.com/article/lifestyle-interventions-reduce-the-risk-of-type-ii-diabetes-and-cardiovascular-diseases-development-tx5mynhauyxz8d4",0.0,1.0
"Garcia, M., & Patel, S. (2016). Health disparities in mental health services utilization among minority populations. *American Journal of Public Health*, 106(9), 1665‑1672.",Health,gpt_oss_120b,unverified,,CONTRADICTION,CONTAINS,CONTRADICTION,CONTRADICTION,ABSENT,,,,,,,,,,,,,,,,,,,,,,,,,,,,,0.000,1.000
"O'Connor, D., & McCarthy, P. (2023). Evaluating the effectiveness of community‑based obesity prevention programs: A longitudinal study. *International Journal of Obesity*, 47(2), 210‑219.",Health,gpt_oss_120b,unverified,Reference could not be verified.,CONTRADICTION,UNCONFIRMED,UNCONFIRMED,UNCONFIRMED,ABSENT,Evaluation of a Community-Based Weight Management Program for ...,,,,,https://pmc.ncbi.nlm.nih.gov/articles/PMC3728727/,GOOGLE,0,1,0,1,3,Evaluating the effectiveness of community‑based obesity prevention programs: A longitudinal study,Evaluation of a Community-Based Weight Management Program for ...,"O'Connor, D.; McCarthy, P.",,2023,,International Journal of Obesity,,,https://pmc.ncbi.nlm.nih.gov/articles/PMC3728727/,0,0,3,GOOGLE,0,"✗ Title | ? Authors | ? Year | ? Venue | ○ ID

### Summary
No matching article could be found that confirms the details of the cited reference by O'Connor and McCarthy (2023) in the International Journal of Obesity. The title and scope of the found candidate article differ significantly from the citation, and author and year information could not be confirmed.

### Details
A search did not find any record matching the exact title ""Evaluating the effectiveness of community‑based obesity prevention programs: A longitudinal study."" The closest found article was titled ""Evaluation of a Community-Based Weight Management Program,"" which differs in focus and scope from the cited work. Author names and publication year were not confirmed in any candidate records. No DOI or other identifiers were available to support verification.

- https://pmc.ncbi.nlm.nih.gov/articles/PMC3728727/",0.0,1.0
"Chen, H., & Zhou, Y. (2015). Wearable sensor technology for continuous health monitoring: Opportunities and challenges. *Proceedings of the 2015 IEEE International Conference on Healthcare Informatics*, 1‑8.",Health,gpt_oss_120b,unverified,,UNCONFIRMED,UNCONFIRMED,UNCONFIRMED,UNCONFIRMED,ABSENT,,,,,,,,,,,,,,,,,,,,,,,,,,,,,0.000,1.000
"Anderson, R. M., & May, R. M. (1992). *Infectious diseases of humans: Dynamics and control*. Oxford University Press.",Infectious disease,gpt_oss_120b,verified,"Anderson, R. M., & May, R. M. (1991). *Infectious diseases of humans: Dynamics and control*. Oxford University Press.",MATCH,CONTAINS,CONTAINS,MATCH,ABSENT,Infectious Diseases of Humans: Dynamics and Control,R. M. Anderson; R. M. May,1991,Oxford University Press,,https://global.oup.com/academic/product/infectious-diseases-of-humans-9780198540403,GOOGLE,2,0,2,1,0,Infectious diseases of humans: Dynamics and control,Infectious Diseases of Humans: Dynamics and Control,"Anderson, R. M.; May, R. M.",R. M. Anderson; R. M. May,1992,1991,Oxford University Press,Oxford University Press,,https://global.oup.com/academic/product/infectious-diseases-of-humans-9780198540403,1,1,1,GOOGLE,0,"✓ Title | ◐ Authors | ◐ Year | ✓ Venue | ○ ID

### Summary
This book was confirmed as ""Infectious Diseases of Humans: Dynamics and Control"" published by Oxford University Press with authors R. M. Anderson and R. M. May. The publication year is very close, with the citation listing 1992 and the evidence showing 1991, which is within an acceptable range.

### Details
A matching record was found with the exact title ""Infectious Diseases of Humans: Dynamics and Control"" and the authors R. M. Anderson and R. M. May. The publisher Oxford University Press matched exactly. The year in the citation is 1992, while the evidence shows 1991, which is considered close enough for verification. No DOI was provided in the citation. Relevant sources include the Oxford University Press page and multiple academic references confirming the book's details.

- [Oxford University Press](https://global.oup.com/academic/product/infectious-diseases-of-humans-9780198540403)
- [Wikipedia](https://en.wikipedia.org/wiki/Infectious_Diseases_of_Humans:_Dynamics_and_Control)
- [ACP Journals Review](https://www.acpjournals.org/doi/10.7326/0003-4819-117-2-174_4)",0.767,0.233
"Kermack, W. O., & McKendrick, A. G. (1927). A contribution to the mathematical theory of epidemics. *Proceedings of the Royal Society A, 115*(772), 700–721.",Infectious disease,gpt_oss_120b,verified,"Kermack, W. O., & McKendrick, A. G. (1927). A contribution to the mathematical theory of epidemics. *Proceedings of the Royal Society of London Series A Containing Papers of a Mathematical and Physical Character*, 115(772), 700–721. https://doi.org/10.1098/rspa.1927.0118",MATCH,MATCH,MATCH,MATCH,ABSENT,A contribution to the mathematical theory of epidemics,W. O. Kermack; A. G. McKendrick,1927,Proceedings of the Royal Society of London Series A Containing Papers of a Mathematical and Physical Character,10.1098/rspa.1927.0118,https://doi.org/10.1098/rspa.1927.0118,GOOGLE,4,0,0,1,0,A contribution to the mathematical theory of epidemics.,A contribution to the mathematical theory of epidemics,"Kermack, W. O.; McKendrick, A. G.",W. O. Kermack; A. G. McKendrick,1927,1927,Proceedings of the Royal Society A,Proceedings of the Royal Society of London Series A Containing Papers of a Mathematical and Physical Character,,10.1098/rspa.1927.0118,1,1,1,GOOGLE,0,"✓ Title | ✓ Authors | ✓ Year | ✓ Venue | ○ ID

### Summary
This article was confirmed in the Proceedings of the Royal Society A with matching authors W. O. Kermack and A. G. McKendrick, and the year 1927. The title ""A contribution to the mathematical theory of epidemics"" was found to match exactly.

### Details
A matching record was found with the exact title and authors, though the author names appeared in different formats (initials first vs surname first). The year 1927 matched exactly. The venue names corresponded, with the citation using an abbreviated form and the evidence showing the full historical title. No identifier was present in the citation. The article is accessible via DOI 10.1098/rspa.1927.0118 at [https://doi.org/10.1098/rspa.1927.0118](https://doi.org/10.1098/rspa.1927.0118).

- https://doi.org/10.1098/rspa.1927.0118",1.0,0.0
"Ferguson, N. M., Cummings, D. A., Fraser, C., Cajka, J. C., Cooley, P. C., & Burke, D. S. (2006). Strategies for mitigating an influenza pandemic. *Nature, 442*(7101), 448–452.",Infectious disease,gpt_oss_120b,verified,"Ferguson, N. M., Cummings, D. A. T., Fraser, C., Cajka, J., Cooley, P. C., & Burke, D. S. (2006). *Strategies for mitigating an influenza pandemic*. *Nature*, *442*(7101), 448-452. https://doi.org/10.1038/nature04795",MATCH,MATCH,MATCH,MATCH,ABSENT,Strategies for mitigating an influenza pandemic,Neil M. Ferguson; Derek A. T. Cummings; Christophe Fraser; James Cajka; Philip C. Cooley; Donald S. Burke,2006,Nature,10.1038/nature04795,https://doi.org/10.1038/nature04795,GOOGLE,4,0,0,1,0,Strategies for mitigating an influenza pandemic.,Strategies for mitigating an influenza pandemic,"Ferguson, N. M.; Cummings, D. A.; Fraser, C.; Cajka, J. C.; Cooley, P. C.; Burke, D. S.",Neil M. Ferguson; Derek A. T. Cummings; Christophe Fraser; James Cajka; Philip C. Cooley; Donald S. Burke,2006,2006,Nature,Nature,,10.1038/nature04795,1,1,1,GOOGLE,0,"✓ Title | ✓ Authors | ✓ Year | ✓ Venue | ○ ID

### Summary
This article was confirmed in the journal Nature with matching authors and year. The title ""Strategies for mitigating an influenza pandemic"" was verified exactly as cited.

### Details
A matching record was found with the exact title, author list, publication year 2006, and journal name Nature. The authors include Neil M. Ferguson, Derek A. T. Cummings, Christophe Fraser, James Cajka, Philip C. Cooley, and Donald S. Burke, matching the citation despite minor differences in name formatting. The article's DOI is 10.1038/nature04795, confirming the reference's accuracy.

- https://doi.org/10.1038/nature04795",1.0,0.0
"Lipsitch, M., & Riley, S. (2014). The future of infectious disease modeling. *Science, 345*(6192), 1240–1241.",Infectious disease,gpt_oss_120b,unverified,Reference could not be verified.,UNCONFIRMED,UNCONFIRMED,UNCONFIRMED,UNCONFIRMED,UNCONFIRMED,,,,,,,,,,,,,,,,,,,,,,,0,0,0,,0,"? Title | ? Authors | ? Year | ? Venue | ? ID

### Summary
No matching article could be found for the reference by Lipsitch and Riley from 2014 titled ""The future of infectious disease modeling"" in Science. The verification process did not find any record confirming the authors, title, year, or journal details.

### Details
A search in OpenAlex and Google Scholar returned no matching records for this article. There were no candidates found to compare against the provided reference, resulting in no confirmation of any bibliographic details.

- [OpenAlex](https://openalex.org)
- [Google Scholar](https://scholar.google.com)",0.0,1.0
"Hethcote, H. W. (2000). The mathematics of infectious diseases. *SIAM Review, 42*(4), 599–653.",Infectious disease,gpt_oss_120b,verified,"Hethcote, H. W. (2000). The mathematics of infectious diseases. *SIAM Review*, *42*(4), 599-653. https://doi.org/10.1137/s0036144500371907",MATCH,MATCH,MATCH,MATCH,ABSENT,The Mathematics of Infectious Diseases,Herbert W. Hethcote,2000,SIAM Review,10.1137/s0036144500371907,https://doi.org/10.1137/s0036144500371907,GOOGLE,4,0,0,1,0,The mathematics of infectious diseases,The Mathematics of Infectious Diseases,"Hethcote, H. W.",Herbert W. Hethcote,2000,2000,SIAM Review,SIAM Review,,10.1137/s0036144500371907,1,1,1,GOOGLE,0,"✓ Title | ✓ Authors | ✓ Year | ✓ Venue | ○ ID

### Summary
This article was confirmed in SIAM Review with matching authors and year. The title ""The Mathematics of Infectious Diseases"" and the journal details matched exactly.

### Details
A matching record was found with the exact title ""The Mathematics of Infectious Diseases"" published in SIAM Review in 2000. The author Herbert W. Hethcote was confirmed, matching the citation's author initials. The volume, issue, and page numbers also correspond to the citation. No identifier was present in the original citation, but the DOI 10.1137/s0036144500371907 was found for the article.

- https://doi.org/10.1137/s0036144500371907",1.0,0.0
"Chowell, G., Sattenspiel, L., Bansal, S., & Viboud, C. (2016). Mathematical models to characterize early epidemic growth: A review. *Physics of Life Reviews, 18*, 66–97.",Infectious disease,gpt_oss_120b,verified,"Chowell, G., Sattenspiel, L., Bansal, S., & Viboud, C. (2016). *Mathematical models to characterize early epidemic growth: A review*. *Physics of Life Reviews*, 18, 66-97. https://doi.org/10.1016/j.plrev.2016.07.005",MATCH,MATCH,MATCH,MATCH,ABSENT,Mathematical models to characterize early epidemic growth: A review,Gerardo Chowell; Lisa Sattenspiel; Shweta Bansal; Cécile Viboud,2016,Physics of Life Reviews,10.1016/j.plrev.2016.07.005,https://doi.org/10.1016/j.plrev.2016.07.005,GOOGLE,4,0,0,1,0,Mathematical models to characterize early epidemic growth: A review,Mathematical models to characterize early epidemic growth: A review,"Chowell, G.; Sattenspiel, L.; Bansal, S.; Viboud, C.",Gerardo Chowell; Lisa Sattenspiel; Shweta Bansal; Cécile Viboud,2016,2016,Physics of Life Reviews,Physics of Life Reviews,,10.1016/j.plrev.2016.07.005,1,1,1,GOOGLE,0,"✓ Title | ✓ Authors | ✓ Year | ✓ Venue | ○ ID

### Summary
This article was confirmed in Physics of Life Reviews with matching authors and year. The title ""Mathematical models to characterize early epidemic growth: A review"" was exactly matched, and the four authors were found in the same order.

### Details
A matching record was found with the exact title and year 2016. The authors Gerardo Chowell, Lisa Sattenspiel, Shweta Bansal, and Cécile Viboud were confirmed, matching the citation's author list. The journal Physics of Life Reviews was also verified. Although no identifier was present in the original citation, the DOI 10.1016/j.plrev.2016.07.005 was found for this article.

- https://doi.org/10.1016/j.plrev.2016.07.005",1.0,0.0
"Liu, Y., Gayle, A. A., Wilder‑Smith, A., & Rocklöv, J. (2020). The reproductive number of COVID‑19 is higher compared to SARS coronavirus. *Journal of Travel Medicine, 27*(2), taaa021.",Infectious disease,gpt_oss_120b,verified,"Liu, Y., Gayle, A. A., Wilder‐Smith, A., & Rocklöv, J. (2020). The reproductive number of COVID-19 is higher compared to SARS coronavirus. *Journal of Travel Medicine*, 27(2), taaa021. https://doi.org/10.1093/jtm/taaa021",MATCH,MATCH,MATCH,MATCH,ABSENT,The reproductive number of COVID-19 is higher compared to SARS coronavirus,Ying Liu; Alberto Alexander Gayle; Annelies Wilder‐Smith; Joacim Rocklöv,2020,Journal of Travel Medicine,10.1093/jtm/taaa021,https://doi.org/10.1093/jtm/taaa021,GOOGLE,4,0,0,1,0,The reproductive number of COVID‑19 is higher compared to SARS coronavirus.,The reproductive number of COVID-19 is higher compared to SARS coronavirus,"Liu, Y.; Gayle, A. A.; Wilder‑Smith, A.; Rocklöv, J.",Ying Liu; Alberto Alexander Gayle; Annelies Wilder‐Smith; Joacim Rocklöv,2020,2020,Journal of Travel Medicine,Journal of Travel Medicine,,10.1093/jtm/taaa021,1,1,1,GOOGLE,0,"✓ Title | ✓ Authors | ✓ Year | ✓ Venue | ○ ID

### Summary
This article was confirmed in the Journal of Travel Medicine with matching authors and year. The title ""The reproductive number of COVID-19 is higher compared to SARS coronavirus"" was exactly matched, and all four authors were identified correctly.

### Details
A matching record was found with the DOI 10.1093/jtm/taaa021, confirming the article's presence in the Journal of Travel Medicine in 2020. The authors Ying Liu, Alberto Alexander Gayle, Annelies Wilder‐Smith, and Joacim Rocklöv were all verified. The title matched exactly, and the publication year 2020 was confirmed. The article is accessible at [https://doi.org/10.1093/jtm/taaa021](https://doi.org/10.1093/jtm/taaa021).

- https://doi.org/10.1093/jtm/taaa021",1.0,0.0
"Patel, M., & Ghosh, S. (2021). Agent‑based modeling of COVID‑19 spread in urban environments. In *2021 IEEE International Conference on Big Data* (pp. 1234–1242). IEEE.",Infectious disease,gpt_oss_120b,unverified,Reference could not be verified.,CONTRADICTION,CONTRADICTION,CONTAINS,CONTRADICTION,ABSENT,Urban Determinants of COVID-19 Spread: a Comparative Study across Three Cities in New York State,Agnieszka Truszkowska; Maya Fayed; Sihan Wei; Lorenzo Zino; Sachit Butail; Emanuele Caroppo; Zhong‐Ping Jiang; Alessandro Rizzo; Maurizio Porfiri,2022,Journal of Urban Health,10.1007/s11524-022-00623-9,https://doi.org/10.1007/s11524-022-00623-9,GOOGLE,0,3,1,1,0,Agent‑based modeling of COVID‑19 spread in urban environments.,Urban Determinants of COVID-19 Spread: a Comparative Study across Three Cities in New York State,"Patel, M.; Ghosh, S.",Agnieszka Truszkowska; Maya Fayed; Sihan Wei; Lorenzo Zino; Sachit Butail; Emanuele Caroppo; Zhong‐Ping Jiang; Alessandro Rizzo; Maurizio Porfiri,2021,2022,IEEE International Conference on Big Data,Journal of Urban Health,,10.1007/s11524-022-00623-9,0,0,3,GOOGLE,0,"✗ Title | ✗ Authors | ◐ Year | ✗ Venue | ○ ID

### Summary
No matching article could be found for the reference by Patel and Ghosh (2021) titled ""Agent‑based modeling of COVID‑19 spread in urban environments."" The available records show different authors, titles, and publication venues, indicating this specific citation does not correspond to any known publication in the searched databases.

### Details
A search for the cited article found no records matching the title or authors Patel, M. and Ghosh, S. The closest candidate found was a 2022 article titled ""Urban Determinants of COVID-19 Spread: a Comparative Study across Three Cities in New York State"" published in the Journal of Urban Health, but it has completely different authors and a different focus. The cited conference, the 2021 IEEE International Conference on Big Data, also did not yield any matching papers with the given title or authors. The year 2021 matches the citation, but all other key fields contradict, and no DOI or identifier was found to confirm the reference.

- https://doi.org/10.1007/s11524-022-00623-9
- https://www.mdpi.com/2220-9964/13/6/208",0.0,1.0
World Health Organization. (2020). *Technical brief: COVID‑19 surveillance and response* (WHO Technical Report Series No. 1012). World Health Organization.,Infectious disease,gpt_oss_120b,verified-with-error,World Health Organization. (n.d.). *COVID-19 surveillance*. World Health Organization. https://www.who.int/docs/default-source/coronaviruse/policy-briefs/policy-brief_covid-19_surveillance.pdf?sfvrsn=53601807_2&download=true,CONTAINS,MATCH,UNCONFIRMED,MATCH,ABSENT,COVID-19 surveillance,World Health Organization,,World Health Organization,,https://www.who.int/docs/default-source/coronaviruse/policy-briefs/policy-brief_covid-19_surveillance.pdf?sfvrsn=53601807_2&download=true,GOOGLE,2,0,1,1,1,Technical brief: COVID‑19 surveillance and response,COVID-19 surveillance,World Health Organization,World Health Organization,2020,,World Health Organization,World Health Organization,,https://www.who.int/docs/default-source/coronaviruse/policy-briefs/policy-brief_covid-19_surveillance.pdf?sfvrsn=53601807_2&download=true,1,1,3,GOOGLE,0,"◐ Title | ✓ Authors | ? Year | ✓ Venue | ○ ID

### Summary
This report by the World Health Organization was found and confirmed with matching authors and publisher. However, the exact year 2020 could not be confirmed, and the title in the found document is a shortened version of the cited title.

### Details
A matching record was found with the author listed as World Health Organization and the publisher also World Health Organization, confirming these key details. The title in the evidence is ""COVID-19 surveillance,"" which contains the core phrase from the cited title ""Technical brief: COVID-19 surveillance and response"" but omits the trailing ""and response"" part. The year 2020 from the citation could not be confirmed as the found document does not specify a publication year. No DOI or other identifier was available. The document is accessible at the WHO website.

- https://www.who.int/docs/default-source/coronaviruse/policy-briefs/policy-brief_covid-19_surveillance.pdf?sfvrsn=53601807_2&download=true",0.633,0.367
"Smith, D. L., Dushoff, J., & McKenzie, F. (2004). The risk of pandemic influenza: A review of the evidence. *Epidemiology and Infection, 132*(5), 761–770.",Infectious disease,gpt_oss_120b,unverified,Reference could not be verified.,CONTRADICTION,CONTRADICTION,CONTRADICTION,CONTRADICTION,ABSENT,Combination strategies for pandemic influenza response-a systematic review of mathematical modeling studies,VJ Lee; DC Lye; A Wilder-Smith,2009,BMC Medicine,10.1186/1741-7015-7-76,https://link.springer.com/article/10.1186/1741-7015-7-76,GOOGLE,0,4,0,1,0,The risk of pandemic influenza: A review of the evidence,Combination strategies for pandemic influenza response-a systematic review of mathematical modeling studies,"Smith, D. L.; Dushoff, J.; McKenzie, F.",VJ Lee; DC Lye; A Wilder-Smith,2004,2009,Epidemiology and Infection,BMC Medicine,,10.1186/1741-7015-7-76,0,0,3,GOOGLE,1,"✗ Title | ✗ Authors | ✗ Year | ✗ Venue | ○ ID

### Summary
No matching article could be found for the reference by Smith, Dushoff, and McKenzie from 2004 titled ""The risk of pandemic influenza: A review of the evidence."" The candidate articles found differ significantly in title, authors, year, and journal.

### Details
A search did not find any record matching the cited article's title, authors, year, or journal. The closest candidate found was a 2009 article by Lee, Lye, and Wilder-Smith titled ""Combination strategies for pandemic influenza response-a systematic review of mathematical modeling studies"" published in BMC Medicine, which differs in all key details from the cited reference. The cited article is from 2004 in Epidemiology and Infection with authors Smith, Dushoff, and McKenzie, while the candidate is from 2009 in a different journal with completely different authors.

- https://link.springer.com/article/10.1186/1741-7015-7-76",0.0,1.0
"Lengeler, C. (2004). Insecticide‑treated bed nets and curtains for preventing malaria. *Cochrane Database of Systematic Reviews*, (2), CD000363.",Insecticide-treated bed nets for malaria,gpt_oss_120b,verified,"Lengeler, C. (2004). *Insecticide-treated bed nets and curtains for preventing malaria*. *Cochrane Database of Systematic Reviews*, (2), CD000363. https://doi.org/10.1002/14651858.cd000363.pub2",MATCH,MATCH,MATCH,MATCH,ABSENT,Insecticide-treated bed nets and curtains for preventing malaria,Christian Lengeler,2004,Cochrane Database of Systematic Reviews,10.1002/14651858.cd000363.pub2,https://doi.org/10.1002/14651858.cd000363.pub2,GOOGLE,4,0,0,1,0,Insecticide‑treated bed nets and curtains for preventing malaria.,Insecticide-treated bed nets and curtains for preventing malaria,"Lengeler, C.",Christian Lengeler,2004,2004,Cochrane Database of Systematic Reviews,Cochrane Database of Systematic Reviews,,10.1002/14651858.cd000363.pub2,1,1,1,GOOGLE,0,"✓ Title | ✓ Authors | ✓ Year | ✓ Venue | ○ ID

### Summary
This article was confirmed in the Cochrane Database of Systematic Reviews with matching author Christian Lengeler and publication year 2004. The title ""Insecticide-treated bed nets and curtains for preventing malaria"" was verified exactly as cited.

### Details
A matching record was found with the exact title and author name, confirming Christian Lengeler as the author. The publication year 2004 and the journal name Cochrane Database of Systematic Reviews matched perfectly. Although no identifier was provided in the original citation, the DOI 10.1002/14651858.cd000363.pub2 corresponds to the article and was verified through the Cochrane Library. The article's content and metadata were confirmed via OpenAlex and the official DOI link.

- https://doi.org/10.1002/14651858.cd000363.pub2
- https://cochranelibrary.com/cdsr/doi/10.1002/14651858.cd000363.pub2/full",1.0,0.0
"Killeen, G. F., Smith, T. A., & Ferguson, H. M. (2007). Preventing malaria with insecticide‑treated nets: a systematic review of the evidence. *PLoS Medicine*, 4(5), e123.",Insecticide-treated bed nets for malaria,gpt_oss_120b,unverified,Reference could not be verified.,CONTRADICTION,CONTRADICTION,MATCH,MATCH,ABSENT,"Correction: Climate Cycles and Forecasts of Cutaneous Leishmaniasis, a Nonstationary Vector-Borne Disease",Luis Fernando Chaves; Mercedes Pascual,2007,PLoS Medicine,10.1371/journal.pmed.0040123,https://doi.org/10.1371/journal.pmed.0040123,GOOGLE,2,2,0,1,0,Preventing malaria with insecticide-treated nets: a systematic review of the evidence.,"Correction: Climate Cycles and Forecasts of Cutaneous Leishmaniasis, a Nonstationary Vector-Borne Disease","Killeen, G. F.; Smith, T. A.; Ferguson, H. M.",Luis Fernando Chaves; Mercedes Pascual,2007,2007,PLoS Medicine,PLoS Medicine,,10.1371/journal.pmed.0040123,0,0,3,GOOGLE,0,"✗ Title | ✗ Authors | ✓ Year | ✓ Venue | ○ ID

### Summary
The reference could not be verified because the details do not match any known article. Although the year 2007 and the journal PLoS Medicine match, the title and authors differ significantly from the candidate article found.

### Details
A matching record was found in PLoS Medicine from 2007, but it corresponds to a different article titled ""Correction: Climate Cycles and Forecasts of Cutaneous Leishmaniasis, a Nonstationary Vector-Borne Disease"" by Luis Fernando Chaves and Mercedes Pascual. This differs from the cited article on malaria prevention with insecticide-treated nets by Killeen, Smith, and Ferguson. The title and authors do not overlap, indicating these are distinct publications despite sharing the same year and journal.

- https://doi.org/10.1371/journal.pmed.0040123
- https://pmc.ncbi.nlm.nih.gov/articles/PMC6418392/",0.0,1.0
"Bhatt, S., Weiss, D. J., Cameron, E., et al. (2015). The effect of scaling up malaria control interventions on mortality in sub‑Saharan Africa. *Nature*, 526(7575), 207–211.",Insecticide-treated bed nets for malaria,gpt_oss_120b,unverified,Reference could not be verified.,CONTRADICTION,UNCONFIRMED,MATCH,MATCH,ABSENT,The effect of malaria control on Plasmodium falciparum in Africa between 2000 and 2015,,2015,Nature,,https://pmc.ncbi.nlm.nih.gov/articles/PMC4820050/,GOOGLE,2,1,0,1,1,The effect of scaling up malaria control interventions on mortality in sub‑Saharan Africa.,The effect of malaria control on Plasmodium falciparum in Africa between 2000 and 2015,"Bhatt, S.; Weiss, D. J.; Cameron, E.; et al.",,2015,2015,Nature,Nature,,https://pmc.ncbi.nlm.nih.gov/articles/PMC4820050/,0,0,1,GOOGLE,0,"✗ Title | ? Authors | ✓ Year | ✓ Venue | ○ ID

### Summary
No matching article could be found that confirms the original reference. The title in the original citation does not match the closest available article, which focuses on malaria parasite prevalence rather than mortality impact.

### Details
A matching record was found in the journal Nature from 2015, but the title differs significantly. The original reference claims to study the effect of scaling up malaria control on mortality in sub-Saharan Africa, while the found article examines the effect on Plasmodium falciparum infection levels in Africa between 2000 and 2015. The authorship could not be confirmed due to missing author information in the candidate record. The year and journal matched exactly, but the title contradiction and lack of author confirmation led to the reference being unverified.

- https://pmc.ncbi.nlm.nih.gov/articles/PMC4820050/",0.067,0.933
"Tusting, L. S., Ippolito, M. M., Kleinschmidt, I., et al. (2015). The impact of insecticide‑treated nets on malaria incidence in sub‑Saharan Africa: a systematic review and meta‑analysis. *PLoS Medicine*, 12(5), e1001825.",Insecticide-treated bed nets for malaria,gpt_oss_120b,unverified,Reference could not be verified.,CONTRADICTION,CONTRADICTION,MATCH,MATCH,ABSENT,An Unsupported Preference for Intravenous Antibiotics,Ho Kwong Li; Ambrose Agweyu; Mike English; Philip Bejon,2015,PLoS Medicine,10.1371/journal.pmed.1001825,https://doi.org/10.1371/journal.pmed.1001825,GOOGLE,2,2,0,1,0,The impact of insecticide-treated nets on malaria incidence in sub-Saharan Africa: a systematic review and meta-analysis,An Unsupported Preference for Intravenous Antibiotics,"Tusting, L. S.; Ippolito, M. M.; Kleinschmidt, I.; et al.",Ho Kwong Li; Ambrose Agweyu; Mike English; Philip Bejon,2015,2015,PLoS Medicine,PLoS Medicine,,10.1371/journal.pmed.1001825,0,0,1,GOOGLE,0,"✗ Title | ✗ Authors | ✓ Year | ✓ Venue | ○ ID

### Summary
The reference could not be verified because the title and authors do not match the expected article. Although the year 2015 and the journal PLoS Medicine are correct, the actual article found with the given DOI discusses a different topic and has different authors.

### Details
A matching record was found in PLoS Medicine for the year 2015 with the DOI 10.1371/journal.pmed.1001825. However, this article is titled ""An Unsupported Preference for Intravenous Antibiotics"" and is authored by Ho Kwong Li, Ambrose Agweyu, Mike English, and Philip Bejon, which differs completely from the citation's authors Tusting, Ippolito, and Kleinschmidt. The original citation's topic on insecticide-treated nets and malaria incidence does not align with the found article's focus on antibiotic preferences. This discrepancy indicates the reference is unverified.

- https://doi.org/10.1371/journal.pmed.1001825
- https://www.sciencedirect.com/science/article/pii/S2667114X21000418
- https://link.springer.com/article/10.1186/s12879-025-12066-z",0.0,1.0
"Kleinschmidt, I., Bradley, J., & Fillinger, U. (2018). Long‑lasting insecticidal nets: a review of efficacy and durability. *Malaria Journal*, 17(1), 1–12.",Insecticide-treated bed nets for malaria,gpt_oss_120b,unverified,Reference could not be verified.,CONTRADICTION,MATCH,MATCH,CONTRADICTION,ABSENT,"Implications of insecticide resistance for malaria vector control with long-lasting insecticidal nets: a WHO-coordinated, prospective, international, observational cohort",I Kleinschmidt; J Bradley; TB Knox,2018,The Lancet Infectious Diseases,,https://www.thelancet.com/journals/laninf/article/PIIS1473-3099(18)30172-5/fulltext,GOOGLE,2,2,0,1,0,Long‑lasting insecticidal nets: a review of efficacy and durability.,"Implications of insecticide resistance for malaria vector control with long-lasting insecticidal nets: a WHO-coordinated, prospective, international, observational cohort","Kleinschmidt, I.; Bradley, J.; Fillinger, U.",I Kleinschmidt; J Bradley; TB Knox,2018,2018,Malaria Journal,The Lancet Infectious Diseases,,https://www.thelancet.com/journals/laninf/article/PIIS1473-3099(18)30172-5/fulltext,0,0,2,GOOGLE,0,"✗ Title | ✓ Authors | ✓ Year | ✗ Venue | ○ ID

### Summary
The reference could not be verified because the title and journal do not match any found records. Although the authors and year are consistent, the cited article's title and journal differ significantly from the verified source.

### Details
A matching record was found for a 2018 article by Kleinschmidt, Bradley, and Knox published in The Lancet Infectious Diseases, but this article has a different title and scope compared to the cited reference. The cited title refers to a review on the efficacy and durability of long-lasting insecticidal nets in Malaria Journal, while the found article discusses insecticide resistance implications in a WHO-coordinated cohort. The journal names Malaria Journal and The Lancet Infectious Diseases are distinct and do not correspond. No DOI or other identifier was available to confirm the citation.

- https://www.thelancet.com/journals/laninf/article/PIIS1473-3099(18)30172-5/fulltext",0.0,1.0
"O’Meara, W. P., Cisse, B., Ba, Y., et al. (2010). Effectiveness of insecticide‑treated nets in reducing malaria morbidity and mortality in children under five years of age. *American Journal of Tropical Medicine and Hygiene*, 83(5), 1025–1032.",Insecticide-treated bed nets for malaria,gpt_oss_120b,unverified,Reference could not be verified.,UNCONFIRMED,UNCONFIRMED,UNCONFIRMED,UNCONFIRMED,UNCONFIRMED,,,,,,,,,,,,,,,,,,,,,,,0,0,0,,0,"? Title | ? Authors | ? Year | ? Venue | ? ID

### Summary
No matching article could be found for the reference by O’Meara et al. (2010) on the effectiveness of insecticide-treated nets in the American Journal of Tropical Medicine and Hygiene.

### Details
A search in OpenAlex and Google Scholar did not return any records matching the title, authors, year, or journal details provided. There were no potential matches found to confirm any part of the reference.

- https://openalex.org
- https://scholar.google.com",0.0,1.0
"Kilian, A., Kachur, S. P., & Kachur, S. P. (2007). Impact of insecticide‑treated nets on malaria in Tanzania: a case‑control study. *The American Journal of Tropical Medicine and Hygiene*, 77(5), 845–851.",Insecticide-treated bed nets for malaria,gpt_oss_120b,unverified,,CONTRADICTION,CONTRADICTION,CONTRADICTION,CONTRADICTION,ABSENT,,,,,,,,,,,,,,,,,,,,,,,,,,,,,0.000,1.000
"Ranson, H., N’Guessan, R., Lines, J., et al. (2011). Insecticide resistance in African malaria vectors: a review. *Insect Biochemistry and Molecular Biology*, 41(6), 453–461.",Insecticide-treated bed nets for malaria,gpt_oss_120b,unverified,Reference could not be verified.,CONTRADICTION,CONTRADICTION,CONTRADICTION,CONTRADICTION,ABSENT,Insecticide Resistance in African Anopheles Mosquitoes: A Worsening Situation that Needs Urgent Action to Maintain Malaria Control,Hilary Ranson; Natalie Lissenden,2016,Trends in Parasitology,10.1016/j.pt.2015.11.010,https://doi.org/10.1016/j.pt.2015.11.010,GOOGLE,0,4,0,1,0,Insecticide resistance in African malaria vectors: a review,Insecticide Resistance in African Anopheles Mosquitoes: A Worsening Situation that Needs Urgent Action to Maintain Malaria Control,"Ranson, H.; N’Guessan, R.; Lines, J.; et al.",Hilary Ranson; Natalie Lissenden,2011,2016,Insect Biochemistry and Molecular Biology,Trends in Parasitology,,10.1016/j.pt.2015.11.010,0,0,1,GOOGLE,0,"✗ Title | ✗ Authors | ✗ Year | ✗ Venue | ○ ID

### Summary
No matching article could be found for the original reference. The details show that the cited article from 2011 with authors Ranson, N’Guessan, and Lines in *Insect Biochemistry and Molecular Biology* does not correspond to the found article from 2016 by Ranson and Lissenden in *Trends in Parasitology*.

### Details
A matching record was found for a 2016 article titled ""Insecticide Resistance in African Anopheles Mosquitoes: A Worsening Situation that Needs Urgent Action to Maintain Malaria Control"" by Hilary Ranson and Natalie Lissenden, published in *Trends in Parasitology*. This differs significantly from the original citation in title, authorship, year, and journal. The original citation's title and authors do not match this found article, and the publication year differs by five years. No identifier was provided in the original reference to aid verification.

- https://doi.org/10.1016/j.pt.2015.11.010
- https://www.cell.com/trends/parasitology/abstract/S1471-4922(15)00254-8
- https://pubmed.ncbi.nlm.nih.gov/26826784/",0.0,1.0
World Health Organization. (2015). *Guidelines for the use of insecticide‑treated nets for malaria control*. WHO.,Insecticide-treated bed nets for malaria,gpt_oss_120b,verified-with-error,World Health Organization. (2015). *Conditions for use of long-lasting insecticidal nets treated with ... - IRIS*. WHO. https://iris.who.int/bitstream/handle/10665/329952/WHO-HTM-GMP-2015-11-eng.pdf?sequence=1,CONTAINS,MATCH,MATCH,MATCH,ABSENT,Conditions for use of long-lasting insecticidal nets treated with ... - IRIS,World Health Organization,2015,WHO,,https://iris.who.int/bitstream/handle/10665/329952/WHO-HTM-GMP-2015-11-eng.pdf?sequence=1,GOOGLE,3,0,1,1,0,Guidelines for the use of insecticide‑treated nets for malaria control,Conditions for use of long-lasting insecticidal nets treated with ... - IRIS,World Health Organization,World Health Organization,2015,2015,World Health Organization,WHO,,https://iris.who.int/bitstream/handle/10665/329952/WHO-HTM-GMP-2015-11-eng.pdf?sequence=1,1,2,2,GOOGLE,0,"◐ Title | ✓ Authors | ✓ Year | ✓ Venue | ○ ID

### Summary
This reference was confirmed as a publication by the World Health Organization in 2015 with matching authors and year. The title and publisher match closely, though there are minor wording differences in the title between the citation and the found document.

### Details
A matching record was found titled ""Conditions for use of long-lasting insecticidal nets treated with ..."" from WHO's IRIS repository, published in 2015 by the World Health Organization. The authors and year matched exactly, and the venue was confirmed as WHO, the acronym for the World Health Organization. The title differs slightly in wording but clearly refers to the same guidance on insecticide-treated nets for malaria control. No DOI or other identifier was found in the citation or evidence. The document is accessible at the WHO IRIS link below.

- [WHO IRIS PDF](https://iris.who.int/bitstream/handle/10665/329952/WHO-HTM-GMP-2015-11-eng.pdf?sequence=1)",0.833,0.167
"Bhatt, S., et al. (2015). The effect of insecticide‑treated nets on malaria prevalence in children under five years of age: a meta‑analysis. *The Lancet Infectious Diseases*, 15(12), 1385–1395.",Insecticide-treated bed nets for malaria,gpt_oss_120b,unverified,,CONTRADICTION,CONTRADICTION,CONTRADICTION,CONTAINS,ABSENT,,,,,,,,,,,,,,,,,,,,,,,,,,,,,0.000,1.000
"Bhatt, S., Weiss, D. J., Cameron, E., Bisanzio, D., Mappin, B., Dalrymple, U., … Smith, D. L. (2015). The effect of insecticide‑treated nets on malaria incidence in sub‑Saharan Africa: A systematic review and meta‑analysis. *The Lancet*, 386(9997), 1575‑1585.",Malaria prevention,gpt_oss_120b,unverified,Reference could not be verified.,CONTRADICTION,CONTAINS,MATCH,CONTRADICTION,ABSENT,The effect of malaria control on Plasmodium falciparum in Africa between 2000 and 2015,S Bhatt; DJ Weiss; E Cameron; D Bisanzio; B Mappin,2015,Nature,,https://www.nature.com/articles/nature15535,GOOGLE,1,2,1,1,0,The effect of insecticide‑treated nets on malaria incidence in sub‑Saharan Africa: A systematic review and meta‑analysis.,The effect of malaria control on Plasmodium falciparum in Africa between 2000 and 2015,"Bhatt, S.; Weiss, D. J.; Cameron, E.; Bisanzio, D.; Mappin, B.; Dalrymple, U.; Smith, D. L.",S Bhatt; DJ Weiss; E Cameron; D Bisanzio; B Mappin,2015,2015,The Lancet,Nature,,https://www.nature.com/articles/nature15535,0,0,3,GOOGLE,0,"✗ Title | ◐ Authors | ✓ Year | ✗ Venue | ○ ID

### Summary
The reference could not be verified as matching the original citation. Although some authors and the publication year matched, the title and journal were different, indicating this is a different article.

### Details
A matching record was found with several overlapping authors (Bhatt, Weiss, Cameron, Bisanzio, Mappin) and the same year 2015, but the title was about malaria control effects on Plasmodium falciparum in Africa, not specifically about insecticide-treated nets and malaria incidence in sub-Saharan Africa. Additionally, the original citation listed The Lancet as the journal, while the found article was published in Nature, a distinct journal. No DOI was available in the original citation to aid verification.

- https://www.nature.com/articles/nature15535",0.0,1.0
World Health Organization. (2020). *World malaria report 2020* (Technical report). WHO.,Malaria prevention,gpt_oss_120b,verified-with-error,World Health Organization. (2020). *World malaria report 2020: 20 years of global progress & challenges* (Technical report). World Health Organization. https://www.who.int/publications/i/item/9789240015791,CONTAINS,MATCH,MATCH,MATCH,ABSENT,World malaria report 2020: 20 years of global progress & challenges,World Health Organization,2020,World Health Organization,,https://www.who.int/publications/i/item/9789240015791,GOOGLE,3,0,1,1,0,World malaria report 2020,World malaria report 2020: 20 years of global progress & challenges,World Health Organization,World Health Organization,2020,2020,World Health Organization,World Health Organization,,https://www.who.int/publications/i/item/9789240015791,1,1,1,GOOGLE,0,"◐ Title | ✓ Authors | ✓ Year | ✓ Venue | ○ ID

### Summary
This report was confirmed as published by the World Health Organization in 2020 with matching authors and publisher. The title matches closely, with the verified version including the subtitle ""20 years of global progress & challenges,"" indicating it is the same document with additional detail.

### Details
A matching record was found for the World Health Organization's 2020 report titled ""World malaria report 2020: 20 years of global progress & challenges."" The authors and publisher match exactly, and the year 2020 is confirmed. The original citation's title is contained within the verified title, which adds a subtitle reflecting the report's focus. No DOI or other identifier was present in the citation. The report is available on the WHO website at https://www.who.int/publications/i/item/9789240015791, and the full document confirms the extended title and publication details.

- https://www.who.int/publications/i/item/9789240015791
- https://www.who.int/teams/global-malaria-programme/reports/world-malaria-report-2020
- https://www.who.int/docs/default-source/malaria/world-malaria-reports/9789240015791-double-page-view.pdf?sfvrsn=2c24349d_5",0.833,0.167
"Killeen, G. F., Smith, T. A., Ferguson, H. M., Mshinda, H., Abdulla, S., Lengeler, C., & Kachur, S. P. (2011). Reducing malaria transmission through indoor residual spraying: A modelling study. *PLoS Medicine*, 8(11), e1001125.",Malaria prevention,gpt_oss_120b,unverified,Reference could not be verified.,CONTRADICTION,CONTRADICTION,MATCH,MATCH,ABSENT,Effect of Supplementation with Zinc and Other Micronutrients on Malaria in Tanzanian Children: A Randomised Trial,Jacobien Veenemans; Paul Milligan; Andrew M. Prentice; Laura R. A. Schouten; Nienke Inja; Aafke C. van der Heijden; Linsey C. C. de Boer; Esther J. S. Jansen; Anna E. Koopmans; Wendy T. M. Enthoven; Rob J. Kraaijenhagen; Ayşe Y. Demir; Donald R. A. Uges; Erasto V. Mbugi; Huub F. J. Savelkoul; Hans Verhoef,2011,PLoS Medicine,10.1371/journal.pmed.1001125,https://doi.org/10.1371/journal.pmed.1001125,GOOGLE,2,2,0,1,0,Reducing malaria transmission through indoor residual spraying: A modelling study,Effect of Supplementation with Zinc and Other Micronutrients on Malaria in Tanzanian Children: A Randomised Trial,"Killeen, G. F.; Smith, T. A.; Ferguson, H. M.; Mshinda, H.; Abdulla, S.; Lengeler, C.; Kachur, S. P.",Jacobien Veenemans; Paul Milligan; Andrew M. Prentice; Laura R. A. Schouten; Nienke Inja; Aafke C. van der Heijden; Linsey C. C. de Boer; Esther J. S. Jansen; Anna E. Koopmans; Wendy T. M. Enthoven; Rob J. Kraaijenhagen; Ayşe Y. Demir; Donald R. A. Uges; Erasto V. Mbugi; Huub F. J. Savelkoul; Hans Verhoef,2011,2011,PLoS Medicine,PLoS Medicine,,10.1371/journal.pmed.1001125,0,0,2,GOOGLE,0,"✗ Title | ✗ Authors | ✓ Year | ✓ Venue | ○ ID

### Summary
The reference could not be verified because the title and authors do not match any known article. Although the year 2011 and the journal PLoS Medicine match, the article found with the same DOI and journal is about zinc and micronutrient supplementation in Tanzanian children, which is a different topic and has a completely different set of authors.

### Details
A matching record was found in PLoS Medicine from 2011 with the DOI 10.1371/journal.pmed.1001125, but this article is titled ""Effect of Supplementation with Zinc and Other Micronutrients on Malaria in Tanzanian Children: A Randomised Trial"" and authored by Jacobien Veenemans and colleagues, not Killeen et al. The original citation's title about indoor residual spraying and its authors do not overlap with this record. No identifier was provided in the original reference to aid verification. Web searches for the original title did not yield a matching article.

- https://doi.org/10.1371/journal.pmed.1001125
- https://pmc.ncbi.nlm.nih.gov/articles/PMC8763033/",0.0,1.0
"Tusting, L. S., Ippolito, M. M., & Smith, D. L. (2016). The impact of mass drug administration on malaria prevalence and incidence: A systematic review and meta‑analysis. *Nature Communications*, 7, 12495.",Malaria prevention,gpt_oss_120b,unverified,Reference could not be verified.,CONTRADICTION,CONTRADICTION,CONTRADICTION,UNCONFIRMED,ABSENT,Mass drug administration to reduce malaria transmission: a systematic review and meta-analysis,ZD Schneider; MP Shah; MC Boily,2023,,,https://pmc.ncbi.nlm.nih.gov/articles/PMC10993786/,GOOGLE,0,3,0,1,1,The impact of mass drug administration on malaria prevalence and incidence: A systematic review and meta‑analysis,Mass drug administration to reduce malaria transmission: a systematic review and meta-analysis,"Tusting, L. S.; Ippolito, M. M.; Smith, D. L.",ZD Schneider; MP Shah; MC Boily,2016,2023,Nature Communications,,,https://pmc.ncbi.nlm.nih.gov/articles/PMC10993786/,0,0,3,GOOGLE,1,"✗ Title | ✗ Authors | ✗ Year | ? Venue | ○ ID

### Summary
The reference could not be verified because no matching article was found with the same authors, title, and year. The details show significant differences in these key fields compared to available records.

### Details
A matching record was not found in OpenAlex or other scholarly searches. The cited article lists authors Tusting, Ippolito, and Smith from 2016 with a title about malaria prevalence and incidence. However, the closest found article from 2023 has different authors (Schneider, Shah, Boily) and a title focusing on reducing malaria transmission. The year differs by seven years, and no DOI or direct link matches the original citation.

- https://pmc.ncbi.nlm.nih.gov/articles/PMC10993786/",0.0,1.0
"Smith, D. L., Gouws, E., & Gething, P. W. (2018). Modeling the public health impact of the RTS,S/AS01 malaria vaccine in African settings. *Malaria Journal*, 17(1), 1‑12.",Malaria prevention,gpt_oss_120b,unverified,Reference could not be verified.,CONTAINS,CONTRADICTION,CONTRADICTION,MATCH,ABSENT,"Potential public health impact of RTS, S malaria candidate vaccine in sub-Saharan Africa: a modelling study",CJ Sauboin; LA Van Bellinghen; N Van De Velde,2015,Malaria Journal,10.1186/s12936-015-1046-z,https://link.springer.com/article/10.1186/s12936-015-1046-z,GOOGLE,1,2,1,1,0,"Modeling the public health impact of the RTS,S/AS01 malaria vaccine in African settings.","Potential public health impact of RTS, S malaria candidate vaccine in sub-Saharan Africa: a modelling study","Smith, D. L.; Gouws, E.; Gething, P. W.",CJ Sauboin; LA Van Bellinghen; N Van De Velde,2018,2015,Malaria Journal,Malaria Journal,,10.1186/s12936-015-1046-z,0,0,3,GOOGLE,1,"◐ Title | ✗ Authors | ✗ Year | ✓ Venue | ○ ID

### Summary
The reference could not be verified because the authors and year do not match any found records, despite the journal and title being similar. The citation lists Smith, Gouws, and Gething from 2018, but the closest found article has different authors and was published in 2015.

### Details
A matching record was found in Malaria Journal with a similar title about the RTS,S malaria vaccine's public health impact in Africa. However, the authors differ completely: the citation lists Smith, Gouws, and Gething, while the found article lists Sauboin, Van Bellinghen, and Van De Velde. Additionally, the publication years differ by three years (2018 vs 2015). No unique identifier was available to confirm the citation. These discrepancies led to the conclusion that the reference could not be verified.

- https://link.springer.com/article/10.1186/s12936-015-1046-z",0.0,1.0
"Mendis, K. N., Raghavendra, K., & Ghosh, S. (2019). Larval source management for malaria control: A systematic review of field efficacy. *Parasites & Vectors*, 12(1), 1‑15.",Malaria prevention,gpt_oss_120b,unverified,Reference could not be verified.,CONTRADICTION,CONTRADICTION,MATCH,MATCH,ABSENT,Bacterial larvicides used for malaria vector control in sub-Saharan Africa: review of their effectiveness and operational feasibility,YA Derua; EJ Kweka; WN Kisinza; AK Githeko,2019,Parasites & Vectors,,https://link.springer.com/article/10.1186/s13071-019-3683-5,GOOGLE,2,2,0,1,0,Larval source management for malaria control: A systematic review of field efficacy,Bacterial larvicides used for malaria vector control in sub-Saharan Africa: review of their effectiveness and operational feasibility,"Mendis, K. N.; Raghavendra, K.; Ghosh, S.",YA Derua; EJ Kweka; WN Kisinza; AK Githeko,2019,2019,Parasites & Vectors,Parasites & Vectors,,https://link.springer.com/article/10.1186/s13071-019-3683-5,0,0,3,GOOGLE,0,"✗ Title | ✗ Authors | ✓ Year | ✓ Venue | ○ ID

### Summary
The reference could not be verified because the title and authors do not match any found records, despite the year and journal being correct. The original citation and the closest found article differ significantly in focus and author names.

### Details
A matching record was found in the journal Parasites & Vectors from 2019, but the title and authors differ from the original reference. The original title about larval source management as a broad malaria control strategy contrasts with the found article focusing on bacterial larvicides in sub-Saharan Africa. None of the authors from the original citation appear in the found article. No DOI was available to confirm the match.

- https://link.springer.com/article/10.1186/s13071-019-3683-5",0.0,1.0
"Churcher, T. S., Garzón, M. G., & Alphey, L. (2020). Gene‑drive mosquitoes for malaria control: Prospects and challenges. *Trends in Parasitology*, 36(9), 761‑773.",Malaria prevention,gpt_oss_120b,unverified,Reference could not be verified.,CONTRADICTION,CONTRADICTION,CONTRADICTION,CONTRADICTION,ABSENT,Transforming malaria prevention and control: the prospects and challenges of gene drive technology for mosquito management,YA Tajudeen; HJ Oladipo; IO Oladunjoye,2023,Annals of …,,https://www.tandfonline.com/doi/abs/10.1080/07853890.2024.2302504,GOOGLE,0,4,0,1,0,Gene‑drive mosquitoes for malaria control: Prospects and challenges,Transforming malaria prevention and control: the prospects and challenges of gene drive technology for mosquito management,"Churcher, T. S.; Garzón, M. G.; Alphey, L.",YA Tajudeen; HJ Oladipo; IO Oladunjoye,2020,2023,Trends in Parasitology,Annals of …,,https://www.tandfonline.com/doi/abs/10.1080/07853890.2024.2302504,0,1,3,GOOGLE,0,"✗ Title | ✗ Authors | ✗ Year | ✗ Venue | ○ ID

### Summary
No matching article could be found for the reference by Churcher, Garzón, and Alphey (2020) titled ""Gene‑drive mosquitoes for malaria control: Prospects and challenges."" The details of the candidate article differ significantly in title, authors, year, and journal.

### Details
A search found a different article titled ""Transforming malaria prevention and control: the prospects and challenges of gene drive technology for mosquito management"" authored by Tajudeen, Oladipo, and Oladunjoye in 2023, published in a different journal (Annals of …). None of the authors overlap, the publication years differ by three years, and the journal titles are not the same. No identifier was available to link the original citation to any known record. These discrepancies indicate that the original reference could not be verified.

- https://www.tandfonline.com/doi/abs/10.1080/07853890.2024.2302504",0.0,1.0
"Bousema, T., Drakeley, C., & Sutherland, C. J. (2021). Reactive case detection in malaria elimination settings: Operational considerations and impact. *The Lancet Infectious Diseases*, 21(5), e124‑e133.",Malaria prevention,gpt_oss_120b,unverified,Reference could not be verified.,CONTRADICTION,CONTRADICTION,CONTRADICTION,CONTRADICTION,ABSENT,Active Case Detection in Malaria Elimination,L von Seidlein,2026,Encyclopedia of Malaria,,https://link.springer.com/content/pdf/10.1007/978-1-4614-8326-7_114.pdf,GOOGLE,0,4,0,1,0,Reactive case detection in malaria elimination settings: Operational considerations and impact,Active Case Detection in Malaria Elimination,"Bousema, T.; Drakeley, C.; Sutherland, C. J.",L von Seidlein,2021,2026,The Lancet Infectious Diseases,Encyclopedia of Malaria,,https://link.springer.com/content/pdf/10.1007/978-1-4614-8326-7_114.pdf,0,0,1,GOOGLE,0,"✗ Title | ✗ Authors | ✗ Year | ✗ Venue | ○ ID

### Summary
No matching article could be found for the reference by Bousema, Drakeley, and Sutherland (2021) titled ""Reactive case detection in malaria elimination settings: Operational considerations and impact"" in The Lancet Infectious Diseases. The search results instead found a different work titled ""Active Case Detection in Malaria Elimination"" by L von Seidlein (2026) in the Encyclopedia of Malaria, which does not match the original citation.

### Details
A search for the cited article found no matching record in OpenAlex or other databases. The title in the evidence refers to a different approach (active case detection) rather than reactive case detection, indicating distinct topics. The authors do not overlap, with the original citation listing Bousema, Drakeley, and Sutherland, while the found work is by L von Seidlein. The publication years differ significantly (2021 vs 2026), and the venues are unrelated, with the original in a medical journal and the found work in an encyclopedia. No identifier was available to aid verification.

- https://link.springer.com/content/pdf/10.1007/978-1-4614-8326-7_114.pdf",0.0,1.0
"Gething, P. W., Smith, D. L., & Tatem, A. J. (2017). Spatial modelling of malaria risk and the role of prevention interventions in Africa. *International Journal of Health Geographics*, 16(1), 1‑12.",Malaria prevention,gpt_oss_120b,unverified,Reference could not be verified.,CONTRADICTION,CONTRADICTION,CONTRADICTION,CONTRADICTION,ABSENT,Quantifying Aggregated Uncertainty in Plasmodium falciparum Malaria Prevalence and Populations at Risk via Efficient Space-Time Geostatistical Joint Simulation,P. W. Gething; A. P. Patil; S. I. Hay,2010,PLoS Computational Biology,10.1371/journal.pcbi.1000724,https://journals.plos.org/ploscompbiol/article?id=10.1371/journal.pcbi.1000724,GOOGLE,0,4,0,1,0,Spatial modelling of malaria risk and the role of prevention interventions in Africa,Quantifying Aggregated Uncertainty in Plasmodium falciparum Malaria Prevalence and Populations at Risk via Efficient Space-Time Geostatistical Joint Simulation,"Gething, P. W.; Smith, D. L.; Tatem, A. J.",P. W. Gething; A. P. Patil; S. I. Hay,2017,2010,International Journal of Health Geographics,PLoS Computational Biology,,10.1371/journal.pcbi.1000724,0,0,3,GOOGLE,1,"✗ Title | ✗ Authors | ✗ Year | ✗ Venue | ○ ID

### Summary
No matching article could be found for the given reference. The details such as title, authors, year, and journal do not align with any known publication.

### Details
A matching record was not found in OpenAlex or other scholarly databases for the cited article titled ""Spatial modelling of malaria risk and the role of prevention interventions in Africa"" by Gething, Smith, and Tatem from 2017 in the International Journal of Health Geographics. The closest found article has a different title, ""Quantifying Aggregated Uncertainty in Plasmodium falciparum Malaria Prevalence and Populations at Risk via Efficient Space-Time Geostatistical Joint Simulation,"" published in 2010 in PLoS Computational Biology, with different co-authors. The publication years differ by seven years, and the journals are unrelated. No DOI or other identifier was provided in the original citation to assist verification.

- https://journals.plos.org/ploscompbiol/article?id=10.1371/journal.pcbi.1000724",0.0,1.0
"Osei, K. (2022). *Community‑based distribution of insecticide‑treated nets in Ghana: Barriers and facilitators* (Doctoral dissertation, University of Ghana).",Malaria prevention,gpt_oss_120b,unverified,Reference could not be verified.,CONTRADICTION,CONTRADICTION,CONTAINS,CONTRADICTION,ABSENT,"Maps and metrics of insecticide-treated net access, use, and nets-per-capita in Africa from 2000-2020",Amelia Bertozzi-Villa; Caitlin Bever; Hannah Koenker; Daniel J. Weiss; Camilo Vargas-Ruiz; A. Nandi; Harry S. Gibson; Joseph Harris; Katherine E. Battle; Susan F. Rumisha; Suzanne Keddie; Punam Amratia; Rohan Arambepola; Ewan Cameron; Elisabeth G. Chestnutt; Emma L. Collins; Justin Millar; Swapnil Mishra; Jennifer Rozier; Tasmin L. Symons; Katherine A. Twohig; T. Déirdre Hollingsworth; Peter W. Gething; Samir Bhatt,2021,Nature Communications,10.1038/s41467-021-23707-7,https://doi.org/10.1038/s41467-021-23707-7,GOOGLE,0,3,1,1,0,Community‑based distribution of insecticide‑treated nets in Ghana: Barriers and facilitators,"Maps and metrics of insecticide-treated net access, use, and nets-per-capita in Africa from 2000-2020","Osei, K.",Amelia Bertozzi-Villa; Caitlin Bever; Hannah Koenker; Daniel J. Weiss; Camilo Vargas-Ruiz; A. Nandi; Harry S. Gibson; Joseph Harris; Katherine E. Battle; Susan F. Rumisha; Suzanne Keddie; Punam Amratia; Rohan Arambepola; Ewan Cameron; Elisabeth G. Chestnutt; Emma L. Collins; Justin Millar; Swapnil Mishra; Jennifer Rozier; Tasmin L. Symons; Katherine A. Twohig; T. Déirdre Hollingsworth; Peter W. Gething; Samir Bhatt,2022,2021,University of Ghana,Nature Communications,,10.1038/s41467-021-23707-7,0,0,3,GOOGLE,0,"✗ Title | ✗ Authors | ◐ Year | ✗ Venue | ○ ID

### Summary
The reference could not be verified because no matching record was found that corresponds to the author, title, and venue details provided. The cited dissertation by Osei, K. from the University of Ghana does not match any known publication in the verification sources.

### Details
A matching record was found for a 2021 article titled ""Maps and metrics of insecticide-treated net access, use, and nets-per-capita in Africa from 2000-2020"" published in Nature Communications, but this has a completely different author list and focus compared to the cited dissertation. The citation's author ""Osei, K."" does not appear in the candidate author list, and the venues differ significantly: an academic institution versus a scientific journal. The year 2022 in the citation is close to 2021 in the evidence but is insufficient to confirm a match given the other contradictions. No identifier such as a DOI was provided in the citation to aid verification.

- https://doi.org/10.1038/s41467-021-23707-7
- https://pmc.ncbi.nlm.nih.gov/articles/PMC11316354/",0.0,1.0
"Schreiner, M. (2002). Microfinance institutions and the repayment performance of borrowers. *World Development, 30*(5), 887‑904.",Microfinance loan repayment,gpt_oss_120b,unverified,Reference could not be verified.,UNCONFIRMED,UNCONFIRMED,UNCONFIRMED,UNCONFIRMED,UNCONFIRMED,,,,,,,,,,,,,,,,,,,,,,,0,0,0,,0,"? Title | ? Authors | ? Year | ? Venue | ? ID

### Summary
No matching article could be found for the reference by Schreiner (2002) titled ""Microfinance institutions and the repayment performance of borrowers"" in World Development.

### Details
A search was conducted using OpenAlex and Google, but no records matching the title, author, year, or journal were found. There were no potential matches or evidence candidates to confirm any part of the reference.

- [OpenAlex](https://openalex.org)
- [Google Search](https://www.google.com)",0.0,1.0
"Karlan, D., & Zinman, J. (2011). Microcredit in theory and practice: Using randomized credit scoring for impact evaluation. *American Economic Review, 101*(6), 3078‑3108.",Microfinance loan repayment,gpt_oss_120b,verified-with-error,"Karlan, D., & Zinman, J. (2011). Microcredit in theory and practice: Using randomized credit scoring for impact evaluation. *Science, 332*(6035), 1278-1284. https://doi.org/10.1126/science.1200138",MATCH,MATCH,MATCH,CONTRADICTION,ABSENT,Microcredit in Theory and Practice: Using Randomized Credit Scoring for Impact Evaluation,Dean Karlan; Jonathan Zinman,2011,Science,10.1126/science.1200138,https://doi.org/10.1126/science.1200138,GOOGLE,3,1,0,1,0,Microcredit in theory and practice: Using randomized credit scoring for impact evaluation.,Microcredit in Theory and Practice: Using Randomized Credit Scoring for Impact Evaluation,"Karlan, D.; Zinman, J.",Dean Karlan; Jonathan Zinman,2011,2011,American Economic Review,Science,,10.1126/science.1200138,0,0,1,GOOGLE,0,"✓ Title | ✓ Authors | ✓ Year | ✗ Venue | ○ ID

### Summary
This article was found with the exact title ""Microcredit in Theory and Practice: Using Randomized Credit Scoring for Impact Evaluation"" and matching authors Dean Karlan and Jonathan Zinman from 2011. However, there is a discrepancy in the journal name: the citation lists ""American Economic Review,"" but the verified source shows it was published in ""Science.""

### Details
A matching record was found with the exact title and author names, confirming the year 2011. The verified publication is in the journal ""Science,"" volume 332, issue 6035, pages 1278-1284, with DOI 10.1126/science.1200138. The citation's journal name does not match this verified source, indicating a minor error in the venue information.

- https://doi.org/10.1126/science.1200138
- https://www.science.org/doi/10.1126/science.1200138",0.6,0.4
"Banerjee, A., Duflo, E., Glennerster, R., & Kinnan, C. (2015). The impact of microcredit on the poor: Evidence from a randomized evaluation. *American Economic Journal: Applied Economics, 7*(1), 22‑53.",Microfinance loan repayment,gpt_oss_120b,verified-with-error,"Banerjee, A., Duflo, E., Glennerster, R., & Kinnan, C. (2015). The miracle of microfinance? Evidence from a randomized evaluation. *American Economic Journal: Applied Economics, 7*(1), 22–53. https://doi.org/10.1257/app.20130533",CONTAINS,MATCH,MATCH,MATCH,ABSENT,The Miracle of Microfinance? Evidence from a Randomized Evaluation,Abhijit Banerjee; Esther Duflo; Rachel Glennerster; Cynthia Kinnan,2015,American Economic Journal: Applied Economics,10.1257/app.20130533,https://www.aeaweb.org/articles?id=10.1257/app.20130533,GOOGLE,3,0,1,1,0,The impact of microcredit on the poor: Evidence from a randomized evaluation,The Miracle of Microfinance? Evidence from a Randomized Evaluation,"Banerjee, A.; Duflo, E.; Glennerster, R.; Kinnan, C.",Abhijit Banerjee; Esther Duflo; Rachel Glennerster; Cynthia Kinnan,2015,2015,American Economic Journal: Applied Economics,American Economic Journal: Applied Economics,,10.1257/app.20130533,1,1,1,GOOGLE,0,"◐ Title | ✓ Authors | ✓ Year | ✓ Venue | ○ ID

### Summary
This article was confirmed in the American Economic Journal: Applied Economics with matching authors and year. The title differs slightly, with the verified article titled ""The Miracle of Microfinance? Evidence from a Randomized Evaluation,"" but it shares the same subtitle and core topic as the original reference.

### Details
A matching record was found with all four authors (Banerjee, Duflo, Glennerster, Kinnan) and the year 2015 exactly matching. The journal name also matched perfectly. The title in the verified source is ""The Miracle of Microfinance? Evidence from a Randomized Evaluation,"" which contains the same subtitle as the original reference and covers the same study on microcredit. No identifier was present in the original citation. The article is accessible at the American Economic Association website with DOI 10.1257/app.20130533.

- https://www.aeaweb.org/articles?id=10.1257/app.20130533",0.833,0.167
"Giné, X., & Karlan, D. (2014). Group versus individual liability: Evidence from microfinance in the Philippines. *Journal of Development Economics, 108*, 1‑15.",Microfinance loan repayment,gpt_oss_120b,unverified,Reference could not be verified.,CONTAINS,MATCH,CONTRADICTION,CONTRADICTION,ABSENT,Group versus Individual Liability: Long Term Evidence from Philippine Microcredit Lending Groups,Xavier Giné; Dean Karlan,2009,"AgEcon Search (University of Minnesota, USA)",10.22004/ag.econ.50951,http://ageconsearch.umn.edu/record/50951,GOOGLE,1,2,1,1,0,Group versus individual liability: Evidence from microfinance in the Philippines.,Group versus Individual Liability: Long Term Evidence from Philippine Microcredit Lending Groups,"Giné, X.; Karlan, D.",Xavier Giné; Dean Karlan,2014,2009,Journal of Development Economics,"AgEcon Search (University of Minnesota, USA)",,10.22004/ag.econ.50951,0,0,2,GOOGLE,0,"◐ Title | ✓ Authors | ✗ Year | ✗ Venue | ○ ID

### Summary
No matching article could be found that confirms the citation details exactly. While the authors and core title phrase match, the year and publication venue differ significantly from the cited reference.

### Details
A candidate record was found with the same authors, Xavier Giné and Dean Karlan, and a similar title that includes a longer subtitle. However, this candidate was published in 2009 and hosted on AgEcon Search, which is a repository, not the Journal of Development Economics as cited. The citation states a 2014 publication year and the Journal of Development Economics as the venue, which contradicts the candidate's details. No DOI or other identifier was present in the citation to help confirm the match. Additional searches found a related 2006 working paper but no exact match for the 2014 journal article.

- http://ageconsearch.umn.edu/record/50951",0.033,0.967
"Aghion, P., & Bolton, P. (2005). The role of social capital in microfinance loan repayment: Evidence from Kenya. *Journal of Development Studies, 41*(5), 735‑754.",Microfinance loan repayment,gpt_oss_120b,unverified,Reference could not be verified.,CONTRADICTION,CONTRADICTION,CONTRADICTION,CONTRADICTION,ABSENT,"Social collateral, repayment rates, and the creation of capital among the clients of microfinance",NA Hadi; A Kamaluddin,2015,Procedia Economics and Finance,,https://www.sciencedirect.com/science/article/pii/S2212567115011727,GOOGLE,0,4,0,1,0,The role of social capital in microfinance loan repayment: Evidence from Kenya.,"Social collateral, repayment rates, and the creation of capital among the clients of microfinance","Aghion, P.; Bolton, P.",NA Hadi; A Kamaluddin,2005,2015,Journal of Development Studies,Procedia Economics and Finance,,https://www.sciencedirect.com/science/article/pii/S2212567115011727,0,0,3,GOOGLE,1,"✗ Title | ✗ Authors | ✗ Year | ✗ Venue | ○ ID

### Summary
No matching article could be found for the reference by Aghion and Bolton (2005) titled ""The role of social capital in microfinance loan repayment: Evidence from Kenya."" The details such as title, authors, year, and journal do not align with any found records.

### Details
A search found a different article titled ""Social collateral, repayment rates, and the creation of capital among the clients of microfinance"" by NA Hadi and A Kamaluddin published in 2015 in Procedia Economics and Finance. This differs significantly from the cited article in title focus, authorship, publication year, and venue. The citation's year 2005 and journal ""Journal of Development Studies"" do not match the found article's 2015 and Procedia Economics and Finance. No identifier was available to assist verification. These contradictions indicate the original reference could not be verified.

- https://www.sciencedirect.com/science/article/pii/S2212567115011727",0.0,1.0
"Roodman, D., & Morduch, J. (2014). The impact of loan size on repayment rates: Evidence from a field experiment in India. *Journal of Banking & Finance, 48*, 1‑13.",Microfinance loan repayment,gpt_oss_120b,unverified,Reference could not be verified.,CONTRADICTION,MATCH,MATCH,CONTRADICTION,ABSENT,The impact of microcredit on the poor in Bangladesh: Revisiting the evidence,D Roodman; J Morduch,2014,Journal of Development Studies,,https://www.tandfonline.com/doi/abs/10.1080/00220388.2013.858122,GOOGLE,2,2,0,1,0,The impact of loan size on repayment rates: Evidence from a field experiment in India.,The impact of microcredit on the poor in Bangladesh: Revisiting the evidence,"Roodman, D.; Morduch, J.",D Roodman; J Morduch,2014,2014,Journal of Banking & Finance,Journal of Development Studies,,https://www.tandfonline.com/doi/abs/10.1080/00220388.2013.858122,0,0,1,GOOGLE,0,"✗ Title | ✓ Authors | ✓ Year | ✗ Venue | ○ ID

### Summary
The reference could not be verified because the title and journal do not match any known record for these authors in 2014. Although the authors and year are correct, the article about loan size and repayment in India was not found.

### Details
A matching record was found for the same authors and year, but it is a different article titled ""The impact of microcredit on the poor in Bangladesh: Revisiting the evidence"" published in the Journal of Development Studies. The original citation's journal, Journal of Banking & Finance, and the article title about loan size in India contradict the found record. No DOI or other identifier was available to confirm the original reference.

- https://www.tandfonline.com/doi/abs/10.1080/00220388.2013.858122",0.0,1.0
"Bhanot, K., & Bhanot, S. (2018). Predicting microfinance loan default using machine learning techniques. In *Proceedings of the International Conference on Data Science and Advanced Analytics* (pp. 112‑119). IEEE.",Microfinance loan repayment,gpt_oss_120b,unverified,Reference could not be verified.,UNCONFIRMED,UNCONFIRMED,UNCONFIRMED,UNCONFIRMED,UNCONFIRMED,,,,,,,,,,,,,,,,,,,,,,,0,0,0,,0,"? Title | ? Authors | ? Year | ? Venue | ? ID

### Summary
No matching article could be found for the reference by Bhanot and Bhanot (2018) titled ""Predicting microfinance loan default using machine learning techniques"" in the Proceedings of the International Conference on Data Science and Advanced Analytics. The search did not confirm the title, authors, year, or conference details.

### Details
A search through OpenAlex and academic databases found no records matching the given title, authors, or publication year 2018. The search results included related works on microfinance loan default prediction using machine learning but none matched the exact reference details. No DOI or other identifiers were found to verify this specific conference proceeding.

- https://papers.ssrn.com/sol3/papers.cfm?abstract_id=5065367
- https://link.springer.com/chapter/10.1007/978-981-16-4329-3_19
- http://www.iibajournal.org/index.php/iibeaj/article/view/50
- https://dspace.bracu.ac.bd/xmlui/handle/10361/27431
- https://ijarcse.org/index.php/ijarcse/article/view/56
- https://link.springer.com/article/10.1007/s00521-022-07189-2
- https://www.mdpi.com/2071-1050/11/21/5947
- https://search.ebscohost.com/login.aspx?direct=true&profile=ehost&scope=site&authtype=crawler&jrnl=09703772&AN=180868757",0.0,1.0
"Ledgerwood, J. (1999). Microfinance and the sustainability of loan repayment: A case study of Grameen Bank (Technical Report No. 99‑07). Center for Financial Development, University of Chicago.",Microfinance loan repayment,gpt_oss_120b,unverified,Reference could not be verified.,CONTRADICTION,MATCH,MATCH,CONTRADICTION,ABSENT,Sustainable banking with the poor microfinance handbook,J. Ledgerwood,1999,dspace.khazar.org,,http://dspace.khazar.org/bitstream/20.500.12323/2831/1/microfinance%20handbook.pdf,GOOGLE,2,2,0,1,0,Microfinance and the sustainability of loan repayment: A case study of Grameen Bank,Sustainable banking with the poor microfinance handbook,"Ledgerwood, J.",J. Ledgerwood,1999,1999,"Center for Financial Development, University of Chicago",dspace.khazar.org,,http://dspace.khazar.org/bitstream/20.500.12323/2831/1/microfinance%20handbook.pdf,0,0,3,GOOGLE,0,"✗ Title | ✓ Authors | ✓ Year | ✗ Venue | ○ ID

### Summary
The reference could not be verified because the title and venue do not match any known records. Although the author J. Ledgerwood and the year 1999 are correct, the cited title about a case study on Grameen Bank and the Center for Financial Development at the University of Chicago do not correspond to the available documents.

### Details
A matching record was not found in OpenAlex. The best potential match found was a 1999 microfinance handbook by J. Ledgerwood hosted on dspace.khazar.org, which differs significantly in title and venue from the cited reference. The titles differ in subject and scope, and the venues are unrelated institutions. The year and author matched exactly, but the lack of an identifier and the contradictions in title and venue led to the conclusion that the reference could not be verified.

- http://dspace.khazar.org/bitstream/20.500.12323/2831/1/microfinance%20handbook.pdf",0.0,1.0
"Mersland, R., & Strøm, R. Ø. (2013). The effect of interest‑rate regulation on microfinance repayment performance. *World Bank Policy Research Working Paper No. 6582*.",Microfinance loan repayment,gpt_oss_120b,unverified,,CONTRADICTION,UNCONFIRMED,MATCH,UNCONFIRMED,ABSENT,,,,,,,,,,,,,,,,,,,,,,,,,,,,,0.000,1.000
"Nguyen, T. T. (2020). Determinants of microfinance loan repayment in Vietnam (Doctoral dissertation, University of Washington).",Microfinance loan repayment,gpt_oss_120b,unverified,,UNCONFIRMED,UNCONFIRMED,UNCONFIRMED,UNCONFIRMED,ABSENT,,,,,,,,,,,,,,,,,,,,,,,,,,,,,0.000,1.000
"Ahmed, S., & Khandaker, M. (2020). Assessing the socioeconomic impacts of solar mini‑grids in rural Bangladesh. *Energy Policy, 138*, 111254.",Mini-grid electrification,gpt_oss_120b,unverified,Reference could not be verified.,CONTRADICTION,CONTRADICTION,MATCH,CONTRADICTION,ABSENT,Techno-economic analysis of a hybrid mini-grid in rural areas: A case study of Bangladesh,T Ali; H Ma; AJ Nahian,2020,J. Energy Res. Rev,,https://www.academia.edu/download/69271816/56513.pdf,GOOGLE,1,3,0,1,0,Assessing the socioeconomic impacts of solar mini‑grids in rural Bangladesh.,Techno-economic analysis of a hybrid mini-grid in rural areas: A case study of Bangladesh,"Ahmed, S.; Khandaker, M.",T Ali; H Ma; AJ Nahian,2020,2020,Energy Policy,J. Energy Res. Rev,,https://www.academia.edu/download/69271816/56513.pdf,0,0,3,GOOGLE,0,"✗ Title | ✗ Authors | ✓ Year | ✗ Venue | ○ ID

### Summary
The reference could not be verified because the details do not match any known publication. The title, authors, and journal differ from available records, even though the year 2020 matches.

### Details
A matching record was found for a 2020 publication titled ""Techno-economic analysis of a hybrid mini-grid in rural areas: A case study of Bangladesh"" by Ali, Ma, and Nahian in the journal J. Energy Res. Rev. However, this differs significantly from the cited article by Ahmed and Khandaker in Energy Policy about socioeconomic impacts of solar mini-grids. The authors do not overlap, and the journal names are distinct. No identifier was provided to aid verification.

- https://www.academia.edu/download/69271816/56513.pdf",0.0,1.0
"Bhandari, R., & Khosla, R. (2019). Optimal sizing and operation of hybrid renewable mini‑grids using stochastic programming. *IEEE Transactions on Sustainable Energy, 10*(3), 1234‑1245.",Mini-grid electrification,gpt_oss_120b,unverified,Reference could not be verified.,CONTRADICTION,CONTRADICTION,MATCH,CONTAINS,ABSENT,Application of Different Optimization Algorithms for Optimal Sizing of PV/Wind/Diesel/Battery Storage Stand-Alone Hybrid Microgrid,Ahmed A. Zaki Diab; Hamdy M. Sultan; Ihab S. Mohamed; Oleg N. Kuznetsov; Ton Duc,2019,IEEE Access,10.1109/access.2019.2936656,https://doi.org/10.1109/access.2019.2936656,GOOGLE,1,2,1,1,0,Optimal sizing and operation of hybrid renewable mini‑grids using stochastic programming.,Application of Different Optimization Algorithms for Optimal Sizing of PV/Wind/Diesel/Battery Storage Stand-Alone Hybrid Microgrid,"Bhandari, R.; Khosla, R.",Ahmed A. Zaki Diab; Hamdy M. Sultan; Ihab S. Mohamed; Oleg N. Kuznetsov; Ton Duc,2019,2019,IEEE Transactions on Sustainable Energy,IEEE Access,,10.1109/access.2019.2936656,0,0,3,GOOGLE,0,"✗ Title | ✗ Authors | ✓ Year | ◐ Venue | ○ ID

### Summary
The reference could not be verified because no matching article with the same title and authors was found. Although the year 2019 matches, the title and authors differ significantly from any available records.

### Details
A matching record was found for a 2019 article titled ""Application of Different Optimization Algorithms for Optimal Sizing of PV/Wind/Diesel/Battery Storage Stand-Alone Hybrid Microgrid"" published in IEEE Access by Ahmed A. Zaki Diab and colleagues. This differs from the cited article's title and authors, which list Bhandari and Khosla and a different journal (IEEE Transactions on Sustainable Energy). The venues are related by publisher but are distinct journals. No identifier was provided in the original reference to aid verification.

- https://doi.org/10.1109/access.2019.2936656",0.0,1.0
"Choudhury, A., & Khatun, F. (2021). Community participation in mini‑grid electrification projects: A case study from Nepal. *Renewable and Sustainable Energy Reviews, 145*, 111018.",Mini-grid electrification,gpt_oss_120b,unverified,Reference could not be verified.,CONTRADICTION,CONTRADICTION,MATCH,CONTRADICTION,ABSENT,Assessment on scaling-up of mini-grid initiative: Case study of mini-grid in rural Nepal,P Shrestha; A Shrestha; N T. Shrestha,2021,International Journal of ...,10.1007/s40684-020-00190-x,https://link.springer.com/article/10.1007/s40684-020-00190-x,GOOGLE,1,3,0,1,0,Community participation in mini‑grid electrification projects: A case study from Nepal,Assessment on scaling-up of mini-grid initiative: Case study of mini-grid in rural Nepal,"Choudhury, A.; Khatun, F.",P Shrestha; A Shrestha; N T. Shrestha,2021,2021,Renewable and Sustainable Energy Reviews,International Journal of ...,,10.1007/s40684-020-00190-x,0,0,3,GOOGLE,0,"✗ Title | ✗ Authors | ✓ Year | ✗ Venue | ○ ID

### Summary
The reference could not be verified as the details do not match any known article. The title, authors, and journal name differ significantly from available records, despite the year being the same.

### Details
A matching record was not found for the cited article titled ""Community participation in mini-grid electrification projects: A case study from Nepal"" by Choudhury and Khatun (2021) in Renewable and Sustainable Energy Reviews. The closest found article is titled ""Assessment on scaling-up of mini-grid initiative: Case study of mini-grid in rural Nepal"" by Shrestha et al. (2021) published in the International Journal of..., which has different authors and a different journal. The year 2021 matches exactly, but the title and authors do not overlap, and the venues are distinct. No DOI or other identifier was provided to aid verification.

- https://link.springer.com/article/10.1007/s40684-020-00190-x",0.0,1.0
"Dutta, P., & Singh, A. (2022). Techno‑economic analysis of diesel‑solar hybrid mini‑grids for off‑grid villages in India. *International Journal of Energy Research, 46*(7), 10234‑10248.",Mini-grid electrification,gpt_oss_120b,unverified,Reference could not be verified.,CONTRADICTION,UNCONFIRMED,UNCONFIRMED,UNCONFIRMED,ABSENT,Optimization and techno-economic analysis of a solar photo-voltaic ...,,,,,https://ui.adsabs.harvard.edu/abs/2022Ene...24723560K/abstract,GOOGLE,0,1,0,1,3,Techno‑economic analysis of diesel‑solar hybrid mini‑grids for off‑grid villages in India,Optimization and techno-economic analysis of a solar photo-voltaic ...,"Dutta, P.; Singh, A.",,2022,,International Journal of Energy Research,,,https://ui.adsabs.harvard.edu/abs/2022Ene...24723560K/abstract,0,0,3,GOOGLE,0,"✗ Title | ? Authors | ? Year | ? Venue | ○ ID

### Summary
No matching article could be found that confirms the reference for the 2022 paper by Dutta and Singh on diesel-solar hybrid mini-grids for off-grid villages in India. The title and other key details do not align with any available records.

### Details
A search did not find any record matching the exact title or authorship of the cited article. The candidate found instead focuses on optimization and techno-economic analysis of a solar photovoltaic system, which differs in scope and content from the cited diesel-solar hybrid mini-grid study. The year, authors, and journal details remain unconfirmed due to lack of matching evidence. Relevant search results included related but distinct studies on hybrid mini-grids and renewable energy in rural India, but none matched the citation exactly.

- https://ui.adsabs.harvard.edu/abs/2022Ene...24723560K/abstract
- https://www.mdpi.com/2071-1050/14/16/9846
- https://www.lidsen.com/journals/jept/jept-06-02-010
- https://journaljenrr.com/index.php/JENRR/article/view/69
- https://www.aimspress.com/article/doi/10.3934/energy.2022041",0.0,1.0
"El‑Mekawy, A., & Al‑Mansoori, H. (2023). Reliability assessment of islanded microgrids with battery storage: A Monte‑Carlo approach. In *Proceedings of the 2023 IEEE Power & Energy Society General Meeting* (pp. 1‑6). IEEE.",Mini-grid electrification,gpt_oss_120b,unverified,Reference could not be verified.,CONTAINS,UNCONFIRMED,UNCONFIRMED,UNCONFIRMED,ABSENT,Reliability Assessment of Islanded Microgrids Based on Sequential ...,,,,10.16513/j.2096-2185.DE.2409305,https://www.sciopen.com/article/10.16513/j.2096-2185.DE.2409305,GOOGLE,0,0,1,1,3,Reliability assessment of islanded microgrids with battery storage: A Monte‑Carlo approach,Reliability Assessment of Islanded Microgrids Based on Sequential ...,"El‑Mekawy, A.; Al‑Mansoori, H.",,2023,,IEEE Power & Energy Society General Meeting,,,10.16513/j.2096-2185.DE.2409305,0,3,3,GOOGLE,0,"◐ Title | ? Authors | ? Year | ? Venue | ○ ID

### Summary
No matching article could be found that fully confirms the details of this reference. While the core phrase in the title about ""Reliability assessment of islanded microgrids"" was found in a similar document, the authors, year, and conference details could not be confirmed.

### Details
A matching record with a similar title was found, but it differed in subtitle and lacked author and year information. The year 2023 and the conference name ""IEEE Power & Energy Society General Meeting"" could not be verified from available sources. No DOI or other unique identifier was found to confirm the exact publication. Searches in OpenAlex and Google did not yield a fully matching record.

- https://www.sciopen.com/article/10.16513/j.2096-2185.DE.2409305",0.167,0.833
"García, L., & Pérez, J. (2018). Policy frameworks for mini‑grid deployment in Latin America. *World Bank Technical Report No. 8425*.",Mini-grid electrification,gpt_oss_120b,unverified,Reference could not be verified.,CONTRADICTION,CONTAINS,MATCH,CONTRADICTION,ABSENT,Policies and regulations for renewable mini-grids,International Renewable Energy Agency (IRENA),2018,IRENA,,https://www.irena.org/-/media/Files/IRENA/Agency/Publication/2018/Oct/IRENA_mini-grid_policies_2018.pdf,GOOGLE,1,2,1,1,0,Policy frameworks for mini‑grid deployment in Latin America,Policies and regulations for renewable mini-grids,"García, L.; Pérez, J.",International Renewable Energy Agency (IRENA),2018,2018,World Bank,IRENA,,https://www.irena.org/-/media/Files/IRENA/Agency/Publication/2018/Oct/IRENA_mini-grid_policies_2018.pdf,0,0,3,GOOGLE,0,"✗ Title | ◐ Authors | ✓ Year | ✗ Venue | ○ ID

### Summary
The reference could not be verified as matching any known publication. Although the year 2018 matches, the title and publisher differ significantly, and the authors listed are not the same.

### Details
A matching record was not found in OpenAlex. The candidate publication found is titled ""Policies and regulations for renewable mini-grids"" by the International Renewable Energy Agency (IRENA), published in 2018. However, the original reference cites a World Bank report titled ""Policy frameworks for mini‑grid deployment in Latin America"" by García and Pérez, also from 2018. The titles differ in focus and wording, and the venues (World Bank vs. IRENA) are unrelated organizations. No DOI or other identifier was available to confirm a match.

- https://www.irena.org/-/media/Files/IRENA/Agency/Publication/2018/Oct/IRENA_mini-grid_policies_2018.pdf",0.0,1.0
"Hossain, M., & Rahman, M. (2020). Designing resilient mini‑grids for climate‑vulnerable coastal communities. *Energy, 209*, 118456.",Mini-grid electrification,gpt_oss_120b,unverified,Reference could not be verified.,CONTRADICTION,CONTRADICTION,CONTAINS,CONTRADICTION,ABSENT,Small-scale solar solutions for energy resilience in Bangladesh,MR Shammin; AKE Haque,2021,Climate change and community resilience,10.1007/978-981-16-0680-9_14,https://link.springer.com/chapter/10.1007/978-981-16-0680-9_14,GOOGLE,0,3,1,1,0,Designing resilient mini‑grids for climate‑vulnerable coastal communities.,Small-scale solar solutions for energy resilience in Bangladesh,"Hossain, M.; Rahman, M.",MR Shammin; AKE Haque,2020,2021,Energy,Climate change and community resilience,,10.1007/978-981-16-0680-9_14,0,0,3,GOOGLE,0,"✗ Title | ✗ Authors | ◐ Year | ✗ Venue | ○ ID

### Summary
No matching article could be found for the reference by Hossain and Rahman (2020) titled ""Designing resilient mini-grids for climate-vulnerable coastal communities"". The closest found work has a different title, different authors, a different publication year, and a different publication venue.

### Details
A search did not find any record matching the title, authors, and venue of the original reference. The closest candidate found was a 2021 chapter titled ""Small-scale solar solutions for energy resilience in Bangladesh"" by Shammin and Haque, published in ""Climate change and community resilience"". This differs significantly from the original citation in title, authorship, year, and venue, indicating no match. The original citation lacks an identifier such as a DOI, which also limits verification.

- https://link.springer.com/chapter/10.1007/978-981-16-0680-9_14",0.0,1.0
"Iqbal, S., & Khan, M. (2021). Life‑cycle cost analysis of solar mini‑grids in Pakistan. *Journal of Cleaner Production, 285*, 124789.",Mini-grid electrification,gpt_oss_120b,unverified,Reference could not be verified.,CONTRADICTION,CONTRADICTION,CONTRADICTION,CONTRADICTION,ABSENT,Techno-economic-environmental assessment of an isolated rural micro-grid from a mid-career repowering perspective,AM Rehmani; SAA Kazmi; A Altamimi; ZA Khan,2023,Sustainability,,https://www.mdpi.com/2071-1050/15/3/2137,GOOGLE,0,4,0,1,0,Life‑cycle cost analysis of solar mini‑grids in Pakistan.,Techno-economic-environmental assessment of an isolated rural micro-grid from a mid-career repowering perspective,"Iqbal, S.; Khan, M.",AM Rehmani; SAA Kazmi; A Altamimi; ZA Khan,2021,2023,Journal of Cleaner Production,Sustainability,,https://www.mdpi.com/2071-1050/15/3/2137,0,0,3,GOOGLE,0,"✗ Title | ✗ Authors | ✗ Year | ✗ Venue | ○ ID

### Summary
No matching article could be found for the reference by Iqbal and Khan (2021) on life-cycle cost analysis of solar mini-grids in Pakistan. The available records show a different article with distinct authors, title, year, and journal.

### Details
A search found no record matching the title, authors, year, or journal of the cited article. The closest found article is titled ""Techno-economic-environmental assessment of an isolated rural micro-grid from a mid-career repowering perspective,"" published in 2023 in the journal Sustainability by authors Rehmani, Kazmi, Altamimi, and Khan. This differs significantly from the cited work by Iqbal and Khan in 2021 in the Journal of Cleaner Production. No DOI or other identifier was available to link the citation to a verified source.

- https://www.mdpi.com/2071-1050/15/3/2137",0.0,1.0
"Jørgensen, P., & Nielsen, T. (2019). Distributed generation and mini‑grid integration: Lessons from the Danish island of Samsø. *Energy Systems, 10*(2), 345‑360.",Mini-grid electrification,gpt_oss_120b,unverified,Reference could not be verified.,CONTRADICTION,CONTRADICTION,MATCH,CONTAINS,ABSENT,"Small-scale renewable energy systems: independent electricity for community, business and home",S Ruin; G Sidén,2019,Taylor & Francis / Routledge (api.taylorfrancis.com),10.1201/9780429020391,,GOOGLE,1,2,1,1,0,Distributed generation and mini‑grid integration: Lessons from the Danish island of Samsø.,"Small-scale renewable energy systems: independent electricity for community, business and home","Jørgensen, P.; Nielsen, T.",S Ruin; G Sidén,2019,2019,Energy Systems,Taylor & Francis / Routledge (api.taylorfrancis.com),,10.1201/9780429020391,0,0,3,GOOGLE,0,"✗ Title | ✗ Authors | ✓ Year | ◐ Venue | ○ ID

### Summary
No matching article could be found for the reference by Jørgensen and Nielsen (2019) on distributed generation and mini-grid integration in Samsø. The closest found work is a different publication by Ruin and Sidén (2019) on small-scale renewable energy systems, which does not cover the Samsø case.

### Details
A matching record was not found in OpenAlex for the cited article. The title and authors of the candidate work differ significantly from the citation: the citation focuses on a case study of Samsø island, while the candidate discusses general small-scale renewable energy systems. The authors Jørgensen and Nielsen do not overlap with Ruin and Sidén. The year 2019 matches exactly, and the venue is related as the publisher Taylor & Francis publishes the journal Energy Systems, but this is insufficient to confirm the citation. No identifier was provided in the original reference.

- https://api.taylorfrancis.com/content/books/mono/download?identifierName=doi&identifierValue=10.1201/9780429020391&type=googlepdf
- https://repositorio.ufmg.br/items/6e545863-3425-4ab6-95ba-ceabf63c09eb
- https://www.sciencedirect.com/science/article/pii/S0301421517306894",0.0,1.0
"Kim, Y., Lee, S., & Park, H. (2022). *Optimization of demand‑side management in off‑grid mini‑grids* (Doctoral dissertation, Seoul National University).",Mini-grid electrification,gpt_oss_120b,unverified,Reference could not be verified.,UNCONFIRMED,UNCONFIRMED,UNCONFIRMED,UNCONFIRMED,UNCONFIRMED,,,,,,,,,,,,,,,,,,,,,,,0,0,0,,0,"? Title | ? Authors | ? Year | ? Venue | ? ID

### Summary
No matching doctoral dissertation titled ""Optimization of demand‑side management in off‑grid mini‑grids"" by Kim, Y., Lee, S., and Park, H. from 2022 at Seoul National University could be found in the searched databases or online sources.

### Details
A search in OpenAlex and Google Scholar did not find any record matching the title, authors, year, or institution. The year 2022 and the topic of demand-side management in mini-grids yielded related articles but none matching the exact dissertation details. No potential matches or evidence candidates were identified to confirm this reference.

- https://openalex.org
- https://scholar.google.com",0.0,1.0
"Lee, J., & Kim, H. (2020). Adoption of mobile banking services: An integrated TAM and trust perspective. *Journal of Retailing and Consumer Services, 54*, 102030.",Mobile banking,gpt_oss_120b,unverified,Reference could not be verified.,CONTRADICTION,CONTRADICTION,MATCH,CONTAINS,ABSENT,Mobile banking adoption: a systematic review,Nizar Souiden; Riadh Ladhari; Walid Chaouali,2020,International Journal of Bank Marketing,10.1108/ijbm-04-2020-0182,https://doi.org/10.1108/ijbm-04-2020-0182,GOOGLE,1,2,1,1,0,Adoption of mobile banking services: An integrated TAM and trust perspective.,Mobile banking adoption: a systematic review,"Lee, J.; Kim, H.",Nizar Souiden; Riadh Ladhari; Walid Chaouali,2020,2020,Journal of Retailing and Consumer Services,International Journal of Bank Marketing,,10.1108/ijbm-04-2020-0182,0,1,3,GOOGLE,0,"✗ Title | ✗ Authors | ✓ Year | ◐ Venue | ○ ID

### Summary
No matching article could be found for the reference by Lee and Kim (2020) titled ""Adoption of mobile banking services: An integrated TAM and trust perspective."" The closest candidate found was a different article with different authors and a different title, although published in the same year.

### Details
A matching record was not found for the given authors Lee, J. and Kim, H. The candidate article found was titled ""Mobile banking adoption: a systematic review"" authored by Nizar Souiden, Riadh Ladhari, and Walid Chaouali, published in 2020 in the International Journal of Bank Marketing. The titles and authors do not overlap, and the journals differ, though both are published by Emerald Group Publishing. The year 2020 matched exactly, but the other key details contradicted the original reference.

- https://doi.org/10.1108/ijbm-04-2020-0182",0.0,1.0
"Gupta, A., & Jain, R. (2019). Security challenges in mobile banking applications: A systematic review. *IEEE Access, 7*, 123456‑123470.",Mobile banking,gpt_oss_120b,unverified,Reference could not be verified.,UNCONFIRMED,UNCONFIRMED,UNCONFIRMED,UNCONFIRMED,UNCONFIRMED,,,,,,,,,,,,,,,,,,,,,,,0,0,0,,0,"? Title | ? Authors | ? Year | ? Venue | ? ID

### Summary
No matching article could be found for the reference by Gupta and Jain (2019) titled ""Security challenges in mobile banking applications: A systematic review"" in IEEE Access or other sources.

### Details
A search in OpenAlex and Google did not return any records matching the title, authors, year, or journal details provided. There were no potential matches found to confirm any part of the reference.

- [OpenAlex](https://openalex.org)
- [Google Search](https://www.google.com)",0.0,1.0
"Zhou, T., Lu, Y., & Wang, B. (2021). The role of perceived risk and benefit in mobile banking usage: Evidence from China. *International Journal of Information Management, 57*, 102345.",Mobile banking,gpt_oss_120b,unverified,Reference could not be verified.,CONTRADICTION,CONTAINS,CONTRADICTION,CONTRADICTION,ABSENT,Examining mobile banking user adoption from the perspectives of trust and flow experience,T Zhou,2012,Information technology and management,,https://link.springer.com/article/10.1007/s10799-011-0111-8,GOOGLE,0,3,1,1,0,The role of perceived risk and benefit in mobile banking usage: Evidence from China.,Examining mobile banking user adoption from the perspectives of trust and flow experience,"Zhou, T.; Lu, Y.; Wang, B.",T Zhou,2021,2012,International Journal of Information Management,Information technology and management,,https://link.springer.com/article/10.1007/s10799-011-0111-8,0,0,3,GOOGLE,0,"✗ Title | ◐ Authors | ✗ Year | ✗ Venue | ○ ID

### Summary
No matching article could be found for the cited reference by Zhou, T., Lu, Y., and Wang, B. (2021) titled ""The role of perceived risk and benefit in mobile banking usage: Evidence from China"". The best available match differs significantly in title, year, and journal, indicating it is a different publication.

### Details
A matching record was found for an article by T. Zhou published in 2012 titled ""Examining mobile banking user adoption from the perspectives of trust and flow experience"" in the journal Information Technology and Management. This differs from the cited article in core focus, publication year (2012 vs 2021), and journal name (Information Technology and Management vs International Journal of Information Management). Only one author, T. Zhou, matches from the cited three authors. No digital identifier was found for the cited reference. These discrepancies show that the cited article could not be verified.

- https://link.springer.com/article/10.1007/s10799-011-0111-8",0.0,1.0
"Alalwan, A. A., Dwivedi, Y. K., & Williams, M. D. (2018). Mobile banking adoption: An integrated model of TAM, TPB, and trust. *Journal of Business Research, 89*, 1‑12.",Mobile banking,gpt_oss_120b,needs-human,Reference requires human review.,CONTRADICTION,MATCH,CONTAINS,CONTAINS,ABSENT,Factors influencing adoption of mobile banking by Jordanian bank customers: Extending UTAUT2 with trust,A. A. Alalwan; Y. K. Dwivedi; N. P. Rana,2017,International Journal of Information Management,,https://www.sciencedirect.com/science/article/pii/S026840121630696X,GOOGLE,1,1,2,1,0,"Mobile banking adoption: An integrated model of TAM, TPB, and trust.",Factors influencing adoption of mobile banking by Jordanian bank customers: Extending UTAUT2 with trust,"Alalwan, A. A.; Dwivedi, Y. K.; Williams, M. D.",A. A. Alalwan; Y. K. Dwivedi; N. P. Rana,2018,2017,Journal of Business Research,International Journal of Information Management,,https://www.sciencedirect.com/science/article/pii/S026840121630696X,0,0,3,GOOGLE,0,"✗ Title | ✓ Authors | ◐ Year | ◐ Venue | ○ ID

### Summary
The reference could not be conclusively verified because the title and author details differ from the closest matching article found. While two authors match, the third author and the article titles describe different models and study populations, indicating they are likely different papers.

### Details
A matching record was found with two authors in common (Alalwan and Dwivedi) but a different third author (Rana instead of Williams). The year differs slightly (2017 vs. 2018), and the journals are related but distinct (Journal of Business Research vs. International Journal of Information Management). The titles also differ significantly, with one focusing on an integrated TAM, TPB, and trust model generally, and the other on extending UTAUT2 with trust for Jordanian bank customers. No DOI was available to confirm a direct match.

- https://www.sciencedirect.com/science/article/pii/S026840121630696X",0.133,0.867
"Singh, S., & Kaur, G. (2022). Designing user‑friendly interfaces for mobile banking: A heuristic evaluation. In *Proceedings of the 2022 ACM CHI Conference on Human Factors in Computing Systems* (pp. 1‑10).",Mobile banking,gpt_oss_120b,unverified,Reference could not be verified.,UNCONFIRMED,UNCONFIRMED,UNCONFIRMED,UNCONFIRMED,UNCONFIRMED,,,,,,,,,,,,,,,,,,,,,,,0,0,0,,0,"? Title | ? Authors | ? Year | ? Venue | ? ID

### Summary
No matching article could be found for the reference by Singh and Kaur (2022) on designing user-friendly interfaces for mobile banking in the 2022 ACM CHI Conference proceedings.

### Details
A search in OpenAlex and a scholarly search returned no records matching the title, authors, year, or conference details provided. There were no potential matches found in any of the databases checked, indicating that this reference could not be verified.

- [OpenAlex](https://openalex.org)
- [Google Scholar](https://scholar.google.com)",0.0,1.0
"Kaur, P., & Dhir, A. (2020). Mobile banking and financial inclusion in developing economies: A meta‑analysis. *World Development, 134*, 105058.",Mobile banking,gpt_oss_120b,unverified,Reference could not be verified.,UNCONFIRMED,UNCONFIRMED,UNCONFIRMED,UNCONFIRMED,UNCONFIRMED,,,,,,,,,,,,,,,,,,,,,,,0,0,0,,0,"? Title | ? Authors | ? Year | ? Venue | ? ID

### Summary
No matching article could be found for the reference by Kaur and Dhir (2020) titled ""Mobile banking and financial inclusion in developing economies: A meta‑analysis"" in the journal World Development.

### Details
A search in OpenAlex did not find any matching record for this article. Additionally, a Google search returned related articles on digital financial services and mobile banking but none that exactly matched the given title, authors, year, or journal. The year, authors, and venue could not be confirmed from available sources.

- https://www.sciencedirect.com/science/article/pii/S2667096823000459
- https://www.researchgate.net/publication/361164100_Digital_Banking_A_Meta-Analysis_Approach
- https://link.springer.com/article/10.1007/s43621-026-02629-8
- https://www.imf.org/en/publications/wp/issues/2021/03/19/digital-financial-inclusion-in-emerging-and-developing-economies-a-new-index-50271
- https://pmc.ncbi.nlm.nih.gov/articles/PMC7886606/
- https://www.emerald.com/ijoem/article/18/1/200/300223/Adoption-of-mobile-banking-at-the-bottom-of-the",0.0,1.0
"Liu, Y., & Wang, X. (2017). A blockchain‑based framework for secure mobile banking transactions (Technical Report No. TR‑UC‑Berkeley‑2017‑04). Department of Computer Science, University of California, Berkeley.",Mobile banking,gpt_oss_120b,unverified,Reference could not be verified.,CONTRADICTION,CONTRADICTION,CONTRADICTION,CONTRADICTION,ABSENT,Blockchain-Based Framework for Secure Transaction in Mobile Banking Platform,Joseph Bamidele Awotunde; Roseline Oluwaseun Ogundokun; Sanjay Misra; Emmanuel Abidemi Adeniyi; Mayank Mohan Sharma,2021,"Advances in Intelligent Systems and Computing, Hybrid Intelligent Systems",,https://ouci.dntb.gov.ua/en/works/42LKxJ69/,GOOGLE,0,4,0,1,0,A blockchain‑based framework for secure mobile banking transactions,Blockchain-Based Framework for Secure Transaction in Mobile Banking Platform,"Liu, Y.; Wang, X.",Joseph Bamidele Awotunde; Roseline Oluwaseun Ogundokun; Sanjay Misra; Emmanuel Abidemi Adeniyi; Mayank Mohan Sharma,2017,2021,"Department of Computer Science, University of California, Berkeley","Advances in Intelligent Systems and Computing, Hybrid Intelligent Systems",,https://ouci.dntb.gov.ua/en/works/42LKxJ69/,0,0,1,GOOGLE,0,"✗ Title | ✗ Authors | ✗ Year | ✗ Venue | ○ ID

### Summary
No matching technical report by Liu, Y. and Wang, X. from 2017 at UC Berkeley could be found. The closest available document is a 2021 book chapter with a similar blockchain and mobile banking theme but different authors, title wording, year, and publisher.

### Details
A search found no record matching the original reference's authors, year, or venue. The closest match is titled ""Blockchain-Based Framework for Secure Transaction in Mobile Banking Platform"" published in 2021 by Awotunde, Ogundokun, Misra, Adeniyi, and Sharma in the Advances in Intelligent Systems and Computing series by Springer. The original reference's title, authors, year (2017 vs 2021), and venue (UC Berkeley technical report vs Springer book chapter) all differ significantly. No identifier was provided in the original citation to aid verification.

- https://ouci.dntb.gov.ua/en/works/42LKxJ69/
- https://www.researchgate.net/publication/350933679_Blockchain-Based_Framework_for_Secure_Transaction_in_Mobile_Banking_Platform",0.0,1.0
"Osei, K., & Mensah, J. (2023). Mobile banking adoption among small and medium enterprises in Ghana: An empirical study. *Journal of Small Business Management, 61*(3), 456‑475.",Mobile banking,gpt_oss_120b,unverified,Reference could not be verified.,CONTRADICTION,CONTRADICTION,CONTRADICTION,CONTRADICTION,ABSENT,Digital Banking and Financial Inclusion among Small and Medium Enterprises in Ghana: The Mediating Role of Mobile Money Adoption.,E Kusi-Nsiah,2025,"Journal for Business, Development and Leadership",,http://jbdljournalonline.com/index.php/files/article/view/70,GOOGLE,0,4,0,1,0,Mobile banking adoption among small and medium enterprises in Ghana: An empirical study,Digital Banking and Financial Inclusion among Small and Medium Enterprises in Ghana: The Mediating Role of Mobile Money Adoption.,"Osei, K.; Mensah, J.",E Kusi-Nsiah,2023,2025,Journal of Small Business Management,"Journal for Business, Development and Leadership",,http://jbdljournalonline.com/index.php/files/article/view/70,0,0,3,GOOGLE,0,"✗ Title | ✗ Authors | ✗ Year | ✗ Venue | ○ ID

### Summary
No matching article could be found for the reference by Osei and Mensah (2023) on mobile banking adoption among SMEs in Ghana. The available evidence points to a different article with distinct authors, title, year, and journal.

### Details
A search found no record matching the title, authors, year, or journal of the cited article. The closest found article is by E Kusi-Nsiah (2025) titled ""Digital Banking and Financial Inclusion among Small and Medium Enterprises in Ghana: The Mediating Role of Mobile Money Adoption,"" published in the Journal for Business, Development and Leadership. This differs significantly in title focus, author names, publication year, and journal from the original citation. No DOI or other identifier was available to link the citation to a verified source.

- [Journal for Business, Development and Leadership article](http://jbdljournalonline.com/index.php/files/article/view/70)",0.0,1.0
"Patel, N., & Shah, M. (2019). The impact of mobile banking on customer satisfaction and loyalty. In *Proceedings of the International Conference on Information Systems (ICIS)* (pp. 1‑15).",Mobile banking,gpt_oss_120b,unverified,,CONTRADICTION,CONTRADICTION,CONTAINS,CONTRADICTION,ABSENT,,,,,,,,,,,,,,,,,,,,,,,,,,,,,0.000,1.000
"Nguyen, H. T., & Tran, Q. H. (2021). Mobile banking usage behavior among millennials: A structural equation modeling approach (Doctoral dissertation, University of Sydney).",Mobile banking,gpt_oss_120b,unverified,Reference could not be verified.,UNCONFIRMED,UNCONFIRMED,UNCONFIRMED,UNCONFIRMED,UNCONFIRMED,,,,,,,,,,,,,,,,,,,,,,,0,0,0,,0,"? Title | ? Authors | ? Year | ? Venue | ? ID

### Summary
No matching doctoral dissertation by Nguyen, H. T. and Tran, Q. H. from 2021 titled ""Mobile banking usage behavior among millennials: A structural equation modeling approach"" at the University of Sydney could be found in the searched databases.

### Details
A search was conducted in OpenAlex and through a general Google search, but no records or evidence matching the dissertation title, authors, year, or university were found. There were no potential matches or similar works identified in the available sources.

- [OpenAlex](https://openalex.org)
- [Google Search](https://www.google.com)",0.0,1.0
"Acemoglu, D., & Robinson, J. A. (2012). Why nations fail: The origins of power, prosperity, and poverty. *American Political Science Review, 106*(4), 761‑782. https://doi.org/10.1017/S0003055412000015",Political Science,gpt_oss_120b,verified-with-error,"Acemoglu, D., & Robinson, J. A. (2012). *Why Nations Fail: The Origins of Power, Prosperity, and Poverty*. Penguin Random House. https://www.penguinrandomhouse.com/books/205014/why-nations-fail-by-daron-acemoglu-and-james-a-robinson/",MATCH,MATCH,MATCH,CONTRADICTION,UNCONFIRMED,"Why Nations Fail: The Origins of Power, Prosperity, and Poverty",Daron Acemoglu; James A. Robinson,2012,Penguin Random House,,https://www.penguinrandomhouse.com/books/205014/why-nations-fail-by-daron-acemoglu-and-james-a-robinson/,GOOGLE,3,1,0,0,1,"Why nations fail: The origins of power, prosperity, and poverty.","Why Nations Fail: The Origins of Power, Prosperity, and Poverty","Acemoglu, D.; Robinson, J. A.",Daron Acemoglu; James A. Robinson,2012,2012,American Political Science Review,Penguin Random House,10.1017/S0003055412000015,,0,0,2,GOOGLE,0,"✓ Title | ✓ Authors | ✓ Year | ✗ Venue | ? DOI | ? URL

### Summary
This reference was confirmed as the book ""Why Nations Fail: The Origins of Power, Prosperity, and Poverty"" by Daron Acemoglu and James A. Robinson, published in 2012. However, the venue listed in the original reference as the ""American Political Science Review"" is incorrect; the correct publisher is Penguin Random House.

### Details
A matching record was found for the title and authors, confirming the work is by Acemoglu and Robinson from 2012. The title matched exactly, and the authors correspond to the same individuals despite abbreviation differences. The year 2012 matched exactly. The venue, however, was found to be Penguin Random House, a book publisher, rather than the American Political Science Review, which is a journal. The DOI provided does not correspond to this book and could not be found in the DOI system. The best evidence comes from the publisher's official page and multiple search results confirming the book's publication details.

- https://www.penguinrandomhouse.com/books/205014/why-nations-fail-by-daron-acemoglu-and-james-a-robinson/
- https://en.wikipedia.org/wiki/Why_Nations_Fail
- https://www.amazon.com/Why-Nations-Fail-Origins-Prosperity/dp/0307719219",0.45,0.55
"Bawn, K., & Green, D. P. (2019). The political consequences of social media use: Evidence from a field experiment. *Journal of Politics, 81*(2), 567‑582. https://doi.org/10.1086/701123",Political Science,gpt_oss_120b,unverified,Reference could not be verified.,CONTRADICTION,CONTRADICTION,CONTAINS,CONTRADICTION,MATCH,Pheromone-Induced Accuracy of Nestmate Recognition in Carpenter Ants: Simultaneous Decrease in Type I and Type II Errors,Natacha Rossi; David Baracchi; Martín Giurfa; Patrizia d’Ettorre,2018,The American Naturalist,10.1086/701123,https://doi.org/10.1086/701123,GOOGLE,1,3,1,0,0,The political consequences of social media use: Evidence from a field experiment.,Pheromone-Induced Accuracy of Nestmate Recognition in Carpenter Ants: Simultaneous Decrease in Type I and Type II Errors,"Bawn, K.; Green, D. P.",Natacha Rossi; David Baracchi; Martín Giurfa; Patrizia d’Ettorre,2019,2018,Journal of Politics,The American Naturalist,10.1086/701123,10.1086/701123,0,0,1,GOOGLE,0,"✗ Title | ✗ Authors | ◐ Year | ✗ Venue | ✓ DOI | ✓ URL

### Summary
The reference could not be verified because the DOI leads to a completely different article with different authors, title, and journal. The original citation about political consequences of social media does not match the found article on ant pheromone recognition.

### Details
A matching record was found for the DOI 10.1086/701123, but it corresponds to an article titled ""Pheromone-Induced Accuracy of Nestmate Recognition in Carpenter Ants: Simultaneous Decrease in Type I and Type II Errors"" published in The American Naturalist in 2018 by Rossi, Baracchi, Giurfa, and d’Ettorre. This differs significantly from the cited article's title, authors (Bawn and Green), year (2019), and journal (Journal of Politics). No other matching records were found through additional searches.

- https://doi.org/10.1086/701123",0.0,1.0
"Chen, H., & Lee, S. (2020). Networked protest dynamics in authoritarian regimes. In M. Alvarez & T. Kim (Eds.), *Proceedings of the 2020 International Conference on Comparative Politics* (pp. 112‑129). Springer.",Political Science,gpt_oss_120b,unverified,Reference could not be verified.,CONTRADICTION,CONTRADICTION,MATCH,CONTRADICTION,ABSENT,"A protest society evaluated: Popular protests in China, 2000–2019",CJJ Chen,2020,Mobilization: An International Quarterly,,https://www.researchgate.net/profile/Chih-Jou-Chen/publication/346465380_A_Protest_Society_Evaluated_Popular_Protests_in_China_2000-2019/links/5fc7638092851c00f845308c/A-Protest-Society-Evaluated-Popular-Protests-in-China-2000-2019.pdf,GOOGLE,1,3,0,1,0,Networked protest dynamics in authoritarian regimes.,"A protest society evaluated: Popular protests in China, 2000–2019","Chen, H.; Lee, S.",CJJ Chen,2020,2020,Proceedings of the 2020 International Conference on Comparative Politics,Mobilization: An International Quarterly,,https://www.researchgate.net/profile/Chih-Jou-Chen/publication/346465380_A_Protest_Society_Evaluated_Popular_Protests_in_China_2000-2019/links/5fc7638092851c00f845308c/A-Protest-Society-Evaluated-Popular-Protests-in-China-2000-2019.pdf,0,0,3,GOOGLE,0,"✗ Title | ✗ Authors | ✓ Year | ✗ Venue | ○ ID

### Summary
The reference could not be verified because the details do not match any known record. The title, authors, and venue differ significantly from available sources, even though the year 2020 matches.

### Details
A matching record was not found for the title ""Networked protest dynamics in authoritarian regimes"" by Chen, H. and Lee, S. The closest found work is titled ""A protest society evaluated: Popular protests in China, 2000–2019"" by CJJ Chen, published in 2020 in the journal Mobilization: An International Quarterly. This differs in subject focus, author names, and publication type from the cited conference proceedings. No identifier was available to assist verification.

- https://www.researchgate.net/profile/Chih-Jou-Chen/publication/346465380_A_Protest_Society_Evaluated_Popular_Protests_in_China_2000-2019/links/5fc7638092851c00f845308c/A-Protest-Society-Evaluated-Popular-Protests-in-China-2000-2019.pdf",0.0,1.0
"Della Porta, D., & Vannucci, A. (2018). Mapping the diffusion of protest tactics across Europe (Technical Report No. 18‑04). European University Institute.",Political Science,gpt_oss_120b,unverified,Reference could not be verified.,CONTRADICTION,CONTRADICTION,UNCONFIRMED,UNCONFIRMED,ABSENT,Patterns of diffusion and the transnational dimension of protest in the ...,Donatella DELLA PORTA; Alice MATTONI,,,,https://cadmus.eui.eu/entities/publication/bd9da172-8394-57e3-8f09-d90f959a429a,GOOGLE,0,2,0,1,2,Mapping the diffusion of protest tactics across Europe,Patterns of diffusion and the transnational dimension of protest in the ...,"Della Porta, D.; Vannucci, A.",Donatella DELLA PORTA; Alice MATTONI,2018,,European University Institute,,,https://cadmus.eui.eu/entities/publication/bd9da172-8394-57e3-8f09-d90f959a429a,0,0,2,GOOGLE,0,"✗ Title | ✗ Authors | ? Year | ? Venue | ○ ID

### Summary
The reference could not be verified because the title and authors do not match any known record. The original citation lists Della Porta and Vannucci as authors with a focus on protest tactics diffusion across Europe, but the closest found work involves Della Porta and Mattoni with a different title and scope.

### Details
A matching record was not found in OpenAlex. The title in the citation, ""Mapping the diffusion of protest tactics across Europe,"" contradicts the found title, ""Patterns of diffusion and the transnational dimension of protest."" Only one author, Della Porta, matches; the other author differs (Vannucci vs. Mattoni). The year 2018 and the European University Institute as publisher remain unconfirmed due to lack of matching records. No DOI or other identifier was available to confirm the reference.

- https://cadmus.eui.eu/entities/publication/bd9da172-8394-57e3-8f09-d90f959a429a",0.0,1.0
"Edwards, L. M. (2017). *Political trust and democratic legitimacy in post‑conflict societies* (Doctoral dissertation, University of Cambridge).",Political Science,gpt_oss_120b,unverified,Reference could not be verified.,UNCONFIRMED,UNCONFIRMED,UNCONFIRMED,UNCONFIRMED,UNCONFIRMED,,,,,,,,,,,,,,,,,,,,,,,0,0,0,,0,"? Title | ? Authors | ? Year | ? Venue | ? ID

### Summary
No matching doctoral dissertation by L. M. Edwards titled ""Political trust and democratic legitimacy in post-conflict societies"" from 2017 at the University of Cambridge could be found. The verification process did not find any records confirming this reference.

### Details
A search in OpenAlex returned no matching work for this dissertation. Additionally, a Google search did not reveal any direct matches to the title, author, or year provided. The search results included related topics on political trust and democratic legitimacy but none linked to a dissertation by L. M. Edwards from 2017 at the University of Cambridge.

- https://www.elgaronline.com/edcollchap/book/9781802201406/chapter10.xml
- https://www.jstor.org/stable/2642039
- https://journals.sagepub.com/doi/abs/10.1177/0022343316659334
- https://oxfordre.com/politics/oso/viewentry/10.1093/acrefore/9780190228637.001.0001/acrefore-9780190228637-e-77
- https://openurl.ebsco.com/fulltext/gcd:190726975",0.0,1.0
"Gerring, J. (2015). The comparative method: Moving beyond the “case study” myth. *World Politics, 67*(3), 453‑470. https://doi.org/10.1017/S004388711500001X",Political Science,gpt_oss_120b,unverified,Reference could not be verified.,UNCONFIRMED,UNCONFIRMED,UNCONFIRMED,UNCONFIRMED,UNCONFIRMED,,,,,,,,,,,,,,,,,,,,,,,0,0,0,,0,"? Title | ? Authors | ? Year | ? Venue | ? ID

### Summary
No matching article could be found for the reference by Gerring (2015) titled ""The comparative method: Moving beyond the 'case study' myth"" in World Politics. The DOI provided does not lead to any valid record, and no other evidence was found to confirm the details.

### Details
A search for the DOI 10.1017/S004388711500001X returned a 404 error indicating the DOI does not exist or is incorrect. OpenAlex did not find any record matching this DOI or the article metadata. Additionally, a scholar search did not yield any relevant results. These findings suggest the reference could not be verified.

- https://doi.org/10.1017/S004388711500001X
- OpenAlex search results
- Scholar search results",0.0,1.0
"Kim, Y., & Park, J. (2021). Electoral systems and party fragmentation: A meta‑analysis. In R. Smith (Ed.), *Proceedings of the 2021 Annual Meeting of the American Political Science Association* (pp. 78‑95). APSA.",Political Science,gpt_oss_120b,unverified,Reference could not be verified.,CONTRADICTION,UNCONFIRMED,UNCONFIRMED,UNCONFIRMED,ABSENT,"Electoral Systems, Party Systems, and Ideological Representation",,,,,https://www.semanticscholar.org/paper/Electoral-Systems%2C-Party-Systems%2C-and-Ideological-Kim-G.-Bingham-Powell/df5ac85f03d75607454d35c1953b330a66776bcd,GOOGLE,0,1,0,1,3,Electoral systems and party fragmentation: A meta‑analysis,"Electoral Systems, Party Systems, and Ideological Representation","Kim, Y.; Park, J.",,2021,,Proceedings of the 2021 Annual Meeting of the American Political Science Association,,,https://www.semanticscholar.org/paper/Electoral-Systems%2C-Party-Systems%2C-and-Ideological-Kim-G.-Bingham-Powell/df5ac85f03d75607454d35c1953b330a66776bcd,0,0,3,GOOGLE,0,"✗ Title | ? Authors | ? Year | ? Venue | ○ ID

### Summary
No matching article could be found for the reference by Kim and Park (2021) titled ""Electoral systems and party fragmentation: A meta‑analysis"" in the proceedings of the 2021 APSA meeting. The titles and other details searched do not correspond to this citation.

### Details
A search found a similar article titled ""Electoral Systems, Party Systems, and Ideological Representation,"" but this differs significantly in focus and content from the cited meta-analysis. The authors, year, and venue could not be confirmed as matching. No DOI or other identifier was available to verify the citation. Searches in OpenAlex and Google did not locate a record matching the original reference.

- https://www.semanticscholar.org/paper/Electoral-Systems%2C-Party-Systems%2C-and-Ideological-Kim-G.-Bingham-Powell/df5ac85f03d75607454d35c1953b330a66776bcd
- https://www.researchgate.net/publication/233659675_Electoral_Systems_Party_Systems_and_Ideological_Representation_An_Analysis_of_Distortion_in_Western_Democracies",0.0,1.0
"Lupu, Y. (2016). The impact of economic shocks on political instability (Working Paper No. 2016‑12). National Bureau of Economic Research.",Political Science,gpt_oss_120b,unverified,Reference could not be verified.,UNCONFIRMED,UNCONFIRMED,UNCONFIRMED,UNCONFIRMED,UNCONFIRMED,,,,,,,,,,,,,,,,,,,,,,,0,0,0,,0,"? Title | ? Authors | ? Year | ? Venue | ? ID

### Summary
No matching working paper or publication by Y. Lupu titled ""The impact of economic shocks on political instability"" from 2016 was found. The reference could not be confirmed in any major academic databases or search results.

### Details
A search in OpenAlex returned no matching records for this work. Additionally, a broader scholar search did not find any working paper or article with the exact title or author-year combination. The search results included related topics and authors with similar names but none matched the specific reference details. The year 2016 and the working paper number 2016-12 from the National Bureau of Economic Research could not be verified.

- https://openalex.org
- https://scholar.google.com",0.0,1.0
"O’Neil, J. (2023). Climate change politics and policy diffusion in the Global South. *International Studies Quarterly, 67*(1), 45‑62. https://doi.org/10.1093/isq/sjac012",Political Science,gpt_oss_120b,unverified,Reference could not be verified.,CONTRADICTION,CONTAINS,CONTRADICTION,CONTRADICTION,UNCONFIRMED,Globalizing the energy revolution-How to really win the clean-energy race,M Levi; EC Economy; S O'Neil; A Segal,2010,Foreign Aff.,,https://heinonline.org/hol-cgi-bin/get_pdf.cgi?handle=hein.journals/fora89&section=101,GOOGLE,0,3,1,0,1,Climate change politics and policy diffusion in the Global South,Globalizing the energy revolution-How to really win the clean-energy race,"O’Neil, J.",M Levi; EC Economy; S O'Neil; A Segal,2023,2010,International Studies Quarterly,Foreign Aff.,10.1093/isq/sjac012,,0,0,3,GOOGLE,0,"✗ Title | ◐ Authors | ✗ Year | ✗ Venue | ? DOI | ? URL

### Summary
No matching article could be found for the reference by O’Neil (2023) titled ""Climate change politics and policy diffusion in the Global South"" in *International Studies Quarterly*. The details such as title, year, and journal do not align with any records found.

### Details
A search for the DOI 10.1093/isq/sjac012 returned no results and the URL led to a 404 error, indicating the DOI is not registered or incorrect. The closest found record was a 2010 article titled ""Globalizing the energy revolution-How to really win the clean-energy race"" by multiple authors including S O'Neil, but this differs significantly in title, year, and journal (Foreign Affairs). Therefore, the reference could not be verified.

- https://doi.org/10.1093/isq/sjac012
- https://heinonline.org/hol-cgi-bin/get_pdf.cgi?handle=hein.journals/fora89&section=101",0.0,1.0
"Patel, R. (2019). *Gender quotas and legislative behavior in emerging democracies* (Doctoral dissertation, Stanford University).",Political Science,gpt_oss_120b,unverified,Reference could not be verified.,CONTRADICTION,CONTAINS,CONTRADICTION,CONTRADICTION,ABSENT,Towards Inclusive Political Representation,KP Kaur,2024,ProQuest,,https://search.proquest.com/openview/013f87ec7271e81744bc8b81a6da56c8/1?pq-origsite=gscholar&cbl=18750&diss=y,GOOGLE,0,3,1,1,0,Gender quotas and legislative behavior in emerging democracies,Towards Inclusive Political Representation,"Patel, R.",KP Kaur,2019,2024,Stanford University,ProQuest,,https://search.proquest.com/openview/013f87ec7271e81744bc8b81a6da56c8/1?pq-origsite=gscholar&cbl=18750&diss=y,0,0,3,GOOGLE,0,"✗ Title | ◐ Authors | ✗ Year | ✗ Venue | ○ ID

### Summary
No matching doctoral dissertation by Patel, R. from 2019 at Stanford University could be found. The closest available record is a 2024 dissertation by KP Kaur titled ""Towards Inclusive Political Representation,"" which differs significantly in title, author, year, and institution.

### Details
A search found no record matching the title ""Gender quotas and legislative behavior in emerging democracies"" by Patel, R. from 2019 at Stanford University. Instead, the best potential match was a 2024 dissertation titled ""Towards Inclusive Political Representation"" by KP Kaur, published through ProQuest. The titles, authors, years, and venues differ notably, with no identifiers linking the citation to this candidate. This indicates the original reference could not be verified.

- https://search.proquest.com/openview/013f87ec7271e81744bc8b81a6da56c8/1?pq-origsite=gscholar&cbl=18750&diss=y",0.0,1.0
"Awerbuch, S., & Berger, J. (2021). Integration of solar photovoltaic systems into smart grids: Challenges and solutions. *IEEE Transactions on Sustainable Energy*, 12(3), 1456‑1465.",Renewable energy,gpt_oss_120b,unverified,Reference could not be verified.,UNCONFIRMED,UNCONFIRMED,UNCONFIRMED,UNCONFIRMED,UNCONFIRMED,,,,,,,,,,,,,,,,,,,,,,,0,0,0,,0,"? Title | ? Authors | ? Year | ? Venue | ? ID

### Summary
No matching article could be found for the reference titled ""Integration of solar photovoltaic systems into smart grids: Challenges and solutions"" by Awerbuch and Berger from 2021 in the IEEE Transactions on Sustainable Energy or other sources.

### Details
A search was conducted using OpenAlex and Google, but no records matching the title, authors, year, or journal were found. There were no potential matches or similar works identified in the databases checked.

- [OpenAlex](https://openalex.org)
- [Google Search](https://www.google.com)",0.0,1.0
"Baker, L. M., & Zhou, Y. (2020). Wind turbine blade aerodynamics under variable atmospheric conditions. *Journal of Renewable and Sustainable Energy*, 12(4), 043101.",Renewable energy,gpt_oss_120b,unverified,Reference could not be verified.,CONTRADICTION,CONTRADICTION,CONTRADICTION,CONTRADICTION,ABSENT,Experimental analysis of thick blunt trailing-edge wind turbine airfoils,JP Baker; EA Mayda; CP Van Dam,2006,Solar Energy Engineering,,https://asmedigitalcollection.asme.org/solarenergyengineering/article-abstract/128/4/422/464152,GOOGLE,0,4,0,1,0,Wind turbine blade aerodynamics under variable atmospheric conditions.,Experimental analysis of thick blunt trailing-edge wind turbine airfoils,"Baker, L. M.; Zhou, Y.",JP Baker; EA Mayda; CP Van Dam,2020,2006,Journal of Renewable and Sustainable Energy,Solar Energy Engineering,,https://asmedigitalcollection.asme.org/solarenergyengineering/article-abstract/128/4/422/464152,0,0,3,GOOGLE,0,"✗ Title | ✗ Authors | ✗ Year | ✗ Venue | ○ ID

### Summary
No matching article could be found for the reference provided. The details of the candidate article differ significantly in title, authors, year, and journal, indicating they are not the same work.

### Details
A matching record was not found in OpenAlex. The best potential match found was an article titled ""Experimental analysis of thick blunt trailing-edge wind turbine airfoils"" published in 2006 by Baker, Mayda, and Van Dam in the journal Solar Energy Engineering. This differs from the cited article titled ""Wind turbine blade aerodynamics under variable atmospheric conditions"" by Baker and Zhou from 2020 in the Journal of Renewable and Sustainable Energy. The authors only partially overlap, the years differ by 14 years, and the journals are distinct. No identifier was available to confirm the citation.

- https://asmedigitalcollection.asme.org/solarenergyengineering/article-abstract/128/4/422/464152",0.0,1.0
"Cohen, D., Patel, R., & Singh, A. (2019). Life‑cycle assessment of bio‑energy from algae: Environmental and economic implications. *Renewable Energy*, 138, 123‑134.",Renewable energy,gpt_oss_120b,unverified,Reference could not be verified.,CONTAINS,UNCONFIRMED,UNCONFIRMED,UNCONFIRMED,ABSENT,Life cycle assessment of algal biofuels,,,,,https://digitalshowcase.oru.edu/cgi/viewcontent.cgi?article=1089&context=cose_pub,GOOGLE,0,0,1,1,3,Life‑cycle assessment of bio‑energy from algae: Environmental and economic implications,Life cycle assessment of algal biofuels,"Cohen, D.; Patel, R.; Singh, A.",,2019,,Renewable Energy,,,https://digitalshowcase.oru.edu/cgi/viewcontent.cgi?article=1089&context=cose_pub,0,1,3,GOOGLE,0,"◐ Title | ? Authors | ? Year | ? Venue | ○ ID

### Summary
No matching article could be found that fully confirms the details of the cited reference. While the title phrase about life-cycle assessment of algae-based biofuels is similar, the authors, year, and journal could not be confirmed.

### Details
A candidate document with a similar title ""Life cycle assessment of algal biofuels"" was found, but it lacks author, year, and journal information to confirm a match. The title phrase was identified as semantically similar but shorter, dropping the subtitle. Searches in OpenAlex and Google did not find a record matching all citation details including authors Cohen, Patel, and Singh from 2019 in Renewable Energy. No DOI or other identifier was available to verify the reference.

- https://digitalshowcase.oru.edu/cgi/viewcontent.cgi?article=1089&context=cose_pub",0.167,0.833
"García‑López, M., & Hernández, P. (2022). Optimal sizing of hybrid renewable energy systems for remote microgrids. In *Proceedings of the 2022 International Conference on Energy Systems* (pp. 78‑85). Elsevier.",Renewable energy,gpt_oss_120b,unverified,Reference could not be verified.,CONTRADICTION,CONTRADICTION,CONTAINS,CONTRADICTION,ABSENT,Prefeasibility Economic and Sensitivity Assessment of Hybrid Renewable Energy System,Yashwant Sawle; Siddharth Jain; Sanjana Babu; Ashwini Ramachandran Nair; Baseem Khan,2021,IEEE Access,10.1109/access.2021.3058517,https://doi.org/10.1109/access.2021.3058517,GOOGLE,0,3,1,1,0,Optimal sizing of hybrid renewable energy systems for remote microgrids.,Prefeasibility Economic and Sensitivity Assessment of Hybrid Renewable Energy System,"García‑López, M.; Hernández, P.",Yashwant Sawle; Siddharth Jain; Sanjana Babu; Ashwini Ramachandran Nair; Baseem Khan,2022,2021,Proceedings of the 2022 International Conference on Energy Systems,IEEE Access,,10.1109/access.2021.3058517,0,0,1,GOOGLE,0,"✗ Title | ✗ Authors | ◐ Year | ✗ Venue | ○ ID

### Summary
No matching article could be found for the reference by García‑López and Hernández (2022) on optimal sizing of hybrid renewable energy systems for remote microgrids. The available evidence points to a different article with distinct authors, title, and venue.

### Details
A matching record was not found for the cited title or authors. The closest candidate found was an article titled ""Prefeasibility Economic and Sensitivity Assessment of Hybrid Renewable Energy System"" published in IEEE Access in 2021 by Sawle, Jain, Babu, Ramachandran Nair, and Khan. This differs significantly from the cited reference in title focus, author names, publication year, and venue. No DOI or other identifiers were present in the original citation to aid verification.

- https://doi.org/10.1109/access.2021.3058517",0.0,1.0
"Kumar, S., & Lee, J. H. (2023). Techno‑economic analysis of offshore floating solar farms. *Applied Energy*, 327, 120045.",Renewable energy,gpt_oss_120b,unverified,Reference could not be verified.,CONTRADICTION,CONTRADICTION,CONTAINS,CONTRADICTION,ABSENT,Technical and economic analysis of floating solar photovoltaic systems in coastal regions of India: a case study of Gujarat and Tamil Nadu,G Nagababu; TN Bhatt; P Patil; H Puppala,2024,Journal of Thermal Analysis …,,https://link.springer.com/article/10.1007/s10973-024-12971-6,GOOGLE,0,3,1,1,0,Techno‑economic analysis of offshore floating solar farms.,Technical and economic analysis of floating solar photovoltaic systems in coastal regions of India: a case study of Gujarat and Tamil Nadu,"Kumar, S.; Lee, J. H.",G Nagababu; TN Bhatt; P Patil; H Puppala,2023,2024,Applied Energy,Journal of Thermal Analysis …,,https://link.springer.com/article/10.1007/s10973-024-12971-6,0,0,3,GOOGLE,0,"✗ Title | ✗ Authors | ◐ Year | ✗ Venue | ○ ID

### Summary
No matching article could be found for the reference by Kumar and Lee (2023) in Applied Energy. The available evidence points to a different article with distinct authors, title focus, journal, and publication year.

### Details
A search found a related article titled ""Technical and economic analysis of floating solar photovoltaic systems in coastal regions of India: a case study of Gujarat and Tamil Nadu"" published in 2024 in the Journal of Thermal Analysis, authored by Nagababu, Bhatt, Patil, and Puppala. This differs significantly from the cited article's authors Kumar and Lee, the journal Applied Energy, and the year 2023. The titles also differ in geographic focus and scope, confirming they are not the same work. No identifier was found to link the citation to a verified source.

- https://link.springer.com/article/10.1007/s10973-024-12971-6",0.0,1.0
"Miller, T. R. (2021). *Advances in geothermal reservoir modeling* (Doctoral dissertation, Stanford University).",Renewable energy,gpt_oss_120b,unverified,Reference could not be verified.,CONTRADICTION,CONTRADICTION,CONTAINS,ABSENT,ABSENT,Research advances in multi-field coupling model for geothermal reservoir heat extraction,Gensheng Li; Jiayan Ji; Xianzhi Song; Yu Shi; Shuang Li; Zihao Song; Guofeng Song; Fuqiang Xu,2022,Energy Reviews,10.1016/j.enrev.2022.100009,https://doi.org/10.1016/j.enrev.2022.100009,GOOGLE,0,2,1,2,0,Advances in geothermal reservoir modeling,Research advances in multi-field coupling model for geothermal reservoir heat extraction,"Miller, T. R.",Gensheng Li; Jiayan Ji; Xianzhi Song; Yu Shi; Shuang Li; Zihao Song; Guofeng Song; Fuqiang Xu,2021,2022,,Energy Reviews,,10.1016/j.enrev.2022.100009,0,0,3,GOOGLE,0,"✗ Title | ✗ Authors | ◐ Year | ○ Venue | ○ ID

### Summary
The reference could not be verified as it does not match any found records. The cited dissertation by Miller, T. R. from 2021 differs significantly in title and authors from the closest available article.

### Details
A matching record was found for a 2022 article titled ""Research advances in multi-field coupling model for geothermal reservoir heat extraction"" published in Energy Reviews. However, this article has a different set of authors (Gensheng Li and colleagues) and a distinct title scope compared to the cited dissertation by Miller, T. R. The year 2021 in the citation is close to 2022 but the author and title differences indicate these are separate works. No identifier or venue information was available in the citation to aid verification.

- https://doi.org/10.1016/j.enrev.2022.100009",0.0,1.0
"Nair, V., & O’Connor, D. (2020). Policy frameworks for accelerating renewable energy adoption in developing economies. *Energy Policy*, 144, 111618.",Renewable energy,gpt_oss_120b,unverified,Reference could not be verified.,CONTRADICTION,CONTAINS,UNCONFIRMED,CONTRADICTION,ABSENT,Policy - IRENA,International Renewable Energy Agency (IRENA),,IRENA,,https://www.irena.org/Energy-Transition/Policy,GOOGLE,0,2,1,1,1,Policy frameworks for accelerating renewable energy adoption in developing economies.,Policy - IRENA,"Nair, V.; O’Connor, D.",International Renewable Energy Agency (IRENA),2020,,Energy Policy,IRENA,,https://www.irena.org/Energy-Transition/Policy,0,1,2,GOOGLE,0,"✗ Title | ◐ Authors | ? Year | ✗ Venue | ○ ID

### Summary
No matching article could be found for the reference by Nair and O’Connor (2020) titled ""Policy frameworks for accelerating renewable energy adoption in developing economies"" in the journal Energy Policy. The best available candidate was a general policy page by the International Renewable Energy Agency (IRENA), which does not match the specific article details.

### Details
A matching record was not found in OpenAlex or other scholarly databases. The title in the candidate source was generic ('Policy - IRENA') and did not contain the specific content of the cited article's title. The authors in the candidate were an organization (IRENA), whereas the citation listed individual authors. The venue also differed, with the citation referring to the journal Energy Policy and the candidate being an agency website. The year 2020 could not be confirmed in the candidate source. These discrepancies indicate that the cited article could not be verified.

- https://www.irena.org/Energy-Transition/Policy
- https://www.sciencedirect.com/science/article/pii/S2590051X25000528",0.0,1.0
"Rossi, F., & Wang, X. (2022). Machine‑learning‑based forecasting of solar irradiance for grid integration. *Renewable and Sustainable Energy Reviews*, 156, 111945.",Renewable energy,gpt_oss_120b,unverified,Reference could not be verified.,CONTRADICTION,CONTRADICTION,MATCH,MATCH,ABSENT,Comparison of machine learning methods for photovoltaic power forecasting based on numerical weather prediction,Dávid Markovics; Martin János Mayer,2022,Renewable and Sustainable Energy Reviews,10.1016/j.rser.2022.112364,https://doi.org/10.1016/j.rser.2022.112364,GOOGLE,2,2,0,1,0,Machine‑learning‑based forecasting of solar irradiance for grid integration.,Comparison of machine learning methods for photovoltaic power forecasting based on numerical weather prediction,"Rossi, F.; Wang, X.",Dávid Markovics; Martin János Mayer,2022,2022,Renewable and Sustainable Energy Reviews,Renewable and Sustainable Energy Reviews,,10.1016/j.rser.2022.112364,0,0,1,GOOGLE,1,"✗ Title | ✗ Authors | ✓ Year | ✓ Venue | ○ ID

### Summary
No matching article could be found for the reference by Rossi and Wang (2022) titled ""Machine‑learning‑based forecasting of solar irradiance for grid integration"" in Renewable and Sustainable Energy Reviews. The closest found article has a different title, different authors, although it shares the same year and journal.

### Details
A matching record was found for a 2022 article in Renewable and Sustainable Energy Reviews, but it is titled ""Comparison of machine learning methods for photovoltaic power forecasting based on numerical weather prediction"" by Dávid Markovics and Martin János Mayer. This differs significantly from the cited title and authors, indicating they are different publications. The year 2022 and journal name matched exactly, but no identifier was present in the original citation to confirm a match.

- https://doi.org/10.1016/j.rser.2022.112364",0.0,1.0
"Sanchez, E., & Patel, K. (2023). Technical report on the performance of next‑generation solid‑state batteries for renewable storage. U.S. Department of Energy, Office of Energy Efficiency and Renewable Energy.",Renewable energy,gpt_oss_120b,unverified,Reference could not be verified.,CONTRADICTION,UNCONFIRMED,CONTRADICTION,CONTAINS,ABSENT,Next Generation Electrical Energy Storage - DOE Office of Science,,2017,DOE Office of Science,,https://science.osti.gov/-/media/bes/pdf/brochures/2017/BRN-NGEES_rpt-low-res.pdf,GOOGLE,0,2,1,1,1,Technical report on the performance of next‑generation solid‑state batteries for renewable storage,Next Generation Electrical Energy Storage - DOE Office of Science,"Sanchez, E.; Patel, K.",,2023,2017,"U.S. Department of Energy, Office of Energy Efficiency and Renewable Energy",DOE Office of Science,,https://science.osti.gov/-/media/bes/pdf/brochures/2017/BRN-NGEES_rpt-low-res.pdf,0,0,2,GOOGLE,1,"✗ Title | ? Authors | ✗ Year | ◐ Venue | ○ ID

### Summary
No matching report could be found that confirms the details of the cited technical report by Sanchez and Patel from 2023. The available documents related to the U.S. Department of Energy cover similar topics but differ significantly in title, year, and authors.

### Details
A search found a related report titled ""Next Generation Electrical Energy Storage"" published by the DOE Office of Science in 2017, which differs from the cited report in title and publication year. The cited report's title about next-generation solid-state batteries and the year 2023 do not match this 2017 document. Additionally, the authors Sanchez and Patel could not be confirmed in any matching records. Both reports are from divisions within the U.S. Department of Energy but represent distinct publications.

- https://science.osti.gov/-/media/bes/pdf/brochures/2017/BRN-NGEES_rpt-low-res.pdf",0.0,1.0
"Zhang, Y., & Liu, Q. (2019). Comparative analysis of wave energy converters in coastal environments. *Ocean Engineering*, 185, 106‑119.",Renewable energy,gpt_oss_120b,unverified,Reference could not be verified.,CONTAINS,CONTRADICTION,CONTRADICTION,CONTRADICTION,ABSENT,Evaluation of the Wave Energy Conversion Efficiency in Various Coastal Environments †,E Rusu,2014,Energies,,https://www.mdpi.com/1996-1073/7/6/4002,GOOGLE,0,3,1,1,0,Comparative analysis of wave energy converters in coastal environments.,Evaluation of the Wave Energy Conversion Efficiency in Various Coastal Environments †,"Zhang, Y.; Liu, Q.",E Rusu,2019,2014,Ocean Engineering,Energies,,https://www.mdpi.com/1996-1073/7/6/4002,0,0,3,GOOGLE,0,"◐ Title | ✗ Authors | ✗ Year | ✗ Venue | ○ ID

### Summary
No matching article could be found that corresponds to the reference by Zhang and Liu (2019) in Ocean Engineering. Although the title is similar to a found article, the authors, year, and journal do not match, indicating these are different works.

### Details
A search found a related article titled ""Evaluation of the Wave Energy Conversion Efficiency in Various Coastal Environments"" by E. Rusu published in 2014 in the journal Energies. This differs from the cited article's authors (Zhang, Y. and Liu, Q.), publication year (2019), and journal (Ocean Engineering). The title similarity appears to be coincidental with minor wording differences. No DOI or other identifier was available to confirm the citation. 

- https://www.mdpi.com/1996-1073/7/6/4002",0.0,1.0
"Awerbuch, S., & Kammen, D. M. (2007). Energy and development: The potential of renewable energy in rural electrification. *Energy Policy, 35*(5), 2745‑2755.",Rural electrification,gpt_oss_120b,unverified,Reference could not be verified.,CONTRADICTION,CONTRADICTION,MATCH,MATCH,ABSENT,Evaluating the potential of small-scale renewable energy options to meet rural livelihoods needs: A GIS- and lifecycle cost-based assessment of Western China's options,John Byrne; Aiming Zhou; Bo Shen; Kristen Hughes,2007,Energy Policy,10.1016/j.enpol.2007.02.022,https://doi.org/10.1016/j.enpol.2007.02.022,GOOGLE,2,2,0,1,0,Energy and development: The potential of renewable energy in rural electrification,Evaluating the potential of small-scale renewable energy options to meet rural livelihoods needs: A GIS- and lifecycle cost-based assessment of Western China's options,"Awerbuch, S.; Kammen, D. M.",John Byrne; Aiming Zhou; Bo Shen; Kristen Hughes,2007,2007,Energy Policy,Energy Policy,,10.1016/j.enpol.2007.02.022,0,0,3,GOOGLE,0,"✗ Title | ✗ Authors | ✓ Year | ✓ Venue | ○ ID

### Summary
The reference could not be verified because the title and authors do not match any found records, even though the year and journal ""Energy Policy"" do match. The original citation lists Awerbuch and Kammen as authors with a focus on renewable energy in rural electrification, but no matching article with these details was found.

### Details
A matching record was found for a 2007 article in ""Energy Policy"" with the same year and journal, but the title and authors differ significantly. The found article is titled ""Evaluating the potential of small-scale renewable energy options to meet rural livelihoods needs: A GIS- and lifecycle cost-based assessment of Western China's options"" by John Byrne, Aiming Zhou, Bo Shen, and Kristen Hughes. There is no overlap in authorship with the original citation, and the titles describe different research scopes. No identifier was provided in the original reference to aid verification.

- https://doi.org/10.1016/j.enpol.2007.02.022",0.0,1.0
"Bhattacharyya, S. C. (2012). Rural electrification through decentralized renewable energy systems: A review. *Renewable and Sustainable Energy Reviews, 16*(5), 3065‑3075.",Rural electrification,gpt_oss_120b,needs-human,Reference requires human review.,CONTRADICTION,MATCH,CONTAINS,MATCH,ABSENT,"Financing energy access and off-grid electrification: A review of status, options and challenges",SC Bhattacharyya,2013,Renewable and Sustainable Energy Reviews,,https://www.sciencedirect.com/science/article/pii/S1364032112007046,GOOGLE,2,1,1,1,0,Rural electrification through decentralized renewable energy systems: A review,"Financing energy access and off-grid electrification: A review of status, options and challenges","Bhattacharyya, S. C.",SC Bhattacharyya,2012,2013,Renewable and Sustainable Energy Reviews,Renewable and Sustainable Energy Reviews,,https://www.sciencedirect.com/science/article/pii/S1364032112007046,0,0,3,GOOGLE,0,"✗ Title | ✓ Authors | ◐ Year | ✓ Venue | ○ ID

### Summary
The reference could not be confirmed as the exact article. Although the author Bhattacharyya, S. C. and the journal Renewable and Sustainable Energy Reviews match, the titles differ significantly, indicating they are different articles. The year is close but not the same, with the cited article from 2012 and the found article from 2013.

### Details
A matching record was found with the author SC Bhattacharyya and published in Renewable and Sustainable Energy Reviews, but the title was ""Financing energy access and off-grid electrification: A review of status, options and challenges,"" which differs from the cited title about rural electrification through decentralized renewable energy systems. The year 2013 was found, which is one year later than the cited 2012. No DOI was available to confirm the exact match.

- https://www.sciencedirect.com/science/article/pii/S1364032112007046",0.233,0.767
"Khandker, S. R., & Samad, H. A. (2014). The impact of rural electrification on income and employment: Evidence from Bangladesh. *World Development, 62*, 1‑13.",Rural electrification,gpt_oss_120b,unverified,Reference could not be verified.,CONTRADICTION,CONTRADICTION,CONTRADICTION,CONTRADICTION,ABSENT,The impact of rural electrification on income and education: Evidence from Bhutan,S Kumar; G Rauniyar,2018,Review of development economics,10.1111/rode.12378,https://onlinelibrary.wiley.com/doi/abs/10.1111/rode.12378,GOOGLE,0,4,0,1,0,The impact of rural electrification on income and employment: Evidence from Bangladesh,The impact of rural electrification on income and education: Evidence from Bhutan,"Khandker, S. R.; Samad, H. A.",S Kumar; G Rauniyar,2014,2018,World Development,Review of development economics,,10.1111/rode.12378,0,0,1,GOOGLE,0,"✗ Title | ✗ Authors | ✗ Year | ✗ Venue | ○ ID

### Summary
No matching article could be found for the reference by Khandker and Samad (2014) titled ""The impact of rural electrification on income and employment: Evidence from Bangladesh."" The closest found article differs significantly in title, authors, year, and journal.

### Details
A search found a similar article titled ""The impact of rural electrification on income and education: Evidence from Bhutan"" by Kumar and Rauniyar published in 2018 in the Review of Development Economics. This differs from the cited article in multiple ways: the country studied is Bhutan instead of Bangladesh, the outcome focuses on education rather than employment, the authors do not overlap, the publication year is 2018 instead of 2014, and the journal is different. No record matching the original citation was found in OpenAlex or other searches.

- https://onlinelibrary.wiley.com/doi/abs/10.1111/rode.12378",0.0,1.0
"Moyo, S., & Kinyua, J. (2019). Designing micro‑grid solutions for off‑grid villages in sub‑Saharan Africa. In *Proceedings of the IEEE Power & Energy Society General Meeting* (pp. 1‑6).",Rural electrification,gpt_oss_120b,unverified,Reference could not be verified.,CONTAINS,CONTRADICTION,CONTAINS,CONTRADICTION,ABSENT,Analyzing of a Photovoltaic/Wind/Biogas/Pumped-Hydro Off-Grid Hybrid System for Rural Electrification in Sub-Saharan Africa—Case Study of Djoundé in Northern Cameroon,Nasser Yimen; Oumarou Hamandjoda; Lucien Meva’a; Ndzana Benoît; Jean Nganhou,2018,Energies,10.3390/en11102644,https://doi.org/10.3390/en11102644,GOOGLE,0,2,2,1,0,Designing micro‑grid solutions for off‑grid villages in sub‑Saharan Africa.,Analyzing of a Photovoltaic/Wind/Biogas/Pumped-Hydro Off-Grid Hybrid System for Rural Electrification in Sub-Saharan Africa—Case Study of Djoundé in Northern Cameroon,"Moyo, S.; Kinyua, J.",Nasser Yimen; Oumarou Hamandjoda; Lucien Meva’a; Ndzana Benoît; Jean Nganhou,2019,2018,Proceedings of the IEEE Power & Energy Society General Meeting,Energies,,10.3390/en11102644,0,0,2,GOOGLE,1,"◐ Title | ✗ Authors | ◐ Year | ✗ Venue | ○ ID

### Summary
No matching article could be found that corresponds to the original reference by Moyo and Kinyua (2019) titled ""Designing micro-grid solutions for off-grid villages in sub-Saharan Africa"". The closest candidate found has a different set of authors, a different publication year, and was published in a different journal.

### Details
A matching record was found for a similarly themed article titled ""Analyzing of a Photovoltaic/Wind/Biogas/Pumped-Hydro Off-Grid Hybrid System for Rural Electrification in Sub-Saharan Africa—Case Study of Djoundé in Northern Cameroon"" published in 2018 in the journal Energies. However, the authors (Nasser Yimen et al.) do not overlap with the cited authors (Moyo and Kinyua), and the venue differs from the cited conference proceedings of the IEEE Power & Energy Society General Meeting. The year also differs by one year. No DOI or other identifier was available for the original citation to aid verification.

- https://doi.org/10.3390/en11102644",0.0,1.0
"Osei, A., & Asumadu‑Sarkodie, S. (2020). Policy frameworks for sustainable rural electrification in Ghana. *Energy Policy, 138*, 111236.",Rural electrification,gpt_oss_120b,unverified,Reference could not be verified.,UNCONFIRMED,UNCONFIRMED,UNCONFIRMED,UNCONFIRMED,UNCONFIRMED,,,,,,,,,,,,,,,,,,,,,,,0,0,0,,0,"? Title | ? Authors | ? Year | ? Venue | ? ID

### Summary
No matching article could be found for the reference by Osei and Asumadu-Sarkodie (2020) titled ""Policy frameworks for sustainable rural electrification in Ghana"" in the journal Energy Policy.

### Details
A search was conducted using OpenAlex and Google, but no records matching the title, authors, year, or journal were found. There were no potential matches or similar entries discovered in the databases checked.

- [OpenAlex](https://openalex.org)
- [Google Search](https://www.google.com)",0.0,1.0
"Pérez‑Lombard, L., & Ortiz, J. (2015). Technical and economic assessment of solar home systems in rural Peru. *International Journal of Energy Research, 39*(12), 1589‑1602.",Rural electrification,gpt_oss_120b,unverified,Reference could not be verified.,CONTRADICTION,UNCONFIRMED,CONTRADICTION,CONTRADICTION,ABSENT,A photovoltaic solar system applied to rural household in Peru,,2021,E3S Web of Conferences,,https://www.e3s-conferences.org/articles/e3sconf/pdf/2021/70/e3sconf_icsree2021_01001.pdf,GOOGLE,0,3,0,1,1,Technical and economic assessment of solar home systems in rural Peru.,A photovoltaic solar system applied to rural household in Peru,"Pérez‑Lombard, L.; Ortiz, J.",,2015,2021,International Journal of Energy Research,E3S Web of Conferences,,https://www.e3s-conferences.org/articles/e3sconf/pdf/2021/70/e3sconf_icsree2021_01001.pdf,0,1,3,GOOGLE,0,"✗ Title | ? Authors | ✗ Year | ✗ Venue | ○ ID

### Summary
No matching article could be found for the reference by Pérez‑Lombard and Ortiz (2015) titled ""Technical and economic assessment of solar home systems in rural Peru."" The available documents differ significantly in title, year, authorship, and publication venue.

### Details
A search found a different work titled ""A photovoltaic solar system applied to rural household in Peru"" published in 2021 in the E3S Web of Conferences, which does not match the 2015 journal article cited. The titles differ in scope and focus, the years are six years apart, and the venues are unrelated (journal versus conference proceedings). Additionally, the authorship could not be confirmed for the candidate document. No identifier was available to assist verification.

- https://www.e3s-conferences.org/articles/e3sconf/pdf/2021/70/e3sconf_icsree2021_01001.pdf
- https://www.researchgate.net/publication/353460786_A_photovoltaic_solar_system_applied_to_rural_household_in_Peru",0.0,1.0
"Reddy, P. C., & Ghosh, S. (2018). A GIS‑based optimization model for siting of mini‑hydropower plants in rural India. *Journal of Cleaner Production, 191*, 1‑12.",Rural electrification,gpt_oss_120b,unverified,Reference could not be verified.,CONTRADICTION,CONTRADICTION,CONTRADICTION,CONTAINS,ABSENT,Technology Tools Use for Mini Hydro Power Plant,M V V Mehtre; M T Shukla; M S Tomar,2021,academia.edu,,https://www.academia.edu/download/68708188/IRJET_V8I6435.pdf,GOOGLE,0,3,1,1,0,A GIS‑based optimization model for siting of mini‑hydropower plants in rural India.,Technology Tools Use for Mini Hydro Power Plant,"Reddy, P. C.; Ghosh, S.",M V V Mehtre; M T Shukla; M S Tomar,2018,2021,Journal of Cleaner Production,academia.edu,,https://www.academia.edu/download/68708188/IRJET_V8I6435.pdf,0,0,3,GOOGLE,0,"✗ Title | ✗ Authors | ✗ Year | ◐ Venue | ○ ID

### Summary
No matching article could be found for the reference by Reddy and Ghosh (2018) titled ""A GIS-based optimization model for siting of mini-hydropower plants in rural India."" The candidate work found differs significantly in title, authors, year, and publication venue.

### Details
A matching record was not found in OpenAlex. The closest candidate found was a 2021 paper titled ""Technology Tools Use for Mini Hydro Power Plant"" by Mehtre, Shukla, and Tomar, hosted on academia.edu. This candidate differs in main subject focus, authorship, and publication year from the cited reference. The cited article is from 2018 in the Journal of Cleaner Production, while the candidate is from 2021 and not published in the same journal. No DOI or other identifier was available to confirm a match.

- https://www.academia.edu/download/68708188/IRJET_V8I6435.pdf",0.0,1.0
United Nations Development Programme. (2017). *Rural electrification and sustainable development: Technical report* (UNDP/EE/2017/04). UNDP.,Rural electrification,gpt_oss_120b,needs-human,Reference requires human review.,CONTRADICTION,MATCH,CONTAINS,MATCH,ABSENT,DREI: Off-Grid Electrification (2018) | United Nations Development ...,United Nations Development Programme,2018,UNDP,,https://www.undp.org/publications/drei-grid-electrification-2018,GOOGLE,2,1,1,1,0,Rural electrification and sustainable development: Technical report,DREI: Off-Grid Electrification (2018) | United Nations Development ...,United Nations Development Programme,United Nations Development Programme,2017,2018,UNDP,UNDP,,https://www.undp.org/publications/drei-grid-electrification-2018,0,0,3,GOOGLE,0,"✗ Title | ✓ Authors | ◐ Year | ✓ Venue | ○ ID

### Summary
The reference could not be conclusively verified because the title in the citation does not match the title of the closest found document. While the authors and publisher (UNDP) match, the cited title ""Rural electrification and sustainable development: Technical report"" differs from the found report titled ""DREI: Off-Grid Electrification (2018)"". The publication years are close but not the same, adding to the uncertainty.

### Details
A matching record was found with the author listed as United Nations Development Programme and published by UNDP, which matches the citation's author and venue. However, the titles differ significantly, indicating they are different documents. The citation year is 2017, while the found document is from 2018. No unique identifier like a DOI was present to confirm the match. Due to these contradictions, human review is recommended to confirm the correct reference.

- https://www.undp.org/publications/drei-grid-electrification-2018
- https://erc.undp.org/evaluation/documents/download/16810
- https://www.undp.org/sites/g/files/zskgke326/files/publications/140901_Integrated%20Rurl%20Electrification_FINAL.pdf",0.233,0.767
"Wang, Y., & Liu, H. (2021). Machine learning approaches for demand forecasting in rural micro‑grids. In *Proceedings of the 2021 International Conference on Smart Grid and Energy Systems* (pp. 45‑52). Springer.",Rural electrification,gpt_oss_120b,unverified,Reference could not be verified.,CONTAINS,CONTRADICTION,CONTRADICTION,CONTAINS,ABSENT,Machine Learning Approaches For Demand Forecasting: The Impact Of Customer Satisfaction On Prediction Accuracy,M Bhuiyan,2024,Available at SSRN,,https://papers.ssrn.com/sol3/papers.cfm?abstract_id=5068753,GOOGLE,0,2,2,1,0,Machine learning approaches for demand forecasting in rural micro‑grids,Machine Learning Approaches For Demand Forecasting: The Impact Of Customer Satisfaction On Prediction Accuracy,"Wang, Y.; Liu, H.",M Bhuiyan,2021,2024,Proceedings of the 2021 International Conference on Smart Grid and Energy Systems,Available at SSRN,,https://papers.ssrn.com/sol3/papers.cfm?abstract_id=5068753,0,0,1,GOOGLE,0,"◐ Title | ✗ Authors | ✗ Year | ◐ Venue | ○ ID

### Summary
The reference could not be verified as matching the cited conference paper. Although the title contains the core phrase from the citation, the authors and year differ significantly, indicating they are different works.

### Details
A matching record was found with a similar title that includes an added subtitle, but the author listed is M Bhuiyan rather than Wang and Liu. The year of the found work is 2024, which is three years later than the cited 2021. The venue also differs, with the candidate work hosted on SSRN rather than published in the conference proceedings. No identifier was available to link the two. These discrepancies show that the reference does not correspond to the cited conference paper.

- https://papers.ssrn.com/sol3/papers.cfm?abstract_id=5068753",0.0,1.0
"Zaman, K., & Hossain, M. (2022). *Socio‑economic impacts of off‑grid solar electrification in Bangladesh* (Doctoral dissertation, University of Dhaka).",Rural electrification,gpt_oss_120b,unverified,Reference could not be verified.,CONTRADICTION,UNCONFIRMED,UNCONFIRMED,CONTRADICTION,ABSENT,the Socio-economic Impacts of Rural Electrification,,,ESCAP,,https://www.unescap.org/sites/default/d8files/knowledge-products/Systematic-Review-of-the-Socio-economic-Impacts-of-Rural-Electrification%2026%20Feb.pdf,GOOGLE,0,2,0,1,2,Socio‑economic impacts of off‑grid solar electrification in Bangladesh,the Socio-economic Impacts of Rural Electrification,"Zaman, K.; Hossain, M.",,2022,,University of Dhaka,ESCAP,,https://www.unescap.org/sites/default/d8files/knowledge-products/Systematic-Review-of-the-Socio-economic-Impacts-of-Rural-Electrification%2026%20Feb.pdf,0,0,3,GOOGLE,1,"✗ Title | ? Authors | ? Year | ✗ Venue | ○ ID

### Summary
No matching doctoral dissertation by Zaman and Hossain from 2022 at the University of Dhaka on the socio-economic impacts of off-grid solar electrification in Bangladesh was found. The closest available document discusses rural electrification more generally and is published by ESCAP, which does not match the university or the specific topic.

### Details
A search found no records matching the exact title or authorship of the cited dissertation. The title in the best potential match was ""the Socio-economic Impacts of Rural Electrification,"" which differs significantly from the cited title by lacking mention of Bangladesh and off-grid solar electrification. The venue also differed, with the citation listing University of Dhaka and the found document attributed to ESCAP, a United Nations regional commission. No year or author information was confirmed for the potential match, and no DOI or other identifier was available.

- https://www.unescap.org/sites/default/d8files/knowledge-products/Systematic-Review-of-the-Socio-economic-Impacts-of-Rural-Electrification%2026%20Feb.pdf",0.0,1.0
"Anderson, M. L., & Kwon, H. J. (2021). Predicting high‑school dropout using machine‑learning techniques. *Journal of Educational Data Mining, 13*(2), 45‑61.",School dropout,gpt_oss_120b,unverified,Reference could not be verified.,CONTRADICTION,UNCONFIRMED,UNCONFIRMED,CONTRADICTION,ABSENT,Advancing High School Dropout Predictions Using Machine Learning,,,Society for Research on Educational Effectiveness,,https://eric.ed.gov/?q=source%3A%22Society+for+Research+on+Educational+Effectiveness%22&ff1=eduGrade+7&id=ED663041,GOOGLE,0,2,0,1,2,Predicting high‑school dropout using machine‑learning techniques,Advancing High School Dropout Predictions Using Machine Learning,"Anderson, M. L.; Kwon, H. J.",,2021,,Journal of Educational Data Mining,Society for Research on Educational Effectiveness,,https://eric.ed.gov/?q=source%3A%22Society+for+Research+on+Educational+Effectiveness%22&ff1=eduGrade+7&id=ED663041,0,0,3,GOOGLE,0,"✗ Title | ? Authors | ? Year | ✗ Venue | ○ ID

### Summary
No matching article could be found for the reference by Anderson and Kwon (2021) titled ""Predicting high‑school dropout using machine‑learning techniques"" in the Journal of Educational Data Mining. The available evidence points to a different work with a similar but distinct title and a different venue.

### Details
A search did not find any record matching the exact title, authors, year, and journal combination. The closest found work is titled ""Advancing High School Dropout Predictions Using Machine Learning,"" associated with the Society for Research on Educational Effectiveness, which differs notably in title and venue. The year and authors could not be confirmed due to lack of matching records. No DOI or other identifier was found to link the citation to a verified source.

- https://eric.ed.gov/?q=source%3A%22Society+for+Research+on+Educational+Effectiveness%22&ff1=eduGrade+7&id=ED663041",0.0,1.0
"García, R. M., & González, L. T. (2020). Family‑related risk factors for school dropout in urban Mexico. *International Journal of Adolescence and Youth, 25*(1), 85‑102.",School dropout,gpt_oss_120b,unverified,Reference could not be verified.,CONTRADICTION,CONTRADICTION,CONTAINS,CONTRADICTION,ABSENT,Risk Factors for School Absenteeism and Dropout: A Meta-Analytic Review,Jeanne Gubbels; Claudia E. van der Put; Mark Assink,2019,Journal of Youth and Adolescence,10.1007/s10964-019-01072-5,https://doi.org/10.1007/s10964-019-01072-5,GOOGLE,0,3,1,1,0,Family‑related risk factors for school dropout in urban Mexico.,Risk Factors for School Absenteeism and Dropout: A Meta-Analytic Review,"García, R. M.; González, L. T.",Jeanne Gubbels; Claudia E. van der Put; Mark Assink,2020,2019,International Journal of Adolescence and Youth,Journal of Youth and Adolescence,,10.1007/s10964-019-01072-5,0,0,1,GOOGLE,1,"✗ Title | ✗ Authors | ◐ Year | ✗ Venue | ○ ID

### Summary
No matching article could be found for the cited reference by García and González (2020) in the International Journal of Adolescence and Youth. The candidate found was a different article with distinct authors, title, and journal.

### Details
A matching record was not found for the cited article. The closest candidate was an article titled ""Risk Factors for School Absenteeism and Dropout: A Meta-Analytic Review"" published in 2019 in the Journal of Youth and Adolescence by Jeanne Gubbels, Claudia E. van der Put, and Mark Assink. This differs significantly from the cited article in title, authors, and journal. The cited article focuses on family-related risk factors for school dropout in urban Mexico, while the candidate is a broader meta-analytic review. No DOI or other identifier was present in the citation to aid verification.

- https://doi.org/10.1007/s10964-019-01072-5",0.0,1.0
"Lee, S. H., & Kim, J. Y. (2019). The impact of school‑transition periods on adolescent dropout rates: A longitudinal analysis. *Educational Research Review, 14*, 115‑130.",School dropout,gpt_oss_120b,unverified,Reference could not be verified.,CONTRADICTION,MATCH,CONTRADICTION,CONTRADICTION,ABSENT,The effect of different types of high school transitions on delinquent friendships and delinquency,J Kim; Y Lee,2023,Journal of experimental criminology,,https://link.springer.com/article/10.1007/s11292-021-09489-4,GOOGLE,1,3,0,1,0,The impact of school‑transition periods on adolescent dropout rates: A longitudinal analysis.,The effect of different types of high school transitions on delinquent friendships and delinquency,"Lee, S. H.; Kim, J. Y.",J Kim; Y Lee,2019,2023,Educational Research Review,Journal of experimental criminology,,https://link.springer.com/article/10.1007/s11292-021-09489-4,0,0,2,GOOGLE,0,"✗ Title | ✓ Authors | ✗ Year | ✗ Venue | ○ ID

### Summary
No matching article could be found for the reference by Lee and Kim (2019) titled ""The impact of school‑transition periods on adolescent dropout rates: A longitudinal analysis."" Although the authors match, the title, year, and journal differ significantly from available records.

### Details
A matching record was not found in OpenAlex or other scholarly searches for the 2019 article with the given title and journal. The closest found article by the same authors is from 2023, titled ""The effect of different types of high school transitions on delinquent friendships and delinquency,"" published in the Journal of Experimental Criminology. This article differs in focus, year, and venue from the original reference, indicating they are distinct works.

- https://link.springer.com/article/10.1007/s11292-021-09489-4",0.0,1.0
"O’Neill, P. R., & Miller, T. D. (2018). Dropout prevention in rural schools: A mixed‑method case study. *Journal of Rural Education, 34*(3), 212‑229.",School dropout,gpt_oss_120b,unverified,Reference could not be verified.,CONTRADICTION,CONTRADICTION,CONTRADICTION,CONTRADICTION,ABSENT,A mixed methods study of high school dropout prevention programs,D Hibler Sr,2013,search.proquest.com,,https://search.proquest.com/openview/392a6b2442879224e219aefe99107a4a/1?pq-origsite=gscholar&cbl=18750,GOOGLE,0,4,0,1,0,Dropout prevention in rural schools: A mixed-method case study.,A mixed methods study of high school dropout prevention programs,"O’Neill, P. R.; Miller, T. D.",D Hibler Sr,2018,2013,Journal of Rural Education,search.proquest.com,,https://search.proquest.com/openview/392a6b2442879224e219aefe99107a4a/1?pq-origsite=gscholar&cbl=18750,0,0,3,GOOGLE,0,"✗ Title | ✗ Authors | ✗ Year | ✗ Venue | ○ ID

### Summary
No matching article could be found for the reference by O’Neill and Miller (2018) titled ""Dropout prevention in rural schools: A mixed‑method case study"". The available records show a different study by D Hibler Sr (2013) on high school dropout prevention programs, which does not match the authors, title, year, or journal.

### Details
A search found no record matching the title, authors, year, and journal of the cited article. The closest found was a 2013 study by D Hibler Sr titled ""A mixed methods study of high school dropout prevention programs"" hosted on search.proquest.com, which differs significantly in authorship, publication year, and scope. The cited journal ""Journal of Rural Education"" was not linked to any found records. No DOI or other identifier was available to confirm the citation.

- https://search.proquest.com/openview/392a6b2442879224e219aefe99107a4a/1?pq-origsite=gscholar&cbl=18750",0.0,1.0
"Patel, A., & Rao, S. (2022). Early alert systems for identifying at‑risk students: A systematic review. *Proceedings of the 15th International Conference on Education and Technology* (pp. 78‑85).",School dropout,gpt_oss_120b,unverified,Reference could not be verified.,CONTRADICTION,CONTRADICTION,CONTRADICTION,CONTRADICTION,ABSENT,Early alert of academically at-risk students: An open source analytics initiative,SM Jayaprakash; EW Moody,2014,Journal of Learning Analytics,,https://learning-analytics.info/index.php/JLA/article/view/3249,GOOGLE,0,4,0,1,0,Early alert systems for identifying at‑risk students: A systematic review.,Early alert of academically at-risk students: An open source analytics initiative,"Patel, A.; Rao, S.",SM Jayaprakash; EW Moody,2022,2014,Proceedings of the 15th International Conference on Education and Technology,Journal of Learning Analytics,,https://learning-analytics.info/index.php/JLA/article/view/3249,0,0,3,GOOGLE,0,"✗ Title | ✗ Authors | ✗ Year | ✗ Venue | ○ ID

### Summary
No matching article could be found for the citation by Patel and Rao (2022) titled ""Early alert systems for identifying at-risk students: A systematic review."" The details such as title, authors, year, and venue do not align with any available records.

### Details
A search found a different article titled ""Early alert of academically at-risk students: An open source analytics initiative"" by Jayaprakash and Moody published in 2014 in the Journal of Learning Analytics. This differs significantly from the citation in question, which lists Patel and Rao as authors, a 2022 publication year, and conference proceedings as the venue. No identifiers were present in the citation to assist verification, and no matching record was found in OpenAlex or other scholarly databases.

- https://learning-analytics.info/index.php/JLA/article/view/3249",0.0,1.0
"Richards, J. C., & Stevens, M. L. (2017). Socio‑economic disparities and high‑school attrition in the United States. *Sociology of Education, 90*(4), 345‑361.",School dropout,gpt_oss_120b,unverified,,UNCONFIRMED,UNCONFIRMED,UNCONFIRMED,UNCONFIRMED,ABSENT,,,,,,,,,,,,,,,,,,,,,,,,,,,,,0.000,1.000
"Santos, P. M., & Duarte, F. (2023). School climate and student engagement as predictors of dropout in Portuguese secondary schools. *Educational Psychologys, 48*(2), 210‑227.",School dropout,gpt_oss_120b,unverified,Reference could not be verified.,CONTRADICTION,UNCONFIRMED,UNCONFIRMED,UNCONFIRMED,ABSENT,Longitudinal Impact of Grade Retention on Student ...,,,,,https://pmc.ncbi.nlm.nih.gov/articles/PMC12564022/,GOOGLE,0,1,0,1,3,School climate and student engagement as predictors of dropout in Portuguese secondary schools.,Longitudinal Impact of Grade Retention on Student ...,"Santos, P. M.; Duarte, F.",,2023,,Educational Psychologys,,,https://pmc.ncbi.nlm.nih.gov/articles/PMC12564022/,0,0,3,GOOGLE,0,"✗ Title | ? Authors | ? Year | ? Venue | ○ ID

### Summary
No matching article could be found for the reference provided. The title in the citation about school climate and student engagement as predictors of dropout does not match any found records, which instead relate to grade retention impacts.

### Details
A search for the article titled ""School climate and student engagement as predictors of dropout in Portuguese secondary schools"" did not find any matching records. The closest found article discusses the longitudinal impact of grade retention on students, which is a different topic. The authors, year, and journal could not be confirmed due to lack of matching data. No DOI or other identifiers were found to support verification.

- https://pmc.ncbi.nlm.nih.gov/articles/PMC12564022/
- https://www.researchgate.net/publication/366293184_Impact_of_grade_retention_and_school_engagement_on_student_intentions_to_enrol_in_higher_education_in_Portugal
- https://www.preprints.org/manuscript/202506.1283
- https://publications.iadb.org/publications/english/document/Education-in-the-Amazon-Region.pdf",0.0,1.0
"United Nations Educational, Scientific and Cultural Organization. (2015). *Global trends in school dropout: A technical report* (UNESCO‑RT2015/01). Paris, France: UNESCO.",School dropout,gpt_oss_120b,needs-human,,CONTRADICTION,MATCH,MATCH,MATCH,ABSENT,,,,,,,,,,,,,,,,,,,,,,,,,,,,,0.333,0.667
"Vasiliki, T., & Hsu, Y. C. (2016). The role of school‑family partnerships in reducing dropout rates. *Journal of School Health, 86*(11), 845‑852.",School dropout,gpt_oss_120b,unverified,Reference could not be verified.,UNCONFIRMED,UNCONFIRMED,UNCONFIRMED,UNCONFIRMED,UNCONFIRMED,,,,,,,,,,,,,,,,,,,,,,,0,0,0,,0,"? Title | ? Authors | ? Year | ? Venue | ? ID

### Summary
No matching article could be found for the reference by Vasiliki and Hsu (2016) titled ""The role of school‑family partnerships in reducing dropout rates"" in the Journal of School Health.

### Details
A search in OpenAlex and Google Scholar did not return any records matching the title, authors, year, or journal. There were no potential matches found to confirm any part of the reference.

- https://openalex.org
- https://scholar.google.com",0.0,1.0
"Wilson, K. A. (2019). *Factors influencing high‑school dropout: A doctoral dissertation* (Doctoral dissertation, University of Michigan).",School dropout,gpt_oss_120b,unverified,,CONTRADICTION,CONTRADICTION,CONTRADICTION,CONTRADICTION,ABSENT,,,,,,,,,,,,,,,,,,,,,,,,,,,,,0.000,1.000
"Howley, C. B., & Howley, A. (2006). Small schools and the rural context: Implications for dropout prevention. *Journal of Research in Rural Education*, 21(2), 1‑14.",School dropout prevention programs in rural areas,gpt_oss_120b,needs-human,Reference requires human review.,CONTAINS,CONTAINS,CONTRADICTION,CONTAINS,ABSENT,Small schools,C Howley,2002,emerald.com,,https://www.emerald.com/books/edited-volume/18402/chapter/101967412,GOOGLE,0,1,3,1,0,Small schools and the rural context: Implications for dropout prevention.,Small schools,"Howley, C. B.; Howley, A.",C Howley,2006,2002,Journal of Research in Rural Education,emerald.com,,https://www.emerald.com/books/edited-volume/18402/chapter/101967412,0,0,3,GOOGLE,0,"◐ Title | ◐ Authors | ✗ Year | ◐ Venue | ○ ID

### Summary
The reference could not be fully verified because the publication year differs between the citation (2006) and the best matching source (2002). While the title and journal name are closely related, and one author matches, the year discrepancy means this needs human review.

### Details
A matching record was found with the title ""Small schools"" by C. Howley published in 2002 on emerald.com, which is related to the cited journal. The cited article includes a subtitle and a second author, which are not present in the candidate match. The year 2006 in the citation contradicts the 2002 year found in the candidate. No DOI was available to confirm the match further.

- https://www.emerald.com/books/edited-volume/18402/chapter/101967412",0.2,0.8
"Johnson, J., & Strange, M. (2015). Community‑based mentorship and rural high‑school retention. *Rural Education Quarterly*, 34(3), 45‑62.",School dropout prevention programs in rural areas,gpt_oss_120b,unverified,Reference could not be verified.,CONTRADICTION,CONTRADICTION,CONTRADICTION,CONTRADICTION,ABSENT,Community-based mentoring for preservice teachers,A Allan; L Johnson,2025,School-University Partnerships,,https://www.emerald.com/sup/article/18/3/351/1276281,GOOGLE,0,4,0,1,0,Community‑based mentorship and rural high‑school retention.,Community-based mentoring for preservice teachers,"Johnson, J.; Strange, M.",A Allan; L Johnson,2015,2025,Rural Education Quarterly,School-University Partnerships,,https://www.emerald.com/sup/article/18/3/351/1276281,0,0,3,GOOGLE,0,"✗ Title | ✗ Authors | ✗ Year | ✗ Venue | ○ ID

### Summary
No matching article could be found for the reference by Johnson and Strange (2015) titled ""Community-based mentorship and rural high-school retention."" The details of the title, authors, year, and journal do not align with any available records.

### Details
A search found a different article titled ""Community-based mentoring for preservice teachers"" by Allan and Johnson published in 2025 in ""School-University Partnerships,"" which does not match the original citation. The original title and the found title refer to different subjects, and the authors only partially overlap with different initials. The publication years differ by 10 years, and the journals are unrelated. No DOI or other identifier was available to confirm the original reference.

- https://www.emerald.com/sup/article/18/3/351/1276281",0.0,1.0
"Lee, J., & McClure, J. (2018). Evaluating a multi‑tiered intervention to reduce dropout rates in Appalachian schools. *American Educational Research Journal*, 55(4), 789‑822.",School dropout prevention programs in rural areas,gpt_oss_120b,unverified,Reference could not be verified.,CONTAINS,UNCONFIRMED,UNCONFIRMED,CONTRADICTION,ABSENT,Implementation and Outcomes of the Appalachian ...,,,RAND,,https://www.rand.org/content/dam/rand/pubs/research_reports/RR2800/RR2837/RAND_RR2837.pdf,GOOGLE,0,1,1,1,2,Evaluating a multi‑tiered intervention to reduce dropout rates in Appalachian schools.,Implementation and Outcomes of the Appalachian ...,"Lee, J.; McClure, J.",,2018,,American Educational Research Journal,RAND,,https://www.rand.org/content/dam/rand/pubs/research_reports/RR2800/RR2837/RAND_RR2837.pdf,0,0,3,GOOGLE,0,"◐ Title | ? Authors | ? Year | ✗ Venue | ○ ID

### Summary
No matching article could be found for the reference by Lee and McClure (2018) in the American Educational Research Journal. Although the title topic about a multi-tiered intervention to reduce dropout rates in Appalachian schools is similar to a RAND report, the authors, year, and journal do not match.

### Details
A matching record was not found in OpenAlex. A Google search found a RAND report titled ""Implementation and Outcomes of the Appalachian..."" which shares the core topic but differs in authorship and publication venue. The original reference cites the American Educational Research Journal, while the RAND report is from a different publisher. The year and authorship could not be confirmed for the RAND document, and no DOI was available for the original citation.

- [RAND Report PDF](https://www.rand.org/content/dam/rand/pubs/research_reports/RR2800/RR2837/RAND_RR2837.pdf)",0.0,1.0
"Miller, K., & Borman, G. D. (2012). The impact of early warning systems on rural student persistence. *Educational Evaluation and Policy Analysis*, 34(2), 215‑239.",School dropout prevention programs in rural areas,gpt_oss_120b,unverified,Reference could not be verified.,CONTRADICTION,CONTAINS,CONTAINS,CONTRADICTION,ABSENT,On Track for Success: The Use of Early Warning Indicator and Intervention Systems to Build a Grad Nation.,M Bruce; JM Bridgeland; JH Fox; R Balfanz,2011,Civic Enterprises,,https://eric.ed.gov/?id=ED526421,GOOGLE,0,2,2,1,0,The impact of early warning systems on rural student persistence.,On Track for Success: The Use of Early Warning Indicator and Intervention Systems to Build a Grad Nation.,"Miller, K.; Borman, G. D.",M Bruce; JM Bridgeland; JH Fox; R Balfanz,2012,2011,Educational Evaluation and Policy Analysis,Civic Enterprises,,https://eric.ed.gov/?id=ED526421,0,0,3,GOOGLE,0,"✗ Title | ◐ Authors | ◐ Year | ✗ Venue | ○ ID

### Summary
The reference could not be verified because the title and venue do not match any known records. The cited article about early warning systems and rural student persistence differs significantly from the closest found work, which focuses on early warning indicators for a national graduation initiative.

### Details
A matching record was not found in OpenAlex or other scholarly databases. The cited title ""The impact of early warning systems on rural student persistence"" does not correspond to the found document titled ""On Track for Success: The Use of Early Warning Indicator and Intervention Systems to Build a Grad Nation"" published by Civic Enterprises in 2011. The authors also differ completely, and the venues are unrelated, with the citation listing an academic journal and the found record linked to an organization. The year is close but not sufficient to confirm a match.

- https://eric.ed.gov/?id=ED526421",0.0,1.0
"O’Connor, P., & McGowan, T. (2020). Tele‑education and dropout prevention in remote rural districts. In *Proceedings of the International Conference on Education Technology* (pp. 112‑119). Springer.",School dropout prevention programs in rural areas,gpt_oss_120b,unverified,Reference could not be verified.,CONTRADICTION,UNCONFIRMED,MATCH,CONTRADICTION,ABSENT,Telemedicine and Tele-Education During and Beyond the Pandemic,,2020,Front Public Health,10.3389/fpubh.2020.589669,,GOOGLE,1,2,0,1,1,Tele‑education and dropout prevention in remote rural districts.,Telemedicine and Tele-Education During and Beyond the Pandemic,"O’Connor, P.; McGowan, T.",,2020,2020,Proceedings of the International Conference on Education Technology,Front Public Health,,10.3389/fpubh.2020.589669,0,0,3,GOOGLE,0,"✗ Title | ? Authors | ✓ Year | ✗ Venue | ○ ID

### Summary
No matching article could be found for the reference by O’Connor and McGowan (2020) titled ""Tele‑education and dropout prevention in remote rural districts."" The verification process found significant differences in the title and publication venue compared to available records.

### Details
A matching record was not found in OpenAlex or through web searches for the given title and authors. The year 2020 matched exactly, but the title in the evidence focused on telemedicine and tele-education during the pandemic, which differs substantially from the cited title about dropout prevention in rural districts. Additionally, the cited venue is a conference proceeding, while the closest found record was a journal article in ""Front Public Health,"" indicating a venue mismatch. No identifier was provided to aid verification.

- https://doi.org/10.3389/fpubh.2020.589669
- https://dropoutprevention.org/wp-content/uploads/2015/05/13_Rural_School_Dropout_Issues_Report.pdf
- https://pmc.ncbi.nlm.nih.gov/articles/PMC12541690/",0.0,1.0
"Patel, S., & Garcia, R. (2017). Family engagement strategies for rural dropout reduction. *Journal of Rural Social Sciences*, 32(1), 77‑95.",School dropout prevention programs in rural areas,gpt_oss_120b,unverified,Reference could not be verified.,UNCONFIRMED,UNCONFIRMED,UNCONFIRMED,UNCONFIRMED,UNCONFIRMED,,,,,,,,,,,,,,,,,,,,,,,0,0,0,,0,"? Title | ? Authors | ? Year | ? Venue | ? ID

### Summary
No matching article could be found for the reference by Patel and Garcia (2017) titled ""Family engagement strategies for rural dropout reduction"" in the Journal of Rural Social Sciences.

### Details
A search in OpenAlex and Google Scholar did not return any records matching the title, authors, year, or journal details provided. There were no potential matches found in the databases checked, indicating that this reference could not be verified.

- [OpenAlex](https://openalex.org)
- [Google Scholar](https://scholar.google.com)",0.0,1.0
"Smith, L. M., & Wilson, D. (2014). A longitudinal study of school‑based health centers and dropout rates in rural Texas. *Health & Education Journal*, 9(2), 101‑119.",School dropout prevention programs in rural areas,gpt_oss_120b,unverified,Reference could not be verified.,CONTRADICTION,CONTRADICTION,CONTRADICTION,CONTRADICTION,ABSENT,Adolescent use of school-based health centers and high school dropout,SEU Kerns; MD Pullmann; SC Walker,2011,JAMA Pediatrics,,https://jamanetwork.com/journals/jamapediatrics/article-abstract/1107551,GOOGLE,0,4,0,1,0,A longitudinal study of school‑based health centers and dropout rates in rural Texas.,Adolescent use of school-based health centers and high school dropout,"Smith, L. M.; Wilson, D.",SEU Kerns; MD Pullmann; SC Walker,2014,2011,Health & Education Journal,JAMA Pediatrics,,https://jamanetwork.com/journals/jamapediatrics/article-abstract/1107551,0,0,3,GOOGLE,0,"✗ Title | ✗ Authors | ✗ Year | ✗ Venue | ○ ID

### Summary
No matching article could be found for the reference by Smith and Wilson (2014) titled ""A longitudinal study of school-based health centers and dropout rates in rural Texas"". The details of the found articles differ significantly in title, authors, year, and journal.

### Details
A search found a similar article titled ""Adolescent use of school-based health centers and high school dropout"" published in 2011 by Kerns, Pullmann, and Walker in *JAMA Pediatrics*. However, this differs from the cited article in several key ways: the titles focus on different study designs and populations, the authors do not overlap, the publication years differ by three years, and the journals are unrelated. No identifier was provided in the original citation, and no exact match was found in OpenAlex or other databases.

- https://jamanetwork.com/journals/jamapediatrics/article-abstract/1107551",0.0,1.0
"Thompson, A., & Hernandez, M. (2019). Policy analysis of state‑funded dropout prevention programs in the Midwest. *Education Policy Analysis Archives*, 27(12), 1‑30.",School dropout prevention programs in rural areas,gpt_oss_120b,unverified,Reference could not be verified.,CONTRADICTION,CONTRADICTION,MATCH,CONTRADICTION,ABSENT,Funding public schools in the United States and Indian Country,D C Thompson; R C Wood; S C Neuenswander,2019,books.google.com,,https://books.google.com/books?hl=en&lr=&id=TyCuEQAAQBAJ&oi=fnd&pg=PT7&dq=Policy+analysis+of+state-funded+dropout+prevention+programs+in+the+Midwest+Thompson&ots=nHJeCt6lgZ&sig=tQRlQudvXmtIrzbt6Y3YVYjhGjk,GOOGLE,1,3,0,1,0,Policy analysis of state‑funded dropout prevention programs in the Midwest.,Funding public schools in the United States and Indian Country,"Thompson, A.; Hernandez, M.",D C Thompson; R C Wood; S C Neuenswander,2019,2019,Education Policy Analysis Archives,books.google.com,,https://books.google.com/books?hl=en&lr=&id=TyCuEQAAQBAJ&oi=fnd&pg=PT7&dq=Policy+analysis+of+state-funded+dropout+prevention+programs+in+the+Midwest+Thompson&ots=nHJeCt6lgZ&sig=tQRlQudvXmtIrzbt6Y3YVYjhGjk,0,0,3,GOOGLE,0,"✗ Title | ✗ Authors | ✓ Year | ✗ Venue | ○ ID

### Summary
No matching article could be found for the reference ""Policy analysis of state‑funded dropout prevention programs in the Midwest"" by Thompson and Hernandez from 2019. The available evidence points to a different work with a similar author name but different title, authors, and publication type.

### Details
A matching record was not found in OpenAlex. The closest found work is a 2019 book titled ""Funding public schools in the United States and Indian Country"" by D. C. Thompson, R. C. Wood, and S. C. Neuenswander, which differs significantly in title, authorship, and publication venue from the cited article. The original citation's title and authors do not align with this book, and the publication venue is a journal, whereas the found source is a book on Google Books. The year 2019 matches exactly, but this alone is insufficient for verification.

- https://books.google.com/books?hl=en&lr=&id=TyCuEQAAQBAJ&oi=fnd&pg=PT7&dq=Policy+analysis+of+state-funded+dropout+prevention+programs+in+the+Midwest+Thompson&ots=nHJeCt6lgZ&sig=tQRlQudvXmtIrzbt6Y3YVYjhGjk",0.0,1.0
"Wang, Y., & Brown, C. (2021). Using predictive analytics to identify at‑risk rural students. *Computers & Education*, 165, 104150.",School dropout prevention programs in rural areas,gpt_oss_120b,unverified,Reference could not be verified.,UNCONFIRMED,UNCONFIRMED,UNCONFIRMED,UNCONFIRMED,UNCONFIRMED,,,,,,,,,,,,,,,,,,,,,,,0,0,0,,0,"? Title | ? Authors | ? Year | ? Venue | ? ID

### Summary
No matching article could be found for the reference by Wang and Brown (2021) titled ""Using predictive analytics to identify at-risk rural students"" in the journal Computers & Education. The search did not find any records that confirm the authors, title, year, or journal.

### Details
A search in OpenAlex and other scholarly databases returned no matching records for this article. The year 2021, authors Wang and Brown, and the journal Computers & Education could not be confirmed. Several related articles on predictive analytics and at-risk students were found, but none matched the exact details of this reference.

- https://ieeexplore.ieee.org/
- https://www.inderscienceonline.com/
- https://link.springer.com/
- https://onlinelibrary.wiley.com/
- https://www.mdpi.com/",0.0,1.0
"Ziegler, J., & McNeil, K. (2023). *Designing culturally responsive dropout prevention curricula for Native American reservations* (Doctoral dissertation, University of Montana, School of Education).",School dropout prevention programs in rural areas,gpt_oss_120b,unverified,Reference could not be verified.,UNCONFIRMED,UNCONFIRMED,UNCONFIRMED,UNCONFIRMED,UNCONFIRMED,,,,,,,,,,,,,,,,,,,,,,,0,0,0,,0,"? Title | ? Authors | ? Year | ? Venue | ? ID

### Summary
No matching doctoral dissertation by Ziegler and McNeil from 2023 on culturally responsive dropout prevention curricula for Native American reservations was found. The reference could not be confirmed in available academic databases or through web searches.

### Details
A search in OpenAlex did not find any matching work. Google search results included related topics on culturally responsive education and dropout prevention for Native American students, but none matched the exact title, authors, or year of the dissertation. No evidence was found to verify the existence of this specific doctoral dissertation from the University of Montana.

- https://files.eric.ed.gov/fulltext/ED585883.pdf
- https://legacy.nau.edu/wp-content/uploads/sites/30/The-eJournal-of-Indigenous-Early-Childhood-Education-1.pdf
- https://search.issuelab.org/resources/44741/44741.pdf
- https://www.researchgate.net/publication/323568045_American_IndianAlaska_Native_Graduate_Students_Fostering_Indigenous_Perspectives_in_STEM
- https://www.pieducators.com/sites/default/files/American_Indian_Pathways_to_Success-1.pdf
- https://coloradosph.cuanschutz.edu/docs/librariesprovider205/journal_files/vol27/27_1_2020.pdf?sfvrsn=c2fbe0b9_2
- https://www.isetl.org/ijtlhe/pdf/IJTLHE29(3).pdf
- https://dropoutprevention.org/wp-content/uploads/2016/09/ConferenceProgram_ForumNativeTribalScottsdaleAZ_2017_4.pdf
- https://digitalcommons.liberty.edu/cgi/viewcontent.cgi?article=5276&context=doctoral",0.0,1.0
"Blais, A., & Dobrzynska, A. (1998). Turnout in electoral democracies. *European Journal of Political Research, 33*(2), 239‑261.",Voter turnout,gpt_oss_120b,verified,"Blais, A., & Dobrzynska, A. (1998). Turnout in electoral democracies. *European Journal of Political Research*, 33(2), 239-261. https://doi.org/10.1111/1475-6765.00382",MATCH,MATCH,MATCH,MATCH,ABSENT,Turnout in Electoral Democracies,André Blais; Agnieszka Dobrzynska,1998,European Journal of Political Research,10.1111/1475-6765.00382,https://doi.org/10.1111/1475-6765.00382,GOOGLE,4,0,0,1,0,Turnout in electoral democracies.,Turnout in Electoral Democracies,"Blais, A.; Dobrzynska, A.",André Blais; Agnieszka Dobrzynska,1998,1998,European Journal of Political Research,European Journal of Political Research,,10.1111/1475-6765.00382,1,1,1,GOOGLE,0,"✓ Title | ✓ Authors | ✓ Year | ✓ Venue | ○ ID

### Summary
This article was confirmed in the European Journal of Political Research with matching authors André Blais and Agnieszka Dobrzynska, and the year 1998. The title ""Turnout in Electoral Democracies"" was verified exactly as cited.

### Details
A matching record was found with the exact title ""Turnout in Electoral Democracies"" published in 1998 in the European Journal of Political Research. Both authors listed in the citation, Blais and Dobrzynska, correspond to the full names André Blais and Agnieszka Dobrzynska in the evidence. Although no identifier was provided in the original citation, the article's DOI is 10.1111/1475-6765.00382, confirming the match.

- https://doi.org/10.1111/1475-6765.00382",1.0,0.0
"Lijphart, A. (1997). Unequal participation: Democracy’s unresolved dilemma. *American Political Science Review, 91*(1), 1‑14.",Voter turnout,gpt_oss_120b,verified,"Lijphart, A. (1998). Unequal Participation: Democracy's Unresolved Dilemma. *American Political Science*.",MATCH,MATCH,CONTAINS,CONTAINS,ABSENT,Unequal Participation: Democracy's Unresolved Dilemma,A Lijphart,1998,American Political Science,,,GOOGLE,2,0,2,1,0,Unequal participation: Democracy’s unresolved dilemma.,Unequal Participation: Democracy's Unresolved Dilemma,"Lijphart, A.",A Lijphart,1997,1998,American Political Science Review,American Political Science,,,1,1,1,GOOGLE,0,"✓ Title | ✓ Authors | ◐ Year | ◐ Venue | ○ ID

### Summary
This article by A. Lijphart titled ""Unequal Participation: Democracy's Unresolved Dilemma"" was confirmed with matching authors and a closely matching year in the journal American Political Science. The title and author matched exactly, and the journal name corresponds to the full journal title.

### Details
A matching record was found with the exact title ""Unequal Participation: Democracy's Unresolved Dilemma"" and author A. Lijphart. The year in the citation is 1997, while the evidence shows 1998, which is within an acceptable range. The journal name in the citation is ""American Political Science Review,"" and the evidence lists ""American Political Science,"" which is recognized as the same journal family. No digital identifier was present in the citation.

- [Scholar Search Result]",0.8,0.2
"Norris, P. (2002). *Democratic phoenix: Reinventing political participation*. Cambridge University Press.",Voter turnout,gpt_oss_120b,verified-with-error,"Norris, P. (2002). *Democratic Phoenix: Reinventing Political Activism*. Cambridge University Press. https://www.cambridge.org/core/books/democratic-phoenix/486CDCC4E2A198E78E1DB45C26705957",CONTAINS,MATCH,MATCH,MATCH,ABSENT,Democratic Phoenix: Reinventing Political Activism,Pippa Norris,2002,Cambridge University Press,,https://www.cambridge.org/core/books/democratic-phoenix/486CDCC4E2A198E78E1DB45C26705957,GOOGLE,3,0,1,1,0,Democratic phoenix: Reinventing political participation,Democratic Phoenix: Reinventing Political Activism,"Norris, P.",Pippa Norris,2002,2002,Cambridge University Press,Cambridge University Press,,https://www.cambridge.org/core/books/democratic-phoenix/486CDCC4E2A198E78E1DB45C26705957,1,1,2,GOOGLE,0,"◐ Title | ✓ Authors | ✓ Year | ✓ Venue | ○ ID

### Summary
This book was confirmed as published by Cambridge University Press in 2002 with author Pippa Norris. The title closely matches, with a slight variation in the subtitle wording between ""Political Participation"" and ""Political Activism,"" which are synonymous in this context.

### Details
A matching record was found showing Pippa Norris as the author and the year 2002 matching exactly. The publisher is confirmed as Cambridge University Press. The title matches the core phrase ""Democratic Phoenix: Reinventing,"" though the subtitle differs slightly in wording but conveys the same meaning. No DOI was found, but multiple sources including Cambridge University Press and Amazon confirm the book's existence and details.

- https://www.cambridge.org/core/books/democratic-phoenix/486CDCC4E2A198E78E1DB45C26705957
- https://www.amazon.com/Democratic-Phoenix-Reinventing-Political-Activism/dp/0521811775
- https://archive.org/details/democraticphoeni0000norr",0.833,0.167
"Verba, S., Schlozman, K. L., & Brady, H. E. (1995). *Voice and equality: Civic voluntarism in American politics*. Harvard University Press.",Voter turnout,gpt_oss_120b,verified,"Verba, S., Schlozman, K. L., & Brady, H. E. (1995). *Voice and equality: Civic voluntarism in American politics*. Harvard University Press.",MATCH,MATCH,MATCH,MATCH,ABSENT,Voice and equality: civic voluntarism in American politics,S Verba; KL Schlozman; HE Brady,1995,Harvard University Press,,https://books.google.com/books?hl=en&lr=&id=RUkvEAAAQBAJ&oi=fnd&pg=PP1&dq=Voice+and+equality:+civic+voluntarism+in+American+politics+Verba&ots=lmVT7rXS_C&sig=i1NJWfXxSMpVE2lu1eDILosrc5o,GOOGLE,4,0,0,1,0,Voice and equality: Civic voluntarism in American politics,Voice and equality: civic voluntarism in American politics,"Verba, S.; Schlozman, K. L.; Brady, H. E.",S Verba; KL Schlozman; HE Brady,1995,1995,Harvard University Press,Harvard University Press,,https://books.google.com/books?hl=en&lr=&id=RUkvEAAAQBAJ&oi=fnd&pg=PP1&dq=Voice+and+equality:+civic+voluntarism+in+American+politics+Verba&ots=lmVT7rXS_C&sig=i1NJWfXxSMpVE2lu1eDILosrc5o,1,1,1,GOOGLE,0,"✓ Title | ✓ Authors | ✓ Year | ✓ Venue | ○ ID

### Summary
This book was confirmed as ""Voice and equality: Civic voluntarism in American politics"" published by Harvard University Press in 1995. The authors Sidney Verba, Kay Lehman Schlozman, and Henry E. Brady were all matched exactly.

### Details
A matching record was found with the exact title ""Voice and equality: civic voluntarism in American politics"" and the same three authors, Verba, Schlozman, and Brady, identified by their initials. The publication year 1995 and the publisher Harvard University Press also matched exactly. Although no DOI was present, multiple sources including Google Books and academic reviews confirm this reference.

- https://books.google.com/books?hl=en&lr=&id=RUkvEAAAQBAJ&oi=fnd&pg=PP1&dq=Voice+and+equality:+civic+voluntarism+in+American+politics+Verba&ots=lmVT7rXS_C&sig=i1NJWfXxSMpVE2lu1eDILosrc5o
- https://www.jstor.org/stable/j.ctv1pnc1k7
- https://www.amazon.com/Voice-Equality-Voluntarism-American-Politics/dp/0674942930",1.0,0.0
"Franklin, M. N. (2004). *Voter turnout and the dynamics of electoral competition in established democracies since 1945*. Oxford University Press.",Voter turnout,gpt_oss_120b,verified-with-error,"Franklin, M. N., van der Eijk, C., Evans, D., Fotos, M., Hirczy de Mino, W., Marsh, M., & Wessels, B. (2004). *Voter Turnout and the Dynamics of Electoral Competition in Established Democracies since 1945*. Cambridge University Press. https://doi.org/10.1017/cbo9780511616884",MATCH,CONTAINS,MATCH,CONTRADICTION,ABSENT,Voter Turnout and the Dynamics of Electoral Competition in Established Democracies since 1945,Mark N. Franklin; Cees van der Eijk; Diana Evans; Michael Fotos; Wolfgang Hirczy de Mino; Michael Marsh; Bernard Wessels,2004,Cambridge University Press,10.1017/cbo9780511616884,https://doi.org/10.1017/cbo9780511616884,GOOGLE,2,1,1,1,0,Voter turnout and the dynamics of electoral competition in established democracies since 1945,Voter Turnout and the Dynamics of Electoral Competition in Established Democracies since 1945,"Franklin, M. N.",Mark N. Franklin; Cees van der Eijk; Diana Evans; Michael Fotos; Wolfgang Hirczy de Mino; Michael Marsh; Bernard Wessels,2004,2004,Oxford University Press,Cambridge University Press,,10.1017/cbo9780511616884,0,0,1,GOOGLE,0,"✓ Title | ◐ Authors | ✓ Year | ✗ Venue | ○ ID

### Summary
This book was found with the exact title ""Voter Turnout and the Dynamics of Electoral Competition in Established Democracies since 1945"" and the year 2004 matching perfectly. The author Mark N. Franklin was confirmed, although the actual publication includes several additional co-authors. However, there is a discrepancy in the publisher: the citation lists Oxford University Press, but the verified record shows Cambridge University Press as the publisher.

### Details
A matching record was found with the exact title and year 2004. The author list in the verified record includes Mark N. Franklin along with six other co-authors, while the citation only lists Franklin. The publisher in the verified record is Cambridge University Press, which differs from the Oxford University Press stated in the citation. No DOI was provided in the original citation, but the verified record includes DOI 10.1017/cbo9780511616884.

- https://doi.org/10.1017/cbo9780511616884",0.467,0.533
"Geys, B. (2006). Explaining voter turnout: A review of aggregate-level research. *Electoral Studies, 25*(4), 637‑663.",Voter turnout,gpt_oss_120b,verified,"Geys, B. (2005). Explaining voter turnout: A review of aggregate-level research. *Electoral Studies*, 25(4), 637-663. https://doi.org/10.1016/j.electstud.2005.09.002",MATCH,MATCH,CONTAINS,MATCH,ABSENT,Explaining voter turnout: A review of aggregate-level research,Benny Geys,2005,Electoral Studies,10.1016/j.electstud.2005.09.002,https://doi.org/10.1016/j.electstud.2005.09.002,GOOGLE,3,0,1,1,0,Explaining voter turnout: A review of aggregate-level research.,Explaining voter turnout: A review of aggregate-level research,"Geys, B.",Benny Geys,2006,2005,Electoral Studies,Electoral Studies,,10.1016/j.electstud.2005.09.002,1,1,1,GOOGLE,0,"✓ Title | ✓ Authors | ◐ Year | ✓ Venue | ○ ID

### Summary
This article was confirmed in the journal Electoral Studies with matching title and author. The publication year differs slightly, with the citation listing 2006 and the evidence showing 2005, but this minor discrepancy does not affect the overall verification.

### Details
A matching record was found with the exact title ""Explaining voter turnout: A review of aggregate-level research"" and author Benny Geys, corresponding to the citation author Geys, B. The journal Electoral Studies matched exactly. The year in the evidence is 2005, while the citation states 2006, which is within an acceptable range for verification. No identifier was provided in the citation. Relevant sources include the DOI link and multiple search results confirming the article's details.

- [DOI link](https://doi.org/10.1016/j.electstud.2005.09.002)
- [PDF from WZB](https://wzb.eu/system/files/docs/sine/electoral_studies_25_4.pdf)
- [ScienceDirect article](https://www.sciencedirect.com/science/article/abs/pii/S0261379405000910)",0.9,0.1
"Kousser, T. (2005). The paradox of voter turnout: A review of the literature. *Political Research Quarterly, 58*(2), 247‑260.",Voter turnout,gpt_oss_120b,unverified,Reference could not be verified.,CONTRADICTION,MATCH,CONTAINS,CONTRADICTION,ABSENT,Retrospective voting and strategic behavior in European Parliament elections,T Kousser,2004,Electoral studies,,https://www.sciencedirect.com/science/article/pii/S0261379402000306,GOOGLE,1,2,1,1,0,The paradox of voter turnout: A review of the literature.,Retrospective voting and strategic behavior in European Parliament elections,"Kousser, T.",T Kousser,2005,2004,Political Research Quarterly,Electoral studies,,https://www.sciencedirect.com/science/article/pii/S0261379402000306,0,0,3,GOOGLE,0,"✗ Title | ✓ Authors | ◐ Year | ✗ Venue | ○ ID

### Summary
The reference could not be verified as the details do not match any known article. Although the author Kousser, T. was confirmed, the title and journal differ significantly from the provided citation.

### Details
A matching record was found for an article by T. Kousser titled ""Retrospective voting and strategic behavior in European Parliament elections"" published in 2004 in the journal Electoral Studies. This differs from the cited article titled ""The paradox of voter turnout: A review of the literature"" published in 2005 in Political Research Quarterly. The years are close but not the same, and the topics and journals do not align, indicating these are distinct works.

- https://www.sciencedirect.com/science/article/pii/S0261379402000306",0.0,1.0
"Pippa, R., & McAllister, I. (2015). The impact of compulsory voting on turnout: Evidence from Australia. *Electoral Studies, 38*, 1‑12.",Voter turnout,gpt_oss_120b,unverified,Reference could not be verified.,UNCONFIRMED,UNCONFIRMED,UNCONFIRMED,UNCONFIRMED,UNCONFIRMED,,,,,,,,,,,,,,,,,,,,,,,0,0,0,,0,"? Title | ? Authors | ? Year | ? Venue | ? ID

### Summary
No matching article could be found for the reference by Pippa and McAllister from 2015 titled ""The impact of compulsory voting on turnout: Evidence from Australia"" in Electoral Studies or other sources.

### Details
A search in OpenAlex and Google Scholar did not return any records matching the title, authors, year, or journal details provided. There were no potential matches found to confirm any part of the reference.

- [OpenAlex](https://openalex.org)
- [Google Scholar](https://scholar.google.com)",0.0,1.0
"Leighley, J. E., & Nagler, J. (2013). Who votes now? Demographic change, political polarization, and the decline of voting. *Political Behavior, 35*(2), 131‑155.",Voter turnout,gpt_oss_120b,unverified,Reference could not be verified.,UNCONFIRMED,UNCONFIRMED,UNCONFIRMED,UNCONFIRMED,UNCONFIRMED,,,,,,,,,,,,,,,,,,,,,,,0,0,0,,0,"? Title | ? Authors | ? Year | ? Venue | ? ID

### Summary
No matching article could be found for the reference by Leighley and Nagler (2013) titled ""Who votes now? Demographic change, political polarization, and the decline of voting"" in Political Behavior. None of the key details such as title, authors, year, or journal were confirmed.

### Details
A search in OpenAlex did not find any matching record for this work. Additionally, a scholar search returned no relevant results. There were no potential matches to compare against, so the reference could not be verified.

- https://openalex.org
- https://scholar.google.com",0.0,1.0
"McDonald, M. P. (2004). *The myth of the rational voter: Why democracies need the masses*. Cambridge University Press.",Voter turnout,gpt_oss_120b,unverified,,CONTAINS,CONTRADICTION,CONTRADICTION,CONTRADICTION,ABSENT,,,,,,,,,,,,,,,,,,,,,,,,,,,,,0.000,1.000
