reference,topic,model,svris_status,svris_reference,field_title,field_authors,field_year,field_venue,field_id,candidate_title,candidate_authors,candidate_year,candidate_venue,candidate_doi,candidate_url,candidate_source,candidate_matches,candidate_contradictions,candidate_contains,candidate_absent,candidate_unconfirmed,cmp_title_citation,cmp_title_candidate,cmp_authors_citation,cmp_authors_candidate,cmp_year_citation,cmp_year_candidate,cmp_venue_citation,cmp_venue_candidate,cmp_id_citation,cmp_id_candidate,match_set_size,contained_set_size,total_candidates,sources_queried,processing_time_ms,svris_message,score,error_distance
"Gelb, A., & Diofasi, A. (2016). Biometric Elections in Poor Countries: Wasteful or a Worthwhile Investment? Center for Global Development Working Paper.",Biometric voter registration,llama_3_1_405b_base,verified,"Gelb, A., & Diofasi, A. (2016). Biometric Elections in Poor Countries: Wasteful or a Worthwhile Investment? *Center for Global Development Working Paper 435*. https://www.cgdev.org/publication/biometric-elections-poor-countries-wasteful-or-worthwhile-investment",MATCH,MATCH,MATCH,CONTAINS,ABSENT,Biometric Elections in Poor Countries: Wasteful or a Worthwhile Investment?,Gelb; Diofasi,2016.0,Center for Global Development Working Paper 435,,https://www.cgdev.org/publication/biometric-elections-poor-countries-wasteful-or-worthwhile-investment,GOOGLE,3.0,0.0,1.0,1.0,0.0,Biometric Elections in Poor Countries: Wasteful or a Worthwhile Investment?,Biometric Elections in Poor Countries: Wasteful or a Worthwhile Investment?,"Gelb, A.; Diofasi, A.",Gelb; Diofasi,2016.0,2016.0,Center for Global Development,Center for Global Development Working Paper 435,,https://www.cgdev.org/publication/biometric-elections-poor-countries-wasteful-or-worthwhile-investment,1.0,1.0,2.0,GOOGLE,0.0,"✓ Title | ✓ Authors | ✓ Year | ◐ Venue | ○ ID

### Summary
This working paper titled ""Biometric Elections in Poor Countries: Wasteful or a Worthwhile Investment?"" by Gelb and Diofasi from 2016 was confirmed as a Center for Global Development publication. The authors, year, and title were exactly matched, and the publication venue was verified as a specific working paper series within the Center for Global Development.

### Details
A matching record was found with the exact title and author surnames Gelb and Diofasi, published in 2016. The venue is confirmed as ""Center for Global Development Working Paper 435,"" indicating it is part of the organization's working paper series. Although no DOI was provided in the citation, the official source URL is https://www.cgdev.org/publication/biometric-elections-poor-countries-wasteful-or-worthwhile-investment.

- https://www.cgdev.org/publication/biometric-elections-poor-countries-wasteful-or-worthwhile-investment",0.9,0.1
"ter Kuile, F. O., Terlouw, D. J., Phillips-Howard, P. A., Hawley, W. A., Friedman, J. F., Kariuki, S. K., ... & Nahlen, B. L. (2003). Reduction of malaria during pregnancy by permethrin-treated bed nets in an area of low perennial transmission in western Kenya. The American Journal of Tropical Medicine and Hygiene, 68(4), 50-60.",Malaria prevention,llama_3_1_405b_base,verified-with-error,"ter Kuile, F. O., Terlouw, D. J., Phillips‐Howard, P. A., Friedman, J. F., Kariuki, S., Shi, Y. P., Kolczak, M. S., Lal, A. A., Vulule, J., & Nahlen, B. L. (2003). REDUCTION OF MALARIA DURING PREGNANCY BY PERMETHRIN-TREATED BED NETS IN AN AREA OF INTENSE PERENNIAL MALARIA TRANSMISSION IN WESTERN KENYA. *American Journal of Tropical Medicine and Hygiene*, 68(4_suppl), 50-60. https://doi.org/10.4269/ajtmh.2003.68.50",CONTAINS,CONTAINS,MATCH,MATCH,ABSENT,REDUCTION OF MALARIA DURING PREGNANCY BY PERMETHRIN-TREATED BED NETS IN AN AREA OF INTENSE PERENNIAL MALARIA TRANSMISSION IN WESTERN KENYA,ter Kuile; Terlouw; Phillips‐Howard; Friedman; Kariuki; Shi; Kolczak; Lal; Vulule; Nahlen,2003.0,American Journal of Tropical Medicine and Hygiene,10.4269/ajtmh.2003.68.50,https://doi.org/10.4269/ajtmh.2003.68.50,GOOGLE,2.0,0.0,2.0,1.0,0.0,Reduction of malaria during pregnancy by permethrin-treated bed nets in an area of low perennial transmission in western Kenya,REDUCTION OF MALARIA DURING PREGNANCY BY PERMETHRIN-TREATED BED NETS IN AN AREA OF INTENSE PERENNIAL MALARIA TRANSMISSION IN WESTERN KENYA,"ter Kuile, F. O.; Terlouw, D. J.; Phillips-Howard, P. A.; Hawley, W. A.; Friedman, J. F.; Kariuki, S. K.; ...; & Nahlen, B. L.",ter Kuile; Terlouw; Phillips‐Howard; Friedman; Kariuki; Shi; Kolczak; Lal; Vulule; Nahlen,2003.0,2003.0,The American Journal of Tropical Medicine and Hygiene,American Journal of Tropical Medicine and Hygiene,,10.4269/ajtmh.2003.68.50,1.0,1.0,1.0,GOOGLE,0.0,"◐ Title | ◐ Authors | ✓ Year | ✓ Venue | ○ ID

### Summary
This article was confirmed in the American Journal of Tropical Medicine and Hygiene with matching authors and the year 2003. The core identifying phrase in the title matches very closely, with only a minor difference regarding the description of the transmission area, which reflects a minor discrepancy but refers to the same study.

### Details
A matching record was found with the title nearly identical except for the phrase ""low perennial transmission"" vs. ""intense perennial malaria transmission."" All candidate authors are included in the full author list of the confirmed article, which also lists additional contributors. The year 2003 matches exactly, and the journal name is consistent up to the variation of the optional leading article ""The."" No DOI was provided in the original citation, but the confirmed article is available at https://doi.org/10.4269/ajtmh.2003.68.50. 

- https://doi.org/10.4269/ajtmh.2003.68.50
- https://www.ajtmh.org/abstract/journals/tpmd/68/4_suppl/article-p50.xml
- https://www.researchgate.net/publication/10756793_Reduction_of_malaria_during_pregnancy_by_permethrin-treated_bed_nets_in_an_area_of_intense_perennial_malaria_transmission_in_Western_Kenya",0.7,0.3
"Banerjee, A., Duflo, E., Glennerster, R., & Kinnan, C. (2015). The miracle of microfinance? Evidence from a randomized evaluation. Journal of Economic Perspectives, 29(4), 221-246.",Microfinance loan repayment,llama_3_1_405b_base,verified,"Banerjee, A., Duflo, E., Glennerster, R., & Kinnan, C. (2015). *The miracle of microfinance? Evidence from a randomized evaluation.* *American Economic Journal: Applied Economics*. https://doi.org/10.1257/app.20130533",MATCH,MATCH,MATCH,CONTAINS,ABSENT,The miracle of microfinance? Evidence from a randomized evaluation,Banerjee; Duflo; Glennerster; Kinnan,2015.0,American Economic Journal: Applied Economics,10.1257/app.20130533,https://www.aeaweb.org/articles?id=10.1257/app.20130533,GOOGLE,3.0,0.0,1.0,1.0,0.0,The miracle of microfinance? Evidence from a randomized evaluation.,The miracle of microfinance? Evidence from a randomized evaluation,"Banerjee, A.; Duflo, E.; Glennerster, R.; Kinnan, C.",Banerjee; Duflo; Glennerster; Kinnan,2015.0,2015.0,Journal of Economic Perspectives,American Economic Journal: Applied Economics,,10.1257/app.20130533,1.0,1.0,1.0,GOOGLE,0.0,"✓ Title | ✓ Authors | ✓ Year | ◐ Venue | ○ ID

### Summary
This article was confirmed with the title ""The miracle of microfinance? Evidence from a randomized evaluation"" and authors Banerjee, Duflo, Glennerster, and Kinnan matching exactly from 2015. While the journal cited was the Journal of Economic Perspectives, the verified record shows it was published in the American Economic Journal: Applied Economics, a journal by the same publisher.

### Details
A matching record was found with the exact title and year of 2015, and all four authors' surnames matched. The venue in the original citation is Journal of Economic Perspectives, but the evidence article appeared in American Economic Journal: Applied Economics, both published by the American Economic Association, indicating a close relationship at the publisher level. Although no DOI was present in the original reference, the evidence record includes DOI 10.1257/app.20130533. Sources include scholar and Google searches that consistently identified this article and verified author and title information.

- https://www.aeaweb.org/articles?id=10.1257/app.20130533
- https://www.jstor.org/stable/43189512
- https://gap.hks.harvard.edu/miracle-microfinance-evidence-randomized-evaluation",0.9,0.1
"Karlan, D., & Zinman, J. (2009). Expanding credit access: Using randomized supply decisions to estimate the impacts. Review of Financial Studies, 22(1), 433-464.",Microfinance loan repayment,llama_3_1_405b_base,verified,"Karlan, D., & Zinman, J. (2009). Expanding credit access: Using randomized supply decisions to estimate the impacts. *Review of Financial Studies*, 23(1), 433-464. https://doi.org/10.1093/rfs/hhp092",MATCH,MATCH,MATCH,MATCH,ABSENT,Expanding Credit Access: Using Randomized Supply Decisions to Estimate the Impacts,Karlan; Zinman,2009.0,Review of Financial Studies,10.1093/rfs/hhp092,https://doi.org/10.1093/rfs/hhp092,GOOGLE,4.0,0.0,0.0,1.0,0.0,Expanding credit access: Using randomized supply decisions to estimate the impacts.,Expanding Credit Access: Using Randomized Supply Decisions to Estimate the Impacts,"Karlan, D.; Zinman, J.",Karlan; Zinman,2009.0,2009.0,Review of Financial Studies,Review of Financial Studies,,10.1093/rfs/hhp092,1.0,1.0,1.0,GOOGLE,0.0,"✓ Title | ✓ Authors | ✓ Year | ✓ Venue | ○ ID

### Summary
This article was confirmed in the Review of Financial Studies with matching authors Karlan and Zinman and the year 2009. The title also matched exactly, confirming the reference.

### Details
A matching record was found with the exact title ""Expanding Credit Access: Using Randomized Supply Decisions to Estimate the Impacts."" The authors Karlan and Zinman were confirmed by surname, and the year 2009 matched exactly. The journal name Review of Financial Studies also matched perfectly. No identifier was provided in the citation, but the article's DOI is 10.1093/rfs/hhp092.

- https://doi.org/10.1093/rfs/hhp092",1.0,0.0
"Armendáriz, B., & Morduch, J. (2010). The economics of microfinance. MIT Press.",Microfinance loan repayment,llama_3_1_405b_base,verified,"Armendáriz, B., & Morduch, J. (2010). *The economics of microfinance* (2nd ed.). MIT Press. https://mitpress.mit.edu/9780262512015/the-economics-of-microfinance/",MATCH,MATCH,MATCH,MATCH,ABSENT,The economics of microfinance,Armendáriz; Morduch,2010.0,MIT press,,https://mitpress.mit.edu/9780262512015/the-economics-of-microfinance/,GOOGLE,4.0,0.0,0.0,1.0,0.0,The economics of microfinance,The economics of microfinance,"Armendáriz, B.; Morduch, J.",Armendáriz; Morduch,2010.0,2010.0,MIT Press,MIT press,,https://mitpress.mit.edu/9780262512015/the-economics-of-microfinance/,1.0,1.0,1.0,GOOGLE,1.0,"✓ Title | ✓ Authors | ✓ Year | ✓ Venue | ○ ID

### Summary
This book was confirmed as ""The Economics of Microfinance"" by Armendáriz and Morduch, published in 2010 by MIT Press. The title, authors, year, and publisher all matched exactly the provided reference.

### Details
A matching record was found with the exact title ""The economics of microfinance"" by authors Armendáriz and Morduch from the year 2010, published by MIT Press. Although no DOI was provided in the original reference, multiple searches through authoritative sources confirmed the bibliographic details. Online results from the MIT Press website and academic databases also support this match, verifying the citation.

- https://mitpress.mit.edu/9780262512015/the-economics-of-microfinance/
- https://doi.org/10.5860/choice.43-3485
- https://www.researchgate.net/publication/247496219_The_Economics_of_Microfinance_by_B_Armendariz_J_Morduch
- https://mitpress-request.mit.edu/sites/default/files/titles/content/9780262513982_sch_0001.pdf",1.0,0.0
"Hermes, N., & Lensink, R. (2007). The empirics of microfinance: What do we know? Economic Journal, 117(517), F1-F10.",Microfinance loan repayment,llama_3_1_405b_base,verified,"Hermes, N., & Lensink, R. (2007). The empirics of microfinance: What do we know? *The Economic Journal*, 117(517), F1–F10. https://doi.org/10.1111/j.1468-0297.2007.02013.x",MATCH,MATCH,MATCH,MATCH,ABSENT,The Empirics of Microfinance: What Do we know?,Hermes; Lensink,2007.0,The Economic Journal,10.1111/j.1468-0297.2007.02013.x,https://doi.org/10.1111/j.1468-0297.2007.02013.x,GOOGLE,4.0,0.0,0.0,1.0,0.0,The empirics of microfinance: What do we know?,The Empirics of Microfinance: What Do we know?,"Hermes, N.; Lensink, R.",Hermes; Lensink,2007.0,2007.0,Economic Journal,The Economic Journal,,10.1111/j.1468-0297.2007.02013.x,1.0,1.0,1.0,GOOGLE,0.0,"✓ Title | ✓ Authors | ✓ Year | ✓ Venue | ○ ID

### Summary
This article was confirmed in The Economic Journal with matching authors Hermes and Lensink, as well as the publication year 2007. The title ""The empirics of microfinance: What do we know?"" was exactly matched.

### Details
A matching record was found with the exact title and author surnames, published in 2007 in The Economic Journal. Minor detail differences like the leading ""The"" in the journal name were recognized as synonymous. The article is identified by DOI 10.1111/j.1468-0297.2007.02013.x. Relevant sources include:

- [DOI link](https://doi.org/10.1111/j.1468-0297.2007.02013.x)",1.0,0.0
"Morduch, J. (1999). The microfinance promise. Journal of Economic Literature, 37(4), 1569-1614.",Microfinance loan repayment,llama_3_1_405b_base,verified,"Morduch, J. (1999). The Microfinance Promise. *Journal of Economic Literature*, 37(4), 1569-1614. https://doi.org/10.1257/jel.37.4.1569",MATCH,MATCH,MATCH,MATCH,ABSENT,The Microfinance Promise,Morduch,1999.0,Journal of Economic Literature,10.1257/jel.37.4.1569,https://doi.org/10.1257/jel.37.4.1569,GOOGLE,4.0,0.0,0.0,1.0,0.0,The microfinance promise.,The Microfinance Promise,"Morduch, J.",Morduch,1999.0,1999.0,Journal of Economic Literature,Journal of Economic Literature,,10.1257/jel.37.4.1569,1.0,1.0,1.0,GOOGLE,0.0,"✓ Title | ✓ Authors | ✓ Year | ✓ Venue | ○ ID

### Summary
This article was confirmed in the Journal of Economic Literature with matching author Morduch, exact title ""The Microfinance Promise,"" and the year 1999.

### Details
A matching record was found for the article titled ""The Microfinance Promise"" by Morduch published in 1999 in the Journal of Economic Literature. The title and author surname matched exactly, and the publication year also matched perfectly. Although no identifier was provided in the citation, the article's DOI 10.1257/jel.37.4.1569 was identified, along with full journal details including volume 37, issue 4, pages 1569-1614.

- https://doi.org/10.1257/jel.37.4.1569",1.0,0.0
"Pitt, M. M., & Khandker, S. R. (1998). The impact of group-based credit programs on poor households in Bangladesh: Does the gender of participants matter? Journal of Political Economy, 106(5), 958-996.",Microfinance loan repayment,llama_3_1_405b_base,verified,"Pitt, M. M., & Khandker, S. R. (1998). The impact of Group‐Based Credit Programs on Poor Households in Bangladesh: Does the gender of participants matter? *Journal of Political Economy*, 106(5), 958-996. https://doi.org/10.1086/250037",MATCH,MATCH,MATCH,MATCH,ABSENT,The impact of Group‐Based Credit Programs on Poor Households in Bangladesh: Does the Gender of Participants Matter?,Pitt; Khandker,1998.0,Journal of Political Economy,10.1086/250037,https://doi.org/10.1086/250037,GOOGLE,4.0,0.0,0.0,1.0,0.0,The impact of group-based credit programs on poor households in Bangladesh: Does the gender of participants matter?,The impact of Group‐Based Credit Programs on Poor Households in Bangladesh: Does the Gender of Participants Matter?,"Pitt, M. M.; Khandker, S. R.",Pitt; Khandker,1998.0,1998.0,Journal of Political Economy,Journal of Political Economy,,10.1086/250037,1.0,1.0,1.0,GOOGLE,0.0,"✓ Title | ✓ Authors | ✓ Year | ✓ Venue | ○ ID

### Summary
This article was confirmed in the Journal of Political Economy with matching authors Pitt and Khandker, the year 1998, and the exact title. The details align perfectly with the original reference provided.

### Details
A matching record was found through OpenAlex where the title ""The impact of Group‐Based Credit Programs on Poor Households in Bangladesh: Does the Gender of Participants Matter?"" matched exactly. Both authors, Pitt and Khandker, were confirmed by last name, and the year 1998 matched exactly. The article was published in the Journal of Political Economy, volume 106, issue 5, pages 958-996. The DOI 10.1086/250037 was found providing a direct link to the source: https://doi.org/10.1086/250037.

- https://doi.org/10.1086/250037
- https://openalex.org/works/10.1086/250037",1.0,0.0
"Wydick, B. (1999). Can social cohesion be harnessed to repair market failures? Evidence from group lending in Guatemala. Economic Journal, 109(457), 463-475.",Microfinance loan repayment,llama_3_1_405b_base,verified,"Wydick, B. (1999). Can social cohesion be harnessed to repair market failures? Evidence from group lending in Guatemala. *The Economic Journal*, 109(457), 463-475. https://doi.org/10.1111/1468-0297.00457",MATCH,MATCH,MATCH,MATCH,ABSENT,Can Social Cohesion be Harnessed to Repair Market Failures? Evidence from Group Lending in Guatemala,Wydick,1999.0,The Economic Journal,10.1111/1468-0297.00457,https://doi.org/10.1111/1468-0297.00457,GOOGLE,4.0,0.0,0.0,1.0,0.0,Can social cohesion be harnessed to repair market failures? Evidence from group lending in Guatemala.,Can Social Cohesion be Harnessed to Repair Market Failures? Evidence from Group Lending in Guatemala,"Wydick, B.",Wydick,1999.0,1999.0,Economic Journal,The Economic Journal,,10.1111/1468-0297.00457,1.0,1.0,1.0,GOOGLE,0.0,"✓ Title | ✓ Authors | ✓ Year | ✓ Venue | ○ ID

### Summary
This article was confirmed in The Economic Journal with matching title, author, year, and journal information. The details align perfectly with the original citation.

### Details
A matching record was found in The Economic Journal with the exact title ""Can Social Cohesion be Harnessed to Repair Market Failures? Evidence from Group Lending in Guatemala"". The author Wydick, year 1999, and journal name all matched exactly, confirming the citation's accuracy. The article has a DOI 10.1111/1468-0297.00457, providing a direct link to the source.

- https://doi.org/10.1111/1468-0297.00457",1.0,0.0
"McIntosh, C., & Wydick, B. (2005). Competition and microfinance. Journal of Development Economics, 78(2), 271-298.",Microfinance loan repayment,llama_3_1_405b_base,verified,"McIntosh, C., & Wydick, B. (2005). Competition and microfinance. *Journal of Development Economics*, 78(2), 271-298. https://doi.org/10.1016/j.jdeveco.2004.11.008",MATCH,MATCH,MATCH,MATCH,ABSENT,Competition and microfinance,McIntosh; Wydick,2005.0,Journal of Development Economics,10.1016/j.jdeveco.2004.11.008,https://doi.org/10.1016/j.jdeveco.2004.11.008,GOOGLE,4.0,0.0,0.0,1.0,0.0,Competition and microfinance.,Competition and microfinance,"McIntosh, C.; Wydick, B.",McIntosh; Wydick,2005.0,2005.0,Journal of Development Economics,Journal of Development Economics,,10.1016/j.jdeveco.2004.11.008,1.0,1.0,1.0,GOOGLE,0.0,"✓ Title | ✓ Authors | ✓ Year | ✓ Venue | ○ ID

### Summary
This article was confirmed in the Journal of Development Economics with matching authors McIntosh and Wydick, the exact title ""Competition and microfinance,"" and the publication year 2005.

### Details
A matching record was found where the title matched exactly as ""Competition and microfinance."" Both authors, McIntosh and Wydick, matched by surname. The year 2005 matched exactly, and the journal name ""Journal of Development Economics"" was confirmed. Although no identifier was provided in the original citation, the article is linked to the DOI 10.1016/j.jdeveco.2004.11.008, with the corresponding URL https://doi.org/10.1016/j.jdeveco.2004.11.008.

- https://doi.org/10.1016/j.jdeveco.2004.11.008",1.0,0.0
"Ahlin, C., & Townsend, R. M. (2007). Using repayment data to test across models of joint liability lending. Economic Journal, 117(517), F11-F51.",Microfinance loan repayment,llama_3_1_405b_base,verified,"Ahlin, C., & Townsend, R. M. (2007). Using repayment data to test across models of joint liability lending. *The Economic Journal*, 117(517), F11–F51. https://doi.org/10.1111/j.1468-0297.2007.02014.x",MATCH,MATCH,MATCH,MATCH,ABSENT,Using Repayment Data to Test across Models of Joint Liability Lending,Ahlin; Townsend,2007.0,The Economic Journal,10.1111/j.1468-0297.2007.02014.x,https://doi.org/10.1111/j.1468-0297.2007.02014.x,GOOGLE,4.0,0.0,0.0,1.0,0.0,Using repayment data to test across models of joint liability lending,Using Repayment Data to Test across Models of Joint Liability Lending,"Ahlin, C.; Townsend, R. M.",Ahlin; Townsend,2007.0,2007.0,Economic Journal,The Economic Journal,,10.1111/j.1468-0297.2007.02014.x,1.0,1.0,1.0,GOOGLE,0.0,"✓ Title | ✓ Authors | ✓ Year | ✓ Venue | ○ ID

### Summary
This article was confirmed in The Economic Journal with matching authors Ahlin and Townsend, and the year 2007 matches exactly. The title ""Using repayment data to test across models of joint liability lending"" was verified to be correct.

### Details
A matching record was found with the exact title and author surnames, confirming that Christian Ahlin and Robert M. Townsend authored this article in 2007. The journal name corresponds to The Economic Journal, where the volume and issue details also match the citation. Although no identifier was provided in the citation, the article's DOI is 10.1111/j.1468-0297.2007.02014.x, accessible at the official DOI link.

- https://doi.org/10.1111/j.1468-0297.2007.02014.x",1.0,0.0
"Gine, X., & Karlan, D. S. (2014). Group versus individual liability: Short and long term evidence from Philippine microcredit lending groups. Journal of Development Economics, 107, 65-83.",Microfinance loan repayment,llama_3_1_405b_base,verified,"Giné, X., & Karlan, D. (2013). Group versus individual liability: Short and long term evidence from Philippine microcredit lending groups. *Journal of Development Economics*, 107, 65-83. https://doi.org/10.1016/j.jdeveco.2013.11.003",MATCH,MATCH,CONTAINS,MATCH,ABSENT,Group versus individual liability: Short and long term evidence from Philippine microcredit lending groups,Gine; Karlan,2013.0,Journal of Development Economics,10.1016/j.jdeveco.2013.11.003,https://doi.org/10.1016/j.jdeveco.2013.11.003,GOOGLE,3.0,0.0,1.0,1.0,0.0,Group versus individual liability: Short and long term evidence from Philippine microcredit lending groups,Group versus individual liability: Short and long term evidence from Philippine microcredit lending groups,"Gine, X.; Karlan, D. S.",Gine; Karlan,2014.0,2013.0,Journal of Development Economics,Journal of Development Economics,,10.1016/j.jdeveco.2013.11.003,1.0,1.0,1.0,GOOGLE,0.0,"✓ Title | ✓ Authors | ◐ Year | ✓ Venue | ○ ID

### Summary
This article was confirmed in the Journal of Development Economics with matching authors Gine and Karlan and a closely matching year within one year difference. The title and journal are an exact match confirming the reference.

### Details
A matching record was found with the exact title ""Group versus individual liability: Short and long term evidence from Philippine microcredit lending groups"" and authors Gine and Karlan. The year found (2013) is within one year of the cited year (2014), and both sources cite publication in the Journal of Development Economics. No DOI was present in the original citation, but the evidence includes DOI 10.1016/j.jdeveco.2013.11.003.

- https://doi.org/10.1016/j.jdeveco.2013.11.003",0.9,0.1
"Bazilian, M., & Modjtahedi, B. (2018). A global survey of the status quo of mini-grids. Renewable and Sustainable Energy Reviews, 98, 156-165.",Mini-grid electrification,llama_3_1_405b_base,unverified,Reference could not be verified.,UNCONFIRMED,UNCONFIRMED,UNCONFIRMED,UNCONFIRMED,UNCONFIRMED,,,,,,,,,,,,,,,,,,,,,,,0.0,0.0,0.0,,0.0,"? Title | ? Authors | ? Year | ? Venue | ? ID

### Summary
No matching article could be found for the reference ""A global survey of the status quo of mini-grids"" by Bazilian and Modjtahedi published in 2018 in Renewable and Sustainable Energy Reviews.

### Details
A thorough search was conducted across multiple databases and search engines, including OpenAlex, Google Scholar, and general Google search, using the exact title, author names, publication year, and journal name. No record matching these details was found. The algorithm found no potential matches or evidence candidates to confirm any of the fields: title, authors, year, or venue.

- https://openalex.org
- https://scholar.google.com
- https://www.google.com/search?q=A+global+survey+of+the+status+quo+of+mini-grids+Bazilian+Modjtahedi+2018+Renewable+and+Sustainable+Energy+Reviews",0.0,1.0
"Mandelli, S., Brivio, C., & Colombo, E. (2016). A methodology to assess the effectiveness of Smart Mini Grids in developing countries. Energy for Sustainable Development, 33, 55-67.",Mini-grid electrification,llama_3_1_405b_base,unverified,Reference could not be verified.,CONTRADICTION,CONTRADICTION,MATCH,CONTAINS,ABSENT,Off-grid systems for rural electrification in developing countries,Mandelli; Barbieri; Mereu; Colombo,2016.0,Renewable and Sustainable Energy Reviews,,https://ideas.repec.org/a/eee/rensus/v58y2016icp1621-1646.html,GOOGLE,1.0,2.0,1.0,1.0,0.0,A methodology to assess the effectiveness of Smart Mini Grids in developing countries,Off-grid systems for rural electrification in developing countries,"Mandelli, S.; Brivio, C.; Colombo, E.",Mandelli; Barbieri; Mereu; Colombo,2016.0,2016.0,Energy for Sustainable Development,Renewable and Sustainable Energy Reviews,,https://ideas.repec.org/a/eee/rensus/v58y2016icp1621-1646.html,0.0,0.0,3.0,GOOGLE,0.0,"✗ Title | ✗ Authors | ✓ Year | ◐ Venue | ○ ID

### Summary
The reference could not be verified as it does not match any known publication. Although the year 2016 matches, the article title and authors differ from available records, indicating this may be a different work.

### Details
A search found a related 2016 article by Mandelli and others titled ""Off-grid systems for rural electrification in developing countries"" published in Renewable and Sustainable Energy Reviews, but the authors list and title do not match the original reference. The original reference has two different authors and a different focused title in Energy for Sustainable Development. No exact DOI or identifier was found for the cited article, and the venue mentions differ though both are energy-related journals published by Elsevier.

- https://ideas.repec.org/a/eee/rensus/v58y2016icp1621-1646.html
- https://www.mdpi.com/1996-1073/12/3/574
- https://www.sciencedirect.com/",0.0,1.0
"Bhattacharyya, S. C. (2013). Financing energy access and off-grid electrification: A review of status, options and challenges. Renewable and Sustainable Energy Reviews, 20, 462-472.",Mini-grid electrification,llama_3_1_405b_base,verified,"Bhattacharyya, S. C. (2013). *Financing energy access and off-grid electrification: A review of status, options and challenges*. *Renewable and Sustainable Energy Reviews*, 20, 462-472. https://doi.org/10.1016/j.rser.2012.12.008",MATCH,MATCH,MATCH,MATCH,ABSENT,"Financing energy access and off-grid electrification: A review of status, options and challenges",Bhattacharyya,2013.0,Renewable and Sustainable Energy Reviews,10.1016/j.rser.2012.12.008,https://doi.org/10.1016/j.rser.2012.12.008,GOOGLE,4.0,0.0,0.0,1.0,0.0,"Financing energy access and off-grid electrification: A review of status, options and challenges.","Financing energy access and off-grid electrification: A review of status, options and challenges","Bhattacharyya, S. C.",Bhattacharyya,2013.0,2013.0,Renewable and Sustainable Energy Reviews,Renewable and Sustainable Energy Reviews,,10.1016/j.rser.2012.12.008,1.0,1.0,1.0,GOOGLE,0.0,"✓ Title | ✓ Authors | ✓ Year | ✓ Venue | ○ ID

### Summary
This article by S. C. Bhattacharyya published in 2013 was confirmed in the journal Renewable and Sustainable Energy Reviews with matching title and author details.

### Details
A matching record was found with the exact title ""Financing energy access and off-grid electrification: A review of status, options and challenges"". The author name Bhattacharyya matched, and the publication year 2013 was confirmed. The journal Renewable and Sustainable Energy Reviews also matched exactly. Although no identifier was provided in the citation, the corresponding DOI https://doi.org/10.1016/j.rser.2012.12.008 was found in the evidence.

- https://doi.org/10.1016/j.rser.2012.12.008",1.0,0.0
"Tenenbaum, B., Greacen, C., Siyambalapitiya, T., & Knuckles, J. (2018). Overcoming barriers to scaling up mini grids in Sub-Saharan Africa. Energy for Sustainable Development, 45, 100-110.",Mini-grid electrification,llama_3_1_405b_base,unverified,Reference could not be verified.,CONTRADICTION,MATCH,CONTRADICTION,CONTRADICTION,ABSENT,From the Bottom Up: How Small Power Producers and Mini-Grids Can Deliver Electrification and Renewable Energy in Africa,Tenenbaum; Greacen; Siyambalapitiya; Knuckles,2014.0,World Bank Group/ESMAP,,https://esmap.org/sites/default/files/esmap-files/ESMAP_From%20the%20Bottom%20Up_Optimizedpdf.pdf,GOOGLE,1.0,3.0,0.0,1.0,0.0,Overcoming barriers to scaling up mini grids in Sub-Saharan Africa.,From the Bottom Up: How Small Power Producers and Mini-Grids Can Deliver Electrification and Renewable Energy in Africa,"Tenenbaum, B.; Greacen, C.; Siyambalapitiya, T.; Knuckles, J.",Tenenbaum; Greacen; Siyambalapitiya; Knuckles,2018.0,2014.0,Energy for Sustainable Development,World Bank Group/ESMAP,,https://esmap.org/sites/default/files/esmap-files/ESMAP_From%20the%20Bottom%20Up_Optimizedpdf.pdf,0.0,0.0,2.0,GOOGLE,0.0,"✗ Title | ✓ Authors | ✗ Year | ✗ Venue | ○ ID

### Summary
The reference was found but could not be verified as the exact cited work. While the authors (Tenenbaum, Greacen, Siyambalapitiya, Knuckles) match, the 2018 article title and venue differ significantly from the identified 2014 World Bank Group/ESMAP report titled ""From the Bottom Up: How Small Power Producers and Mini-Grids Can Deliver Electrification and Renewable Energy in Africa."" These sources discuss similar themes but are distinct documents.

### Details
A matching record was discovered for a 2014 report by the same four authors hosted by World Bank Group/ESMAP. However, the citation claims a 2018 article titled ""Overcoming barriers to scaling up mini grids in Sub-Saharan Africa"" published in the journal Energy for Sustainable Development, which was not found. The publication years differ by four years, and the venues are unrelated. No DOI or direct identifier was available to conclusively link the cited reference to the candidate document.

- https://esmap.org/sites/default/files/esmap-files/ESMAP_From%20the%20Bottom%20Up_Optimizedpdf.pdf
- https://openknowledge.worldbank.org/entities/publication/845885e9-0936-565c-ad6f-c661acb30f7e",0.0,1.0
"Knuckles, J. (2016). Business models for mini-grid electricity in Africa. Energy for Sustainable Development, 31, 67-82.",Mini-grid electrification,llama_3_1_405b_base,verified-with-error,"Knuckles, J. (2016). Business models for mini-grid electricity in base of the pyramid markets. *Energy for Sustainable Development*. https://www.sciencedirect.com/science/article/pii/S0973082615001349",CONTAINS,MATCH,MATCH,MATCH,ABSENT,Business models for mini-grid electricity in base of the pyramid markets,Knuckles,2016.0,Energy for Sustainable Development,,https://www.sciencedirect.com/science/article/pii/S0973082615001349,GOOGLE,3.0,0.0,1.0,1.0,0.0,Business models for mini-grid electricity in Africa.,Business models for mini-grid electricity in base of the pyramid markets,"Knuckles, J.",Knuckles,2016.0,2016.0,Energy for Sustainable Development,Energy for Sustainable Development,,https://www.sciencedirect.com/science/article/pii/S0973082615001349,1.0,1.0,1.0,GOOGLE,0.0,"◐ Title | ✓ Authors | ✓ Year | ✓ Venue | ○ ID

### Summary
The reference was confirmed with the author Knuckles and the year 2016 matching exactly in the journal Energy for Sustainable Development. However, there is a minor discrepancy in the article title, where the verified version refers to ""mini-grid electricity in base of the pyramid markets"" instead of ""in Africa,"" suggesting a broader or slightly different focus within the same topic.

### Details
A matching record was found in the journal Energy for Sustainable Development from 2016 with the author Knuckles. The core phrase in the title ""Business models for mini-grid electricity"" was preserved, but the verified article specifies ""base of the pyramid markets"" instead of ""in Africa,"" which indicates a minor variation rather than a completely different article. No digital object identifier (DOI) was available in the citation, and searches did not fetch the exact phrase ""in Africa,"" but the key elements align well with the retrieved publication.

- https://www.sciencedirect.com/science/article/pii/S0973082615001349",0.833,0.167
"Franz, M., Peters, D. C., & Twine, E. (2017). Uses and benefits of solar mini-grid systems in Africa. Renewable Energy, 114, 1096-1106.",Mini-grid electrification,llama_3_1_405b_base,unverified,Reference could not be verified.,CONTRADICTION,UNCONFIRMED,MATCH,UNCONFIRMED,ABSENT,Mini-Grids: Empowering Africa's Sustainable Energy Transition,,2017.0,,,https://www.semanticscholar.org/paper/Mini-Grids%3A-Empowering-Africa%E2%80%99s-Sustainable-Energy-Saleh/5052d31cbf774f7fd37189ce2fbe8c896aed8b00,GOOGLE,1.0,1.0,0.0,1.0,2.0,Uses and benefits of solar mini-grid systems in Africa.,Mini-Grids: Empowering Africa's Sustainable Energy Transition,"Franz, M.; Peters, D. C.; Twine, E.",,2017.0,2017.0,Renewable Energy,,,https://www.semanticscholar.org/paper/Mini-Grids%3A-Empowering-Africa%E2%80%99s-Sustainable-Energy-Saleh/5052d31cbf774f7fd37189ce2fbe8c896aed8b00,0.0,0.0,3.0,GOOGLE,0.0,"✗ Title | ? Authors | ✓ Year | ? Venue | ○ ID

### Summary
No matching article could be found that exactly corresponds to the reference by Franz, Peters, and Twine from 2017 titled ""Uses and benefits of solar mini-grid systems in Africa"" published in Renewable Energy. Although the year matches, the title and authors could not be confirmed from available sources.

### Details
A search failed to find a record with the exact title or matching authors. The year 2017 was confirmed, but the closest match found was a publication titled ""Mini-Grids: Empowering Africa's Sustainable Energy Transition"" which focuses on a different topic and lacks author and journal information. No DOI or other identifiers were available to verify the original citation. 

- https://www.semanticscholar.org/paper/Mini-Grids%3A-Empowering-Africa%E2%80%99s-Sustainable-Energy-Saleh/5052d31cbf774f7fd37189ce2fbe8c896aed8b00
- https://www.researchgate.net/publication/367168567_A_review_of_renewable_off-grid_mini-grids_in_Sub-Saharan_Africa
- https://www.researchgate.net/publication/365459764_Renewable_Energy_Mini-Grids_in_Tanzania_A_Path_Toward_a_Sustainable_Africa
- https://repository.tml.nul.ls/bitstream/20.500.14155/1466/1/Thesis_Optimization_Kao_2020.pdf",0.0,1.0
"Kumar, S., Meena, S., & Kumar, N. (2017). Energy access through mini-grid: A case study of an Indian village. Energy for Sustainable Development, 39, 1-9.",Mini-grid electrification,llama_3_1_405b_base,unverified,Reference could not be verified.,CONTRADICTION,MATCH,CONTRADICTION,UNCONFIRMED,ABSENT,Design and evaluation of microgrids based on renewable energy technologies with a perspective of sustainable development,Kumar; Singh; Meena; Deng,2022.0,,10.1142/9781786349033_0014,https://www.worldscientific.com/doi/abs/10.1142/9781786349033_0014,GOOGLE,1.0,2.0,0.0,1.0,1.0,Energy access through mini-grid: A case study of an Indian village,Design and evaluation of microgrids based on renewable energy technologies with a perspective of sustainable development,"Kumar, S.; Meena, S.; Kumar, N.",Kumar; Singh; Meena; Deng,2017.0,2022.0,Energy for Sustainable Development,,,10.1142/9781786349033_0014,0.0,0.0,1.0,GOOGLE,0.0,"✗ Title | ✓ Authors | ✗ Year | ? Venue | ○ ID

### Summary
No matching article could be found for the reference ""Energy access through mini-grid: A case study of an Indian village"" by Kumar, S., Meena, S., & Kumar, N. (2017) in the journal Energy for Sustainable Development. Despite matching authors, the title and publication year do not align with any known records.

### Details
A search across multiple databases did not find a work matching the exact title or year 2017. The title differs significantly from the closest found paper, ""Design and evaluation of microgrids based on renewable energy technologies with a perspective of sustainable development"" (2022), which while sharing some authors, has a different topic focus and publication year. There was no DOI or specific identifier to aid verification. The journal ""Energy for Sustainable Development"" was also not confirmed as the publication venue for any matching article. 

- https://www.worldscientific.com/doi/abs/10.1142/9781786349033_0014
- https://www.mdpi.com/journal/energies
- https://openalex.org
- https://scholar.google.com",0.0,1.0
"Camblong, H., Sarr, J., Niang, A. T., Curea, O., Alzola, J. A., Sylla, E. H., & Santos, M. (2009). Micro-grids project, Part 1: Analysis of rural electrification with high content of renewable energy sources in Senegal. Renewable Energy, 34(10), 2141-2150.",Mini-grid electrification,llama_3_1_405b_base,verified,"Camblong, H., Sarr, J. G., Niang, A., Curea, O., Alzola, J. A., Sylla, E. H., & Santos-Mugica, M. (2009). Micro-grids project, Part 1: Analysis of rural electrification with high content of renewable energy sources in Senegal. *Renewable Energy*, 34(10), 2141-2150. https://doi.org/10.1016/j.renene.2009.01.015",MATCH,MATCH,MATCH,MATCH,ABSENT,"Micro-grids project, Part 1: Analysis of rural electrification with high content of renewable energy sources in Senegal",Camblong; Sarr; Niang,2009.0,Renewable Energy,10.1016/j.renene.2009.01.015,https://doi.org/10.1016/j.renene.2009.01.015,GOOGLE,4.0,0.0,0.0,1.0,0.0,"Micro-grids project, Part 1: Analysis of rural electrification with high content of renewable energy sources in Senegal.","Micro-grids project, Part 1: Analysis of rural electrification with high content of renewable energy sources in Senegal","Camblong, H.; Sarr, J.; Niang, A. T.; Curea, O.; Alzola, J. A.; Sylla, E. H.; Santos, M.",Camblong; Sarr; Niang,2009.0,2009.0,Renewable Energy,Renewable Energy,,10.1016/j.renene.2009.01.015,1.0,1.0,1.0,GOOGLE,0.0,"✓ Title | ✓ Authors | ✓ Year | ✓ Venue | ○ ID

### Summary
This article was confirmed in the journal Renewable Energy with matching authors Camblong, Sarr, and Niang, and the year 2009. The exact title was also verified.

### Details
A matching record was found for the article titled ""Micro-grids project, Part 1: Analysis of rural electrification with high content of renewable energy sources in Senegal"" published in Renewable Energy in 2009. The authors Camblong, Sarr, and Niang matched exactly, although some author name formats used initials in the citation. The publication details, including journal and year, corresponded precisely. The article has the DOI https://doi.org/10.1016/j.renene.2009.01.015.

- https://doi.org/10.1016/j.renene.2009.01.015",1.0,0.0
"Yadoo, A., & Cruickshank, H. (2012). The role for low carbon electrification technologies in poverty reduction and climate change strategies: A focus on renewable energy mini-grids with case studies in Nepal, Peru and Kenya. Energy Policy, 42, 591-602.",Mini-grid electrification,llama_3_1_405b_base,verified,"Yadoo, A., & Cruickshank, H. (2012). The role for low carbon electrification technologies in poverty reduction and climate change strategies: A focus on renewable energy mini-grids with case studies in Nepal, Peru and Kenya. *Energy Policy*, 42, 591-602. https://doi.org/10.1016/j.enpol.2011.12.029",MATCH,MATCH,MATCH,MATCH,ABSENT,"The role for low carbon electrification technologies in poverty reduction and climate change strategies: A focus on renewable energy mini-grids with case studies in Nepal, Peru and Kenya",Yadoo; Cruickshank,2012.0,Energy Policy,10.1016/j.enpol.2011.12.029,https://doi.org/10.1016/j.enpol.2011.12.029,GOOGLE,4.0,0.0,0.0,1.0,0.0,"The role for low carbon electrification technologies in poverty reduction and climate change strategies: A focus on renewable energy mini-grids with case studies in Nepal, Peru and Kenya.","The role for low carbon electrification technologies in poverty reduction and climate change strategies: A focus on renewable energy mini-grids with case studies in Nepal, Peru and Kenya","Yadoo, A.; Cruickshank, H.",Yadoo; Cruickshank,2012.0,2012.0,Energy Policy,Energy Policy,,10.1016/j.enpol.2011.12.029,1.0,1.0,1.0,GOOGLE,0.0,"✓ Title | ✓ Authors | ✓ Year | ✓ Venue | ○ ID

### Summary
This article was confirmed in Energy Policy with matching authors Yadoo and Cruickshank and the year 2012. The full title was an exact match as well.

### Details
A matching record was found with the exact title ""The role for low carbon electrification technologies in poverty reduction and climate change strategies: A focus on renewable energy mini-grids with case studies in Nepal, Peru and Kenya."" The authors Yadoo and Cruickshank matched by surname. The year 2012 matched exactly. The publication was confirmed in the journal Energy Policy. The record included a DOI link https://doi.org/10.1016/j.enpol.2011.12.029.

- https://doi.org/10.1016/j.enpol.2011.12.029",1.0,0.0
"Eberhard, A., Leigland, J., & Kolker, J. (2017). South Africa's renewable energy IPP procurement program: Success factors and lessons. World Bank Publications.",Mini-grid electrification,llama_3_1_405b_base,verified-with-error,"Kolker, J. E., Eberhard, A., & Leigland, J. (2014). South Africa's Renewable Energy IPP Procurement Program: Success Factors and Lessons (pp. 1-56). *World Bank*. https://doi.org/10.1596/20039",MATCH,MATCH,CONTRADICTION,UNCONFIRMED,ABSENT,South Africa's Renewable Energy IPP Procurement Program : Success Factors and Lessons,Kolker; Eberhard; Leigland,2014.0,,10.1596/20039,https://doi.org/10.1596/20039,GOOGLE,2.0,1.0,0.0,1.0,1.0,South Africa's renewable energy IPP procurement program: Success factors and lessons.,South Africa's Renewable Energy IPP Procurement Program : Success Factors and Lessons,"Eberhard, A.; Leigland, J.; Kolker, J.",Kolker; Eberhard; Leigland,2017.0,2014.0,World Bank Publications,,,10.1596/20039,0.0,0.0,1.0,GOOGLE,0.0,"✓ Title | ✓ Authors | ✗ Year | ? Venue | ○ ID

### Summary
This book was found and confirmed with matching title and authors. However, the publication year in the citation (2017) differs from the confirmed year (2014).

### Details
A matching record was found titled ""South Africa's Renewable Energy IPP Procurement Program: Success Factors and Lessons"" with authors Kolker, Eberhard, and Leigland matching exactly by surname. The title matched exactly. The confirmed publication year is 2014, which is different from the 2017 cited. No exact venue information was available, and no DOI was provided in the citation, but the official source lists a DOI (10.1596/20039). The source URLs include:

- [World Bank Open Knowledge Repository](https://openknowledge.worldbank.org/entities/publication/141693cf-1ed8-587d-9f30-0a7ef30c4998)
- [Google Books](https://books.google.com/books?hl=en&lr=&id=N4ALDAAAQBAJ&oi=fnd&pg=PR3&dq=Eberhard+Leigland+Kolker+2017+South+Africa%27s+renewable+energy+IPP+procurement+program:+Success+factors+and+lessons+World+Bank+Publications&ots=tf5vaNMz6m&sig=iTM8Th-ICKHvyZSRc5d1PY4qnso)
- [World Bank DOI Link](https://doi.org/10.1596/20039)",0.4,0.6
"Amin, H. (2009). An analysis of mobile banking in the context of developing countries. International Journal of Mobile Communications, 7(3), 347-365.",Mobile banking,llama_3_1_405b_base,unverified,Reference could not be verified.,CONTRADICTION,CONTAINS,CONTRADICTION,CONTRADICTION,ABSENT,An analysis of mobile banking acceptance by Malaysian customers,Hanudin; Baba,2007.0,Sunway academic journal,,https://www.researchgate.net/profile/Hanudin-Amin/publication/277166512_An_analysis_of_mobile_banking_acceptance_by_Malaysian_customers/links/55c88d3908aebc967df8e654/An-analysis-of-mobile-banking-acceptance-by-Malaysian-customers.pdf,GOOGLE,0.0,3.0,1.0,1.0,0.0,An analysis of mobile banking in the context of developing countries.,An analysis of mobile banking acceptance by Malaysian customers,"Amin, H.",Hanudin; Baba,2009.0,2007.0,International Journal of Mobile Communications,Sunway academic journal,,https://www.researchgate.net/profile/Hanudin-Amin/publication/277166512_An_analysis_of_mobile_banking_acceptance_by_Malaysian_customers/links/55c88d3908aebc967df8e654/An-analysis-of-mobile-banking-acceptance-by-Malaysian-customers.pdf,0.0,0.0,1.0,GOOGLE,1.0,"✗ Title | ◐ Authors | ✗ Year | ✗ Venue | ○ ID

### Summary
No matching article could be found for the reference ""An analysis of mobile banking in the context of developing countries"" by Amin (2009). The available records show a different article by Hanudin Amin and Baba from 2007 focusing on mobile banking acceptance by Malaysian customers, which differs in title, year, and journal.

### Details
A search found a close match titled ""An analysis of mobile banking acceptance by Malaysian customers"" published in 2007 in the Sunway academic journal by authors Hanudin and Baba. The citation differs in year (2009 vs 2007), title scope (general developing countries vs Malaysian customers), and venue (International Journal of Mobile Communications vs Sunway academic journal). No DOI or other identifiers were found for the cited reference. Multiple search attempts did not find any record that matches all citation details exactly.

- https://www.researchgate.net/profile/Hanudin-Amin/publication/277166512_An_analysis_of_mobile_banking_acceptance_by_Malaysian_customers/links/55c88d3908aebc967df8e654/An-analysis-of-mobile-banking-acceptance-by-Malaysian-customers.pdf
- https://www.researchgate.net/publication/277166512_An_analysis_of_mobile_banking_acceptance_by_Malaysian_customers",0.0,1.0
"Chitungo, S. K., & Munongo, S. (2013). Extending the technology acceptance model to mobile banking adoption in rural Zimbabwe. Journal of Business Administration and Education, 3(1), 51-79.",Mobile banking,llama_3_1_405b_base,verified,"Chitungo, S. K., & Munongo, S. (2013). *Extending the Technology Acceptance Model to Mobile Banking Adoption in Rural Zimbabwe*. *Journal of Business Administration and Education*, 3(1), 51-79. http://www.airitilibrary.com//Publication/Index?FirstID=P20151216014-201306-201512210007-201512210007-51-79",MATCH,MATCH,MATCH,MATCH,ABSENT,Extending the Technology Acceptance Model to Mobile Banking Adoption in Rural Zimbabwe,Chitungo; Munongo,2013.0,Journal of Business Administration and Education,,http://www.airitilibrary.com//Publication/Index?FirstID=P20151216014-201306-201512210007-201512210007-51-79,GOOGLE,4.0,0.0,0.0,1.0,0.0,Extending the technology acceptance model to mobile banking adoption in rural Zimbabwe.,Extending the Technology Acceptance Model to Mobile Banking Adoption in Rural Zimbabwe,"Chitungo, S. K.; Munongo, S.",Chitungo; Munongo,2013.0,2013.0,Journal of Business Administration and Education,Journal of Business Administration and Education,,http://www.airitilibrary.com//Publication/Index?FirstID=P20151216014-201306-201512210007-201512210007-51-79,1.0,1.0,1.0,GOOGLE,0.0,"✓ Title | ✓ Authors | ✓ Year | ✓ Venue | ○ ID

### Summary
This article was confirmed in the Journal of Business Administration and Education with matching authors Chitungo and Munongo and the publication year 2013. The article title exactly matches the verified record.

### Details
A matching record was found with the exact title ""Extending the Technology Acceptance Model to Mobile Banking Adoption in Rural Zimbabwe"" and authors Chitungo and Munongo. The year 2013 matched exactly, and the publication venue was confirmed as the Journal of Business Administration and Education. Although no identifier like a DOI was present, the reliable URL to the article in the Airiti Library was provided as supporting evidence.

- http://www.airitilibrary.com//Publication/Index?FirstID=P20151216014-201306-201512210007-201512210007-51-79
- https://scispace.com/papers/extending-the-technology-acceptance-model-to-mobile-banking-p2yd5b6jxm
- https://www.semanticscholar.org/paper/Extending-the-Technology-Acceptance-Model-to-Mobile-Chitungo-Munongo/f3a295d88983bba56d9264b96f3197faa8bf7027",1.0,0.0
"Cruz, P., Neto, L. B. F., Munoz-Gallego, P., & Laukkanen, T. (2010). Mobile banking rollout in emerging markets: evidence from Brazil. International Journal of Bank Marketing, 28(5), 342-371.",Mobile banking,llama_3_1_405b_base,verified,"Cruz, P., Filgueiras Neto, L. B., Muñoz Gallego, P. A., & Laukkanen, T. (2010). Mobile banking rollout in emerging markets: evidence from Brazil. *International Journal of Bank Marketing*, 28(5), 342-371. https://doi.org/10.1108/02652321011064881",MATCH,MATCH,MATCH,MATCH,ABSENT,Mobile banking rollout in emerging markets: evidence from Brazil,Cruz; Filgueiras Neto; Muñoz Gallego; Laukkanen,2010.0,International Journal of Bank Marketing,10.1108/02652321011064881,https://doi.org/10.1108/02652321011064881,GOOGLE,4.0,0.0,0.0,1.0,0.0,Mobile banking rollout in emerging markets: evidence from Brazil.,Mobile banking rollout in emerging markets: evidence from Brazil,"Cruz, P.; Neto, L. B. F.; Munoz-Gallego, P.; Laukkanen, T.",Cruz; Filgueiras Neto; Muñoz Gallego; Laukkanen,2010.0,2010.0,International Journal of Bank Marketing,International Journal of Bank Marketing,,10.1108/02652321011064881,1.0,1.0,1.0,GOOGLE,0.0,"✓ Title | ✓ Authors | ✓ Year | ✓ Venue | ○ ID

### Summary
This article was confirmed in the International Journal of Bank Marketing with matching authors and year. The title ""Mobile banking rollout in emerging markets: evidence from Brazil"" was exactly matched, and the author list corresponds closely despite minor name format variations.

### Details
A matching record was found with the exact title and matching publication year 2010. The authors Cruz, Neto, Munoz Gallego, and Laukkanen were confirmed, with slight differences only in name spelling and ordering formats. The article is published in the International Journal of Bank Marketing, volume 28, issue 5, pages 342-371. The DOI 10.1108/02652321011064881 further confirms the match.

- https://doi.org/10.1108/02652321011064881",1.0,0.0
"Dahlberg, T., Mallat, N., Ondrus, J., & Zmijewska, A. (2008). Past, present and future of mobile payments research: A literature review. Electronic Commerce Research and Applications, 7(2), 165-181.",Mobile banking,llama_3_1_405b_base,verified,"Dahlberg, T., Mallat, N., Ondru61, J., & Zmijewska, A. (2007). Past, present and future of mobile payments research: A literature review. *Electronic Commerce Research and Applications*, 7(2), 165-181. https://doi.org/10.1016/j.elerap.2007.02.001",MATCH,MATCH,CONTAINS,MATCH,ABSENT,"Past, present and future of mobile payments research: A literature review",Dahlberg; Mallat; Ondrus; Zmijewska,2007.0,Electronic Commerce Research and Applications,10.1016/j.elerap.2007.02.001,https://doi.org/10.1016/j.elerap.2007.02.001,GOOGLE,3.0,0.0,1.0,1.0,0.0,"Past, present and future of mobile payments research: A literature review","Past, present and future of mobile payments research: A literature review","Dahlberg, T.; Mallat, N.; Ondrus, J.; Zmijewska, A.",Dahlberg; Mallat; Ondrus; Zmijewska,2008.0,2007.0,Electronic Commerce Research and Applications,Electronic Commerce Research and Applications,,10.1016/j.elerap.2007.02.001,1.0,1.0,1.0,GOOGLE,0.0,"✓ Title | ✓ Authors | ◐ Year | ✓ Venue | ○ ID

### Summary
This article was confirmed in Electronic Commerce Research and Applications with matching title, authors, and venue. The publication year in the citation was 2008, while the evidence shows it was published in 2007, which is within an acceptable range for verification.

### Details
A matching record was found with the exact title ""Past, present and future of mobile payments research: A literature review"" and authors Dahlberg, Mallat, Ondrus, and Zmijewska. The journal Electronic Commerce Research and Applications matched exactly. The citation year of 2008 differs by one year from the evidence year of 2007, which is considered acceptable. No DOI was provided in the citation, but the article's DOI is 10.1016/j.elerap.2007.02.001.

- https://doi.org/10.1016/j.elerap.2007.02.001
- https://www.sciencedirect.com/science/article/pii/S1567422307000075
- https://research.aalto.fi/en/publications/past-present-and-future-of-mobile-payments-research-a-literature-/",0.9,0.1
"Pluess, B., Tanser, F. C., Lengeler, C., & Sharp, B. L. (2010). Indoor residual spraying for preventing malaria. Cochrane Database of Systematic Reviews, (4), CD006657.",Malaria prevention,llama_3_1_405b_base,verified,"Pluess, B., Tanser, F., Lengeler, C., & Sharp, B. (2010). Indoor residual spraying for preventing malaria. *Cochrane Database of Systematic Reviews*, (4), CD006657. https://doi.org/10.1002/14651858.cd006657.pub2",MATCH,MATCH,MATCH,MATCH,ABSENT,Indoor residual spraying for preventing malaria,Pluess; Tanser; Lengeler; Sharp,2010.0,Cochrane Database of Systematic Reviews,10.1002/14651858.cd006657.pub2,https://doi.org/10.1002/14651858.cd006657.pub2,GOOGLE,4.0,0.0,0.0,1.0,0.0,Indoor residual spraying for preventing malaria.,Indoor residual spraying for preventing malaria,"Pluess, B.; Tanser, F. C.; Lengeler, C.; Sharp, B. L.",Pluess; Tanser; Lengeler; Sharp,2010.0,2010.0,Cochrane Database of Systematic Reviews,Cochrane Database of Systematic Reviews,,10.1002/14651858.cd006657.pub2,1.0,1.0,1.0,GOOGLE,0.0,"✓ Title | ✓ Authors | ✓ Year | ✓ Venue | ○ ID

### Summary
This article was confirmed in the Cochrane Database of Systematic Reviews with matching authors Pluess, Tanser, Lengeler, and Sharp, and the publication year 2010.

### Details
A matching record was found with the exact title ""Indoor residual spraying for preventing malaria"" and authors matching by surname. The year 2010 matched exactly. The journal name also matched perfectly. Although the original citation lacked an identifier, the corresponding DOI 10.1002/14651858.cd006657.pub2 was found, linking to the publisher's page.

- [https://doi.org/10.1002/14651858.cd006657.pub2]",1.0,0.0
"Gu, J. C., Lee, S. C., & Suh, Y. H. (2009). Determinants of behavioral intention to mobile banking. Expert Systems with Applications, 36(9), 11605-11616.",Mobile banking,llama_3_1_405b_base,verified,"Gu, J.-C., Lee, S.-C., & Suh, Y.-H. (2009). Determinants of behavioral intention to mobile banking. *Expert Systems with Applications*, 36(9), 11605-11616. https://doi.org/10.1016/j.eswa.2009.03.024",MATCH,MATCH,MATCH,MATCH,ABSENT,Determinants of behavioral intention to mobile banking,Gu; Lee; Suh,2009.0,Expert Systems with Applications,10.1016/j.eswa.2009.03.024,https://doi.org/10.1016/j.eswa.2009.03.024,GOOGLE,4.0,0.0,0.0,1.0,0.0,Determinants of behavioral intention to mobile banking.,Determinants of behavioral intention to mobile banking,"Gu, J. C.; Lee, S. C.; Suh, Y. H.",Gu; Lee; Suh,2009.0,2009.0,Expert Systems with Applications,Expert Systems with Applications,,10.1016/j.eswa.2009.03.024,1.0,1.0,1.0,GOOGLE,0.0,"✓ Title | ✓ Authors | ✓ Year | ✓ Venue | ○ ID

### Summary
This article was confirmed in the journal Expert Systems with Applications with matching authors Gu, Lee, and Suh, and the year 2009.

### Details
A matching record was found with the exact title ""Determinants of behavioral intention to mobile banking."" The authors matched by surname exactly as Gu, Lee, and Suh. The publication year 2009 was confirmed perfectly, and the article was published in the journal Expert Systems with Applications. Although no identifier was provided in the citation, the matching record includes a DOI: 10.1016/j.eswa.2009.03.024, accessible at the provided URL.

- https://doi.org/10.1016/j.eswa.2009.03.024",1.0,0.0
"Lengeler, C. (2004). Insecticide-treated bed nets and curtains for preventing malaria. Cochrane Database of Systematic Reviews, (2), CD000363.",Malaria prevention,llama_3_1_405b_base,verified,"Lengeler, C. (2004). Insecticide-treated bed nets and curtains for preventing malaria. *Cochrane Database of Systematic Reviews*, (2), CD000363. https://doi.org/10.1002/14651858.CD000363.pub2",MATCH,MATCH,MATCH,MATCH,ABSENT,Insecticide-treated bed nets and curtains for preventing malaria,Lengeler,2004.0,Cochrane Database of Systematic Reviews,10.1002/14651858.CD000363.pub2,https://doi.org/10.1002/14651858.CD000363.pub2,GOOGLE,4.0,0.0,0.0,1.0,0.0,Insecticide-treated bed nets and curtains for preventing malaria.,Insecticide-treated bed nets and curtains for preventing malaria,"Lengeler, C.",Lengeler,2004.0,2004.0,Cochrane Database of Systematic Reviews,Cochrane Database of Systematic Reviews,,10.1002/14651858.CD000363.pub2,1.0,1.0,2.0,GOOGLE,0.0,"✓ Title | ✓ Authors | ✓ Year | ✓ Venue | ○ ID

### Summary
This article was confirmed in the Cochrane Database of Systematic Reviews with matching title, author, year, and journal. The reference corresponds exactly to the 2004 publication by Lengeler on insecticide-treated bed nets and curtains for preventing malaria.

### Details
A matching record was found with exact matches in the title ""Insecticide-treated bed nets and curtains for preventing malaria"", author ""Lengeler"", year 2004, and venue ""Cochrane Database of Systematic Reviews"". Although the citation lacked a digital identifier, the DOI ""10.1002/14651858.CD000363.pub2"" corresponds to this article confirming its validity. Additional searches on PubMed and the Cochrane Library further support the identification of this article. 

- https://doi.org/10.1002/14651858.CD000363.pub2
- https://pubmed.ncbi.nlm.nih.gov/15106149/
- https://www.cochranelibrary.com/cdsr/doi/10.1002/14651858.CD000363.pub2/abstract",1.0,0.0
"Greenwood, B. M., Bojang, K., Whitty, C. J., & Targett, G. A. (2005). Malaria. The Lancet, 365(9469), 1487-1498.",Malaria prevention,llama_3_1_405b_base,verified,"Greenwood, B. M., Bojang, K., Whitty, C. J. M., & Targett, G. A. T. (2005). Malaria. *The Lancet*, 365(9469), 1487–1498. https://doi.org/10.1016/S0140-6736(05)66420-3",MATCH,MATCH,MATCH,MATCH,ABSENT,Malaria,Greenwood; Bojang; Whitty; Targett,2005.0,The Lancet,10.1016/S0140-6736(05)66420-3,https://www.thelancet.com/journals/lancet/article/PIIS0140-6736(05)66420-3/abstract,GOOGLE,4.0,0.0,0.0,1.0,0.0,Malaria,Malaria,"Greenwood, B. M.; Bojang, K.; Whitty, C. J.; Targett, G. A.",Greenwood; Bojang; Whitty; Targett,2005.0,2005.0,The Lancet,The Lancet,,10.1016/S0140-6736(05)66420-3,1.0,1.0,1.0,GOOGLE,0.0,"✓ Title | ✓ Authors | ✓ Year | ✓ Venue | ○ ID

### Summary
This article was confirmed in The Lancet with matching authors Greenwood, Bojang, Whitty, and Targett, published in 2005. The title ""Malaria"" was verified exactly as provided.

### Details
A matching record was found with the title ""Malaria"" published in The Lancet in 2005. The authors match by surname exactly as listed: Greenwood, Bojang, Whitty, and Targett. Although no identifier (such as a DOI) was provided in the citation, the article corresponds perfectly to the reference details including journal, year, and page numbers. Relevant source URLs include:

- [The Lancet Article](https://www.thelancet.com/journals/lancet/article/PIIS0140-6736(05)66420-3/abstract)
- [PubMed Entry](https://pubmed.ncbi.nlm.nih.gov/15850634/)",1.0,0.0
National Institute of Mental Health (2020). Depression. U.S. Department of Health and Human Services.,Health,llama_3_1_405b_base,verified-with-error,National Institute of Mental Health. (2020). Depression Mental Health Minute. *National Institute of Mental Health*. https://www.nimh.nih.gov/news/media/2020/depression-mental-health-minute,CONTAINS,MATCH,MATCH,CONTAINS,ABSENT,Depression Mental Health Minute,National Institute of Mental Health,2020.0,National Institute of Mental Health,,https://www.nimh.nih.gov/news/media/2020/depression-mental-health-minute,GOOGLE,2.0,0.0,2.0,1.0,0.0,Depression,Depression Mental Health Minute,National Institute of Mental Health,National Institute of Mental Health,2020.0,2020.0,U.S. Department of Health and Human Services,National Institute of Mental Health,,https://www.nimh.nih.gov/news/media/2020/depression-mental-health-minute,2.0,2.0,2.0,GOOGLE,0.0,"◐ Title | ✓ Authors | ✓ Year | ◐ Venue | ○ ID

### Summary
This reference was verified as relating to a publication by the National Institute of Mental Health from 2020. The core title ""Depression"" matches, although the found document includes a subtitle ""Mental Health Minute"". The listed year and author organization also match exactly, confirming the source. However, the publication is officially attributed to the National Institute of Mental Health rather than the broader U.S. Department of Health and Human Services as cited, leading to a minor discrepancy.

### Details
A matching record was found titled ""Depression Mental Health Minute"" authored by the National Institute of Mental Health dated 2020. The citation's core phrase ""Depression"" is confirmed despite the additional subtitle in the evidence. Authors and year match exactly. The citation references the U.S. Department of Health and Human Services as the publisher, but the found document is published by the National Institute of Mental Health, an agency under the HHS umbrella, explaining the partial venue overlap. No DOI or identifier was present in the citation for further confirmation.

- https://www.nimh.nih.gov/news/media/2020/depression-mental-health-minute
- https://www.nimh.nih.gov/health/publications/depression
- https://www.nimh.nih.gov/health/topics/depression",0.733,0.267
"Sallis, J. F., Bull, F., Guthold, R., Heath, G. W., Inoue, S., Kelly, P., ... & Hallal, P. C. (2016). Progress in physical activity over the Olympic quadrennium. The Lancet, 388(10051), 1325-1336.",Health,llama_3_1_405b_base,verified,"Sallis, J. F., Bull, F., Guthold, R., Heath, G. W., Inoue, S., Kelly, P., Oyeyemi, A. L., Perez, L. G., Richards, J., & Hallal, P. C. (2016). Progress in physical activity over the Olympic quadrennium. *The Lancet*, 388(10051), 1325-1336. https://doi.org/10.1016/S0140-6736(16)30581-5",MATCH,CONTAINS,MATCH,MATCH,ABSENT,Progress in physical activity over the Olympic quadrennium,Sallis; Bull; Guthold; Heath; Inoue; Kelly; Oyeyemi; Perez; Richards; Hallal,2016.0,The Lancet,10.1016/S0140-6736(16)30581-5,https://doi.org/10.1016/S0140-6736(16)30581-5,GOOGLE,3.0,0.0,1.0,1.0,0.0,Progress in physical activity over the Olympic quadrennium,Progress in physical activity over the Olympic quadrennium,"Sallis, J. F.; Bull, F.; Guthold, R.; Heath, G. W.; Inoue, S.; Kelly, P.; Hallal, P. C.",Sallis; Bull; Guthold; Heath; Inoue; Kelly; Oyeyemi; Perez; Richards; Hallal,2016.0,2016.0,The Lancet,The Lancet,,10.1016/S0140-6736(16)30581-5,1.0,1.0,1.0,GOOGLE,0.0,"✓ Title | ◐ Authors | ✓ Year | ✓ Venue | ○ ID

### Summary
This article was confirmed in The Lancet with matching title, year, and including the cited authors among the full author list. The publication year 2016 and journal name matched exactly as well.

### Details
A matching record was found with the exact title ""Progress in physical activity over the Olympic quadrennium"". The authors listed in the citation were all included in the evidence, which also contained additional authors. The year 2016 and the journal The Lancet matched exactly the citation details. Although no identifier like a DOI was provided in the citation, the verified record includes DOI 10.1016/S0140-6736(16)30581-5 with a corresponding URL.

- https://doi.org/10.1016/S0140-6736(16)30581-5
- https://pubmed.ncbi.nlm.nih.gov/27475270/
- https://www.thelancet.com/journals/lancet/article/PIIS0140-6736(16)30581-5/abstract",0.867,0.133
"Morens, D. M., Folkers, G. K., & Fauci, A. S. (2004). The challenge of emerging and re-emerging infectious diseases. Nature, 430(6996), 242-249.",Infectious disease,llama_3_1_405b_base,verified,"Morens, D. M., Folkers, G. K., & Fauci, A. S. (2004). The challenge of emerging and re-emerging infectious diseases. *Nature*, 430(6996), 242-249. https://doi.org/10.1038/nature02759",MATCH,MATCH,MATCH,MATCH,ABSENT,The challenge of emerging and re-emerging infectious diseases,Morens; Folkers; Fauci,2004.0,Nature,10.1038/nature02759,https://doi.org/10.1038/nature02759,GOOGLE,4.0,0.0,0.0,1.0,0.0,The challenge of emerging and re-emerging infectious diseases.,The challenge of emerging and re-emerging infectious diseases,"Morens, D. M.; Folkers, G. K.; Fauci, A. S.",Morens; Folkers; Fauci,2004.0,2004.0,Nature,Nature,,10.1038/nature02759,1.0,1.0,1.0,GOOGLE,0.0,"✓ Title | ✓ Authors | ✓ Year | ✓ Venue | ○ ID

### Summary
This article was confirmed in Nature with matching authors Morens, Folkers, and Fauci and the year 2004. The title ""The challenge of emerging and re-emerging infectious diseases"" was exactly matched as well.

### Details
A matching record was found with the exact title and the same authors by surname. The publication year 2004 and journal Nature also matched exactly. Although no identifier was provided in the citation, the corresponding DOI 10.1038/nature02759 was found, confirming the accuracy of the reference.

- https://doi.org/10.1038/nature02759",1.0,0.0
"Jones, K. E., Patel, N. G., Levy, M. A., Storeygard, A., Balk, D., Gittleman, J. L., & Daszak, P. (2008). Global trends in emerging infectious diseases. Nature, 451(7181), 990-993.",Infectious disease,llama_3_1_405b_base,verified,"Jones, K. E., Patel, N., Levy, M. A., Storeygard, A., Balk, D., Gittleman, J. L., & Daszak, P. (2008). Global trends in emerging infectious diseases. *Nature*, 451(7181), 990-993. https://doi.org/10.1038/nature06536",MATCH,MATCH,MATCH,MATCH,ABSENT,Global trends in emerging infectious diseases,Jones; Patel; Levy; Storeygard; Balk; Gittleman; Daszak,2008.0,Nature,10.1038/nature06536,https://doi.org/10.1038/nature06536,GOOGLE,4.0,0.0,0.0,1.0,0.0,Global trends in emerging infectious diseases,Global trends in emerging infectious diseases,"Jones, K. E.; Patel, N. G.; Levy, M. A.; Storeygard, A.; Balk, D.; Gittleman, J. L.; Daszak, P.",Jones; Patel; Levy; Storeygard; Balk; Gittleman; Daszak,2008.0,2008.0,Nature,Nature,,10.1038/nature06536,1.0,1.0,1.0,GOOGLE,0.0,"✓ Title | ✓ Authors | ✓ Year | ✓ Venue | ○ ID

### Summary
This article was confirmed in the journal Nature with matching authors, title, and year. The key details such as the title ""Global trends in emerging infectious diseases"" and the list of authors (Jones, Patel, Levy, Storeygard, Balk, Gittleman, Daszak) matched exactly, supporting the verification.

### Details
A matching record was found with the exact title and the same author surnames in Nature from 2008. The year and journal name also matched precisely. Although no identifier was provided in the original reference, the found article corresponds to the DOI 10.1038/nature06536, providing an additional verification layer.

- https://doi.org/10.1038/nature06536",1.0,0.0
"Fauci, A. S., & Morens, D. M. (2012). The perpetual challenge of infectious diseases. New England Journal of Medicine, 366(5), 454-461.",Infectious disease,llama_3_1_405b_base,verified,"Fauci, A. S., & Morens, D. M. (2012). The Perpetual Challenge of Infectious Diseases. *New England Journal of Medicine*, 366(5), 454-461. https://doi.org/10.1056/nejmra1108296",MATCH,MATCH,MATCH,MATCH,ABSENT,The Perpetual Challenge of Infectious Diseases,Fauci; Morens,2012.0,New England Journal of Medicine,10.1056/nejmra1108296,https://doi.org/10.1056/nejmra1108296,GOOGLE,4.0,0.0,0.0,1.0,0.0,The perpetual challenge of infectious diseases.,The Perpetual Challenge of Infectious Diseases,"Fauci, A. S.; Morens, D. M.",Fauci; Morens,2012.0,2012.0,New England Journal of Medicine,New England Journal of Medicine,,10.1056/nejmra1108296,1.0,1.0,1.0,GOOGLE,0.0,"✓ Title | ✓ Authors | ✓ Year | ✓ Venue | ○ ID

### Summary
This article was confirmed in the New England Journal of Medicine with matching authors Fauci and Morens and the year 2012. The title ""The Perpetual Challenge of Infectious Diseases"" matched exactly.

### Details
A matching record was found with the exact title ""The Perpetual Challenge of Infectious Diseases."" The authors Fauci and Morens were confirmed by surname, and the year 2012 matched exactly. The article was published in the New England Journal of Medicine. No identifier was provided in the citation, but the corresponding DOI is 10.1056/nejmra1108296.

- https://doi.org/10.1056/nejmra1108296",1.0,0.0
"Smith, K. F., Goldberg, M., Rosenthal, S., Carlson, L., Chen, J., Chen, C., & Ramachandran, S. (2014). Global patterns in the emergence of zoonotic viruses. Nature Communications, 5(1), 1-9.",Infectious disease,llama_3_1_405b_base,unverified,Reference could not be verified.,CONTRADICTION,MATCH,MATCH,CONTRADICTION,ABSENT,Global rise in human infectious disease outbreaks,Smith; Goldberg; Rosenthal; Carlson; Chen; Chen; Ramachandran,2014.0,Journal of the Royal Society Interface,,https://royalsocietypublishing.org/rsif/article/11/101/20140950/35255,GOOGLE,2.0,2.0,0.0,1.0,0.0,Global patterns in the emergence of zoonotic viruses,Global rise in human infectious disease outbreaks,"Smith, K. F.; Goldberg, M.; Rosenthal, S.; Carlson, L.; Chen, J.; Chen, C.; Ramachandran, S.",Smith; Goldberg; Rosenthal; Carlson; Chen; Chen; Ramachandran,2014.0,2014.0,Nature Communications,Journal of the Royal Society Interface,,https://royalsocietypublishing.org/rsif/article/11/101/20140950/35255,0.0,0.0,1.0,GOOGLE,0.0,"✗ Title | ✓ Authors | ✓ Year | ✗ Venue | ○ ID

### Summary
No matching article titled ""Global patterns in the emergence of zoonotic viruses"" in Nature Communications could be found for the 2014 publication by Smith et al. Although the authors and year match, the title and journal are different from any verified record, indicating this reference could not be verified.

### Details
A record was found for a 2014 article by Smith, Goldberg, Rosenthal, Carlson, Chen, and Ramachandran matching the authors and year, but titled ""Global rise in human infectious disease outbreaks"" published in the Journal of the Royal Society Interface, not Nature Communications. The titles refer to different topics and journals, and no identifier was provided to confirm the citation. Search efforts in multiple scholarly databases and Google did not locate an article with the provided title and venue. These inconsistencies led to the conclusion that no accurate match exists for the original reference.

- https://royalsocietypublishing.org/rsif/article/11/101/20140950/35255
- https://brown.edu/Research/Ramachandran_Lab/files/publications/J.%20R.%20Soc.%20Interface-2014-Smith-.pdf
- https://pmc.ncbi.nlm.nih.gov/articles/PMC4921293/
- https://www.nature.com/articles/s41467-017-00923-8",0.0,1.0
WHO (2019). Global Tuberculosis Report 2019. World Health Organization.,Infectious disease,llama_3_1_405b_base,verified,World Health Organization. (2019). *Global tuberculosis report 2019*. World Health Organization. https://www.who.int/publications-detail-redirect/global-tuberculosis-report-2019,MATCH,MATCH,MATCH,MATCH,ABSENT,Global tuberculosis report 2019,World Health Organization,2019.0,World Health Organization,,https://www.who.int/publications-detail-redirect/global-tuberculosis-report-2019,GOOGLE,4.0,0.0,0.0,1.0,0.0,Global Tuberculosis Report 2019,Global tuberculosis report 2019,World Health Organization,World Health Organization,2019.0,2019.0,World Health Organization,World Health Organization,,https://www.who.int/publications-detail-redirect/global-tuberculosis-report-2019,1.0,1.0,1.0,GOOGLE,0.0,"✓ Title | ✓ Authors | ✓ Year | ✓ Venue | ○ ID

### Summary
This report was confirmed as the ""Global Tuberculosis Report 2019"" published by the World Health Organization in 2019. The title, authoring organization, year of publication, and publisher all matched exactly as cited.

### Details
A matching record was found with the title ""Global tuberculosis report 2019"" authored by the World Health Organization and published in 2019. The citation details aligned precisely with the evidence source. Although no digital object identifier (DOI) was present, the report is accessible online via the World Health Organization's official website. This confirms the citation is accurate and verified.

- https://www.who.int/publications-detail-redirect/global-tuberculosis-report-2019",1.0,0.0
"Li, Q., Guan, X., Wu, P., Wang, X., Zhou, L., Tong, Y., & Feng, Z. (2020). Early transmission dynamics in Wuhan, China, of novel coronavirus–infected pneumonia. New England Journal of Medicine, 382(13), 1199-1207.",Infectious disease,llama_3_1_405b_base,verified,"Li, Q., Guan, X., Wu, P., Wang, X., Zhou, L., Tong, Y., Ren, R., Leung, K., Lau, E. H. Y., Wong, J. Y., Xing, X., Xiang, N., Wu, Y., Li, C., Chen, Q., Li, D., Liu, T., Zhao, J., Liu, M., Tu, W., Chen, C., Jin, L., Yang, R., Wang, Q., Zhou, S., Wang, R., Liu, H., Luo, Y., Liu, Y., Shao, G., Li, H., Tao, Z., Yang, Y., Deng, Z., Liu, B., Ma, Z., Zhang, Y., Shi, G., Lam, T. T.-Y., Wu, J. T., Gao, G. F., Cowling, B. J., Yang, B., Leung, G. M., & Feng, Z. (2020). Early Transmission Dynamics in Wuhan, China, of Novel Coronavirus–Infected Pneumonia. *New England Journal of Medicine*, 382(13), 1199-1207. https://doi.org/10.1056/nejmoa2001316",MATCH,CONTAINS,MATCH,MATCH,ABSENT,"Early Transmission Dynamics in Wuhan, China, of Novel Coronavirus–Infected Pneumonia",Li; Guan; Wu; Wang; Zhou; Tong; Ren; Leung; Lau; Wong; Xing; Xiang; Wu; Li; Chen; Li; Liu; Zhao; Liu; Tu; Chen; Jin; Yang; Wang; Zhou; Wang; Liu; Luo; Liu; Shao; Li; Tao; Yang; Deng; Liu; Ma; Zhang; Shi; Lam; Wu; Gao; Cowling; Yang; Leung; Feng,2020.0,New England Journal of Medicine,10.1056/nejmoa2001316,https://doi.org/10.1056/nejmoa2001316,GOOGLE,3.0,0.0,1.0,1.0,0.0,"Early transmission dynamics in Wuhan, China, of novel coronavirus–infected pneumonia.","Early Transmission Dynamics in Wuhan, China, of Novel Coronavirus–Infected Pneumonia","Li, Q.; Guan, X.; Wu, P.; Wang, X.; Zhou, L.; Tong, Y.; Feng, Z.",Li; Guan; Wu; Wang; Zhou; Tong; Ren; Leung; Lau; Wong; Xing; Xiang; Wu; Li; Chen; Li; Liu; Zhao; Liu; Tu; Chen; Jin; Yang; Wang; Zhou; Wang; Liu; Luo; Liu; Shao; Li; Tao; Yang; Deng; Liu; Ma; Zhang; Shi; Lam; Wu; Gao; Cowling; Yang; Leung; Feng,2020.0,2020.0,New England Journal of Medicine,New England Journal of Medicine,,10.1056/nejmoa2001316,1.0,1.0,1.0,GOOGLE,0.0,"✓ Title | ◐ Authors | ✓ Year | ✓ Venue | ○ ID

### Summary
This article was confirmed in the New England Journal of Medicine with matching authors and year. The title exactly matches the reference provided, and all seven cited authors appear among the full author list.

### Details
A matching record was found with the exact title ""Early Transmission Dynamics in Wuhan, China, of Novel Coronavirus–Infected Pneumonia."" The article was published in 2020 in the New England Journal of Medicine. All the seven authors named in the citation (Li, Guan, Wu, Wang, Zhou, Tong, Feng) were found within the candidate author list, which contained additional co-authors as well. No DOI was provided in the original citation, but a DOI exists for the article: 10.1056/nejmoa2001316.

- https://doi.org/10.1056/nejmoa2001316",0.867,0.133
"Ferguson, N. M., Laydon, D., Nedjati-Gilani, G., Imai, N., Ainslie, K., Baguelin, M., & Dighe, A. (2020). Impact of non-pharmaceutical interventions (NPIs) to reduce COVID-19 mortality and healthcare demand. Imperial College London.",Infectious disease,llama_3_1_405b_base,verified-with-error,"Ferguson, N. M., Laydon, D., & Nedjati-Gilani, G. (2020). Report 9: Impact of non-pharmaceutical interventions (NPIs) to reduce COVID19 mortality and healthcare demand. *Imperial College London (Report 9)*. http://hdl.handle.net/10044/1/77482",CONTAINS,CONTAINS,MATCH,MATCH,ABSENT,Report 9: Impact of non-pharmaceutical interventions (NPIs) to reduce COVID19 mortality and healthcare demand,Ferguson; Laydon; Nedjati-Gilani,2020.0,Imperial College London (Report 9),10.25561/77482,http://hdl.handle.net/10044/1/77482,GOOGLE,2.0,0.0,2.0,1.0,0.0,Impact of non-pharmaceutical interventions (NPIs) to reduce COVID-19 mortality and healthcare demand.,Report 9: Impact of non-pharmaceutical interventions (NPIs) to reduce COVID19 mortality and healthcare demand,"Ferguson, N. M.; Laydon, D.; Nedjati-Gilani, G.; Imai, N.; Ainslie, K.; Baguelin, M.; Dighe, A.",Ferguson; Laydon; Nedjati-Gilani,2020.0,2020.0,Imperial College London,Imperial College London (Report 9),,10.25561/77482,1.0,1.0,1.0,GOOGLE,0.0,"◐ Title | ◐ Authors | ✓ Year | ✓ Venue | ○ ID

### Summary
This report was confirmed as the one titled ""Report 9: Impact of non-pharmaceutical interventions (NPIs) to reduce COVID-19 mortality and healthcare demand"" published in 2020 by Imperial College London. The author list from the verified record is a more complete subset including Ferguson, Laydon, Nedjati-Gilani among others, corresponding well with the citation.

### Details
A matching record was found titled ""Report 9: Impact of non-pharmaceutical interventions (NPIs) to reduce COVID19 mortality and healthcare demand"" published by Imperial College London in 2020. The title matches apart from a prefix and minor hyphen differences, which do not alter the identity. The author list in the citation is contained within the larger verified author group, supporting the match. The venue corresponds precisely when ignoring the non-essential suffix ""(Report 9)"". No DOI was provided in the citation, but the verified record has DOI 10.25561/77482. This minor discrepancy in identifiers does not affect the verification of the reference.

- http://hdl.handle.net/10044/1/77482
- https://www.imperial.ac.uk/medicine/departments/school-public-health/infectious-disease-epidemiology/mrc-global-infectious-disease-analysis/disease-areas/covid-19/report-9-impact-of-npis-on-covid-19/
- https://scholar.google.com/scholar?q=Impact+of+non-pharmaceutical+interventions+%28NPIs%29+to+reduce+COVID-19+mortality+and+healthcare+demand+Ferguson",0.7,0.3
"Lipsitch, M., Swerdlow, D. L., & Finelli, L. (2020). Defining the epidemiology of Covid-19—studies needed. New England Journal of Medicine, 382(13), 1194-1195.",Infectious disease,llama_3_1_405b_base,verified,"Lipsitch, M., Swerdlow, D. L., & Finelli, L. (2020). Defining the Epidemiology of Covid-19 — Studies Needed. *New England Journal of Medicine*, 382(13), 1194-1196. https://doi.org/10.1056/nejmp2002125",MATCH,MATCH,MATCH,MATCH,ABSENT,Defining the Epidemiology of Covid-19 — Studies Needed,Lipsitch; Swerdlow; Finelli,2020.0,New England Journal of Medicine,10.1056/nejmp2002125,https://doi.org/10.1056/nejmp2002125,GOOGLE,4.0,0.0,0.0,1.0,0.0,Defining the epidemiology of Covid-19—studies needed.,Defining the Epidemiology of Covid-19 — Studies Needed,"Lipsitch, M.; Swerdlow, D. L.; Finelli, L.",Lipsitch; Swerdlow; Finelli,2020.0,2020.0,New England Journal of Medicine,New England Journal of Medicine,,10.1056/nejmp2002125,1.0,1.0,1.0,GOOGLE,0.0,"✓ Title | ✓ Authors | ✓ Year | ✓ Venue | ○ ID

### Summary
This article was confirmed in the New England Journal of Medicine with matching authors Lipsitch, Swerdlow, and Finelli and the year 2020. The exact article title was also matched, confirming the reference's accuracy.

### Details
A matching record was found with the exact title ""Defining the Epidemiology of Covid-19 — Studies Needed"" and the authors Lipsitch, Swerdlow, and Finelli all matching by surname. The publication year 2020 matched exactly along with the journal name New England Journal of Medicine. Although no identifier was provided in the original citation, a DOI (10.1056/nejmp2002125) was found corresponding to the article. 

- https://doi.org/10.1056/nejmp2002125",1.0,0.0
"Patel, J. A., Nielsen, F. B. H., Badiani, A. A., Assi, S., Unadkat, V. A., Patel, B., & Wardle, H. (2020). Poverty, inequality and COVID-19: the forgotten vulnerable. Public Health, 183, 110-111.",Infectious disease,llama_3_1_405b_base,verified,"Patel, J. A., Nielsen, F. B. H., Badiani, A. A., Assi, S., Unadkat, V. A., Patel, B., Ravindrane, R., & Wardle, H. (2020). Poverty, inequality and COVID-19: the forgotten vulnerable. *Public Health*, 183, 110-111. https://doi.org/10.1016/j.puhe.2020.05.006",MATCH,CONTAINS,MATCH,MATCH,ABSENT,"Poverty, inequality and COVID-19: the forgotten vulnerable",Patel; Nielsen; Badiani; Assi; Unadkat; Patel; Ravindrane; Wardle,2020.0,Public Health,10.1016/j.puhe.2020.05.006,https://doi.org/10.1016/j.puhe.2020.05.006,GOOGLE,3.0,0.0,1.0,1.0,0.0,"Poverty, inequality and COVID-19: the forgotten vulnerable","Poverty, inequality and COVID-19: the forgotten vulnerable","Patel, J. A.; Nielsen, F. B. H.; Badiani, A. A.; Assi, S.; Unadkat, V. A.; Patel, B.; Wardle, H.",Patel; Nielsen; Badiani; Assi; Unadkat; Patel; Ravindrane; Wardle,2020.0,2020.0,Public Health,Public Health,,10.1016/j.puhe.2020.05.006,1.0,1.0,1.0,GOOGLE,0.0,"✓ Title | ◐ Authors | ✓ Year | ✓ Venue | ○ ID

### Summary
This article was confirmed in the journal Public Health with matching title and year. All the authors listed in the original reference were found in the verified record, though the verified record includes an additional author.

### Details
A matching record was found with the exact title ""Poverty, inequality and COVID-19: the forgotten vulnerable"" and the publication year 2020. The journal title ""Public Health"" also matched exactly. The authors listed in the citation (Patel J A, Nielsen F B H, Badiani A A, Assi S, Unadkat V A, Patel B, Wardle H) all appeared in the verified reference, with the verified paper including one additional author, Ravindrane. No DOI was present in the original citation, but the verified record includes DOI 10.1016/j.puhe.2020.05.006.

- https://doi.org/10.1016/j.puhe.2020.05.006
- https://pmc.ncbi.nlm.nih.gov/articles/PMC7221360/
- https://pubmed.ncbi.nlm.nih.gov/32502699/",0.867,0.133
"Kraemer, M. U., Yang, C. H., Gutierrez, B., Wu, C. H., Klein, B., Pigott, D. M., & du Plessis, L. (2020). The effect of human mobility and control measures on the COVID-19 epidemic in China. Science, 368(6490), 493-497.",Infectious disease,llama_3_1_405b_base,verified,"Kraemer, M. U. G., Yang, C.-H., Gutierrez, B., Wu, C.-H., Klein, B., Pigott, D. M., du Plessis, L., Faria, N. R., Li, R., Hanage, W. P., Brownstein, J. S., Layan, M., Vespignani, A., Tian, H., Dye, C., Pybus, O. G., & Scarpino, S. V. (2020). The effect of human mobility and control measures on the COVID-19 epidemic in China. *Science*, 368(6490), 493-497. https://doi.org/10.1126/science.abb4218",MATCH,CONTAINS,MATCH,MATCH,ABSENT,The effect of human mobility and control measures on the COVID-19 epidemic in China,Kraemer; Yang; Gutierrez; Wu; Klein; Pigott; du Plessis; Faria; Li; Hanage; Brownstein; Layan; Vespignani; Tian; Dye; Pybus; Scarpino,2020.0,Science,10.1126/science.abb4218,https://doi.org/10.1126/science.abb4218,GOOGLE,3.0,0.0,1.0,1.0,0.0,The effect of human mobility and control measures on the COVID-19 epidemic in China.,The effect of human mobility and control measures on the COVID-19 epidemic in China,"Kraemer, M. U.; Yang, C. H.; Gutierrez, B.; Wu, C. H.; Klein, B.; Pigott, D. M.; du Plessis, L.",Kraemer; Yang; Gutierrez; Wu; Klein; Pigott; du Plessis; Faria; Li; Hanage; Brownstein; Layan; Vespignani; Tian; Dye; Pybus; Scarpino,2020.0,2020.0,Science,Science,,10.1126/science.abb4218,1.0,1.0,1.0,GOOGLE,0.0,"✓ Title | ◐ Authors | ✓ Year | ✓ Venue | ○ ID

### Summary
This article was confirmed in the journal Science with matching title, seven cited authors, and year 2020. The cited seven authors appear as a subset of a longer author list in the source, and the publication details match exactly.

### Details
A matching record was found with the title ""The effect of human mobility and control measures on the COVID-19 epidemic in China"" exactly matching. The year 2020 and journal Science matched exactly. The cited authors Kraemer, Yang, Gutierrez, Wu, Klein, Pigott, and du Plessis are included as a subset of the full author list. The DOI 10.1126/science.abb4218 and the corresponding URL https://doi.org/10.1126/science.abb4218 confirm the publication details.

- https://doi.org/10.1126/science.abb4218
- https://www.science.org/doi/10.1126/science.abb4218",0.867,0.133
"Lengeler, C. (2004). Insecticide-treated bed nets and curtains for preventing malaria. Cochrane Database of Systematic Reviews, 2.",Insecticide-treated bed nets for malaria,llama_3_1_405b_base,verified,"Lengeler, C. (2004). Insecticide-treated bed nets and curtains for preventing malaria. *Cochrane Database of Systematic Reviews*, (2), CD000363. https://doi.org/10.1002/14651858.cd000363.pub2",MATCH,MATCH,MATCH,MATCH,ABSENT,Insecticide-treated bed nets and curtains for preventing malaria,Lengeler,2004.0,Cochrane Database of Systematic Reviews,10.1002/14651858.cd000363.pub2,https://doi.org/10.1002/14651858.cd000363.pub2,GOOGLE,4.0,0.0,0.0,1.0,0.0,Insecticide-treated bed nets and curtains for preventing malaria.,Insecticide-treated bed nets and curtains for preventing malaria,"Lengeler, C.",Lengeler,2004.0,2004.0,Cochrane Database of Systematic Reviews,Cochrane Database of Systematic Reviews,,10.1002/14651858.cd000363.pub2,1.0,1.0,1.0,GOOGLE,0.0,"✓ Title | ✓ Authors | ✓ Year | ✓ Venue | ○ ID

### Summary
This article was confirmed in the Cochrane Database of Systematic Reviews with matching author Lengeler and the year 2004. The title ""Insecticide-treated bed nets and curtains for preventing malaria"" was exactly matched.

### Details
A matching record was found with the exact title ""Insecticide-treated bed nets and curtains for preventing malaria"" and the author Lengeler. The publication year 2004 matched exactly. It was identified as published in the Cochrane Database of Systematic Reviews. Although there was no identifier in the original citation, the corresponding DOI is 10.1002/14651858.cd000363.pub2. 

- [https://doi.org/10.1002/14651858.cd000363.pub2](https://doi.org/10.1002/14651858.cd000363.pub2)",1.0,0.0
"Binka, F. N., Kubaje, A., Adjuik, M., Williams, L. A., Lengeler, C., Maude, G. H., ... & Smith, P. G. (1996). Impact of permethrin impregnated bednets on child mortality in Kassena-Nankana district, Ghana: a randomized controlled trial. Tropical Medicine & International Health, 1(2), 147-154.",Insecticide-treated bed nets for malaria,llama_3_1_405b_base,verified,"Binka, F., Adazu, K., Adjuik, M., Williams, L., Lengeler, C., Maude, G. H., Armah, G., Kajihara, B., Adiamah, J. H., & Smith, P. G. (1996). Impact of permethrin impregnated bednets on child mortality in Kassena‐Nankana district, Ghana: a randomized controlled trial. *Tropical Medicine & International Health*, 1(2), 147-154. https://doi.org/10.1111/j.1365-3156.1996.tb00020.x",MATCH,MATCH,MATCH,MATCH,ABSENT,"Impact of permethrin impregnated bednets on child mortality in Kassena‐Nankana district, Ghana: a randomized controlled trial",Binka; Adazu; Adjuik; Williams; Lengeler; Maude; Armah; Kajihara; Adiamah; Smith,1996.0,Tropical Medicine & International Health,10.1111/j.1365-3156.1996.tb00020.x,https://doi.org/10.1111/j.1365-3156.1996.tb00020.x,GOOGLE,4.0,0.0,0.0,1.0,0.0,"Impact of permethrin impregnated bednets on child mortality in Kassena-Nankana district, Ghana: a randomized controlled trial.","Impact of permethrin impregnated bednets on child mortality in Kassena‐Nankana district, Ghana: a randomized controlled trial","Binka, F. N.; Kubaje, A.; Adjuik, M.; Williams, L. A.; Lengeler, C.; Maude, G. H.; ... & Smith, P. G.",Binka; Adazu; Adjuik; Williams; Lengeler; Maude; Armah; Kajihara; Adiamah; Smith,1996.0,1996.0,Tropical Medicine & International Health,Tropical Medicine & International Health,,10.1111/j.1365-3156.1996.tb00020.x,1.0,1.0,1.0,GOOGLE,0.0,"✓ Title | ✓ Authors | ✓ Year | ✓ Venue | ○ ID

### Summary
This article was confirmed in the journal Tropical Medicine & International Health with matching authors and year. The title, authors, year, and journal all matched exactly with the verified reference.

### Details
A matching record was found with the exact title ""Impact of permethrin impregnated bednets on child mortality in Kassena-Nankana district, Ghana: a randomized controlled trial."" The core group of authors including Binka, Adjuik, Williams, Lengeler, Maude, and Smith appear on both lists, with additional authors abbreviated in the citation but confirmed in the full evidence. The year 1996 matched exactly, and the journal Tropical Medicine & International Health was confirmed as the publishing venue. This record was verified against the DOI URL https://doi.org/10.1111/j.1365-3156.1996.tb00020.x.

- https://doi.org/10.1111/j.1365-3156.1996.tb00020.x",1.0,0.0
"ter Kuile, F. O., Terlouw, D. J., Phillips-Howard, P. A., Hawley, W. A., Friedman, J. F., Kariuki, S. K., ... & Nahlen, B. L. (2003). Reduction of malaria during pregnancy by permethrin-treated bed nets in an area of intense perennial malaria transmission in western Kenya. The American Journal of Tropical Medicine and Hygiene, 68(4), 50-60.",Insecticide-treated bed nets for malaria,llama_3_1_405b_base,verified-with-error,"ter Kuile, F. O., Terlouw, D. J., Phillips-Howard, P. A., Phillips-Howard, P. A., Friedman, J. F., Kariuki, S., Shi, Y. P., Kolczak, M. S., Lal, A. A., Vulule, J., & Nahlen, B. L. (2003). REDUCTION OF MALARIA DURING PREGNANCY BY PERMETHRIN-TREATED BED NETS IN AN AREA OF INTENSE PERENNIAL MALARIA TRANSMISSION IN WESTERN KENYA. *American Journal of Tropical Medicine and Hygiene*, 68(4_suppl), 50-60. https://doi.org/10.4269/ajtmh.2003.68.50",MATCH,CONTRADICTION,MATCH,MATCH,ABSENT,REDUCTION OF MALARIA DURING PREGNANCY BY PERMETHRIN-TREATED BED NETS IN AN AREA OF INTENSE PERENNIAL MALARIA TRANSMISSION IN WESTERN KENYA,ter Kuile; Terlouw; Phillips‐Howard; Phillips‐Howard; Friedman; Kariuki; Shi; Kolczak; Lal; Vulule; Nahlen,2003.0,American Journal of Tropical Medicine and Hygiene,10.4269/ajtmh.2003.68.50,https://doi.org/10.4269/ajtmh.2003.68.50,GOOGLE,3.0,1.0,0.0,1.0,0.0,Reduction of malaria during pregnancy by permethrin-treated bed nets in an area of intense perennial malaria transmission in western Kenya,REDUCTION OF MALARIA DURING PREGNANCY BY PERMETHRIN-TREATED BED NETS IN AN AREA OF INTENSE PERENNIAL MALARIA TRANSMISSION IN WESTERN KENYA,"ter Kuile, F. O.; Terlouw, D. J.; Phillips-Howard, P. A.; Hawley, W. A.; Friedman, J. F.; Kariuki, S. K.; Nahlen, B. L.",ter Kuile; Terlouw; Phillips‐Howard; Phillips‐Howard; Friedman; Kariuki; Shi; Kolczak; Lal; Vulule; Nahlen,2003.0,2003.0,The American Journal of Tropical Medicine and Hygiene,American Journal of Tropical Medicine and Hygiene,,10.4269/ajtmh.2003.68.50,0.0,0.0,1.0,GOOGLE,0.0,"✓ Title | ✗ Authors | ✓ Year | ✓ Venue | ○ ID

### Summary
This article was confirmed in the American Journal of Tropical Medicine and Hygiene with a matching title and year. However, there is a minor discrepancy in the list of authors, where some authors differ slightly between the citation and the verified source.

### Details
A matching record was found with the exact title ""REDUCTION OF MALARIA DURING PREGNANCY BY PERMETHRIN-TREATED BED NETS IN AN AREA OF INTENSE PERENNIAL MALARIA TRANSMISSION IN WESTERN KENYA"". The publication year 2003 matched exactly, and the journal name was confirmed despite a minor difference in leading article usage. Regarding authors, six authors from the citation were found, but the verified article includes additional authors not listed in the citation, and one author listed in the citation was not in the verified source. No DOI was present in the original citation, but the verified record includes DOI 10.4269/ajtmh.2003.68.50.

- [DOI link](https://doi.org/10.4269/ajtmh.2003.68.50)",0.467,0.533
"Gimnig, J. E., Kolczak, M. S., Hightower, A. W., Vulule, J. M., Schoute, E., Kamau, L., ... & Hawley, W. A. (2003). Effect of permethrin-treated bed nets on the spatial distribution of malaria vectors in western Kenya. The American Journal of Tropical Medicine and Hygiene, 68(4), 115-120.",Insecticide-treated bed nets for malaria,llama_3_1_405b_base,verified,"Gimnig, J. E., Kolczak, M. S., Hightower, A. W., Vulule, J. M., Schoute, E., Kamau, L., Phillips‐Howard, P. A., ter Kuile, F. O., & Nahlen, B. L. (2003). Effect of permethrin-treated bed nets on the spatial distribution of malaria vectors in western Kenya. *American Journal of Tropical Medicine and Hygiene*, 68(4_suppl), 115-120. https://doi.org/10.4269/ajtmh.2003.68.115",MATCH,CONTAINS,MATCH,MATCH,ABSENT,EFFECT OF PERMETHRIN-TREATED BED NETS ON THE SPATIAL DISTRIBUTION OF MALARIA VECTORS IN WESTERN KENYA,Gimnig; Kolczak; Hightower; Vulule; Schoute; Kamau; Phillips‐Howard; ter Kuile; Nahlen; Phillips‐Howard,2003.0,American Journal of Tropical Medicine and Hygiene,10.4269/ajtmh.2003.68.115,https://doi.org/10.4269/ajtmh.2003.68.115,GOOGLE,3.0,0.0,1.0,1.0,0.0,Effect of permethrin-treated bed nets on the spatial distribution of malaria vectors in western Kenya,EFFECT OF PERMETHRIN-TREATED BED NETS ON THE SPATIAL DISTRIBUTION OF MALARIA VECTORS IN WESTERN KENYA,"Gimnig, J. E.; Kolczak, M. S.; Hightower, A. W.; Vulule, J. M.; Schoute, E.; Kamau, L.; Hawley, W. A.",Gimnig; Kolczak; Hightower; Vulule; Schoute; Kamau; Phillips‐Howard; ter Kuile; Nahlen; Phillips‐Howard,2003.0,2003.0,The American Journal of Tropical Medicine and Hygiene,American Journal of Tropical Medicine and Hygiene,,10.4269/ajtmh.2003.68.115,1.0,1.0,1.0,GOOGLE,0.0,"✓ Title | ◐ Authors | ✓ Year | ✓ Venue | ○ ID

### Summary
This article was confirmed in the American Journal of Tropical Medicine and Hygiene with matching title, year, and most authors. The core author group from the citation is contained within the full author list found.

### Details
A matching record was found with the exact title ""Effect of permethrin-treated bed nets on the spatial distribution of malaria vectors in western Kenya"". The publication year 2003 matched exactly. The venue was confirmed as the American Journal of Tropical Medicine and Hygiene. The citation author list partly overlaps the database author list, containing key authors like Gimnig, Kolczak, Hightower, Vulule, Schoute, and Kamau. No identifier was provided in the original citation, but the matching record has DOI 10.4269/ajtmh.2003.68.115.

- https://doi.org/10.4269/ajtmh.2003.68.115",0.867,0.133
"Noor, A. M., Mutheu, J. J., Tatem, A. J., Hay, S. I., & Snow, R. W. (2009). Insecticide-treated net coverage in Africa: mapping progress in 2000–07. The Lancet, 373(9657), 58-67.",Insecticide-treated bed nets for malaria,llama_3_1_405b_base,verified,"Noor, A. M., Mutheu, J. J., Tatem, A. J., Hay, S. I., & Snow, R. W. (2009). Insecticide-treated net coverage in Africa: Mapping progress in 2000–07. *The Lancet*, 373(9657), 58–67. https://doi.org/10.1016/S0140-6736(08)61596-2",MATCH,MATCH,MATCH,MATCH,ABSENT,Insecticide-treated net coverage in Africa: mapping progress in 2000–07,Noor; Mutheu; Tatem; Hay; Snow,2009.0,The Lancet,10.1016/S0140-6736(08)61596-2,https://doi.org/10.1016/S0140-6736(08)61596-2,GOOGLE,4.0,0.0,0.0,1.0,0.0,Insecticide-treated net coverage in Africa: mapping progress in 2000–07,Insecticide-treated net coverage in Africa: mapping progress in 2000–07,"Noor, A. M.; Mutheu, J. J.; Tatem, A. J.; Hay, S. I.; Snow, R. W.",Noor; Mutheu; Tatem; Hay; Snow,2009.0,2009.0,The Lancet,The Lancet,,10.1016/S0140-6736(08)61596-2,1.0,1.0,1.0,GOOGLE,1.0,"✓ Title | ✓ Authors | ✓ Year | ✓ Venue | ○ ID

### Summary
This article was confirmed in The Lancet with matching authors and year. The title ""Insecticide-treated net coverage in Africa: mapping progress in 2000–07"" was verified exactly, and the authors Noor, Mutheu, Tatem, Hay, and Snow were all found. The publication year 2009 and the journal The Lancet also matched perfectly.

### Details
A matching record was found with exact title and author name matches. The year 2009 matched exactly, and the publication journal was confirmed as The Lancet. Although no specific identifier (DOI) was present in the original citation, the matching evidence included a DOI link: https://doi.org/10.1016/S0140-6736(08)61596-2.

- https://doi.org/10.1016/S0140-6736(08)61596-2
- https://www.thelancet.com/journals/lancet/article/PIIS0140-6736(08)61596-2/fulltext
- https://pubmed.ncbi.nlm.nih.gov/19019422/",1.0,0.0
"Pluess, B., Tanser, F. C., Lengeler, C., & Sharp, B. L. (2010). Indoor residual spraying for preventing malaria. Cochrane Database of Systematic Reviews, 4.",Insecticide-treated bed nets for malaria,llama_3_1_405b_base,verified,"Pluess, B., Tanser, F. C., Lengeler, C., & Sharp, B. L. (2010). Indoor residual spraying for preventing malaria. *Cochrane Database of Systematic Reviews*, (4), CD006657. https://doi.org/10.1002/14651858.cd006657.pub2",MATCH,MATCH,MATCH,MATCH,ABSENT,Indoor residual spraying for preventing malaria,Pluess; Tanser; Lengeler; Sharp,2010.0,Cochrane Database of Systematic Reviews,10.1002/14651858.cd006657.pub2,https://doi.org/10.1002/14651858.cd006657.pub2,GOOGLE,4.0,0.0,0.0,1.0,0.0,Indoor residual spraying for preventing malaria,Indoor residual spraying for preventing malaria,"Pluess, B.; Tanser, F. C.; Lengeler, C.; Sharp, B. L.",Pluess; Tanser; Lengeler; Sharp,2010.0,2010.0,Cochrane Database of Systematic Reviews,Cochrane Database of Systematic Reviews,,10.1002/14651858.cd006657.pub2,1.0,1.0,1.0,GOOGLE,1.0,"✓ Title | ✓ Authors | ✓ Year | ✓ Venue | ○ ID

### Summary
This article was confirmed in the Cochrane Database of Systematic Reviews with matching authors Pluess, Tanser, Lengeler, and Sharp, published in 2010. The title and journal name matched exactly.

### Details
A matching record was found with the exact title ""Indoor residual spraying for preventing malaria"" and the same set of authors by surname. The publication year 2010 also matched exactly. The article appears in the Cochrane Database of Systematic Reviews, issue 4, with the DOI 10.1002/14651858.cd006657.pub2 provided as a reliable source. This confirms a strong and accurate match.

- [DOI Link](https://doi.org/10.1002/14651858.cd006657.pub2)
- [PubMed](https://pubmed.ncbi.nlm.nih.gov/20393950/)
- [Cochrane Library](https://www.cochranelibrary.com/cdsr/doi/10.1002/14651858.CD006657.pub2/information/re)",1.0,0.0
"Hawley, W. A., Phillips-Howard, P. A., ter Kuile, F. O., Terlouw, D. J., Vulule, J. M., Ombok, M., ... & Nahlen, B. L. (2003). Community-wide effects of permethrin-treated bed nets on child mortality and malaria morbidity in western Kenya. The American Journal of Tropical Medicine and Hygiene, 68(4), 121-127.",Insecticide-treated bed nets for malaria,llama_3_1_405b_base,verified-with-error,"Phillips‐Howard, P. A., Phillips‐Howard, P. A., ter Kuile, F. O., Terlouw, D. J., Vulule, J., Ombok, M., Nahlen, B. L., Gimnig, J. E., Kariuki, S., Kolczak, M. S., & Hightower, A. W. (2003). *COMMUNITY-WIDE EFFECTS OF PERMETHRIN-TREATED BED NETS ON CHILD MORTALITY AND MALARIA MORBIDITY IN WESTERN KENYA*. *American Journal of Tropical Medicine and Hygiene*, 68(4_suppl), 121-127. https://doi.org/10.4269/ajtmh.2003.68.121",MATCH,CONTRADICTION,MATCH,MATCH,ABSENT,COMMUNITY-WIDE EFFECTS OF PERMETHRIN-TREATED BED NETS ON CHILD MORTALITY AND MALARIA MORBIDITY IN WESTERN KENYA,Phillips‐Howard; Phillips‐Howard; ter Kuile; Terlouw; Vulule; Ombok; Nahlen; Gimnig; Kariuki; KOLCZAK; Hightower,2003.0,American Journal of Tropical Medicine and Hygiene,10.4269/ajtmh.2003.68.121,https://doi.org/10.4269/ajtmh.2003.68.121,GOOGLE,3.0,1.0,0.0,1.0,0.0,Community-wide effects of permethrin-treated bed nets on child mortality and malaria morbidity in western Kenya.,COMMUNITY-WIDE EFFECTS OF PERMETHRIN-TREATED BED NETS ON CHILD MORTALITY AND MALARIA MORBIDITY IN WESTERN KENYA,"Hawley, W. A.; Phillips-Howard, P. A.; ter Kuile, F. O.; Terlouw, D. J.; Vulule, J. M.; Ombok, M.; Nahlen, B. L.",Phillips‐Howard; Phillips‐Howard; ter Kuile; Terlouw; Vulule; Ombok; Nahlen; Gimnig; Kariuki; KOLCZAK; Hightower,2003.0,2003.0,The American Journal of Tropical Medicine and Hygiene,American Journal of Tropical Medicine and Hygiene,,10.4269/ajtmh.2003.68.121,0.0,0.0,1.0,GOOGLE,0.0,"✓ Title | ✗ Authors | ✓ Year | ✓ Venue | ○ ID

### Summary
The article titled ""Community-wide effects of permethrin-treated bed nets on child mortality and malaria morbidity in western Kenya"" was confirmed to have been published in the American Journal of Tropical Medicine and Hygiene in 2003. However, there was a discrepancy in the list of authors compared to the original citation.

### Details
A matching record was found with the exact title and publication year 2003. The article was published in the American Journal of Tropical Medicine and Hygiene, volume 68, issue 4_suppl, on pages 121-127. The authors in the verified record included Phillips‐Howard (listed twice), ter Kuile, Terlouw, Vulule, Ombok, and Nahlen, but also added Gimnig, Kariuki, Kolczak, and Hightower, while the original citation included Hawley who was not found in the verified list. This difference in authorship led to a minor contradiction despite the core information matching well. 

- [DOI Record](https://doi.org/10.4269/ajtmh.2003.68.121)",0.467,0.533
"Lindblade, K. A., Eisele, T. P., Gimnig, J. E., Alaii, J. A., Odhiambo, F., ter Kuile, F. O., ... & Hawley, W. A. (2004). Sustainability of reductions in malaria transmission and infant mortality in western Kenya with use of insecticide-treated bednets: 4 to 6 years of follow-up. Journal of the American Medical Association, 291(21), 2571-2580.",Insecticide-treated bed nets for malaria,llama_3_1_405b_base,verified,"Lindblade, K. A., Eisele, T. P., Gimnig, J. E., & Alaii, J. A. (2004). *Sustainability of reductions in malaria transmission and infant mortality in western Kenya with use of insecticide-treated bednets: 4 to 6 years of follow-up*. *JAMA*. https://jamanetwork.com/journals/jama/fullarticle/198845",MATCH,MATCH,MATCH,MATCH,ABSENT,Sustainability of reductions in malaria transmission and infant mortality in western Kenya with use of insecticide-treated bednets: 4 to 6 years of follow-up,Lindblade; Eisele; Gimnig; Alaii,2004.0,JAMA,,https://jamanetwork.com/journals/jama/fullarticle/198845,GOOGLE,4.0,0.0,0.0,1.0,0.0,Sustainability of reductions in malaria transmission and infant mortality in western Kenya with use of insecticide-treated bednets: 4 to 6 years of follow-up,Sustainability of reductions in malaria transmission and infant mortality in western Kenya with use of insecticide-treated bednets: 4 to 6 years of follow-up,"Lindblade, K. A., Eisele, T. P., Gimnig, J. E., Alaii, J. A., Odhiambo, F., ter Kuile, F. O., ... & Hawley, W. A.",Lindblade; Eisele; Gimnig; Alaii,2004.0,2004.0,Journal of the American Medical Association,JAMA,,https://jamanetwork.com/journals/jama/fullarticle/198845,1.0,1.0,1.0,GOOGLE,0.0,"✓ Title | ✓ Authors | ✓ Year | ✓ Venue | ○ ID

### Summary
This article was confirmed in the Journal of the American Medical Association (JAMA) with matching title, authors, and year. The title ""Sustainability of reductions in malaria transmission and infant mortality in western Kenya with use of insecticide-treated bednets: 4 to 6 years of follow-up"" was verified exactly, and the first four authors matched the citation with et al. used for additional authors.

### Details
A matching record was found in JAMA with the exact title and publication year 2004. The authors Lindblade, Eisele, Gimnig, and Alaii correspond with those listed in the citation, confirming the accuracy of author information. The journal name matched the standard abbreviation JAMA. No digital object identifier (DOI) was present, but multiple reliable sources, including JAMA's official website and PubMed, confirmed the publication. 

- https://jamanetwork.com/journals/jama/fullarticle/198845
- https://pubmed.ncbi.nlm.nih.gov/15173148/",1.0,0.0
"Eisele, T. P., Larsen, D., & Steketee, R. W. (2010). Protective efficacy of interventions for preventing malaria mortality in children in Plasmodium falciparum endemic areas. International Journal of Epidemiology, 39(1), 88-101.",Insecticide-treated bed nets for malaria,llama_3_1_405b_base,verified,"Eisele, T. P., Larsen, D. A., & Steketee, R. W. (2010). Protective efficacy of interventions for preventing malaria mortality in children in Plasmodium falciparum endemic areas. *International Journal of Epidemiology*, 39(suppl_1), i88–i101. https://doi.org/10.1093/ije/dyq026",MATCH,MATCH,MATCH,MATCH,ABSENT,Protective efficacy of interventions for preventing malaria mortality in children in Plasmodium falciparum endemic areas,Eisele; Larsen; Steketee,2010.0,International Journal of Epidemiology,10.1093/ije/dyq026,https://doi.org/10.1093/ije/dyq026,GOOGLE,4.0,0.0,0.0,1.0,0.0,Protective efficacy of interventions for preventing malaria mortality in children in Plasmodium falciparum endemic areas.,Protective efficacy of interventions for preventing malaria mortality in children in Plasmodium falciparum endemic areas,"Eisele, T. P.; Larsen, D.; Steketee, R. W.",Eisele; Larsen; Steketee,2010.0,2010.0,International Journal of Epidemiology,International Journal of Epidemiology,,10.1093/ije/dyq026,1.0,1.0,1.0,GOOGLE,0.0,"✓ Title | ✓ Authors | ✓ Year | ✓ Venue | ○ ID

### Summary
This article was confirmed in the International Journal of Epidemiology with matching authors Eisele, Larsen, and Steketee, and the publication year 2010. The article title was confirmed exactly as provided.

### Details
A matching record was found with the exact article title ""Protective efficacy of interventions for preventing malaria mortality in children in Plasmodium falciparum endemic areas."" The authors matched by surname, and the year 2010 also matched exactly. The publication venue was confirmed as the International Journal of Epidemiology. Although no DOI was provided in the original citation, the verified record includes the DOI 10.1093/ije/dyq026. This evidence was gathered from a search in OpenAlex.

- https://doi.org/10.1093/ije/dyq026",1.0,0.0
"Lim, S. S., Fullman, N., Stokes, A., Ravishankar, N., Masiye, F., Murray, C. J., & Gakidou, E. (2011). Net benefits: a multicountry analysis of observational data examining associations between insecticide-treated mosquito nets and health outcomes. PLoS Medicine, 8(9), e1001091.",Insecticide-treated bed nets for malaria,llama_3_1_405b_base,verified,"Lim, S. S., Fullman, N., Stokes, A., Ravishankar, N., Masiye, F., Murray, C. J. L., & Gakidou, E. (2011). Net benefits: A multicountry analysis of observational data examining associations between insecticide-treated mosquito nets and health outcomes. *PLoS Medicine*, 8(9), e1001091. https://doi.org/10.1371/journal.pmed.1001091",MATCH,MATCH,MATCH,MATCH,ABSENT,Net Benefits: A Multicountry Analysis of Observational Data Examining Associations between Insecticide-Treated Mosquito Nets and Health Outcomes,Lim; Fullman; Stokes; Ravishankar; Masiye; Murray; Gakidou,2011.0,PLoS Medicine,10.1371/journal.pmed.1001091,https://doi.org/10.1371/journal.pmed.1001091,GOOGLE,4.0,0.0,0.0,1.0,0.0,Net benefits: a multicountry analysis of observational data examining associations between insecticide-treated mosquito nets and health outcomes,Net Benefits: A Multicountry Analysis of Observational Data Examining Associations between Insecticide-Treated Mosquito Nets and Health Outcomes,"Lim, S. S.; Fullman, N.; Stokes, A.; Ravishankar, N.; Masiye, F.; Murray, C. J.; Gakidou, E.",Lim; Fullman; Stokes; Ravishankar; Masiye; Murray; Gakidou,2011.0,2011.0,PLOS Medicine,PLoS Medicine,,10.1371/journal.pmed.1001091,1.0,1.0,1.0,GOOGLE,0.0,"✓ Title | ✓ Authors | ✓ Year | ✓ Venue | ○ ID

### Summary
This article was confirmed in PLoS Medicine with matching authors and year. The title and authors matched exactly, verifying the reference's accuracy.

### Details
A matching record was found with the exact title ""Net Benefits: A Multicountry Analysis of Observational Data Examining Associations between Insecticide-Treated Mosquito Nets and Health Outcomes"". All listed authors were matched by surname, and the publication year 2011 was confirmed exactly. The journal name PLoS Medicine also matched perfectly. No identifier was present in the original citation, but the DOI found is 10.1371/journal.pmed.1001091, providing a reliable link to the source.

- https://doi.org/10.1371/journal.pmed.1001091",1.0,0.0
"Alonso, P. L., Lindsay, S. W., Armstrong, J. R., Conteh, M., Hill, A. G., David, P. H., ... & Greenwood, B. M. (1991). The effect of insecticide-treated bed nets on mortality of Gambian children. The Lancet, 337(8756), 1499-1502.",Malaria prevention,llama_3_1_405b_base,verified,"Alonso, P. L., Lindsay, S. W., Armstrong, J. R. M., de Francisco, A., Shenton, F. C., Greenwood, B. M., Conteh, M.-A., Cham, K., Hill, A. G., David, P., Fegan, G., & Hall, A. J. (1991). The effect of insecticide-treated bed nets on mortality of Gambian children. *The Lancet*, *337*(8756), 1499–1502. https://doi.org/10.1016/0140-6736(91)93194-e",MATCH,MATCH,MATCH,MATCH,ABSENT,The effect of insecticide-treated bed nets on mortality of Gambian children,Alonso; Lindsay; Armstrong; de Francisco; Shenton; Greenwood; Conteh; Cham; Hill; David; Fegan; Hall,1991.0,The Lancet,10.1016/0140-6736(91)93194-e,https://doi.org/10.1016/0140-6736(91)93194-e,GOOGLE,4.0,0.0,0.0,1.0,0.0,The effect of insecticide-treated bed nets on mortality of Gambian children.,The effect of insecticide-treated bed nets on mortality of Gambian children,"Alonso, P. L., Lindsay, S. W., Armstrong, J. R., Conteh, M., Hill, A. G., David, P. H., ... & Greenwood, B. M.",Alonso; Lindsay; Armstrong; de Francisco; Shenton; Greenwood; Conteh; Cham; Hill; David; Fegan; Hall,1991.0,1991.0,The Lancet,The Lancet,,10.1016/0140-6736(91)93194-e,1.0,1.0,1.0,GOOGLE,0.0,"✓ Title | ✓ Authors | ✓ Year | ✓ Venue | ○ ID

### Summary
This article was confirmed in The Lancet with matching authors and year. The title ""The effect of insecticide-treated bed nets on mortality of Gambian children"" was exactly matched, and the author list aligns well despite some abbreviations.

### Details
A matching record was found with the exact title and year 1991. The authors listed in the citation correspond to the primary authors found, with the full author list including some additional names. The journal name The Lancet matched exactly. Although no identifier like a DOI was provided in the citation, a DOI (10.1016/0140-6736(91)93194-e) was found for this article at the source. 

- https://doi.org/10.1016/0140-6736(91)93194-e",1.0,0.0
"Curtis, C. F., & Mnzava, A. E. (2000). Comparison of house spraying and insecticide-treated nets for malaria control. Bulletin of the World Health Organization, 78(12), 1389-1400.",Malaria prevention,llama_3_1_405b_base,verified,"Curtis, C. F., & Mnzava, A. E. P. (2000). Comparison of house spraying and insecticide-treated nets for malaria control. *PubMed*, 78(12), 1389-1400. https://pubmed.ncbi.nlm.nih.gov/11196486",MATCH,MATCH,MATCH,CONTAINS,ABSENT,Comparison of house spraying and insecticide-treated nets for malaria control.,Curtis; Mnzava,2000.0,PubMed,,https://pubmed.ncbi.nlm.nih.gov/11196486,GOOGLE,3.0,0.0,1.0,1.0,0.0,Comparison of house spraying and insecticide-treated nets for malaria control.,Comparison of house spraying and insecticide-treated nets for malaria control.,"Curtis, C. F.; Mnzava, A. E.",Curtis; Mnzava,2000.0,2000.0,Bulletin of the World Health Organization,PubMed,,https://pubmed.ncbi.nlm.nih.gov/11196486,1.0,1.0,1.0,GOOGLE,0.0,"✓ Title | ✓ Authors | ✓ Year | ◐ Venue | ○ ID

### Summary
This article was confirmed through a reliable source with the exact title ""Comparison of house spraying and insecticide-treated nets for malaria control."" The authors Curtis and Mnzava were found to match exactly, and the publication year 2000 also coincides with the citation.

### Details
A matching record was found on PubMed, which indexes articles including those from the Bulletin of the World Health Organization. The title and authors matched exactly, with Curtis and Mnzava listed as authors and the year confirmed as 2000. While the citation names the journal as the Bulletin of the World Health Organization, the evidence source is PubMed, reflecting its role as a database that contains this journal’s content. No digital object identifier (DOI) was found for this record.

- https://pubmed.ncbi.nlm.nih.gov/11196486",0.9,0.1
"Fillinger, U., & Lindsay, S. W. (2006). Suppression of exposure to malaria vectors by an order of magnitude using microbial larvicides in rural Kenya. Tropical Medicine & International Health, 11(11), 1629-1642.",Malaria prevention,llama_3_1_405b_base,verified,"Fillinger, U., & Lindsay, S. W. (2006). Suppression of exposure to malaria vectors by an order of magnitude using microbial larvicides in rural Kenya. *Tropical Medicine & International Health*, 11(11), 1629-1642. https://doi.org/10.1111/j.1365-3156.2006.01733.x",MATCH,MATCH,MATCH,MATCH,ABSENT,Suppression of exposure to malaria vectors by an order of magnitude using microbial larvicides in rural Kenya,Fillinger; Lindsay,2006.0,Tropical Medicine & International Health,10.1111/j.1365-3156.2006.01733.x,https://doi.org/10.1111/j.1365-3156.2006.01733.x,GOOGLE,4.0,0.0,0.0,1.0,0.0,Suppression of exposure to malaria vectors by an order of magnitude using microbial larvicides in rural Kenya.,Suppression of exposure to malaria vectors by an order of magnitude using microbial larvicides in rural Kenya,"Fillinger, U.; Lindsay, S. W.",Fillinger; Lindsay,2006.0,2006.0,Tropical Medicine & International Health,Tropical Medicine & International Health,,10.1111/j.1365-3156.2006.01733.x,1.0,1.0,1.0,GOOGLE,0.0,"✓ Title | ✓ Authors | ✓ Year | ✓ Venue | ○ ID

### Summary
This article was confirmed in Tropical Medicine & International Health with matching authors Ulrike Fillinger and Steve W. Lindsay, the exact title, and year 2006.

### Details
A matching record was found with an exact title match: ""Suppression of exposure to malaria vectors by an order of magnitude using microbial larvicides in rural Kenya."" The authors Fillinger and Lindsay corresponded exactly, and the publication year 2006 matched perfectly. The article appears in Tropical Medicine & International Health, volume 11, issue 11, pages 1629-1642. The DOI for this article is 10.1111/j.1365-3156.2006.01733.x.

- https://doi.org/10.1111/j.1365-3156.2006.01733.x",1.0,0.0
"Guyatt, H. L., & Snow, R. W. (2004). Impact of malaria during pregnancy on low birth weight in sub-Saharan Africa. Clinical Microbiology Reviews, 17(4), 760-769.",Malaria prevention,llama_3_1_405b_base,verified,"Guyatt, H. L., & Snow, R. W. (2004). Impact of malaria during pregnancy on low birth weight in sub-Saharan Africa. *Clinical Microbiology Reviews*, 17(4), 760-769. https://doi.org/10.1128/cmr.17.4.760-769.2004",MATCH,MATCH,MATCH,MATCH,ABSENT,Impact of Malaria during Pregnancy on Low Birth Weight in Sub-Saharan Africa,Guyatt; Snow,2004.0,Clinical Microbiology Reviews,10.1128/cmr.17.4.760-769.2004,https://doi.org/10.1128/cmr.17.4.760-769.2004,GOOGLE,4.0,0.0,0.0,1.0,0.0,Impact of malaria during pregnancy on low birth weight in sub-Saharan Africa.,Impact of Malaria during Pregnancy on Low Birth Weight in Sub-Saharan Africa,"Guyatt, H. L.; Snow, R. W.",Guyatt; Snow,2004.0,2004.0,Clinical Microbiology Reviews,Clinical Microbiology Reviews,,10.1128/cmr.17.4.760-769.2004,1.0,1.0,1.0,GOOGLE,0.0,"✓ Title | ✓ Authors | ✓ Year | ✓ Venue | ○ ID

### Summary
This article was confirmed in Clinical Microbiology Reviews with matching authors Guyatt and Snow and the year 2004. The title, authors, year, and journal all matched exactly to the reference.

### Details
A matching record was found with the exact title ""Impact of Malaria during Pregnancy on Low Birth Weight in Sub-Saharan Africa"" by authors Guyatt and Snow. The publication year 2004 and the journal Clinical Microbiology Reviews matched perfectly. Although no identifier was initially provided in the citation, the DOI 10.1128/cmr.17.4.760-769.2004 corresponds to the confirmed article.

- https://doi.org/10.1128/cmr.17.4.760-769.2004
- https://pubmed.ncbi.nlm.nih.gov/15489346/
- https://pmc.ncbi.nlm.nih.gov/articles/PMC523568/",1.0,0.0
"Hall, K. D., & Guo, J. (2017). Will calories or protein content of the diet influence weight loss? International Journal of Obesity, 41(5), 751-758.",Health,llama_3_1_405b_base,unverified,Reference could not be verified.,CONTRADICTION,MATCH,MATCH,CONTRADICTION,ABSENT,Obesity energetics: body weight regulation and the effects of diet composition,Hall; Guo,2017.0,Gastroenterology,,https://www.sciencedirect.com/science/article/pii/S001650851730152X,GOOGLE,2.0,2.0,0.0,1.0,0.0,Will calories or protein content of the diet influence weight loss?,Obesity energetics: body weight regulation and the effects of diet composition,"Hall, K. D.; Guo, J.",Hall; Guo,2017.0,2017.0,International Journal of Obesity,Gastroenterology,,https://www.sciencedirect.com/science/article/pii/S001650851730152X,0.0,0.0,1.0,GOOGLE,0.0,"✗ Title | ✓ Authors | ✓ Year | ✗ Venue | ○ ID

### Summary
The reference could not be verified because the title and journal do not match any known records for the authors Hall and Guo from 2017. While the authors and year are correct, the title ""Will calories or protein content of the diet influence weight loss?"" and journal ""International Journal of Obesity"" do not correspond to any found publication.

### Details
A matching record was found for Hall and Guo in 2017, but with a different title: ""Obesity energetics: body weight regulation and the effects of diet composition,"" published in the journal ""Gastroenterology."" No record matches the specific title or the International Journal of Obesity for the same authors in that year. No DOI or other identifier was available to aid verification.

- https://www.sciencedirect.com/science/article/pii/S001650851730152X",0.0,1.0
"Kim, C., Mirusmonov, M., & Lee, I. (2010). An empirical examination of factors influencing the intention to use mobile payment. Computers in Human Behavior, 26(3), 310-322.",Mobile banking,llama_3_1_405b_base,verified,"Kim, C., Mirusmonov, M., & Lee, I. (2009). An empirical examination of factors influencing the intention to use mobile payment. *Computers in Human Behavior*, 26(3), 310-322. https://doi.org/10.1016/j.chb.2009.10.013",MATCH,MATCH,CONTAINS,MATCH,ABSENT,An empirical examination of factors influencing the intention to use mobile payment,Kim; Mirusmonov; Lee,2009.0,Computers in Human Behavior,10.1016/j.chb.2009.10.013,https://doi.org/10.1016/j.chb.2009.10.013,GOOGLE,3.0,0.0,1.0,1.0,0.0,An empirical examination of factors influencing the intention to use mobile payment.,An empirical examination of factors influencing the intention to use mobile payment,"Kim, C.; Mirusmonov, M.; Lee, I.",Kim; Mirusmonov; Lee,2010.0,2009.0,Computers in Human Behavior,Computers in Human Behavior,,10.1016/j.chb.2009.10.013,1.0,1.0,1.0,GOOGLE,0.0,"✓ Title | ✓ Authors | ◐ Year | ✓ Venue | ○ ID

### Summary
This article was confirmed in the journal Computers in Human Behavior with matching authors Kim, Mirusmonov, and Lee, and a closely matching year. The title ""An empirical examination of factors influencing the intention to use mobile payment"" was exactly confirmed.

### Details
A matching record was found with the exact title and authors matching by surname. Although the citation year is 2010, the evidence shows the year as 2009, which likely represents the difference between online publication and print. The journal name matches exactly. No DOI was provided in the citation, but the evidence includes a DOI (10.1016/j.chb.2009.10.013). Relevant source:
- https://doi.org/10.1016/j.chb.2009.10.013",0.9,0.1
"Lu, Y., Yang, S., Chau, P. Y., & Cao, Y. (2011). Dynamics between the trust transfer process and intention to use mobile payment services: A cross-environment perspective. Information & Management, 48(8), 393-403.",Mobile banking,llama_3_1_405b_base,verified,"Lu, Y., Yang, S., Chau, P. Y. K., & Cao, Y. (2011). Dynamics between the trust transfer process and intention to use mobile payment services: A cross-environment perspective. *Information & Management*, 48(8), 393-403. https://doi.org/10.1016/j.im.2011.09.006",MATCH,MATCH,MATCH,MATCH,ABSENT,Dynamics between the trust transfer process and intention to use mobile payment services: A cross-environment perspective,Lu; Yang; Chau; Cao,2011.0,Information & Management,10.1016/j.im.2011.09.006,https://doi.org/10.1016/j.im.2011.09.006,GOOGLE,4.0,0.0,0.0,1.0,0.0,Dynamics between the trust transfer process and intention to use mobile payment services: A cross-environment perspective,Dynamics between the trust transfer process and intention to use mobile payment services: A cross-environment perspective,"Lu, Y.; Yang, S.; Chau, P. Y.; Cao, Y.",Lu; Yang; Chau; Cao,2011.0,2011.0,Information & Management,Information & Management,,10.1016/j.im.2011.09.006,1.0,1.0,1.0,GOOGLE,0.0,"✓ Title | ✓ Authors | ✓ Year | ✓ Venue | ○ ID

### Summary
This article was confirmed in the journal Information & Management with matching authors Lu, Yang, Chau, and Cao, and the publication year 2011.

### Details
A matching record was found with an exact match on the title ""Dynamics between the trust transfer process and intention to use mobile payment services: A cross-environment perspective"". The authors correspond by surname and the year 2011 matched exactly. The journal name Information & Management also matched the citation. Though no identifier was present in the original citation, the record provides a DOI: 10.1016/j.im.2011.09.006.

- https://doi.org/10.1016/j.im.2011.09.006",1.0,0.0
"Wehlage, G. G., & Rutter, R. A. (1986). Dropping out: How much do schools contribute to the problem? Teachers College Press.",School dropout,llama_3_1_405b_base,verified,"Wehlage, G. G., & Rutter, R. A. (1986). Dropping Out: How Much Do Schools Contribute to the Problem? *Teachers College Record The Voice of Scholarship in Education*, 87(3), 374-392. https://doi.org/10.1177/016146818608700302",MATCH,MATCH,MATCH,CONTAINS,ABSENT,Dropping Out: How Much Do Schools Contribute to the Problem?,Wehlage; Rutter,1986.0,Teachers College Record The Voice of Scholarship in Education,10.1177/016146818608700302,https://doi.org/10.1177/016146818608700302,GOOGLE,3.0,0.0,1.0,1.0,0.0,Dropping out: How much do schools contribute to the problem?,Dropping Out: How Much Do Schools Contribute to the Problem?,"Wehlage, G. G.; Rutter, R. A.",Wehlage; Rutter,1986.0,1986.0,Teachers College Press,Teachers College Record The Voice of Scholarship in Education,,10.1177/016146818608700302,1.0,1.0,1.0,GOOGLE,1.0,"✓ Title | ✓ Authors | ✓ Year | ◐ Venue | ○ ID

### Summary
This reference was successfully confirmed as a publication by Wehlage and Rutter in 1986. The title ""Dropping Out: How Much Do Schools Contribute to the Problem?"" was exactly matched, and the authors' surnames matched perfectly. Although the original citation lists Teachers College Press as the publisher, the main evidence was found in the journal ""Teachers College Record,"" which is closely related through the same academic institution.

### Details
A matching record was found with an exact title match and authors ""Wehlage"" and ""Rutter"" correctly identified. The year 1986 matched exactly. The venue confusion arises because the original citation named Teachers College Press, while the evidence originated from the journal ""Teachers College Record,"" both affiliated with the same institution. The record includes a DOI (10.1177/016146818608700302), providing a strong link to the actual publication.

- https://doi.org/10.1177/016146818608700302",0.9,0.1
"Finn, J. D. (1989). Withdrawing from school. Review of Educational Research, 59(2), 117-142.",School dropout,llama_3_1_405b_base,verified,"Finn, J. D. (1989). Withdrawing From School. *Review of Educational Research*, 59(2), 117-142. https://doi.org/10.3102/00346543059002117",MATCH,MATCH,MATCH,MATCH,ABSENT,Withdrawing From School,Finn,1989.0,Review of Educational Research,10.3102/00346543059002117,https://doi.org/10.3102/00346543059002117,GOOGLE,4.0,0.0,0.0,1.0,0.0,Withdrawing from school,Withdrawing From School,"Finn, J. D.",Finn,1989.0,1989.0,Review of Educational Research,Review of Educational Research,,10.3102/00346543059002117,1.0,1.0,1.0,GOOGLE,0.0,"✓ Title | ✓ Authors | ✓ Year | ✓ Venue | ○ ID

### Summary
This article was confirmed in the Review of Educational Research with matching title, author, and year. The title ""Withdrawing From School"" and author Finn were verified as exact matches.

### Details
A matching record was found with the exact title ""Withdrawing From School,"" author Jeremy D. Finn, and year 1989. The journal name Review of Educational Research matched exactly. There was no identifier originally provided, but the evidence includes a DOI: 10.3102/00346543059002117.

- https://doi.org/10.3102/00346543059002117",1.0,0.0
"Croninger, R. G., & Lee, V. E. (2001). Social capital and dropping out of high school: Benefits to at-risk students of teachers' support and guidance. Teachers College Record, 103(4), 548-581.",School dropout,llama_3_1_405b_base,verified,"Croninger, R. G., & Lee, V. E. (2001). Social capital and dropping out of high school: Benefits to at-risk students of teachers’ support and guidance. *Teachers College Record The Voice of Scholarship in Education*, 103(4), 548-581. https://doi.org/10.1111/0161-4681.00127",MATCH,MATCH,MATCH,MATCH,ABSENT,Social Capital and Dropping Out of High School: Benefits to At-Risk Students of Teachers’ Support and Guidance,Croninger; Lee,2001.0,Teachers College Record The Voice of Scholarship in Education,10.1111/0161-4681.00127,https://doi.org/10.1111/0161-4681.00127,GOOGLE,4.0,0.0,0.0,1.0,0.0,Social capital and dropping out of high school: Benefits to at-risk students of teachers' support and guidance.,Social Capital and Dropping Out of High School: Benefits to At-Risk Students of Teachers’ Support and Guidance,"Croninger, R. G.; Lee, V. E.",Croninger; Lee,2001.0,2001.0,Teachers College Record,Teachers College Record The Voice of Scholarship in Education,,10.1111/0161-4681.00127,1.0,1.0,1.0,GOOGLE,0.0,"✓ Title | ✓ Authors | ✓ Year | ✓ Venue | ○ ID

### Summary
This article was confirmed in Teachers College Record with matching authors Croninger and Lee, and the year 2001. The title and journal details matched exactly, confirming the authenticity of the reference.

### Details
A matching record was found with the exact title ""Social Capital and Dropping Out of High School: Benefits to At-Risk Students of Teachers’ Support and Guidance."" The authors, Croninger and Lee, were confirmed by surname and first initials. The publication year 2001 matched exactly. The journal name ""Teachers College Record The Voice of Scholarship in Education"" aligns closely with the cited ""Teachers College Record,"" confirming the venue. Although no DOI was provided in the original citation, the verified record includes DOI 10.1111/0161-4681.00127. The article spans volume 103, issue 4, pages 548-581.

- https://doi.org/10.1111/0161-4681.00127",1.0,0.0
"Lee, V. E., & Burkam, D. T. (2003). Dropping out of high school: The role of school organization and structure. American Educational Research Journal, 40(2), 353-393.",School dropout,llama_3_1_405b_base,verified,"Lee, V. E., & Burkam, D. T. (2003). Dropping out of high school: The role of school organization and structure. *American Educational Research Journal*, 40(2), 353-393. https://doi.org/10.3102/00028312040002353",MATCH,MATCH,MATCH,MATCH,ABSENT,Dropping Out of High School: The Role of School Organization and Structure,Lee; Burkam,2003.0,American Educational Research Journal,10.3102/00028312040002353,https://doi.org/10.3102/00028312040002353,GOOGLE,4.0,0.0,0.0,1.0,0.0,Dropping out of high school: The role of school organization and structure,Dropping Out of High School: The Role of School Organization and Structure,"Lee, V. E.; Burkam, D. T.",Lee; Burkam,2003.0,2003.0,American Educational Research Journal,American Educational Research Journal,,10.3102/00028312040002353,1.0,1.0,1.0,GOOGLE,0.0,"✓ Title | ✓ Authors | ✓ Year | ✓ Venue | ○ ID

### Summary
This article was confirmed in the American Educational Research Journal with matching authors Lee and Burkam, the exact year 2003, and the precise title ""Dropping Out of High School: The Role of School Organization and Structure."" All core reference details matched exactly.

### Details
A matching record was found with the exact title, author surnames, publication year, and journal. The reference corresponds to the article by Lee and Burkam published in 2003 in the American Educational Research Journal, volume 40, issue 2, pages 353-393. Although the original citation did not include a DOI, the verified source provides the DOI https://doi.org/10.3102/00028312040002353 as a digital identifier.

- https://doi.org/10.3102/00028312040002353",1.0,0.0
"Rumberger, R. W., & Thomas, S. L. (2000). The distribution of dropout and turnover rates among urban and suburban high schools. Sociology of Education, 73(1), 39-67.",School dropout,llama_3_1_405b_base,verified,"Rumberger, R. W., & Thomas, S. L. (2000). The Distribution of Dropout and Turnover Rates among Urban and Suburban High Schools. *Sociology of Education*, 73(1), 39. https://doi.org/10.2307/2673198",MATCH,MATCH,MATCH,MATCH,ABSENT,The Distribution of Dropout and Turnover Rates among Urban and Suburban High Schools,Rumberger; Thomas,2000.0,Sociology of Education,10.2307/2673198,https://doi.org/10.2307/2673198,GOOGLE,4.0,0.0,0.0,1.0,0.0,The distribution of dropout and turnover rates among urban and suburban high schools.,The Distribution of Dropout and Turnover Rates among Urban and Suburban High Schools,"Rumberger, R. W.; Thomas, S. L.",Rumberger; Thomas,2000.0,2000.0,Sociology of Education,Sociology of Education,,10.2307/2673198,1.0,1.0,1.0,GOOGLE,0.0,"✓ Title | ✓ Authors | ✓ Year | ✓ Venue | ○ ID

### Summary
This article was confirmed in Sociology of Education with matching authors Rumberger and Thomas, and the publication year 2000. The title also matched exactly, supporting the verification.

### Details
A matching record was found with the exact title ""The Distribution of Dropout and Turnover Rates among Urban and Suburban High Schools."" Both authors' surnames, Rumberger and Thomas, matched in the citation and the evidence. The year 2000 matched exactly, and the journal Sociology of Education was confirmed. No identifier such as a DOI was in the citation, but the matched record included DOI 10.2307/2673198.

- https://doi.org/10.2307/2673198",1.0,0.0
"Goldschmidt, P., & Wang, J. (1999). When can schools affect dropout behavior? A longitudinal multilevel analysis. American Educational Research Journal, 36(4), 715-738.",School dropout,llama_3_1_405b_base,verified,"Goldschmidt, P., & Wang, J. (1999). When Can Schools Affect Dropout Behavior? A Longitudinal Multilevel Analysis. *American Educational Research Journal*, 36(4), 715-738. https://doi.org/10.3102/00028312036004715",MATCH,MATCH,MATCH,MATCH,ABSENT,When Can Schools Affect Dropout Behavior? A Longitudinal Multilevel Analysis,Goldschmidt; Wang,1999.0,American Educational Research Journal,10.3102/00028312036004715,https://doi.org/10.3102/00028312036004715,GOOGLE,4.0,0.0,0.0,1.0,0.0,When can schools affect dropout behavior? A longitudinal multilevel analysis.,When Can Schools Affect Dropout Behavior? A Longitudinal Multilevel Analysis,"Goldschmidt, P.; Wang, J.",Goldschmidt; Wang,1999.0,1999.0,American Educational Research Journal,American Educational Research Journal,,10.3102/00028312036004715,1.0,1.0,1.0,GOOGLE,0.0,"✓ Title | ✓ Authors | ✓ Year | ✓ Venue | ○ ID

### Summary
This article was confirmed in the American Educational Research Journal with matching authors Goldschmidt and Wang, and the year 1999. The title matched exactly as well.

### Details
A matching record was found through a search that perfectly matched the title ""When Can Schools Affect Dropout Behavior? A Longitudinal Multilevel Analysis"". Both authors, Goldschmidt and Wang, were identified, and the publication year 1999 matched exactly. The journal name also aligned perfectly with the citation. The document has a DOI 10.3102/00028312036004715, confirming the identification.

- https://doi.org/10.3102/00028312036004715",1.0,0.0
"Alexander, K. L., Entwisle, D. R., & Kabbani, N. S. (2001). The dropout process in life course perspective: Early risk factors at home and school. Teachers College Record, 103(5), 760-822.",School dropout,llama_3_1_405b_base,verified,"Alexander, K. L., Entwisle, D. R., & Kabbani, N. S. (2001). The Dropout Process in Life Course Perspective: Early Risk Factors at Home and School. *Teachers College Record The Voice of Scholarship in Education*, 103(5), 760-822. https://doi.org/10.1111/0161-4681.00134",MATCH,MATCH,MATCH,MATCH,ABSENT,The Dropout Process in Life Course Perspective: Early Risk Factors at Home and School,Alexander; Entwisle; Kabbani,2001.0,Teachers College Record The Voice of Scholarship in Education,10.1111/0161-4681.00134,https://doi.org/10.1111/0161-4681.00134,GOOGLE,4.0,0.0,0.0,1.0,0.0,The dropout process in life course perspective: Early risk factors at home and school.,The Dropout Process in Life Course Perspective: Early Risk Factors at Home and School,"Alexander, K. L.; Entwisle, D. R.; Kabbani, N. S.",Alexander; Entwisle; Kabbani,2001.0,2001.0,Teachers College Record,Teachers College Record The Voice of Scholarship in Education,,10.1111/0161-4681.00134,1.0,1.0,1.0,GOOGLE,0.0,"✓ Title | ✓ Authors | ✓ Year | ✓ Venue | ○ ID

### Summary
This article was confirmed in Teachers College Record with matching authors Alexander, Entwisle, and Kabbani, and the year 2001. The title exactly matches the reference provided, confirming the publication details.

### Details
A matching record was found with the exact title ""The Dropout Process in Life Course Perspective: Early Risk Factors at Home and School."" The authors' surnames Alexander, Entwisle, and Kabbani matched exactly. The year 2001 matched exactly. The venue name matched, with the source including an additional subtitle phrased as ""The Voice of Scholarship in Education,"" which is a descriptive tagline rather than a different journal. No DOI was provided in the original reference, but the verified match included DOI 10.1111/0161-4681.00134.

- https://doi.org/10.1111/0161-4681.00134
- https://journals.sagepub.com/doi/10.1111/0161-4681.00134",1.0,0.0
"Battin-Pearson, S., Newcomb, M. D., Abbott, R. D., Hill, K. G., Catalano, R. F., & Hawkins, J. D. (2000). Predictors of early high school dropout: A test of five theories. Journal of Educational Psychology, 92(3), 568-582.",School dropout,llama_3_1_405b_base,verified,"Battin-Pearson, S., Newcomb, M. D., Abbott, R. D., Hemphill, S. A., Catalano, R. F., & Hawkins, J. D. (2000). Predictors of early high school dropout: A test of five theories. *Journal of Educational Psychology*, 92(3), 568-582. https://doi.org/10.1037/0022-0663.92.3.568",MATCH,CONTAINS,MATCH,MATCH,ABSENT,Predictors of early high school dropout: A test of five theories.,Battin-Pearson; Newcomb; Abbott; Hemphill; Catalano; Hawkins,2000.0,Journal of Educational Psychology,10.1037/0022-0663.92.3.568,https://doi.org/10.1037/0022-0663.92.3.568,GOOGLE,3.0,0.0,1.0,1.0,0.0,Predictors of early high school dropout: A test of five theories,Predictors of early high school dropout: A test of five theories.,"Battin-Pearson, S.; Newcomb, M. D.; Abbott, R. D.; Hill, K. G.; Catalano, R. F.; Hawkins, J. D.",Battin-Pearson; Newcomb; Abbott; Hemphill; Catalano; Hawkins,2000.0,2000.0,Journal of Educational Psychology,Journal of Educational Psychology,,10.1037/0022-0663.92.3.568,1.0,1.0,1.0,GOOGLE,0.0,"✓ Title | ◐ Authors | ✓ Year | ✓ Venue | ○ ID

### Summary
This article was confirmed in the Journal of Educational Psychology with matching title, most authors, year, and journal name. The reference aligns closely with the verified record despite one additional author name (Hemphill) present in the verified source.

### Details
A matching record was found with the exact title ""Predictors of early high school dropout: A test of five theories."" The year 2000, journal name, and most authors (Battin-Pearson, Newcomb, Abbott, Catalano, Hawkins) matched. The citation was missing one author found in the source (Hemphill), but the overall match is strong. No DOI was provided in the citation, but the verified source is linked to DOI 10.1037/0022-0663.92.3.568.

- https://doi.org/10.1037/0022-0663.92.3.568",0.867,0.133
"Smink, J., & Reimer, M. S. (2005). Rural school dropout issues: A review of the literature. Journal of Research in Rural Education, 20(10), 1-14.",School dropout prevention programs in rural areas,llama_3_1_405b_base,unverified,Reference could not be verified.,CONTAINS,MATCH,CONTRADICTION,CONTRADICTION,ABSENT,Rural school dropout issues,Smink; Reimer,2009.0,Implications for dropout,,http://innovationforruralalabama.ua.edu/uploads/1/0/8/4/108475031/rural_school_dropout_issues_report_1.pdf,GOOGLE,1.0,2.0,1.0,1.0,0.0,Rural school dropout issues: A review of the literature,Rural school dropout issues,"Smink, J.; Reimer, M. S.",Smink; Reimer,2005.0,2009.0,Journal of Research in Rural Education,Implications for dropout,,http://innovationforruralalabama.ua.edu/uploads/1/0/8/4/108475031/rural_school_dropout_issues_report_1.pdf,0.0,0.0,1.0,GOOGLE,1.0,"◐ Title | ✓ Authors | ✗ Year | ✗ Venue | ○ ID

### Summary
The reference could not be verified as the details given do not fully match any available records. Although the authors and core part of the title match, the publication year and journal name differ significantly from the closest found document.

### Details
A matching record was found with the authors Smink and Reimer and a related title ""Rural school dropout issues,"" but it was published in 2009, not 2005. Furthermore, the journal ""Journal of Research in Rural Education"" listed in the citation does not match the venue named ""Implications for dropout"" in the found record. No digital identifier was available for confirmation. Searches on academic databases and general web queries did not find the cited article in the given journal and year.

- [Rural School Dropout Issues Report (PDF)](http://innovationforruralalabama.ua.edu/uploads/1/0/8/4/108475031/rural_school_dropout_issues_report_1.pdf)
- [ERIC - Implications for Dropout Prevention](https://eric.ed.gov/?id=ED576132)",0.033,0.967
"de Wit, D. J., Karioja, K., & Rye, B. J. (2010). Student perceptions of diminished teacher and classmate support following the transition to high school: Are they related to declining attendance? Journal of Adolescent Research, 25(5), 661-696.",School dropout prevention programs in rural areas,llama_3_1_405b_base,verified-with-error,"De Wit, D. J., Karioja, K., & Rye, B. J. (2010). *Student perceptions of diminished teacher and classmate support following the transition to high school: are they related to declining attendance?* *School Effectiveness and School Improvement*, 21(4), 451-472. https://doi.org/10.1080/09243453.2010.532010",MATCH,MATCH,MATCH,CONTRADICTION,ABSENT,Student perceptions of diminished teacher and classmate support following the transition to high school: are they related to declining attendance?,De Wit; Karioja; Rye,2010.0,School Effectiveness and School Improvement,10.1080/09243453.2010.532010,https://doi.org/10.1080/09243453.2010.532010,GOOGLE,3.0,1.0,0.0,1.0,0.0,Student perceptions of diminished teacher and classmate support following the transition to high school: Are they related to declining attendance?,Student perceptions of diminished teacher and classmate support following the transition to high school: are they related to declining attendance?,"de Wit, D. J.; Karioja, K.; Rye, B. J.",De Wit; Karioja; Rye,2010.0,2010.0,Journal of Adolescent Research,School Effectiveness and School Improvement,,10.1080/09243453.2010.532010,0.0,0.0,1.0,GOOGLE,0.0,"✓ Title | ✓ Authors | ✓ Year | ✗ Venue | ○ ID

### Summary
The article titled ""Student perceptions of diminished teacher and classmate support following the transition to high school: Are they related to declining attendance?"" by De Wit, Karioja, and Rye from 2010 was confirmed with matching authors and year. However, the publication venue differs from what was cited; it was published in the journal ""School Effectiveness and School Improvement"" instead of ""Journal of Adolescent Research.""

### Details
A matching record was found with an exact title match and author surnames corresponding precisely to the citation. The year 2010 also matched exactly. The primary discrepancy is the journal name: the found article is from ""School Effectiveness and School Improvement,"" a different journal than stated in the citation. The article's DOI is 10.1080/09243453.2010.532010 and can be accessed online.

- https://doi.org/10.1080/09243453.2010.532010
- https://www.tandfonline.com/doi/abs/10.1080/09243453.2010.532010
- https://eric.ed.gov/?id=EJ910753",0.6,0.4
"Flowers, T. A., & Flowers, L. A. (2008). Factors affecting the likelihood of rural students dropping out of high school. Journal of At-Risk Issues, 14(1), 1-7.",School dropout prevention programs in rural areas,llama_3_1_405b_base,unverified,Reference could not be verified.,UNCONFIRMED,UNCONFIRMED,UNCONFIRMED,UNCONFIRMED,UNCONFIRMED,,,,,,,,,,,,,,,,,,,,,,,0.0,0.0,0.0,,0.0,"? Title | ? Authors | ? Year | ? Venue | ? ID

### Summary
No matching article with the title ""Factors affecting the likelihood of rural students dropping out of high school"" by Flowers, T. A. and Flowers, L. A. from 2008 was found. The journal ""Journal of At-Risk Issues"" also showed no confirmation for this reference.

### Details
A comprehensive search was conducted using the title, author names, publication year, and journal details, but no matching records were found in major academic databases including OpenAlex, Google Scholar, and general web searches. None of the search results or academic listings corresponded to this particular article, resulting in no evidence to confirm its existence or details.

- https://openalex.org
- https://scholar.google.com
- https://www.google.com/search?q=Factors+affecting+the+likelihood+of+rural+students+dropping+out+of+high+school+Flowers+Flowers+2008+Journal+of+At-Risk+Issues",0.0,1.0
"Khattri, N., Riley, K. W., & Kane, M. B. (1997). Students at risk in poor, rural areas: A review of the research. Journal of Research in Rural Education, 13(2), 79-100.",School dropout prevention programs in rural areas,llama_3_1_405b_base,verified,"Khattri, N., Riley, K., & Kane, M. B. (1997). Students at risk in poor, rural areas: A review of the research. *Journal of Research in Rural Education*, 13(2), 79-100. http://files.eric.ed.gov/fulltext/ED461442.pdf",MATCH,MATCH,MATCH,MATCH,ABSENT,"Students at Risk in Poor, Rural Areas: A Review of the Research.",Khattri; Riley; Kane,1997.0,Journal of Research in Rural Education,,http://files.eric.ed.gov/fulltext/ED461442.pdf,GOOGLE,4.0,0.0,0.0,1.0,0.0,"Students at risk in poor, rural areas: A review of the research","Students at Risk in Poor, Rural Areas: A Review of the Research.","Khattri, N.; Riley, K. W.; Kane, M. B.",Khattri; Riley; Kane,1997.0,1997.0,Journal of Research in Rural Education,Journal of Research in Rural Education,,http://files.eric.ed.gov/fulltext/ED461442.pdf,1.0,1.0,1.0,GOOGLE,0.0,"✓ Title | ✓ Authors | ✓ Year | ✓ Venue | ○ ID

### Summary
This article was confirmed in the Journal of Research in Rural Education with matching authors Khattri, Riley, and Kane, and the year 1997. The title ""Students at Risk in Poor, Rural Areas: A Review of the Research"" was found to match exactly.

### Details
A matching record was found with the exact title and author surnames matching perfectly. The publication year 1997 and journal name also matched exactly. Although no DOI was present, a direct URL to the full document at http://files.eric.ed.gov/fulltext/ED461442.pdf was identified, confirming the reference details.

- [ERIC Full Text PDF](http://files.eric.ed.gov/fulltext/ED461442.pdf)",1.0,0.0
"Legters, N. E., & Kerr, K. A. (2001). The effects of transition to high school on early adolescents. Journal of Adolescent Research, 16(2), 131-158.",School dropout prevention programs in rural areas,llama_3_1_405b_base,needs-human,Reference requires human review.,CONTAINS,CONTAINS,UNCONFIRMED,UNCONFIRMED,ABSENT,Reinvestigating the Effects of the Transition to High School on ...,Kerr,,,,https://academiccommons.columbia.edu/doi/10.7916/D8M61WWG/download,GOOGLE,0.0,0.0,2.0,1.0,2.0,The effects of transition to high school on early adolescents.,Reinvestigating the Effects of the Transition to High School on ...,"Legters, N. E.; Kerr, K. A.",Kerr,2001.0,,Journal of Adolescent Research,,,https://academiccommons.columbia.edu/doi/10.7916/D8M61WWG/download,0.0,2.0,3.0,GOOGLE,0.0,"◐ Title | ◐ Authors | ? Year | ? Venue | ○ ID

### Summary
The reference to the article by Legters and Kerr (2001) titled ""The effects of transition to high school on early adolescents"" could not be conclusively verified. While the title and one of the authors, Kerr, were found to be related in a similar but newer document titled ""Reinvestigating the Effects of the Transition to High School on ..."", the exact year and journal details were not confirmed.

### Details
A matching record was identified featuring author Kerr and a title that contains core elements of the cited article's title, indicating a related or extended work rather than the exact original publication. However, there was no confirmation of the publication year 2001 or the Journal of Adolescent Research as the venue. The original citation lacks a DOI or other persistent identifier, which limits verification. Searches in OpenAlex and Google did not locate an exact match for the full citation. The best potential match is accessible at Columbia University's academic commons, underscoring the need for human examination to clarify the relationship.

- https://academiccommons.columbia.edu/doi/10.7916/D8M61WWG/download",0.3,0.7
"Mac Iver, D. J., & Mac Iver, M. A. (2009). Beyond the indicators: An integrated school-level approach to dropout prevention. Peabody Journal of Education, 84(4), 538-564.",School dropout prevention programs in rural areas,llama_3_1_405b_base,verified-with-error,"Mac Iver, M. A., & Mac Iver, D. J. (2009). Beyond the Indicators: An Integrated School-Level Approach to Dropout Prevention. *George Washington University Center for Equity and Excellence in Education*. http://files.eric.ed.gov/fulltext/ED539776.pdf",MATCH,MATCH,MATCH,CONTRADICTION,ABSENT,Beyond the Indicators: An Integrated School-Level Approach to Dropout Prevention.,Mac Iver; Mac Iver,2009.0,George Washington University Center for Equity and Excellence in Education / ERIC,,http://files.eric.ed.gov/fulltext/ED539776.pdf,GOOGLE,3.0,1.0,0.0,1.0,0.0,Beyond the indicators: An integrated school-level approach to dropout prevention,Beyond the Indicators: An Integrated School-Level Approach to Dropout Prevention.,"Mac Iver, D. J.; Mac Iver, M. A.",Mac Iver; Mac Iver,2009.0,2009.0,Peabody Journal of Education,George Washington University Center for Equity and Excellence in Education / ERIC,,http://files.eric.ed.gov/fulltext/ED539776.pdf,0.0,0.0,1.0,GOOGLE,0.0,"✓ Title | ✓ Authors | ✓ Year | ✗ Venue | ○ ID

### Summary
This reference was confirmed with matching title, authors, and year; however, there is a discrepancy regarding the publication venue. The original citation lists the Peabody Journal of Education, but the verified source points to a publication from the George Washington University Center for Equity and Excellence in Education and ERIC.

### Details
A matching document was found titled ""Beyond the Indicators: An Integrated School-Level Approach to Dropout Prevention"" with the authors Mac Iver, M. A., and Mac Iver, D. J., published in 2009, matching exactly with the citation. However, instead of appearing in the Peabody Journal of Education, the document is hosted by the George Washington University Center for Equity and Excellence in Education and available via ERIC. No DOI is present. The evidence includes the exact title and authors, with consistent year information. The discrepancy lies in the venue name where the document is stored rather than a traditional journal setting. 

- http://files.eric.ed.gov/fulltext/ED539776.pdf
- https://eric.ed.gov/?id=ED539776
- https://eslplus.eu/documents/Beyond_The_Indicators_An_Integrated_School_Level_Approach_to_Dropout_Prevention.pdf",0.6,0.4
"Orfield, G. (2004). Losing our future: How America's schools are failing too many and why it matters. Harvard Education Publishing Group.",School dropout prevention programs in rural areas,llama_3_1_405b_base,needs-human,Reference requires human review.,CONTRADICTION,CONTAINS,MATCH,CONTAINS,ABSENT,Losing our future: How minority youth are being left behind by the graduation rate crisis,Orfield; Losen; Wald; Swanson,2004.0,The Civil Rights Project at Harvard University,,https://www.urban.org/sites/default/files/publication/57876/410936-losing-our-future.pdf,GOOGLE,1.0,1.0,2.0,1.0,0.0,Losing our future: How America's schools are failing too many and why it matters,Losing our future: How minority youth are being left behind by the graduation rate crisis,"Orfield, G.",Orfield; Losen; Wald; Swanson,2004.0,2004.0,Harvard Education Publishing Group,The Civil Rights Project at Harvard University,,https://www.urban.org/sites/default/files/publication/57876/410936-losing-our-future.pdf,0.0,0.0,1.0,GOOGLE,0.0,"✗ Title | ◐ Authors | ✓ Year | ◐ Venue | ○ ID

### Summary
The reference could not be conclusively verified because the title from the citation and the closest found record describe different subjects. Both share the author Orfield and the publication year 2004, and are associated with Harvard-affiliated organizations, but the titles and author lists differ significantly.

### Details
A matching record was found titled ""Losing our future: How minority youth are being left behind by the graduation rate crisis,"" authored by Orfield and colleagues, published in 2004. This differs from the cited title ""Losing our future: How America's schools are failing too many and why it matters,"" which appears to be a different work despite overlapping topics and publisher affiliations (Harvard Education Publishing Group versus The Civil Rights Project at Harvard University). The citation’s author is Orfield alone, whereas the evidence shows multiple authors. No digital identifier was available to confirm a definite match.

- https://www.urban.org/sites/default/files/publication/57876/410936-losing-our-future.pdf
- https://escholarship.org/content/qt4x44w1qh/qt4x44w1qh.pdf",0.1,0.9
"Reimer, M. S., & Smink, J. (2005). Rural school dropout prevention: What works and why. Journal of Research in Rural Education, 20(10), 1-14.",School dropout prevention programs in rural areas,llama_3_1_405b_base,unverified,Reference could not be verified.,CONTRADICTION,MATCH,MATCH,CONTRADICTION,ABSENT,Fifteen Effective Strategies for Improving Student Attendance and Truancy Prevention.,Smink; Reimer,2005.0,"National Dropout Prevention Center Network, ERIC",,https://eric.ed.gov/?id=ED485683,GOOGLE,2.0,2.0,0.0,1.0,0.0,Rural school dropout prevention: What works and why,Fifteen Effective Strategies for Improving Student Attendance and Truancy Prevention.,"Reimer, M. S.; Smink, J.",Smink; Reimer,2005.0,2005.0,Journal of Research in Rural Education,"National Dropout Prevention Center Network, ERIC",,https://eric.ed.gov/?id=ED485683,0.0,0.0,1.0,GOOGLE,0.0,"✗ Title | ✓ Authors | ✓ Year | ✗ Venue | ○ ID

### Summary
The reference could not be verified as matching any known publication. While the authors Reimer and Smink and the year 2005 matched, the title and journal given do not correspond to any found records. 

### Details
A search found a publication by Smink and Reimer in 2005 titled ""Fifteen Effective Strategies for Improving Student Attendance and Truancy Prevention"" from the National Dropout Prevention Center Network, but it differs significantly in title and venue from the cited reference. The claimed journal ""Journal of Research in Rural Education"" and the title about rural dropout prevention were not found in the searched databases or archives. No digital object identifier or direct match was identified to confirm the reference.

- https://eric.ed.gov/?id=ED485683",0.0,1.0
"Sherman, A., & Sherman, W. (2011). I made it, but barely: The challenges of rural students in college. Journal of Rural Social Sciences, 26(2), 1-24.",School dropout prevention programs in rural areas,llama_3_1_405b_base,unverified,"Sherman, J. (2011). I made it, but barely: The challenges of rural students in college. *Journal of Rural Social Sciences*, 26(2), 1-24.",UNCONFIRMED,UNCONFIRMED,UNCONFIRMED,UNCONFIRMED,UNCONFIRMED,"I made it, but barely: The challenges of rural students in college.",Sherman,2011.0,"Journal of Rural Social Sciences, 26(2), 1-24",,,GOOGLE,3.0,1.0,0.0,1.0,0.0,"I made it, but barely: The challenges of rural students in college.","I made it, but barely: The challenges of rural students in college.","Sherman, A.; Sherman, W.",Sherman,2011.0,2011.0,Journal of Rural Social Sciences,"Journal of Rural Social Sciences, 26(2), 1-24",,,0.0,0.0,1.0,GOOGLE,0.0,Updated 2026-04-24 from fresh SVRIS run — no candidate found; original verified-with-error was stale,0.0,1.0
"Sipple, J. W., & Killeen, K. (2004). Context, capacity, and concern: A district-level analysis of rural school dropout prevention. Journal of Research in Rural Education, 19(10), 1-14.",School dropout prevention programs in rural areas,llama_3_1_405b_base,unverified,Reference could not be verified.,CONTRADICTION,MATCH,MATCH,CONTRADICTION,ABSENT,"Context, capacity, and concern: A district-level analysis of the implementation of standards-based reform in New York State",Sipple; Killeen,2004.0,Educational Policy,10.1177/0895904804265639,,GOOGLE,2.0,2.0,0.0,1.0,0.0,"Context, capacity, and concern: A district-level analysis of rural school dropout prevention.","Context, capacity, and concern: A district-level analysis of the implementation of standards-based reform in New York State","Sipple, J. W.; Killeen, K.",Sipple; Killeen,2004.0,2004.0,Journal of Research in Rural Education,Educational Policy,,10.1177/0895904804265639,0.0,0.0,1.0,GOOGLE,0.0,"✗ Title | ✓ Authors | ✓ Year | ✗ Venue | ○ ID

### Summary
The reference could not be verified because the title and journal do not match any known records. While the authors Sipple and Killeen and the year 2004 match, the cited title about rural school dropout prevention differs significantly from the found article about standards-based reform in New York State.

### Details
A matching record was found with the same authors and year, but its title is ""Context, capacity, and concern: A district-level analysis of the implementation of standards-based reform in New York State,” published in Educational Policy. This differs from the cited title related to rural school dropout prevention, which could not be found in any database or search. No identifier like a DOI was available in the citation to assist verification.

- https://journals.sagepub.com/doi/10.1177/0895904804265639
- https://www.researchgate.net/publication/249680765_Context_Capacity_and_Concern_A_District-Level_Analysis_of_the_Implementation_of_Standards-Based_Reform_in_New_York_State",0.0,1.0
"Blais, A. (2006). What affects voter turnout? Annual Review of Political Science, 9, 111-125.",Voter turnout,llama_3_1_405b_base,verified,"Blais, A. (2005). What affects voter turnout? *Annual Review of Political Science*, 9(1), 111-125. https://doi.org/10.1146/annurev.polisci.9.070204.105121",MATCH,MATCH,CONTAINS,MATCH,ABSENT,WHAT AFFECTS VOTER TURNOUT?,Blais,2005.0,Annual Review of Political Science,10.1146/annurev.polisci.9.070204.105121,https://doi.org/10.1146/annurev.polisci.9.070204.105121,GOOGLE,3.0,0.0,1.0,1.0,0.0,What affects voter turnout?,WHAT AFFECTS VOTER TURNOUT?,"Blais, A.",Blais,2006.0,2005.0,Annual Review of Political Science,Annual Review of Political Science,,10.1146/annurev.polisci.9.070204.105121,1.0,1.0,1.0,GOOGLE,0.0,"✓ Title | ✓ Authors | ◐ Year | ✓ Venue | ○ ID

### Summary
This article was confirmed in the Annual Review of Political Science with matching authors and title. The publication year differed by one year (2006 cited vs. 2005 actual), which is common due to differences in online and print release dates.

### Details
A matching record was found titled ""WHAT AFFECTS VOTER TURNOUT?"" by Blais in the Annual Review of Political Science. The authorship and journal matched exactly. Although the citation year 2006 differed slightly from the evidence year 2005, this is considered acceptable in verification due to publication timing differences. The DOI 10.1146/annurev.polisci.9.070204.105121 confirms the article.

- https://doi.org/10.1146/annurev.polisci.9.070204.105121",0.9,0.1
"Wolfinger, R. E., & Rosenstone, S. J. (1980). Who votes? Yale University Press.",Voter turnout,llama_3_1_405b_base,verified,"Wolfinger, R. E., & Rosenstone, S. J. (1980). *Who votes?* Yale University Press. https://yalebooks.yale.edu/book/9780300025521/who-votes/",MATCH,MATCH,MATCH,MATCH,ABSENT,Who votes?,Wolfinger; Rosenstone,1980.0,Yale University Press,,https://yalebooks.yale.edu/book/9780300025521/who-votes/,GOOGLE,4.0,0.0,0.0,1.0,0.0,Who votes?,Who votes?,"Wolfinger, R. E.; Rosenstone, S. J.",Wolfinger; Rosenstone,1980.0,1980.0,Yale University Press,Yale University Press,,https://yalebooks.yale.edu/book/9780300025521/who-votes/,1.0,1.0,1.0,GOOGLE,0.0,"✓ Title | ✓ Authors | ✓ Year | ✓ Venue | ○ ID

### Summary
This book titled ""Who votes?"" by Wolfinger and Rosenstone was confirmed to be published in 1980 by Yale University Press. Both the authors' names, the publication year, and the publisher matched exactly with the provided reference.

### Details
A matching record was found with the exact title ""Who votes?"" and authors Rosenstone and Wolfinger identified by surname. The year 1980 matched perfectly, as did the publisher Yale University Press. No digital identifier like a DOI was available. Multiple sources from Google Books and the Yale University Press website verify this information.

- https://yalebooks.yale.edu/book/9780300025521/who-votes/
- https://books.google.com/books?hl=en&lr=&id=XmspYgn-syYC&oi=fnd&pg=PP11&dq=Who+votes%3F+Wolfinger+Rosenstone+1980+Yale+University+Press&ots=JBsGMtTo7O&sig=NmwQAu6MgDvj5tabg5ZvzR0JLr0",1.0,0.0
"Riker, W. H., & Ordeshook, P. C. (1968). A theory of the calculus of voting. American Political Science Review, 62(1), 25-42.",Voter turnout,llama_3_1_405b_base,verified,"Riker, W. H., & Ordeshook, P. C. (1968). *A theory of the calculus of voting*. *American Political Science Review*, 62(1), 25-42. https://doi.org/10.1017/s000305540011562x",MATCH,MATCH,MATCH,MATCH,ABSENT,A Theory of the Calculus of Voting,Riker; Ordeshook,1968.0,American Political Science Review,10.1017/s000305540011562x,https://doi.org/10.1017/s000305540011562x,GOOGLE,4.0,0.0,0.0,1.0,0.0,A theory of the calculus of voting,A Theory of the Calculus of Voting,"Riker, W. H.; Ordeshook, P. C.",Riker; Ordeshook,1968.0,1968.0,American Political Science Review,American Political Science Review,,10.1017/s000305540011562x,1.0,1.0,1.0,GOOGLE,0.0,"✓ Title | ✓ Authors | ✓ Year | ✓ Venue | ○ ID

### Summary
This article was confirmed in the American Political Science Review with matching authors Riker and Ordeshook, and the year 1968. The title ""A Theory of the Calculus of Voting"" was exactly matched.

### Details
A matching record was found with the exact title ""A Theory of the Calculus of Voting"" and authors Riker and Ordeshook. The publication year 1968 matched exactly. The article appears in the American Political Science Review, volume 62(1), pages 25-42. Although no identifier was provided initially, the DOI 10.1017/s000305540011562x was identified with the record.

- https://doi.org/10.1017/s000305540011562x",1.0,0.0
"Powell, G. B. (1986). American voter turnout in comparative perspective. American Political Science Review, 80(1), 17-43.",Voter turnout,llama_3_1_405b_base,verified,"Powell, G. B. (1986). American voter turnout in comparative perspective. *American Political Science Review*, 80(1), 17-43. https://doi.org/10.2307/1957082",MATCH,MATCH,MATCH,MATCH,ABSENT,American Voter Turnout in Comparative Perspective,Powell,1986.0,American Political Science Review,10.2307/1957082,https://doi.org/10.2307/1957082,GOOGLE,4.0,0.0,0.0,1.0,0.0,American voter turnout in comparative perspective.,American Voter Turnout in Comparative Perspective,"Powell, G. B.",Powell,1986.0,1986.0,American Political Science Review,American Political Science Review,,10.2307/1957082,1.0,1.0,1.0,GOOGLE,0.0,"✓ Title | ✓ Authors | ✓ Year | ✓ Venue | ○ ID

### Summary
This article was confirmed in the American Political Science Review with matching author G. B. Powell, title, and publication year 1986.

### Details
A matching record was found with the exact title ""American Voter Turnout in Comparative Perspective,"" authored by G. B. Powell, published in 1986 in the American Political Science Review. The citation fields including title, author, year, and journal matched exactly. Although no identifier was provided in the original citation, the article has a DOI available: 10.2307/1957082. Multiple sources, including Cambridge University Press and academic search results, support this match.

- https://doi.org/10.2307/1957082
- https://www.cambridge.org/core/journals/american-political-science-review/article/american-voter-turnout-in-comparative-perspective/5A8E10796141C4C4AF5B204984E5322E
- https://www.jstor.org/stable/i333655",1.0,0.0
"Jackman, R. W. (1987). Political institutions and voter turnout in the industrial democracies. American Political Science Review, 81(2), 405-423.",Voter turnout,llama_3_1_405b_base,verified,"Jackman, R. W. (1987). Political institutions and voter turnout in the industrial democracies. *American Political Science Review*, 81(2), 405-423. https://doi.org/10.2307/1961959",MATCH,MATCH,MATCH,MATCH,ABSENT,Political Institutions and Voter Turnout in the Industrial Democracies,Jackman,1987.0,American Political Science Review,10.2307/1961959,https://doi.org/10.2307/1961959,GOOGLE,4.0,0.0,0.0,1.0,0.0,Political institutions and voter turnout in the industrial democracies,Political Institutions and Voter Turnout in the Industrial Democracies,"Jackman, R. W.",Jackman,1987.0,1987.0,American Political Science Review,American Political Science Review,,10.2307/1961959,1.0,1.0,1.0,GOOGLE,0.0,"✓ Title | ✓ Authors | ✓ Year | ✓ Venue | ○ ID

### Summary
This article was confirmed in the American Political Science Review with matching title, author surname, and publication year.

### Details
A matching record was found with the exact title ""Political Institutions and Voter Turnout in the Industrial Democracies."" The author surname ""Jackman"" was confirmed, as well as the year 1987. The journal name also matched exactly. Although no identifier was provided in the citation, a DOI (10.2307/1961959) is associated with the article, accessible at https://doi.org/10.2307/1961959.

- https://doi.org/10.2307/1961959",1.0,0.0
"Radcliff, B., & Davis, P. (2000). Labor organization and electoral participation in industrial democracies. American Journal of Political Science, 44(1), 132-141.",Voter turnout,llama_3_1_405b_base,verified,"Radcliff, B., & Davis, P. (2000). Labor organization and electoral participation in industrial democracies. *American Journal of Political Science*, 44(1), 132. https://doi.org/10.2307/2669299",MATCH,MATCH,MATCH,MATCH,ABSENT,Labor Organization and Electoral Participation in Industrial Democracies,Radcliff; Davis,2000.0,American Journal of Political Science,10.2307/2669299,https://doi.org/10.2307/2669299,GOOGLE,4.0,0.0,0.0,1.0,0.0,Labor organization and electoral participation in industrial democracies.,Labor Organization and Electoral Participation in Industrial Democracies,"Radcliff, B.; Davis, P.",Radcliff; Davis,2000.0,2000.0,American Journal of Political Science,American Journal of Political Science,,10.2307/2669299,1.0,1.0,1.0,GOOGLE,0.0,"✓ Title | ✓ Authors | ✓ Year | ✓ Venue | ○ ID

### Summary
This article was confirmed in the American Journal of Political Science with matching authors Radcliff and Davis, published in 2000. The exact title, journal name, author surnames, and publication year all match perfectly.

### Details
A matching record was found with the exact title ""Labor Organization and Electoral Participation in Industrial Democracies"". The authors Benjamin Radcliff and Patricia Davis were confirmed by surname and affiliation. The publication year 2000 and the journal ""American Journal of Political Science"" matched exactly. Although no DOI was included in the original citation, one was found for the article: 10.2307/2669299. Confirmatory evidence was obtained from OpenAlex, Google Scholar, and direct search on academic databases, reinforcing the article's verification.

- https://doi.org/10.2307/2669299
- https://heinonline.org/hol-cgi-bin/get_pdf.cgi?handle=hein.journals/amjorpolisci44&section=14
- https://www.jstor.org/stable/2669299",1.0,0.0
"Blais, A., & Dobrzynska, A. (1998). Turnout in electoral democracies. European Journal of Political Research, 33(2), 239-261.",Voter turnout,llama_3_1_405b_base,verified,"Blais, A., & Dobrzynska, A. (1998). Turnout in Electoral Democracies. *European Journal of Political Research*, 33(2), 239-261. https://doi.org/10.1111/1475-6765.00382",MATCH,MATCH,MATCH,MATCH,ABSENT,Turnout in Electoral Democracies,Blais; Dobrzynska,1998.0,European Journal of Political Research,10.1111/1475-6765.00382,https://doi.org/10.1111/1475-6765.00382,GOOGLE,4.0,0.0,0.0,1.0,0.0,Turnout in electoral democracies.,Turnout in Electoral Democracies,"Blais, A.; Dobrzynska, A.",Blais; Dobrzynska,1998.0,1998.0,European Journal of Political Research,European Journal of Political Research,,10.1111/1475-6765.00382,1.0,1.0,1.0,GOOGLE,0.0,"✓ Title | ✓ Authors | ✓ Year | ✓ Venue | ○ ID

### Summary
This article was confirmed in the European Journal of Political Research with matching authors Blais and Dobrzynska, the exact title ""Turnout in Electoral Democracies,"" and the year 1998.

### Details
A matching record was found showing the exact title ""Turnout in Electoral Democracies."" The authors Blais and Dobrzynska matched by surname, and the publication year 1998 matched exactly. The journal name European Journal of Political Research was confirmed as well. While no identifier was provided in the original citation, the article was confirmed through a DOI link: https://doi.org/10.1111/1475-6765.00382.

- https://doi.org/10.1111/1475-6765.00382",1.0,0.0
"Tinto, V. (1975). Dropout from higher education: A theoretical synthesis of recent research. Review of Educational Research, 45(1), 89-125.",School dropout,llama_3_1_405b_base,verified,"Tinto, V. (1975). Dropout from higher education: A theoretical synthesis of recent research. *Review of Educational Research*, 45(1), 89-125. https://doi.org/10.3102/00346543045001089",MATCH,MATCH,MATCH,MATCH,ABSENT,Dropout from Higher Education: A Theoretical Synthesis of Recent Research,Tinto,1975.0,Review of Educational Research,10.3102/00346543045001089,https://doi.org/10.3102/00346543045001089,GOOGLE,4.0,0.0,0.0,1.0,0.0,Dropout from higher education: A theoretical synthesis of recent research,Dropout from Higher Education: A Theoretical Synthesis of Recent Research,"Tinto, V.",Tinto,1975.0,1975.0,Review of Educational Research,Review of Educational Research,,10.3102/00346543045001089,1.0,1.0,1.0,GOOGLE,0.0,"✓ Title | ✓ Authors | ✓ Year | ✓ Venue | ○ ID

### Summary
This article was confirmed in the Review of Educational Research with matching title, author, and publication year. The reference aligns perfectly with the verified source.

### Details
A matching record was found with the exact title ""Dropout from Higher Education: A Theoretical Synthesis of Recent Research"" and the author Tinto was confirmed match by surname. The year 1975 matched exactly, and the journal name was an exact match as well. Although no identifier was provided originally, a DOI was found for this article: 10.3102/00346543045001089. This verified information is accessible at the official DOI link.

- https://doi.org/10.3102/00346543045001089",1.0,0.0
"Laukkanen, T. (2007). Internet vs mobile banking: comparing customer value perceptions. Business Process Management Journal, 13(6), 788-797.",Mobile banking,llama_3_1_405b_base,verified,"Laukkanen, T. (2007). Internet vs mobile banking: comparing customer value perceptions. *Business Process Management Journal*, 13(6), 788-797. https://doi.org/10.1108/14637150710834550",MATCH,MATCH,MATCH,MATCH,ABSENT,Internet vs mobile banking: comparing customer value perceptions,Laukkanen,2007.0,Business Process Management Journal,10.1108/14637150710834550,https://doi.org/10.1108/14637150710834550,GOOGLE,4.0,0.0,0.0,1.0,0.0,Internet vs mobile banking: comparing customer value perceptions,Internet vs mobile banking: comparing customer value perceptions,"Laukkanen, T.",Laukkanen,2007.0,2007.0,Business Process Management Journal,Business Process Management Journal,,10.1108/14637150710834550,1.0,1.0,1.0,GOOGLE,0.0,"✓ Title | ✓ Authors | ✓ Year | ✓ Venue | ○ ID

### Summary
This article was confirmed in the Business Process Management Journal with matching authors and year. The title ""Internet vs mobile banking: comparing customer value perceptions"" was verified exactly as well.

### Details
A matching record was found with the exact title ""Internet vs mobile banking: comparing customer value perceptions"" and the author ""Laukkanen"" in 2007. The journal name ""Business Process Management Journal"" matched exactly. Although there was no identifier in the original citation, the article was linked to the DOI 10.1108/14637150710834550 which further supports the verification.

- https://doi.org/10.1108/14637150710834550",1.0,0.0
"Rumberger, R. W. (1987). High school dropouts: A review of issues and evidence. Review of Educational Research, 57(2), 101-121.",School dropout,llama_3_1_405b_base,verified,"Rumberger, R. W. (1987). High school dropouts: A review of issues and evidence. *Review of Educational Research*, 57(2), 101-121. https://doi.org/10.3102/00346543057002101",MATCH,MATCH,MATCH,MATCH,ABSENT,High School Dropouts: A Review of Issues and Evidence,Rumberger,1987.0,Review of Educational Research,10.3102/00346543057002101,https://doi.org/10.3102/00346543057002101,GOOGLE,4.0,0.0,0.0,1.0,0.0,High school dropouts: A review of issues and evidence.,High School Dropouts: A Review of Issues and Evidence,"Rumberger, R. W.",Rumberger,1987.0,1987.0,Review of Educational Research,Review of Educational Research,,10.3102/00346543057002101,1.0,1.0,1.0,GOOGLE,0.0,"✓ Title | ✓ Authors | ✓ Year | ✓ Venue | ○ ID

### Summary
This article was confirmed in the Review of Educational Research with matching title, author, year, and journal. The exact title ""High School Dropouts: A Review of Issues and Evidence"" and author ""Rumberger"" were verified for the 1987 publication.

### Details
A matching record was found with the exact title and author surname matching the citation. The year 1987 and the journal ""Review of Educational Research"" also matched perfectly. Although no identifier was present in the original citation, the DOI 10.3102/00346543057002101 was found for this publication. This confirms the citation details accurately represent an existing journal article.

- https://doi.org/10.3102/00346543057002101",1.0,0.0
"Lemaire, X. (2011). Off-grid electrification with solar home systems: The experience of a fee-for-service concession in South Africa. Energy for Sustainable Development, 15(3), 277-283.",Rural electrification,llama_3_1_405b_base,verified,"Lemaire, X. (2011). Off-grid electrification with solar home systems: The experience of a fee-for-service concession in South Africa. *Energy Sustainable Development/Energy for sustainable development*, 15(3), 277-283. https://doi.org/10.1016/j.esd.2011.07.005",MATCH,MATCH,MATCH,MATCH,ABSENT,Off-grid electrification with solar home systems: The experience of a fee-for-service concession in South Africa,Lemaire,2011.0,Energy Sustainable Development/Energy for sustainable development,10.1016/j.esd.2011.07.005,https://doi.org/10.1016/j.esd.2011.07.005,GOOGLE,4.0,0.0,0.0,1.0,0.0,Off-grid electrification with solar home systems: The experience of a fee-for-service concession in South Africa.,Off-grid electrification with solar home systems: The experience of a fee-for-service concession in South Africa,"Lemaire, X.",Lemaire,2011.0,2011.0,Energy for Sustainable Development,Energy Sustainable Development/Energy for sustainable development,,10.1016/j.esd.2011.07.005,1.0,1.0,1.0,GOOGLE,0.0,"✓ Title | ✓ Authors | ✓ Year | ✓ Venue | ○ ID

### Summary
This article was confirmed in the journal Energy for Sustainable Development with matching author Lemaire and publication year 2011. The title matched exactly as well.

### Details
A matching record was found with the exact title ""Off-grid electrification with solar home systems: The experience of a fee-for-service concession in South Africa"". The author surname Lemaire was confirmed, along with the publication year 2011. The journal name matched closely, recognizing a small variant in the name that does not affect the verification. The article is also linked to DOI 10.1016/j.esd.2011.07.005, providing further confirmation.

- https://doi.org/10.1016/j.esd.2011.07.005",1.0,0.0
"Riquelme, H. E., & Rios, R. E. (2010). The moderating effect of gender in the adoption of mobile banking. International Journal of Bank Marketing, 28(5), 328-341.",Mobile banking,llama_3_1_405b_base,verified,"Riquelme, H., & Rios, R. E. (2010). *The moderating effect of gender in the adoption of mobile banking*. *International Journal of Bank Marketing*, 28(5), 328-341. https://doi.org/10.1108/02652321011064872",MATCH,MATCH,MATCH,MATCH,ABSENT,The moderating effect of gender in the adoption of mobile banking,Riquelme; Rios,2010.0,International Journal of Bank Marketing,10.1108/02652321011064872,https://doi.org/10.1108/02652321011064872,GOOGLE,4.0,0.0,0.0,1.0,0.0,The moderating effect of gender in the adoption of mobile banking,The moderating effect of gender in the adoption of mobile banking,"Riquelme, H. E.; Rios, R. E.",Riquelme; Rios,2010.0,2010.0,International Journal of Bank Marketing,International Journal of Bank Marketing,,10.1108/02652321011064872,1.0,1.0,1.0,GOOGLE,0.0,"✓ Title | ✓ Authors | ✓ Year | ✓ Venue | ○ ID

### Summary
This article was confirmed in the International Journal of Bank Marketing with matching authors Riquelme and Rios and the publication year 2010. The title ""The moderating effect of gender in the adoption of mobile banking"" matched exactly.

### Details
A matching record was found with the exact title and authors surnames Riquelme and Rios. The year 2010 matched exactly, and the journal name was identical to the citation. No identifier like a DOI was provided in the original reference, but the article is available with DOI 10.1108/02652321011064872. This article is listed at https://doi.org/10.1108/02652321011064872 and has corresponding entries in multiple academic search sources confirming the details.",1.0,0.0
"Zhou, T. (2012). Understanding mobile Internet continuance usage from the perspectives of UTAUT and flow. Information Development, 28(3), 207-218.",Mobile banking,llama_3_1_405b_base,verified,"Zhou, T. (2011). Understanding mobile Internet continuance usage from the perspectives of UTAUT and flow. *Information Development*, 27(3), 207-218. https://doi.org/10.1177/0266666911414596",MATCH,MATCH,CONTAINS,MATCH,ABSENT,Understanding mobile Internet continuance usage from the perspectives of UTAUT and flow,Zhou,2011.0,Information Development,10.1177/0266666911414596,https://doi.org/10.1177/0266666911414596,GOOGLE,3.0,0.0,1.0,1.0,0.0,Understanding mobile Internet continuance usage from the perspectives of UTAUT and flow,Understanding mobile Internet continuance usage from the perspectives of UTAUT and flow,"Zhou, T.",Zhou,2012.0,2011.0,Information Development,Information Development,,10.1177/0266666911414596,1.0,1.0,1.0,GOOGLE,1.0,"✓ Title | ✓ Authors | ◐ Year | ✓ Venue | ○ ID

### Summary
This article by Zhou was confirmed in the journal Information Development with the exact matching title and author. The publication year differs by one year (2011 vs 2012), which is within an acceptable range.

### Details
A matching record was found with the title ""Understanding mobile Internet continuance usage from the perspectives of UTAUT and flow"" and author Zhou in the journal Information Development. The article's year in the evidence is 2011, slightly different from 2012 in the citation, but this minor difference is allowed. No identifier was provided in the citation. The DOI for the matching record is https://doi.org/10.1177/0266666911414596.

- https://doi.org/10.1177/0266666911414596",0.9,0.1
"Huntington, S. P. (1993). The Clash of Civilizations? Foreign Affairs, 72(3), 22-49.",Political Science,llama_3_1_405b_base,verified,"Huntington, S. P. (1993). The Clash of Civilizations? *Foreign Affairs*, 72(3), 22–49. https://doi.org/10.2307/20045621",MATCH,MATCH,MATCH,MATCH,ABSENT,The Clash of Civilizations?,Huntington,1993.0,Foreign Affairs,10.2307/20045621,https://www.jstor.org/stable/20045621,GOOGLE,4.0,0.0,0.0,1.0,0.0,The Clash of Civilizations?,The Clash of Civilizations?,"Huntington, S. P.",Huntington,1993.0,1993.0,Foreign Affairs,Foreign Affairs,,10.2307/20045621,1.0,1.0,1.0,GOOGLE,0.0,"✓ Title | ✓ Authors | ✓ Year | ✓ Venue | ○ ID

### Summary
This article was confirmed in Foreign Affairs with matching title ""The Clash of Civilizations?"", author Huntington, and year 1993. The journal volume and issue also match the cited reference.

### Details
A matching record was found with the exact title ""The Clash of Civilizations?"" authored by Huntington in 1993, published in Foreign Affairs. The year, title, author, and journal name matched exactly. There was no identifier in the original citation, but the article corresponds to the DOI 10.2307/20045621 available on JSTOR. Additional search results included PDFs and journal archives confirming the publication details.

- https://doi.org/10.2307/20045621
- https://www.jstor.org/stable/20045621
- https://www.guillaumenicaise.com/wp-content/uploads/2013/10/huntington_clash-of-civlizations.pdf
- https://www.proquest.com/docview/214280190",1.0,0.0
"Putnam, R. D. (1995). Bowling Alone: America's Declining Social Capital. Journal of Democracy, 6(1), 65-78.",Political Science,llama_3_1_405b_base,verified,"Putnam, R. D. (1995). Bowling Alone: America's Declining Social Capital. *Journal of democracy*, 6(1), 65-78. https://doi.org/10.1353/jod.1995.0002",MATCH,MATCH,MATCH,MATCH,ABSENT,Bowling Alone: America's Declining Social Capital,Putnam,1995.0,Journal of democracy,10.1353/jod.1995.0002,https://doi.org/10.1353/jod.1995.0002,GOOGLE,4.0,0.0,0.0,1.0,0.0,Bowling Alone: America's Declining Social Capital,Bowling Alone: America's Declining Social Capital,"Putnam, R. D.",Putnam,1995.0,1995.0,Journal of Democracy,Journal of democracy,,10.1353/jod.1995.0002,1.0,1.0,1.0,GOOGLE,0.0,"✓ Title | ✓ Authors | ✓ Year | ✓ Venue | ○ ID

### Summary
This article was confirmed in the Journal of Democracy with matching title, authorship, and year. The reference to Putnam's 1995 work ""Bowling Alone: America's Declining Social Capital"" matches exactly the verified record.

### Details
A matching record was found with the exact title ""Bowling Alone: America's Declining Social Capital"" and author Robert D. Putnam. The publication year 1995 matches exactly, and the journal name ""Journal of democracy"" also matches precisely. Although no identifier was included in the citation, a DOI was found for the verified work: 10.1353/jod.1995.0002, accessible at https://doi.org/10.1353/jod.1995.0002.

- https://doi.org/10.1353/jod.1995.0002",1.0,0.0
"Dahl, R. A. (1971). Polyarchy: Participation and Opposition. Yale University Press.",Political Science,llama_3_1_405b_base,verified,"Dahl, R. A. (1971). *Polyarchy: Participation and Opposition*. Yale University Press.",MATCH,MATCH,MATCH,MATCH,ABSENT,Polyarchy: Participation and Opposition,Dahl,1971.0,Yale University Press,,https://yalebooks.yale.edu/book/9780300015652/polyarchy/,GOOGLE,4.0,0.0,0.0,1.0,0.0,Polyarchy: Participation and Opposition,Polyarchy: Participation and Opposition,"Dahl, R. A.",Dahl,1971.0,1971.0,Yale University Press,Yale University Press,,https://yalebooks.yale.edu/book/9780300015652/polyarchy/,1.0,1.0,1.0,GOOGLE,0.0,"✓ Title | ✓ Authors | ✓ Year | ✓ Venue | ○ ID

### Summary
This book was confirmed as ""Polyarchy: Participation and Opposition"" by Robert A. Dahl, published in 1971 by Yale University Press. The title, author, year, and publisher all matched exactly, confirming the reference.

### Details
A matching record was found where the title ""Polyarchy: Participation and Opposition"" was confirmed with the author Dahl and the year 1971. The publisher Yale University Press also matched exactly. Although no digital identifier was present, multiple sources including Yale University Press's official page and archival materials corroborate the publication details.

- https://yalebooks.yale.edu/book/9780300015652/polyarchy/
- https://archive.org/details/polyarchypartici0000dahl
- https://books.google.com/books/about/Polyarchy.html?id=JcKz2249PQcC",1.0,0.0
"Rawls, J. (1971). A Theory of Justice. Harvard University Press.",Political Science,llama_3_1_405b_base,verified,"Rawls, J. (1971). *A Theory of Justice*. Belknap Press/Harvard University Press. https://www.jstor.org/stable/j.ctvjf9z6v",MATCH,MATCH,MATCH,CONTAINS,ABSENT,A Theory of Justice,Rawls,1971.0,Belknap Press/Harvard University Press,,https://www.jstor.org/stable/j.ctvjf9z6v,GOOGLE,3.0,0.0,1.0,1.0,0.0,A Theory of Justice,A Theory of Justice,"Rawls, J.",Rawls,1971.0,1971.0,Harvard University Press,Belknap Press/Harvard University Press,,https://www.jstor.org/stable/j.ctvjf9z6v,1.0,1.0,2.0,GOOGLE,0.0,"✓ Title | ✓ Authors | ✓ Year | ◐ Venue | ○ ID

### Summary
This book by John Rawls titled ""A Theory of Justice"" was confirmed as published in 1971 with the correct authorship. The publisher matched closely, recognizing that Belknap Press is an imprint of Harvard University Press.

### Details
A matching record was found with the exact title ""A Theory of Justice"" and author ""Rawls"" for the year 1971. The citation venue ""Harvard University Press"" is contained within the evidence venue, which lists ""Belknap Press/Harvard University Press,"" confirming the close publisher relationship. No unique identifier like a DOI was provided in the citation, but the reference is supported by multiple sources including JSTOR and Harvard's official publications.

- https://www.jstor.org/stable/j.ctvjf9z6v
- https://www.hup.harvard.edu/books/9780674000780
- https://en.wikipedia.org/wiki/A_Theory_of_Justice",0.9,0.1
"Downs, A. (1957). An Economic Theory of Democracy. Harper & Row.",Political Science,llama_3_1_405b_base,verified,"Downs, A. (1957). *An economic theory of democracy*. Harper and Row. https://books.google.com/books/about/An_Economic_Theory_of_Democracy.html?id=kLEGAAAAMAAJ",MATCH,MATCH,MATCH,MATCH,ABSENT,An economic theory of democracy,Downs,1957.0,Harper and Row,,https://books.google.com/books/about/An_Economic_Theory_of_Democracy.html?id=kLEGAAAAMAAJ,GOOGLE,4.0,0.0,0.0,1.0,0.0,An Economic Theory of Democracy,An economic theory of democracy,"Downs, A.",Downs,1957.0,1957.0,Harper & Row,Harper and Row,,https://books.google.com/books/about/An_Economic_Theory_of_Democracy.html?id=kLEGAAAAMAAJ,1.0,1.0,1.0,GOOGLE,0.0,"✓ Title | ✓ Authors | ✓ Year | ✓ Venue | ○ ID

### Summary
This book was confirmed as ""An Economic Theory of Democracy"" by Anthony Downs, published in 1957. The publisher matches as Harper & Row, confirming the reference as accurate.

### Details
A matching record was found with the exact title ""An Economic Theory of Democracy"" and author surname Downs. The year 1957 matched exactly. Although the publisher name showed slight punctuation difference (Harper & Row vs. Harper and Row), they refer to the same publisher. No identifier like a DOI was available in the citation. Multiple sources, including Google Books and academic repositories, corroborate this publication.

- https://books.google.com/books/about/An_Economic_Theory_of_Democracy.html?id=kLEGAAAAMAAJ
- https://www.amazon.com/Economic-Theory-Democracy-Anthony-Downs/dp/0060417501
- https://en.wikipedia.org/wiki/An_Economic_Theory_of_Democracy
- https://cir.nii.ac.jp/crid/1570572701239454208",1.0,0.0
"Inglehart, R., & Welzel, C. (2005). Modernization, Cultural Change, and Democracy: The Human Development Sequence. Cambridge University Press.",Political Science,llama_3_1_405b_base,verified,"Inglehart, R., & Welzel, C. (2005). *Modernization, cultural change, and democracy the human development sequence*. https://doi.org/10.1017/cbo9780511790881",MATCH,MATCH,MATCH,UNCONFIRMED,ABSENT,"Modernization, cultural change, and democracy the human development sequence",Inglehart; Welzel,2005.0,,10.1017/cbo9780511790881,http://bvbr.bib-bvb.de:8991/F?func=service&amp;doc_library=BVB01&amp;local_base=BVB01&amp;doc_number=014566180&amp;sequence=000005&amp;line_number=0001&amp;func_code=DB_RECORDS&amp;service_type=MEDIA,GOOGLE,3.0,0.0,0.0,1.0,1.0,"Modernization, Cultural Change, and Democracy: The Human Development Sequence","Modernization, cultural change, and democracy the human development sequence","Inglehart, R.; Welzel, C.",Inglehart; Welzel,2005.0,2005.0,Cambridge University Press,,,10.1017/cbo9780511790881,1.0,1.0,1.0,GOOGLE,0.0,"✓ Title | ✓ Authors | ✓ Year | ? Venue | ○ ID

### Summary
This book titled ""Modernization, Cultural Change, and Democracy: The Human Development Sequence"" by Inglehart and Welzel was confirmed to match exactly with a record from 2005. The authors and title were verified with exact matches.

### Details
A matching record was found where the title matched exactly, and the authors Inglehart and Welzel were confirmed by surname. The publication year 2005 also matched exactly. No publisher information was confirmed, but the overall citation was verified with a DOI linking to the full text. Relevant links include the DOI and the bibliographic service.

- [DOI link](https://doi.org/10.1017/cbo9780511790881)
- [Bibliographic service link](http://bvbr.bib-bvb.de:8991/F?func=service&doc_library=BVB01&local_base=BVB01&doc_number=014566180&sequence=000005&line_number=0001&func_code=DB_RECORDS&service_type=MEDIA)",0.8,0.2
"Keohane, R. O., & Nye, J. S. (1977). Power and Interdependence: World Politics in Transition. Little, Brown.",Political Science,llama_3_1_405b_base,verified-with-error,"Keohane, R. O., & Nye, J. S. (2017). Power and interdependence: World politics in transition. *The SHAFR Guide Online*. https://doi.org/10.1163/2468-1733_shafr_sim280020670",MATCH,MATCH,CONTRADICTION,CONTRADICTION,ABSENT,Power and Interdependence: World Politics In Transition,Keohane; Nye,2017.0,The SHAFR Guide Online,10.1163/2468-1733_shafr_sim280020670,https://doi.org/10.1163/2468-1733_shafr_sim280020670,GOOGLE,2.0,2.0,0.0,1.0,0.0,Power and Interdependence: World Politics in Transition.,Power and Interdependence: World Politics In Transition,"Keohane, R. O.; Nye, J. S.",Keohane; Nye,1977.0,2017.0,"Little, Brown",The SHAFR Guide Online,,10.1163/2468-1733_shafr_sim280020670,0.0,0.0,1.0,GOOGLE,0.0,"✓ Title | ✓ Authors | ✗ Year | ✗ Venue | ○ ID

### Summary
This book was found with the exact title ""Power and Interdependence: World Politics in Transition"" and matching authors Robert O. Keohane and Joseph S. Nye. However, there are discrepancies in the year and publisher: the citation year is 1977 with publisher Little, Brown, while the found record shows 2017 with a different venue.

### Details
A matching record was located with the title and authors matching exactly. The citation gives a publication year of 1977, but the found record is dated 2017, which is a 40-year difference. The citation lists Little, Brown as the publisher, a well-known book publisher, while the found record refers to ""The SHAFR Guide Online,"" an unrelated online guide, indicating differing venues. No digital identifier was present in the citation. Search results confirmed multiple sources pointing to ""Power and Interdependence"" published by Little, Brown in 1977, supporting the citation year and venue as likely accurate for the original book.

- https://doi.org/10.1163/2468-1733_shafr_sim280020670
- https://www.amazon.com/Power-Interdependence-World-Politics-Transition/dp/0316489360
- https://www.jstor.org/stable/2149069",0.2,0.8
"Lijphart, A. (1999). Patterns of Democracy: Government Forms and Performance in Thirty-Six Countries. Yale University Press.",Political Science,llama_3_1_405b_base,verified,"Lijphart, A. (1999). *Patterns of democracy: Government forms and performance in thirty-six countries*. Yale University Press.",MATCH,MATCH,MATCH,MATCH,ABSENT,Patterns of democracy: Government forms and performance in thirty-six countries,Lijphart,1999.0,Yale University Press,,https://books.google.com/books?hl=en&lr=&id=GLtX2zJrflAC&oi=fnd&pg=PR7&dq=Lijphart+Patterns+of+Democracy+Government+Forms+and+Performance+in+Thirty-Six+Countries+1999&ots=fr84LLA6KK&sig=J57tsXFvP881lMew2nZqlnM_z00,GOOGLE,4.0,0.0,0.0,1.0,0.0,Patterns of Democracy: Government Forms and Performance in Thirty-Six Countries,Patterns of democracy: Government forms and performance in thirty-six countries,"Lijphart, A.",Lijphart,1999.0,1999.0,Yale University Press,Yale University Press,,https://books.google.com/books?hl=en&lr=&id=GLtX2zJrflAC&oi=fnd&pg=PR7&dq=Lijphart+Patterns+of+Democracy+Government+Forms+and+Performance+in+Thirty-Six+Countries+1999&ots=fr84LLA6KK&sig=J57tsXFvP881lMew2nZqlnM_z00,1.0,1.0,1.0,GOOGLE,0.0,"✓ Title | ✓ Authors | ✓ Year | ✓ Venue | ○ ID

### Summary
This book was confirmed as ""Patterns of Democracy: Government Forms and Performance in Thirty-Six Countries"" by Arend Lijphart, published by Yale University Press in 1999. The title, author, year, and publisher all matched exactly.

### Details
A matching record was found with the exact title and author surname ""Lijphart,"" published in 1999 by Yale University Press. Although no DOI was provided, multiple sources including Google Books, Yale University Press webpage, and academic libraries confirmed the details. The title matches exactly with the citation text, and the publishing year and publisher name are also identical.

- https://yalebooks.yale.edu/book/9780300172027/patterns-of-democracy/
- https://books.google.com/books/about/Patterns_of_Democracy.html?id=GLtX2zJrflAC
- https://archive.org/details/patternsofdemocr0000lijp",1.0,0.0
"Przeworski, A., & Limongi, F. (1997). Modernization: Theories and Facts. World Politics, 49(2), 155-183.",Political Science,llama_3_1_405b_base,verified,"Przeworski, A., & Limongi, F. (1997). Modernization: Theories and Facts. *World Politics*, 49(2), 155-183. https://doi.org/10.1353/wp.1997.0004",MATCH,MATCH,MATCH,MATCH,ABSENT,Modernization: Theories and Facts,Przeworski; Limongi,1997.0,World Politics,10.1353/wp.1997.0004,https://doi.org/10.1353/wp.1997.0004,GOOGLE,4.0,0.0,0.0,1.0,0.0,Modernization: Theories and Facts,Modernization: Theories and Facts,"Przeworski, A.; Limongi, F.",Przeworski; Limongi,1997.0,1997.0,World Politics,World Politics,,10.1353/wp.1997.0004,1.0,1.0,1.0,GOOGLE,0.0,"✓ Title | ✓ Authors | ✓ Year | ✓ Venue | ○ ID

### Summary
This article was confirmed in the journal World Politics with matching authors Przeworski and Limongi and the year 1997. The title ""Modernization: Theories and Facts"" was found exactly as cited.

### Details
A matching record was found where the title, authors, year, and journal name matched exactly with the citation. The authors Przeworski and Limongi corresponded by surname, and the year 1997 matched exactly. Although no identifier was present in the original citation, the article has a DOI 10.1353/wp.1997.0004 linked to a reliable source. The article appears in volume 49, issue 2, pages 155-183 of World Politics.

- https://doi.org/10.1353/wp.1997.0004",1.0,0.0
"Acemoglu, D., & Robinson, J. A. (2006). Economic Backwardness in Political Perspective. American Political Science Review, 100(1), 115-131.",Political Science,llama_3_1_405b_base,verified,"Acemoğlu, D., & Robinson, J. A. (2006). Economic Backwardness in Political Perspective. *American Political Science Review*, 100(1), 115-131. https://doi.org/10.1017/s0003055406062046",MATCH,MATCH_WITH_TYPO,MATCH,MATCH,ABSENT,Economic Backwardness in Political Perspective,Acemoğlu; Robinson,2006.0,American Political Science Review,10.1017/s0003055406062046,https://doi.org/10.1017/s0003055406062046,GOOGLE,4.0,0.0,0.0,1.0,0.0,Economic Backwardness in Political Perspective.,Economic Backwardness in Political Perspective,"Acemoglu, D.; Robinson, J. A.",Acemoğlu; Robinson,2006.0,2006.0,American Political Science Review,American Political Science Review,,10.1017/s0003055406062046,1.0,1.0,1.0,GOOGLE,0.0,"✓ Title | ✓ Authors | ✓ Year | ✓ Venue | ○ ID

### Summary
This article was confirmed in the American Political Science Review with matching title, authors, and year. The authors' names matched closely, accounting for a minor spelling difference due to diacritics.

### Details
A matching record was found with the exact title ""Economic Backwardness in Political Perspective."" The year 2006 matched exactly. The journal name ""American Political Science Review"" was confirmed. The two authors matched with a minor spelling variant: ""Acemoglu"" versus ""Acemoğlu,"" which is a difference in diacritics rather than a different author. No unique identifier like a DOI was present in the original citation, but the corresponding DOI ""10.1017/s0003055406062046"" was found in the evidence.

- https://doi.org/10.1017/s0003055406062046",0.733,0.267
"Ahmed, T., & Mekhilef, S. (2010). Review of energy storage systems for renewable energy systems applications. Renewable and Sustainable Energy Reviews, 14(2), 719-727.",Renewable energy,llama_3_1_405b_base,verified,"Ahmed, T., & Mekhilef, S. (2010). *Review of energy storage systems for renewable energy systems applications*. *Renewable and Sustainable Energy Reviews*, 14(2), 719-727.",MATCH,MATCH,MATCH,MATCH,ABSENT,Review of energy storage systems for renewable energy systems applications,Ahmed; Mekhilef,2010.0,Renewable and Sustainable Energy Reviews,,,GOOGLE,4.0,0.0,0.0,1.0,0.0,Review of energy storage systems for renewable energy systems applications.,Review of energy storage systems for renewable energy systems applications,"Ahmed, T.; Mekhilef, S.",Ahmed; Mekhilef,2010.0,2010.0,Renewable and Sustainable Energy Reviews,Renewable and Sustainable Energy Reviews,,,1.0,1.0,1.0,GOOGLE,0.0,"✓ Title | ✓ Authors | ✓ Year | ✓ Venue | ○ ID

### Summary
This article was confirmed in the journal Renewable and Sustainable Energy Reviews with matching authors Ahmed and Mekhilef and the year 2010. The exact title ""Review of energy storage systems for renewable energy systems applications"" and journal name matched the reference perfectly.

### Details
A matching record was found where the title and year 2010 aligned exactly with the cited article. The authors matched by surname Ahmed and Mekhilef, confirming the authorship. The journal name Renewable and Sustainable Energy Reviews was identical in both the citation and evidence. Although no DOI or other identifier was available, the exact matches across these key fields verified the reference.

- [Renewable and Sustainable Energy Reviews](https://www.journals.elsevier.com/renewable-and-sustainable-energy-reviews)",1.0,0.0
"Bessa, R. J., Miranda, V., Botterud, A., Wang, J., & Constantinescu, E. M. (2012). Time series forecasting of solar radiation and wind for renewable energy applications. Renewable Energy, 43, 123-135.",Renewable energy,llama_3_1_405b_base,unverified,Reference could not be verified.,CONTRADICTION,MATCH,MATCH,CONTRADICTION,ABSENT,Time adaptive conditional kernel density estimation for wind power forecasting,Bessa; Miranda; Botterud; Wang; Constantinescu,2012.0,IEEE Transactions on Sustainable Energy,,https://www.tse-fr.eu/sites/default/files/medias/stories/SEMIN_11_12/STATISTICS/bessa3.pdf,GOOGLE,2.0,2.0,0.0,1.0,0.0,Time series forecasting of solar radiation and wind for renewable energy applications.,Time adaptive conditional kernel density estimation for wind power forecasting,"Bessa, R. J.; Miranda, V.; Botterud, A.; Wang, J.; Constantinescu, E. M.",Bessa; Miranda; Botterud; Wang; Constantinescu,2012.0,2012.0,Renewable Energy,IEEE Transactions on Sustainable Energy,,https://www.tse-fr.eu/sites/default/files/medias/stories/SEMIN_11_12/STATISTICS/bessa3.pdf,0.0,0.0,2.0,GOOGLE,0.0,"✗ Title | ✓ Authors | ✓ Year | ✗ Venue | ○ ID

### Summary
The provided reference could not be verified as the information does not correspond to an existing publication. Although the authors and year 2012 match, the title and journal differ from any available records.

### Details
A search found an article by the same group of authors in 2012, but it focused on a different topic and was published in IEEE Transactions on Sustainable Energy, not Renewable Energy. The title ""Time series forecasting of solar radiation and wind for renewable energy applications"" was not found, and the venue ""Renewable Energy"" did not match any records for that year with these authors. Thus, the original reference appears to be incorrect or does not exist.

- https://www.tse-fr.eu/sites/default/files/medias/stories/SEMIN_11_12/STATISTICS/bessa3.pdf
- https://www.sciencedirect.com/",0.0,1.0
"de Vries, B. J., van Vuuren, D. P., & Hoogwijk, M. M. (2007). Renewable energy sources: Their global potential for the first-half of the 21st century at a global level: An integrated approach. Energy Policy, 35(4), 2590-2610.",Renewable energy,llama_3_1_405b_base,verified,"de Vries, B. J. M., van Vuuren, D. P., & Hoogwijk, M. (2006). Renewable energy sources: Their global potential for the first-half of the 21st century at a global level: An integrated approach. *Energy Policy*, 35(4), 2590-2610. https://doi.org/10.1016/j.enpol.2006.09.002",MATCH,MATCH,CONTAINS,MATCH,ABSENT,Renewable energy sources: Their global potential for the first-half of the 21st century at a global level: An integrated approach,de Vries; van Vuuren; Hoogwijk,2006.0,Energy Policy,10.1016/j.enpol.2006.09.002,https://doi.org/10.1016/j.enpol.2006.09.002,GOOGLE,3.0,0.0,1.0,1.0,0.0,Renewable energy sources: Their global potential for the first-half of the 21st century at a global level: An integrated approach.,Renewable energy sources: Their global potential for the first-half of the 21st century at a global level: An integrated approach,"de Vries, B. J.; van Vuuren, D. P.; Hoogwijk, M. M.",de Vries; van Vuuren; Hoogwijk,2007.0,2006.0,Energy Policy,Energy Policy,,10.1016/j.enpol.2006.09.002,1.0,1.0,1.0,GOOGLE,0.0,"✓ Title | ✓ Authors | ◐ Year | ✓ Venue | ○ ID

### Summary
This article was confirmed in the journal Energy Policy with matching authors and title. The publication year differs slightly, being 2006 in the evidence instead of 2007, but this minor discrepancy does not affect the overall confirmation.

### Details
A matching record was found with the exact title ""Renewable energy sources: Their global potential for the first-half of the 21st century at a global level: An integrated approach"". The authors de Vries, van Vuuren, and Hoogwijk were identified exactly as in the citation. The journal Energy Policy matches perfectly. The only minor issue is the publication year: the citation lists 2007, while the verified record shows 2006. This difference is within acceptable limits for verification. The record is accessible at https://doi.org/10.1016/j.enpol.2006.09.002.

- https://doi.org/10.1016/j.enpol.2006.09.002",0.9,0.1
"Evans, A., Strezov, V., & Evans, T. J. (2012). Assessment of utility energy storage options for increased renewable energy penetration. Renewable and Sustainable Energy Reviews, 16(6), 4141-4147.",Renewable energy,llama_3_1_405b_base,verified,"Evans, A., Strezov, V., & Evans, T. (2012). Assessment of utility energy storage options for increased renewable energy penetration. *Renewable and Sustainable Energy Reviews*, 16(6), 4141-4147. https://doi.org/10.1016/j.rser.2012.03.048",MATCH,MATCH,MATCH,MATCH,ABSENT,Assessment of utility energy storage options for increased renewable energy penetration,Evans; Strezov; Evans,2012.0,Renewable and Sustainable Energy Reviews,10.1016/j.rser.2012.03.048,https://doi.org/10.1016/j.rser.2012.03.048,GOOGLE,4.0,0.0,0.0,1.0,0.0,Assessment of utility energy storage options for increased renewable energy penetration,Assessment of utility energy storage options for increased renewable energy penetration,"Evans, A.; Strezov, V.; Evans, T. J.",Evans; Strezov; Evans,2012.0,2012.0,Renewable and Sustainable Energy Reviews,Renewable and Sustainable Energy Reviews,,10.1016/j.rser.2012.03.048,1.0,1.0,1.0,GOOGLE,0.0,"✓ Title | ✓ Authors | ✓ Year | ✓ Venue | ○ ID

### Summary
This article was confirmed in Renewable and Sustainable Energy Reviews with matching authors and year. The title, authors (Evans, Strezov, Evans), year 2012, and journal matched exactly with the verified record.

### Details
A matching record was found with the exact title ""Assessment of utility energy storage options for increased renewable energy penetration"". The authors Evans, Strezov, and Evans matched by surname. The publication year 2012 and the journal Renewable and Sustainable Energy Reviews also matched exactly. Although no identifier was provided in the original citation, the verified record includes the DOI 10.1016/j.rser.2012.03.048. Relevant source:  
- [https://doi.org/10.1016/j.rser.2012.03.048](https://doi.org/10.1016/j.rser.2012.03.048)",1.0,0.0
"Fang, X., Li, D., & Mai, X. (2016). Renewable energy and energy storage system in power system. Journal of Energy and Power Engineering, 10(2), 125-135.",Renewable energy,llama_3_1_405b_base,unverified,Reference could not be verified.,CONTRADICTION,CONTRADICTION,MATCH,CONTRADICTION,ABSENT,Hybrid energy storage systems and control strategies for stand-alone renewable energy power systems,Chong; Wong; Rajkumar; Rajkumar; Isa,2016.0,Renewable and Sustainable Energy Reviews,10.1016/j.rser.2016.07.059,https://doi.org/10.1016/j.rser.2016.07.059,GOOGLE,1.0,3.0,0.0,1.0,0.0,Renewable energy and energy storage system in power system,Hybrid energy storage systems and control strategies for stand-alone renewable energy power systems,"Fang, X.; Li, D.; Mai, X.",Chong; Wong; Rajkumar; Rajkumar; Isa,2016.0,2016.0,Journal of Energy and Power Engineering,Renewable and Sustainable Energy Reviews,,10.1016/j.rser.2016.07.059,0.0,0.0,1.0,GOOGLE,0.0,"✗ Title | ✗ Authors | ✓ Year | ✗ Venue | ○ ID

### Summary
The reference could not be verified as a match. The article by Fang, X., Li, D., and Mai, X. from 2016 in the Journal of Energy and Power Engineering does not have a matching record in the search results.

### Details
A matching record with the same authors, title, and journal could not be found. The best search candidate found relates to a different article with differing title, authors, and journal, despite sharing the publication year 2016. The citation's title and authors do not match the candidate's detailed evidence, and the venue is different, indicating this is not the same article.

- https://doi.org/10.1016/j.rser.2016.07.059",0.0,1.0
"Kaygusuz, K. (2002). Renewable and sustainable energy use in Turkey: A review. Renewable and Sustainable Energy Reviews, 6(4), 339-366.",Renewable energy,llama_3_1_405b_base,verified,"Kaygusuz, K. (2002). Renewable and sustainable energy use in Turkey: a review. *Renewable and Sustainable Energy Reviews*, 6(4), 339-366. https://doi.org/10.1016/S1364-0321(01)00007-7",MATCH,MATCH,MATCH,MATCH,ABSENT,Renewable and sustainable energy use in Turkey: a review,Kaygusuz,2002.0,Renewable and Sustainable Energy Reviews,10.1016/S1364-0321(01)00007-7,https://doi.org/10.1016/S1364-0321(01)00007-7,GOOGLE,4.0,0.0,0.0,1.0,0.0,Renewable and sustainable energy use in Turkey: A review.,Renewable and sustainable energy use in Turkey: a review,"Kaygusuz, K.",Kaygusuz,2002.0,2002.0,Renewable and Sustainable Energy Reviews,Renewable and Sustainable Energy Reviews,,10.1016/S1364-0321(01)00007-7,1.0,1.0,1.0,GOOGLE,0.0,"✓ Title | ✓ Authors | ✓ Year | ✓ Venue | ○ ID

### Summary
This article was confirmed in Renewable and Sustainable Energy Reviews with matching authors, title, and year. The details fully agree with the original citation except for the identifier which was not provided in the original reference.

### Details
A matching record was found for the article titled ""Renewable and sustainable energy use in Turkey: a review"" by author Kaygusuz from the year 2002. The journal name, volume, issue, and page numbers also matched exactly. The DOI registered for this article is 10.1016/S1364-0321(01)00007-7 which was not included in the original citation. The information was verified from the source: https://doi.org/10.1016/S1364-0321(01)00007-7

- https://doi.org/10.1016/S1364-0321(01)00007-7",1.0,0.0
"Twidell, J., & Weir, T. (2015). Renewable energy resources. Routledge.",Renewable energy,llama_3_1_405b_base,verified,"Twidell, J., & Weir, T. (2015). *Renewable Energy Resources* (3rd ed.). Routledge. https://doi.org/10.4324/9781315766416",MATCH,MATCH,MATCH,MATCH,ABSENT,Renewable Energy Resources,Twidell; Weir,2015.0,Routledge,10.4324/9781315766416,https://www.taylorfrancis.com/books/mono/10.4324/9781315766416/renewable-energy-resources-john-twidell-tony-weir,GOOGLE,4.0,0.0,0.0,1.0,0.0,Renewable energy resources,Renewable Energy Resources,"Twidell, J.; Weir, T.",Twidell; Weir,2015.0,2015.0,Routledge,Routledge,,10.4324/9781315766416,1.0,1.0,2.0,GOOGLE,0.0,"✓ Title | ✓ Authors | ✓ Year | ✓ Venue | ○ ID

### Summary
This book titled ""Renewable Energy Resources"" by Twidell and Weir was confirmed as published by Routledge in 2015. The authors and publication year matched exactly, validating the reference.

### Details
A matching record was found with identical title ""Renewable Energy Resources"" and authors Twidell and Weir. The publication year of 2015 also matched exactly, and the publisher was verified as Routledge. Although no identifier such as DOI was provided in the citation, the overall details from authoritative sources led to confirmation of this reference.

- https://www.taylorfrancis.com/books/mono/10.4324/9781315766416/renewable-energy-resources-john-twidell-tony-weir
- https://www.routledge.com/Renewable-Energy-Resources/Twidell/p/book/9780415633581
- https://www.amazon.com/Renewable-Energy-Resources-John-Twidell/dp/0415584388",1.0,0.0
"Bazilian, M., & Modjtahedi, B. (2008). A review of the literature on rural electrification. Renewable and Sustainable Energy Reviews, 12(9), 2485-2495.",Rural electrification,llama_3_1_405b_base,unverified,Reference could not be verified.,CONTRADICTION,CONTRADICTION,MATCH,CONTAINS,ABSENT,Issues related to rural electrification using renewable energy in developing countries of Asia and Pacific,Urmee; Harries; Schläpfer,2008.0,Renewable Energy,10.1016/j.renene.2008.05.004,https://doi.org/10.1016/j.renene.2008.05.004,GOOGLE,1.0,2.0,1.0,1.0,0.0,A review of the literature on rural electrification,Issues related to rural electrification using renewable energy in developing countries of Asia and Pacific,"Bazilian, M.; Modjtahedi, B.",Urmee; Harries; Schläpfer,2008.0,2008.0,Renewable and Sustainable Energy Reviews,Renewable Energy,,10.1016/j.renene.2008.05.004,0.0,0.0,1.0,GOOGLE,0.0,"✗ Title | ✗ Authors | ✓ Year | ◐ Venue | ○ ID

### Summary
No matching article could be found for the reference by Bazilian and Modjtahedi from 2008 titled ""A review of the literature on rural electrification."" Although the year and the general subject area align with a candidate article, the authors and the title do not match.

### Details
A search identified a similarly timed article published in 2008 in the journal Renewable Energy titled ""Issues related to rural electrification using renewable energy in developing countries of Asia and Pacific"" authored by Urmee, Harries, and Schläpfer. The citation’s authors (Bazilian; Modjtahedi) and title describe a more general literature review and do not correspond to this candidate. Both articles appear in Elsevier journals covering renewable energy topics, but no direct match in authorship or exact title was found for the original reference.

- https://doi.org/10.1016/j.renene.2008.05.004",0.0,1.0
"Cook, P. (2011). Infrastructure, rural electrification and development. Energy for Sustainable Development, 15(3), 304-313.",Rural electrification,llama_3_1_405b_base,verified,"Cook, P. (2011). Infrastructure, rural electrification and development. *Energy Sustainable Development/Energy for sustainable development*, 15(3), 304-313. https://doi.org/10.1016/j.esd.2011.07.008",MATCH,MATCH,MATCH,MATCH,ABSENT,"Infrastructure, rural electrification and development",Cook,2011.0,Energy Sustainable Development/Energy for sustainable development,10.1016/j.esd.2011.07.008,https://doi.org/10.1016/j.esd.2011.07.008,GOOGLE,4.0,0.0,0.0,1.0,0.0,"Infrastructure, rural electrification and development","Infrastructure, rural electrification and development","Cook, P.",Cook,2011.0,2011.0,Energy for Sustainable Development,Energy Sustainable Development/Energy for sustainable development,,10.1016/j.esd.2011.07.008,1.0,1.0,1.0,GOOGLE,0.0,"✓ Title | ✓ Authors | ✓ Year | ✓ Venue | ○ ID

### Summary
This article was confirmed in the journal Energy for Sustainable Development with matching author Cook and publication year 2011. The title ""Infrastructure, rural electrification and development"" was verified exactly as cited.

### Details
A matching record was found with the exact title ""Infrastructure, rural electrification and development"" and author surname Cook. The publication year 2011 matched perfectly. The journal name matched the citation as ""Energy for Sustainable Development"" even though the source listed a variant including a slash, the core journal name was confirmed. There was no identifier (DOI) in the citation, but the source provided the DOI: 10.1016/j.esd.2011.07.008. 

- https://doi.org/10.1016/j.esd.2011.07.008",1.0,0.0
"Deichmann, U., Meisner, C., Murray, S., & Wheeler, D. (2011). The economics of renewable energy expansion in rural Sub-Saharan Africa. Energy Policy, 39(1), 215-227.",Rural electrification,llama_3_1_405b_base,verified,"Deichmann, U., Meisner, C., Murray, S., & Wheeler, D. (2011). *The economics of renewable energy expansion in rural Sub-Saharan Africa*. *Energy Policy*. https://www.sciencedirect.com/science/article/pii/S0301421510007202",MATCH,MATCH,MATCH,MATCH,ABSENT,The economics of renewable energy expansion in rural Sub-Saharan Africa,Deichmann; Meisner; Murray; Wheeler,2011.0,Energy Policy,,https://www.sciencedirect.com/science/article/pii/S0301421510007202,GOOGLE,4.0,0.0,0.0,1.0,0.0,The economics of renewable energy expansion in rural Sub-Saharan Africa,The economics of renewable energy expansion in rural Sub-Saharan Africa,"Deichmann, U.; Meisner, C.; Murray, S.; Wheeler, D.",Deichmann; Meisner; Murray; Wheeler,2011.0,2011.0,Energy Policy,Energy Policy,,https://www.sciencedirect.com/science/article/pii/S0301421510007202,1.0,1.0,2.0,GOOGLE,0.0,"✓ Title | ✓ Authors | ✓ Year | ✓ Venue | ○ ID

### Summary
This article titled ""The economics of renewable energy expansion in rural Sub-Saharan Africa"" was confirmed in the journal Energy Policy. The authors Deichmann, Meisner, Murray, and Wheeler and the year 2011 all matched exactly with the reference provided.

### Details
A matching record was found with the exact title and author surnames matching perfectly. The year of publication (2011) and the journal name Energy Policy also matched exactly with the citation. Although no DOI was provided in the original reference, the article is available at a reliable publisher's website: https://www.sciencedirect.com/science/article/pii/S0301421510007202.

- https://www.sciencedirect.com/science/article/pii/S0301421510007202",1.0,0.0
"Kanagawa, M., & Nakata, T. (2008). Assessment of access to electricity and the socio-economic impacts in rural areas of developing countries. Energy Policy, 36(6), 2016-2029.",Rural electrification,llama_3_1_405b_base,verified,"Kanagawa, M., & Nakata, T. (2008). Assessment of access to electricity and the socio-economic impacts in rural areas of developing countries. *Energy Policy*, 36(6), 2016-2029. https://doi.org/10.1016/j.enpol.2008.01.041",MATCH,MATCH,MATCH,MATCH,ABSENT,Assessment of access to electricity and the socio-economic impacts in rural areas of developing countries,Kanagawa; Nakata,2008.0,Energy Policy,10.1016/j.enpol.2008.01.041,https://doi.org/10.1016/j.enpol.2008.01.041,GOOGLE,4.0,0.0,0.0,1.0,0.0,Assessment of access to electricity and the socio-economic impacts in rural areas of developing countries,Assessment of access to electricity and the socio-economic impacts in rural areas of developing countries,"Kanagawa, M.; Nakata, T.",Kanagawa; Nakata,2008.0,2008.0,Energy Policy,Energy Policy,,10.1016/j.enpol.2008.01.041,1.0,1.0,1.0,GOOGLE,0.0,"✓ Title | ✓ Authors | ✓ Year | ✓ Venue | ○ ID

### Summary
This article was confirmed in the journal Energy Policy with matching authors Kanagawa and Nakata, and the publication year 2008. The title matched exactly as well, verifying the citation's accuracy.

### Details
A matching record was found with the exact title ""Assessment of access to electricity and the socio-economic impacts in rural areas of developing countries."" Both authors, Kanagawa and Nakata, were identified corresponding to the citation. The year 2008 and the journal Energy Policy also matched exactly. No identifier was present in the citation, but a DOI was found for the matched record: 10.1016/j.enpol.2008.01.041, accessible at https://doi.org/10.1016/j.enpol.2008.01.041.

- https://doi.org/10.1016/j.enpol.2008.01.041",1.0,0.0
"Kirubi, C., Jacobson, A., Kammen, D. M., & Mills, A. (2009). Community-based electric micro-grids can contribute to rural development: Evidence from Kenya. World Development, 37(7), 1208-1221.",Rural electrification,llama_3_1_405b_base,verified,"Kirubi, C., Jacobson, A., Kammen, D. M., & Mills, A. (2009). Community-Based Electric Micro-Grids Can Contribute to Rural Development: Evidence from Kenya. *World Development*, 37(7), 1208-1221. https://doi.org/10.1016/j.worlddev.2008.11.005",MATCH,MATCH,MATCH,MATCH,ABSENT,Community-Based Electric Micro-Grids Can Contribute to Rural Development: Evidence from Kenya,Kirubi; Jacobson; Kammen; Mills,2009.0,World Development,10.1016/j.worlddev.2008.11.005,https://doi.org/10.1016/j.worlddev.2008.11.005,GOOGLE,4.0,0.0,0.0,1.0,0.0,Community-based electric micro-grids can contribute to rural development: Evidence from Kenya.,Community-Based Electric Micro-Grids Can Contribute to Rural Development: Evidence from Kenya,"Kirubi, C.; Jacobson, A.; Kammen, D. M.; Mills, A.",Kirubi; Jacobson; Kammen; Mills,2009.0,2009.0,World Development,World Development,,10.1016/j.worlddev.2008.11.005,1.0,1.0,1.0,GOOGLE,0.0,"✓ Title | ✓ Authors | ✓ Year | ✓ Venue | ○ ID

### Summary
This article was confirmed in World Development with matching authors Kirubi, Jacobson, Kammen, and Mills, and the year 2009. The title matches exactly as ""Community-Based Electric Micro-Grids Can Contribute to Rural Development: Evidence from Kenya.""

### Details
A matching record was found with the exact title and author surnames aligning with those in the citation. The publication year 2009 and journal name World Development match perfectly. Although there is no identifier in the original citation, the article is associated with DOI 10.1016/j.worlddev.2008.11.005, accessible at the publisher's site. Supported by multiple search sources, including OpenAlex and Google Scholar.

- https://doi.org/10.1016/j.worlddev.2008.11.005
- https://www.sciencedirect.com/science/article/abs/pii/S0305750X08003288
- https://scholar.google.com/scholar?q=Community-Based+Electric+Micro-Grids+Can+Contribute+to+Rural+Development+Evidence+from+Kenya",1.0,0.0
"Kumar, S., & Kachhwaha, S. S. (2016). Rural electrification in India: Past, present, and future. Energy for Sustainable Development, 31, 66-76.",Rural electrification,llama_3_1_405b_base,unverified,Reference could not be verified.,UNCONFIRMED,UNCONFIRMED,UNCONFIRMED,UNCONFIRMED,UNCONFIRMED,,,,,,,,,,,,,,,,,,,,,,,0.0,0.0,0.0,,0.0,"? Title | ? Authors | ? Year | ? Venue | ? ID

### Summary
The reference for the article ""Rural electrification in India: Past, present, and future"" by Kumar, S., and Kachhwaha, S. S. from 2016 in the journal Energy for Sustainable Development could not be found in reliable databases. There is no evidence that this article exists with these exact details.

### Details
A search across several academic and scholarly databases, including OpenAlex and Google Scholar, found no matching record for the article title, authors, year, or journal. No potential matches or related articles were identified that confirm the existence of this specific reference. The searches included various queries combining author names, title, year, and journal but yielded no conclusive results.

- https://openalex.org
- https://scholar.google.com
- https://www.sciencedirect.com/
- https://www.researchgate.net
- https://energy.mit.edu/publication/rural-electrification-in-india-a-wicked-problem/",0.0,1.0
"Modi, V., McDade, S., Lallement, D., & Saghir, J. (2005). Energy services for the millennium development goals. International Bank for Reconstruction and Development/The World Bank.",Rural electrification,llama_3_1_405b_base,verified,"Modi, V., McDade, S., Lallement, D., & Saghir, J. (2005). *Energy services for the Millennium Development Goals*. Energy Sector Management Assistance Program/World Bank. https://documents.worldbank.org/en/publication/documents-reports/documentdetail/587311468323723620",MATCH,MATCH,MATCH,CONTAINS,ABSENT,Energy services for the Millennium Development Goals.,Modi; McDade; Lallement; Saghir,2005.0,Energy Sector Management Assistance Program/World Bank,,https://documents.worldbank.org/en/publication/documents-reports/documentdetail/587311468323723620,GOOGLE,3.0,0.0,1.0,1.0,0.0,Energy services for the millennium development goals,Energy services for the Millennium Development Goals.,"Modi, V.; McDade, S.; Lallement, D.; Saghir, J.",Modi; McDade; Lallement; Saghir,2005.0,2005.0,International Bank for Reconstruction and Development/The World Bank,Energy Sector Management Assistance Program/World Bank,,https://documents.worldbank.org/en/publication/documents-reports/documentdetail/587311468323723620,1.0,1.0,1.0,GOOGLE,0.0,"✓ Title | ✓ Authors | ✓ Year | ◐ Venue | ○ ID

### Summary
This publication titled ""Energy services for the Millennium Development Goals"" was confirmed, including the matching authors Modi, McDade, Lallement, and Saghir, and the year 2005. The publisher information is also consistent with the International Bank for Reconstruction and Development/The World Bank.

### Details
A matching record was found with the exact title and author surnames corresponding perfectly to the citation. The year 2005 matched exactly as well. While the venue naming differs slightly, both the citation and evidence refer to organizations affiliated with the World Bank Group, indicating a close organizational relationship. No DOI or other identifier was present in the citation. Relevant sources include World Bank document repositories confirming the publication.

- https://documents.worldbank.org/en/publication/documents-reports/documentdetail/587311468323723620
- https://www.undp.org/publications/energy-services-millennium-development-goals",0.9,0.1
"Gerber, A. S., Green, D. P., & Larimer, C. W. (2008). Social pressure and voter turnout: Evidence from a large-scale field experiment. American Political Science Review, 102(1), 33-48.",Voter turnout,llama_3_1_405b_base,verified,"Gerber, A. S., Green, D. P., & Larimer, C. W. (2008). Social pressure and voter turnout: Evidence from a large-scale field experiment. *American Political Science Review*, 102(1), 33-48. https://doi.org/10.1017/s000305540808009x",MATCH,MATCH,MATCH,MATCH,ABSENT,Social Pressure and Voter Turnout: Evidence from a Large-Scale Field Experiment,Gerber; Green; Larimer,2008.0,American Political Science Review,10.1017/s000305540808009x,https://doi.org/10.1017/s000305540808009x,GOOGLE,4.0,0.0,0.0,1.0,0.0,Social pressure and voter turnout: Evidence from a large-scale field experiment,Social Pressure and Voter Turnout: Evidence from a Large-Scale Field Experiment,"Gerber, A. S.; Green, D. P.; Larimer, C. W.",Gerber; Green; Larimer,2008.0,2008.0,American Political Science Review,American Political Science Review,,10.1017/s000305540808009x,1.0,1.0,1.0,GOOGLE,0.0,"✓ Title | ✓ Authors | ✓ Year | ✓ Venue | ○ ID

### Summary
This article was confirmed in the American Political Science Review with matching authors Gerber, Green, and Larimer, and the year 2008. The title exactly matches the reference provided.

### Details
A matching record was found with the exact title ""Social Pressure and Voter Turnout: Evidence from a Large-Scale Field Experiment."" The authors Gerber, Green, and Larimer were confirmed by surname, and the year 2008 matched exactly. The article appears in the American Political Science Review, volume 102, issue 1, pages 33-48. The DOI https://doi.org/10.1017/s000305540808009x further corroborates this match.

- https://doi.org/10.1017/s000305540808009x",1.0,0.0
American College of Sports Medicine (2018). ACSM's Guidelines for Exercise Testing and Prescription. Wolters Kluwer.,Health,llama_3_1_405b_base,unverified,Reference could not be verified.,MATCH,CONTRADICTION,CONTRADICTION,CONTAINS,ABSENT,ACSM's guidelines for exercise testing and prescription,Pescatello; Arena; Riebe; Thompson,2014.0,Wolters Kluwer Health/Lippincott Williams & Wilkins eBooks,,http://ci.nii.ac.jp/ncid/BB12258256,GOOGLE,1.0,2.0,1.0,1.0,0.0,ACSM's Guidelines for Exercise Testing and Prescription,ACSM's guidelines for exercise testing and prescription,American College of Sports Medicine,Pescatello; Arena; Riebe; Thompson,2018.0,2014.0,Wolters Kluwer,Wolters Kluwer Health/Lippincott Williams & Wilkins eBooks,,http://ci.nii.ac.jp/ncid/BB12258256,0.0,0.0,1.0,GOOGLE,1.0,"✓ Title | ✗ Authors | ✗ Year | ◐ Venue | ○ ID

### Summary
No matching record for this reference could be verified because the authors and publication year in the citation differ from those in the found candidate. Although the title and publisher name matched, the candidate listed four individual authors and a 2014 publication year, which conflicts with the 2018 date and organizational authorship from the citation.

### Details
A matching record was found with the exact title ""ACSM's guidelines for exercise testing and prescription"" published by Wolters Kluwer Health/Lippincott Williams & Wilkins eBooks. However, the authors in this record are individuals (Pescatello, Arena, Riebe, Thompson) rather than the organization American College of Sports Medicine as stated in the citation. Additionally, the candidate record shows a publication year of 2014, differing from the citation year 2018 by four years. No identifiers such as DOI were available to confirm the reference further.

- [Wolters Kluwer official page](https://www.wolterskluwer.com/en/know/acsm/guidelines-for-exercise-testing-and-prescription)
- [NLM Catalog Entry](https://www.ncbi.nlm.nih.gov/nlmcatalog/101692713)
- [Google Books View](https://books.google.com/books?hl=en&lr=&id=rpoMEAAAQBAJ&oi=fnd&pg=PT45&dq=ACSM%27s+Guidelines+for+Exercise+Testing+and+Prescription+2018+Wolters+Kluwer&ots=7LU_WMYFTp&sig=IdNejLtOc2zRVfNnt8EwGepjaTM)",0.0,1.0
"Lim, S. S., Vos, T., Flaxman, A. D., Danaei, G., Shibuya, K., Adair-Rohani, H., ... & Ezzati, M. (2012). A comparative risk assessment of burden of disease and injury attributable to 67 risk factors and risk factor clusters in 21 regions, 1990-2010: a systematic analysis for the Global Burden of Disease Study 2010. The Lancet, 380(9859), 2224-2260.",Health,llama_3_1_405b_base,verified,"Lim, S. S., Vos, T., Flaxman, A. D., Danaei, G., Shibuya, K., Adair‐Rohani, H., AlMazroa, M. A., Amann, M., Anderson, H. R., Andrews, K., Aryee, M. J., Atkinson, C., Bacchus, L., Bahalim, A. N., Balakrishnan, K., Balmes, J. R., Barker‐Collo, S., Baxter, A., Bell, M. L., Blore, J. D., Blyth, F., Bonner, C., Borges, G., Bourne, R., Boussinesq, M., Bräuer, M., Brooks, P., Bruce, N., Brunekreef, B., Bryan-Hancock, C., Bucello, C., Buchbinder, R., Bull, F., Burnett, R. T., Byers, T., Calabria, B., Carapetis, J. R., Carnahan, E., Chafe, Z., Charlson, F., Chen, H., Chen, J., Cheng, A. T. A., Child, J., Cohen, A. J., Colson, K. E., Robinson, E., Darby, S. C., Darling, S. M., Davis, A., Degenhardt, L., Dentener, F., Des Jarlais, D. C., Devries, K., Dherani, M., Ding, E. L., Dorsey, E. R., Driscoll, T., Edmond, K., Eltahir Ali, S., Engell, R. E., Erwin, P. J., Fahimi, S., Falder, G., Farzadfar, F., Ferrari, A. J., Finucane, M. M., Flaxman, S., Fowkes, F. G. R., Freedman, G., Freeman, M. K., Gakidou, E., Ghosh, S., Giovannucci, E. L., Gmel, G., Graham, K., Grainger, R., Grant, B. F., Gunnell, D., Gutierrez, H., Hall, W., Hoek, H. W., Hogan, A., Ho, H. C., Hoy, D., Hu, H., Hubbell, B., Hutchings, S., Ibeanusi, S., Jacklyn, G., Jasrasaria, R., Jonas, J. B., Kan, H., Kanis, J. А., Kassebaum, N. J., Kawakami, N., Khang, Y. H., Khatibzadeh, S., Khoo, J.-P., Kok, C. (2012). A comparative risk assessment of burden of disease and injury attributable to 67 risk factors and risk factor clusters in 21 regions, 1990–2010: a systematic analysis for the Global Burden of Disease Study 2010. *The Lancet*, 380(9859), 2224-2260. https://doi.org/10.1016/s0140-6736(12)61766-8",MATCH,ABSENT,MATCH,MATCH,ABSENT,"A comparative risk assessment of burden of disease and injury attributable to 67 risk factors and risk factor clusters in 21 regions, 1990–2010: a systematic analysis for the Global Burden of Disease Study 2010",Lim; Vos; Flaxman; Danaei; Shibuya; Adair‐Rohani; AlMazroa; Amann; Anderson; Andrews; Aryee; Atkinson; Bacchus; Bahalim; Balakrishnan; Balmes; Barker‐Collo; Baxter; Bell; Blore; Blyth; Bonner; Borges; Bourne; Boussinesq; Bräuer; Brooks; Bruce; Brunekreef; Bryan-Hancock; Bucello; Buchbinder; Bull; Burnett; Byers; Calabria; Carapetis; Carnahan; Chafe; Charlson; Chen; Chen; Cheng; Child; Cohen; Colson; Robinson; Darby; Darling; Davis; Degenhardt; Dentener; Des Jarlais; Devries; Dherani; Ding; Dorsey; Driscoll; Edmond; Eltahir Ali; Engell; Erwin; Fahimi; Falder; Farzadfar; Ferrari; Finucane; Flaxman; Fowkes; Freedman; Freeman; Gakidou; Ghosh; Giovannucci; Gmel; Graham; Grainger; Grant; Gunnell; Gutierrez; Hall; Hoek; Hogan; Ho; Hoy; Hu; Hubbell; Hutchings; Ibeanusi; Jacklyn; Jasrasaria; Jonas; Kan; Kanis; Kassebaum; Kawakami; Khang; Khatibzadeh; Khoo; Kok,2012.0,The Lancet,10.1016/s0140-6736(12)61766-8,https://doi.org/10.1016/s0140-6736(12)61766-8,GOOGLE,3.0,0.0,0.0,2.0,0.0,"A comparative risk assessment of burden of disease and injury attributable to 67 risk factors and risk factor clusters in 21 regions, 1990-2010: a systematic analysis for the Global Burden of Disease Study 2010","A comparative risk assessment of burden of disease and injury attributable to 67 risk factors and risk factor clusters in 21 regions, 1990–2010: a systematic analysis for the Global Burden of Disease Study 2010",,Lim; Vos; Flaxman; Danaei; Shibuya; Adair‐Rohani; AlMazroa; Amann; Anderson; Andrews; Aryee; Atkinson; Bacchus; Bahalim; Balakrishnan; Balmes; Barker‐Collo; Baxter; Bell; Blore; Blyth; Bonner; Borges; Bourne; Boussinesq; Bräuer; Brooks; Bruce; Brunekreef; Bryan-Hancock; Bucello; Buchbinder; Bull; Burnett; Byers; Calabria; Carapetis; Carnahan; Chafe; Charlson; Chen; Chen; Cheng; Child; Cohen; Colson; Robinson; Darby; Darling; Davis; Degenhardt; Dentener; Des Jarlais; Devries; Dherani; Ding; Dorsey; Driscoll; Edmond; Eltahir Ali; Engell; Erwin; Fahimi; Falder; Farzadfar; Ferrari; Finucane; Flaxman; Fowkes; Freedman; Freeman; Gakidou; Ghosh; Giovannucci; Gmel; Graham; Grainger; Grant; Gunnell; Gutierrez; Hall; Hoek; Hogan; Ho; Hoy; Hu; Hubbell; Hutchings; Ibeanusi; Jacklyn; Jasrasaria; Jonas; Kan; Kanis; Kassebaum; Kawakami; Khang; Khatibzadeh; Khoo; Kok,2012.0,2012.0,The Lancet,The Lancet,,10.1016/s0140-6736(12)61766-8,1.0,1.0,1.0,GOOGLE,0.0,"✓ Title | ○ Authors | ✓ Year | ✓ Venue | ○ ID

### Summary
This article was confirmed in The Lancet with the exact matching title and publication year of 2012. Although the original citation did not list authors, they were found in the evidence matching the lead author Lim and others.

### Details
A matching record was found with the exact title ""A comparative risk assessment of burden of disease and injury attributable to 67 risk factors and risk factor clusters in 21 regions, 1990–2010: a systematic analysis for the Global Burden of Disease Study 2010"" and publication year 2012. The venue, The Lancet, also matched exactly. While the original citation lacked listed authors, the evidence includes a comprehensive list starting with Lim, Vos, Flaxman, and others corresponding to the citation's lead names. No DOI was initially provided, but a DOI was found in the evidence: 10.1016/s0140-6736(12)61766-8.

- https://doi.org/10.1016/s0140-6736(12)61766-8",1.0,0.0
"Lipper, L., Thornton, P., Campbell, B. M., Baedeker, T., Braimoh, A., Bwalya, M., ... & Torquebiau, E. F. (2014). Climate-smart agriculture for food security. Nature Climate Change, 4(12), 1068-1072.",Climate-smart agriculture for smallholder farmers,llama_3_1_405b_base,verified,"Lipper, L., Thornton, P. K., Campbell, B., Baedeker, T., Braimoh, A. K., Bwalya, M., Caron, P., Cattaneo, A., Garrity, D. P., Henry, K., Hottle, R., Jackson, L., Jarvis, A., Kossam, F., Mann, W. N., McCarthy, N., Meybeck, A., Neufeldt, H., Remington, T., Sen, P. T., Sessa, R., Shula, R., Tibu, A., & Torquebiau, E. (2014). Climate-smart agriculture for food security. *Nature Climate Change*, 4(12), 1068-1072. https://doi.org/10.1038/nclimate2437",MATCH,MATCH,MATCH,MATCH,ABSENT,Climate-smart agriculture for food security,Lipper; Thornton; Campbell; Baedeker; Braimoh; Bwalya; Caron; Cattaneo; Garrity; Henry; Hottle; Jackson; Jarvis; Kossam; Mann; McCarthy; Meybeck; Neufeldt; Remington; Sen; Sessa; Shula; Tibu; Torquebiau,2014.0,Nature Climate Change,10.1038/nclimate2437,https://doi.org/10.1038/nclimate2437,GOOGLE,4.0,0.0,0.0,1.0,0.0,Climate-smart agriculture for food security.,Climate-smart agriculture for food security,"Lipper, L.; Thornton, P.; Campbell, B. M.; Baedeker, T.; Braimoh, A.; Bwalya, M.; ...; Torquebiau, E. F.",Lipper; Thornton; Campbell; Baedeker; Braimoh; Bwalya; Caron; Cattaneo; Garrity; Henry; Hottle; Jackson; Jarvis; Kossam; Mann; McCarthy; Meybeck; Neufeldt; Remington; Sen; Sessa; Shula; Tibu; Torquebiau,2014.0,2014.0,Nature Climate Change,Nature Climate Change,,10.1038/nclimate2437,1.0,1.0,1.0,GOOGLE,0.0,"✓ Title | ✓ Authors | ✓ Year | ✓ Venue | ○ ID

### Summary
This article was confirmed in Nature Climate Change with the title ""Climate-smart agriculture for food security"" and matching authors. The publication year 2014 also matched exactly.

### Details
A matching record was found with the exact title ""Climate-smart agriculture for food security"" and a full set of authors matching the citation, although the citation used initials while the evidence used full names. The year 2014 was confirmed, and the journal Nature Climate Change matched perfectly. The article also has a DOI (10.1038/nclimate2437) confirming the reference's authenticity.

- https://doi.org/10.1038/nclimate2437",1.0,0.0
"Khatri-Chhetri, A., Aggarwal, P. K., Joshi, P. K., & Vyas, S. (2017). Farmers' prioritization of climate-smart agriculture (CSA) technologies. Agricultural Systems, 151, 184-191.",Climate-smart agriculture for smallholder farmers,llama_3_1_405b_base,verified,"Khatri‐Chhetri, A., Aggarwal, P. K., Joshi, P. K., & Vyas, S. (2016). Farmers' prioritization of climate-smart agriculture (CSA) technologies. *Agricultural Systems*, 151, 184-191. https://doi.org/10.1016/j.agsy.2016.10.005",MATCH,MATCH,CONTAINS,MATCH,ABSENT,Farmers' prioritization of climate-smart agriculture (CSA) technologies,Khatri‐Chhetri; Aggarwal; Joshi; Vyas,2016.0,Agricultural Systems,10.1016/j.agsy.2016.10.005,https://doi.org/10.1016/j.agsy.2016.10.005,GOOGLE,3.0,0.0,1.0,1.0,0.0,Farmers' prioritization of climate-smart agriculture (CSA) technologies.,Farmers' prioritization of climate-smart agriculture (CSA) technologies,"Khatri-Chhetri, A.; Aggarwal, P. K.; Joshi, P. K.; Vyas, S.",Khatri‐Chhetri; Aggarwal; Joshi; Vyas,2017.0,2016.0,Agricultural Systems,Agricultural Systems,,10.1016/j.agsy.2016.10.005,1.0,1.0,1.0,GOOGLE,0.0,"✓ Title | ✓ Authors | ◐ Year | ✓ Venue | ○ ID

### Summary
This article was confirmed in Agricultural Systems with matching authors and title. While the publication year in the citation is 2017, the verified record shows the year as 2016, which falls within an acceptable range for this verification.

### Details
A matching record was found with the exact title ""Farmers' prioritization of climate-smart agriculture (CSA) technologies"". All four authors (Khatri‐Chhetri, Aggarwal, Joshi, and Vyas) match the citation by surname. The journal Agricultural Systems matches exactly. Although the citation year is 2017, the evidence record indicates the article was published in 2016; this small difference is within the verification threshold. The article's DOI is 10.1016/j.agsy.2016.10.005 and can be found at https://doi.org/10.1016/j.agsy.2016.10.005.

- https://doi.org/10.1016/j.agsy.2016.10.005
- https://www.sciencedirect.com/science/article/pii/S0308521X1630645X
- https://cgspace.cgiar.org/items/c92a5519-325a-4a60-b7c2-7a89efb7b32d",0.9,0.1
"Mwongera, C., Shikuku, K. M., Twyman, J., Läderach, P., Ampaire, E., Van Asten, P., ... & Eitzinger, A. (2017). Climate-smart agriculture rapid appraisal (CSA-RA): A tool for prioritizing context-specific climate-smart agriculture technologies. Agricultural Systems, 151, 192-203.",Climate-smart agriculture for smallholder farmers,llama_3_1_405b_base,verified-with-error,"Mwongera, C., Shikuku, K. M., Twyman, J., Läderach, P., Ampaire, E., van Asten, P., Twomlow, S., & Winowiecki, L. (2016). Climate smart agriculture rapid appraisal (CSA-RA): A tool for prioritizing context-specific climate smart agriculture technologies. *Agricultural Systems*, 151, 192-203. https://doi.org/10.1016/j.agsy.2016.05.009",MATCH,CONTRADICTION,CONTAINS,MATCH,ABSENT,Climate smart agriculture rapid appraisal (CSA-RA): A tool for prioritizing context-specific climate smart agriculture technologies,Mwongera; Shikuku; Twyman; Läderach; Ampaire; van Asten; Twomlow; Winowiecki,2016.0,Agricultural Systems,10.1016/j.agsy.2016.05.009,https://doi.org/10.1016/j.agsy.2016.05.009,GOOGLE,2.0,1.0,1.0,1.0,0.0,Climate-smart agriculture rapid appraisal (CSA-RA): A tool for prioritizing context-specific climate-smart agriculture technologies.,Climate smart agriculture rapid appraisal (CSA-RA): A tool for prioritizing context-specific climate smart agriculture technologies,"Mwongera, C.; Shikuku, K. M.; Twyman, J.; Läderach, P.; Ampaire, E.; Van Asten, P.; Eitzinger, A.",Mwongera; Shikuku; Twyman; Läderach; Ampaire; van Asten; Twomlow; Winowiecki,2017.0,2016.0,Agricultural Systems,Agricultural Systems,,10.1016/j.agsy.2016.05.009,0.0,0.0,1.0,GOOGLE,0.0,"✓ Title | ✗ Authors | ◐ Year | ✓ Venue | ○ ID

### Summary
This article was confirmed in Agricultural Systems with a matching title and publication venue. However, there are minor discrepancies with the authors listed and a small difference in the publication year.

### Details
A matching record was found with the exact title ""Climate smart agriculture rapid appraisal (CSA-RA): A tool for prioritizing context-specific climate smart agriculture technologies"" in the journal Agricultural Systems. The citation year is 2017, while the evidence shows the article was actually published in 2016, which is a minor discrepancy. The author lists overlap significantly but differ: the citation includes Eitzinger, whereas the evidence includes Twomlow and Winowiecki. The exact DOI for the confirmed article is 10.1016/j.agsy.2016.05.009.

- https://doi.org/10.1016/j.agsy.2016.05.009
- https://www.sciencedirect.com/science/article/pii/S0308521X16301202",0.367,0.633
"Partey, S. T., Zougmoré, R. B., Ouédraogo, M., & Campbell, B. M. (2018). Developing climate-smart agriculture to face climate variability in West Africa: Challenges and opportunities. Climate and Development, 10(5), 437-449.",Climate-smart agriculture for smallholder farmers,llama_3_1_405b_base,needs-human,Reference requires human review.,CONTAINS,MATCH,MATCH,CONTRADICTION,ABSENT,Developing climate-smart agriculture to face climate variability in West Africa: Challenges and lessons learnt,Partey; Zougmoré; Ouédraogo; Campbell,2018.0,Journal of Cleaner Production,10.1016/j.jclepro.2018.03.199,https://doi.org/10.1016/j.jclepro.2018.03.199,GOOGLE,2.0,1.0,1.0,1.0,0.0,Developing climate-smart agriculture to face climate variability in West Africa: Challenges and opportunities.,Developing climate-smart agriculture to face climate variability in West Africa: Challenges and lessons learnt,"Partey, S. T.; Zougmoré, R. B.; Ouédraogo, M.; Campbell, B. M.",Partey; Zougmoré; Ouédraogo; Campbell,2018.0,2018.0,Climate and Development,Journal of Cleaner Production,,10.1016/j.jclepro.2018.03.199,0.0,0.0,1.0,GOOGLE,0.0,"◐ Title | ✓ Authors | ✓ Year | ✗ Venue | ○ ID

### Summary
This reference needs human review because while it matches the title's main phrase, authors, and year perfectly, there is a discrepancy in the journal name. The cited reference mentions ""Climate and Development,"" but the found article is published in the ""Journal of Cleaner Production.""

### Details
A matching article was found with the title nearly identical except the subtitle differs slightly: ""Challenges and lessons learnt"" vs. ""Challenges and opportunities."" The authors Partey, Zougmoré, Ouédraogo, and Campbell, and the year 2018 matched exactly. However, the venues differ significantly as the confirmed article is from the Journal of Cleaner Production, not Climate and Development as cited. No digital object identifier (DOI) was provided in the citation for exact verification.

- https://doi.org/10.1016/j.jclepro.2018.03.199
- https://www.sciencedirect.com/science/article/pii/S0959652618308709",0.433,0.567
"Rao, K. P. C., & Shiferaw, B. (2016). Climate-smart agriculture for smallholder farmers in Africa. In Climate Change and Agricultural Development (pp. 153-173). Routledge.",Climate-smart agriculture for smallholder farmers,llama_3_1_405b_base,unverified,Reference could not be verified.,CONTAINS,UNCONFIRMED,UNCONFIRMED,UNCONFIRMED,ABSENT,Climate_Smart_Agriculture_for_Smallholder_Farmers_in_Southern_Africa,,,,,https://www.researchgate.net/publication/323019422_Climate_Smart_Agriculture_for_Smallholder_Farmers_in_Southern_Africa,GOOGLE,0.0,0.0,1.0,1.0,3.0,Climate-smart agriculture for smallholder farmers in Africa,Climate_Smart_Agriculture_for_Smallholder_Farmers_in_Southern_Africa,"Rao, K. P. C.; Shiferaw, B.",,2016.0,,Routledge,,,https://www.researchgate.net/publication/323019422_Climate_Smart_Agriculture_for_Smallholder_Farmers_in_Southern_Africa,0.0,1.0,2.0,GOOGLE,0.0,"◐ Title | ? Authors | ? Year | ? Venue | ○ ID

### Summary
This reference could not be verified as a direct match. While the key phrase ""Climate-smart agriculture for smallholder farmers"" was found in a similar publication titled ""Climate_Smart_Agriculture_for_Smallholder_Farmers_in_Southern_Africa,"" important details such as authors, year, and publisher information did not match or were missing, suggesting ambiguity.

### Details
A matching record with a related title including the phrase ""Climate-smart agriculture for smallholder farmers"" was found, but it specified ""Southern Africa"" rather than ""Africa"" broadly. The authors Rao, K. P. C., and Shiferaw, B. were present in the citation but not confirmed in the potential match, which lacked author and year data. The stated year 2016 and publisher Routledge could not be confirmed through open databases or searches. Multiple searches including Google and scholarly sources yielded related but not exact matches. The best available link is to a ResearchGate document closely tied by title but without confirming the cited chapter details.

- https://www.researchgate.net/publication/323019422_Climate_Smart_Agriculture_for_Smallholder_Farmers_in_Southern_Africa
- https://api.taylorfrancis.com/content/books/mono/download?identifierName=doi&identifierValue=10.4324/9781315149776&type=googlepdf
- https://www.taylorfrancis.com/books/edit/10.4324/9781315685953/climate-change-agricultural-development-udaya-sekhar-nagothu",0.167,0.833
"Shikuku, K. M., Mwongera, C., Läderach, P., & Twyman, J. (2017). Win–win possibilities for climate-smart agriculture in East Africa. Journal of Agricultural Science, 155(2), 167-181.",Climate-smart agriculture for smallholder farmers,llama_3_1_405b_base,unverified,Reference could not be verified.,CONTRADICTION,MATCH,MATCH,CONTRADICTION,ABSENT,Climate smart agriculture rapid appraisal (CSA-RA): A tool for prioritizing context-specific climate smart agriculture technologies,Mwongera; Shikuku; Twyman; Läderach,2017.0,Agricultural Systems,,https://www.sciencedirect.com/science/article/pii/S0308521X16301202,GOOGLE,2.0,2.0,0.0,1.0,0.0,Win–win possibilities for climate-smart agriculture in East Africa.,Climate smart agriculture rapid appraisal (CSA-RA): A tool for prioritizing context-specific climate smart agriculture technologies,"Shikuku, K. M.; Mwongera, C.; Läderach, P.; Twyman, J.",Mwongera; Shikuku; Twyman; Läderach,2017.0,2017.0,Journal of Agricultural Science,Agricultural Systems,,https://www.sciencedirect.com/science/article/pii/S0308521X16301202,0.0,0.0,1.0,GOOGLE,0.0,"✗ Title | ✓ Authors | ✓ Year | ✗ Venue | ○ ID

### Summary
The reference was not confirmed as no matching article with the given title ""Win–win possibilities for climate-smart agriculture in East Africa"" and journal ""Journal of Agricultural Science"" was found. Although the authors and year 2017 matched, the identified articles differed in both title and journal.

### Details
A thorough search found a related article by the same authors in 2017 titled ""Climate smart agriculture rapid appraisal (CSA-RA): A tool for prioritizing context-specific climate smart agriculture technologies"" published in the journal Agricultural Systems. The titles and journals of the submitted reference and this found article do not match, indicating the original citation could not be verified. This conclusion is supported by the absence of any article matching the given title and journal in multiple searches.

- https://www.sciencedirect.com/science/article/pii/S0308521X16301202",0.0,1.0
"Thornton, P. K., & Lipper, L. (2014). How does climate change alter agricultural strategies to support food security? IFPRI Discussion Paper 1340, International Food Policy Research Institute.",Climate-smart agriculture for smallholder farmers,llama_3_1_405b_base,verified,"Thornton, P. K., & Lipper, L. (2014). How does climate change alter agricultural strategies to support food security? *IFPRI Discussion Paper 01340 / SSRN Electronic Journal*. https://doi.org/10.2139/ssrn.2423763",MATCH,MATCH,MATCH,MATCH,ABSENT,How Does Climate Change Alter Agricultural Strategies to Support Food Security?,Thornton; Lipper,2014.0,IFPRI Discussion Paper 01340 / SSRN Electronic Journal,10.2139/ssrn.2423763,https://doi.org/10.2139/ssrn.2423763,GOOGLE,4.0,0.0,0.0,1.0,0.0,How does climate change alter agricultural strategies to support food security?,How Does Climate Change Alter Agricultural Strategies to Support Food Security?,"Thornton, P. K.; Lipper, L.",Thornton; Lipper,2014.0,2014.0,International Food Policy Research Institute,IFPRI Discussion Paper 01340 / SSRN Electronic Journal,,10.2139/ssrn.2423763,1.0,1.0,1.0,GOOGLE,0.0,"✓ Title | ✓ Authors | ✓ Year | ✓ Venue | ○ ID

### Summary
This paper was confirmed as an IFPRI Discussion Paper from 2014 with matching authors Thornton and Lipper and the exact title ""How Does Climate Change Alter Agricultural Strategies to Support Food Security?"". The venue matches by recognizing IFPRI as the publisher, and the year corresponds exactly.

### Details
A matching record was found with the title ""How Does Climate Change Alter Agricultural Strategies to Support Food Security?"" authored by Philip K. Thornton and Leslie Lipper from 2014. The venue identified includes ""IFPRI Discussion Paper 01340"" and the SSRN Electronic Journal, which aligns with the citation's ""International Food Policy Research Institute."" The exact year and author surnames were confirmed as well. No unique identifier was present in the original citation, but a DOI is available at https://doi.org/10.2139/ssrn.2423763.

- https://doi.org/10.2139/ssrn.2423763
- https://ideas.repec.org/p/fpr/ifprid/1340.html",1.0,0.0
"Zougmoré, R., Partey, S., Ouédraogo, M., Omitoyin, B., Thomas, T., Ayantunde, A., ... & Jalloh, A. (2016). Toward climate-smart agriculture in West Africa: A review of climate change impacts, adaptation strategies and policy developments for the livestock, fishery and crop production sectors. Agriculture & Food Security, 5(1), 1-16.",Climate-smart agriculture for smallholder farmers,llama_3_1_405b_base,verified,"Zougmoré, R. B., Partey, S. T., Ouédraogo, M., Omitoyin, B. O., Thomas, T. S., Ayantunde, A. A., Ericksen, P., Said, M. Y., & Jalloh, A. (2016). Toward climate-smart agriculture in West Africa: a review of climate change impacts, adaptation strategies and policy developments for the livestock, fishery and crop production sectors. *Agriculture & Food Security*, 5(1). https://doi.org/10.1186/s40066-016-0075-3",MATCH,MATCH,MATCH,MATCH,ABSENT,"Toward climate-smart agriculture in West Africa: a review of climate change impacts, adaptation strategies and policy developments for the livestock, fishery and crop production sectors",Zougmoré; Partey; Ouédraogo; Omitoyin; Thomas; Ayantunde; Ericksen; Said; Jalloh,2016.0,Agriculture & Food Security,10.1186/s40066-016-0075-3,https://doi.org/10.1186/s40066-016-0075-3,GOOGLE,4.0,0.0,0.0,1.0,0.0,"Toward climate-smart agriculture in West Africa: A review of climate change impacts, adaptation strategies and policy developments for the livestock, fishery and crop production sectors.","Toward climate-smart agriculture in West Africa: a review of climate change impacts, adaptation strategies and policy developments for the livestock, fishery and crop production sectors","Zougmoré, R.; Partey, S.; Ouédraogo, M.; Omitoyin, B.; Thomas, T.; Ayantunde, A.; ... & Jalloh, A.",Zougmoré; Partey; Ouédraogo; Omitoyin; Thomas; Ayantunde; Ericksen; Said; Jalloh,2016.0,2016.0,Agriculture & Food Security,Agriculture & Food Security,,10.1186/s40066-016-0075-3,1.0,1.0,1.0,GOOGLE,0.0,"✓ Title | ✓ Authors | ✓ Year | ✓ Venue | ○ ID

### Summary
This article was confirmed in the journal Agriculture & Food Security with matching authors and year. The full title was exactly matched, and the author list included all named authors from the citation with additional authors included as indicated by et al.

### Details
A matching record was found with the exact title ""Toward climate-smart agriculture in West Africa: a review of climate change impacts, adaptation strategies and policy developments for the livestock, fishery and crop production sectors."" The year 2016 matched exactly, and the journal Agriculture & Food Security also matched perfectly. The authors listed in the evidence included all cited authors (Zougmoré, Partey, Ouédraogo, Omitoyin, Thomas, Ayantunde, Jalloh) as well as additional authors Ericksen and Said, consistent with the use of et al. in the citation. No DOI was provided in the citation, but the evidence does have a DOI: 10.1186/s40066-016-0075-3.

- [https://doi.org/10.1186/s40066-016-0075-3](https://doi.org/10.1186/s40066-016-0075-3)",1.0,0.0
"Nyasimi, M., Huyck, P., Marín, F., Anyangah, J. O., Kinyangi, J., Muthoni, J., & Phillips, J. (2014). The role of climate-smart agriculture in addressing climate change in East Africa. Journal of Agricultural Science, 152(2), 287-298.",Climate-smart agriculture for smallholder farmers,llama_3_1_405b_base,unverified,Reference could not be verified.,CONTRADICTION,CONTAINS,MATCH,CONTRADICTION,ABSENT,The Role of Climate Smart Agriculture in Addressing Land Degradation,Nyasimi,2014.0,ResearchGate / CCAFS,,https://www.researchgate.net/publication/287216432_The_Role_of_Climate_Smart_Agriculture_in_Addressing_Land_Degradation,GOOGLE,1.0,2.0,1.0,1.0,0.0,The role of climate-smart agriculture in addressing climate change in East Africa.,The Role of Climate Smart Agriculture in Addressing Land Degradation,"Nyasimi, M.; Huyck, P.; Marín, F.; Anyangah, J. O.; Kinyangi, J.; Muthoni, J.; Phillips, J.",Nyasimi,2014.0,2014.0,Journal of Agricultural Science,ResearchGate / CCAFS,,https://www.researchgate.net/publication/287216432_The_Role_of_Climate_Smart_Agriculture_in_Addressing_Land_Degradation,0.0,0.0,1.0,GOOGLE,0.0,"✗ Title | ◐ Authors | ✓ Year | ✗ Venue | ○ ID

### Summary
No matching article was found that exactly corresponds to the given reference. While the author ""Nyasimi"" and year 2014 match, the titles and venue differ significantly, indicating these are likely different works.

### Details
A search found a publication titled ""The Role of Climate Smart Agriculture in Addressing Land Degradation"" by Nyasimi in 2014 on ResearchGate affiliated with CCAFS, which differs from the claimed article titled ""The role of climate-smart agriculture in addressing climate change in East Africa"" published in the Journal of Agricultural Science. Although some authors overlap, the title and journal do not match. The year 2014 matches exactly, but the lack of a DOI and the difference in publishing venue and title suggest the cited article could not be verified.

- https://www.researchgate.net/publication/287216432_The_Role_of_Climate_Smart_Agriculture_in_Addressing_Land_Degradation",0.0,1.0
"Aggarwal, P. K., Jarvis, A., Campbell, B. M., Zougmoré, R. B., Khatri-Chhetri, A., Vermeulen, S. J., ... & Sebastian, L. (2018). The climate-smart village approach: Framework of an integrative strategy for scaling up adaptation options in agriculture. Ecology and Society, 23(1), 1-13.",Climate-smart agriculture for smallholder farmers,llama_3_1_405b_base,verified,"Aggarwal, P., Jarvis, A., Campbell, B., Zougmoré, R., Khatri‐Chhetri, A., Vermeulen, S., Loboguerrero, A. M., Sebastian, L. S., Kinyangi, J., Bonilla‐Findji, O., Radeny, M., Recha, J., Martínez-Barón, D., Ramírez-Villegas, J., Huyer, S., Thornton, P. K., Wollenberg, E., Hansen, J., Alvarez-Toro, P., Aguilar-Ariza, A., Arango-Londoño, D., Patiño-Bravo, V., Rivera, O., Ouédraogo, M., & Yen, B. T. (2018). The climate-smart village approach: Framework of an integrative strategy for scaling up adaptation options in agriculture. *Ecology and Society*, *23*(1). https://doi.org/10.5751/es-09844-230114",MATCH,MATCH,MATCH,MATCH,ABSENT,The climate-smart village approach: framework of an integrative strategy for scaling up adaptation options in agriculture,Aggarwal; Jarvis; Campbell; Zougmoré; Khatri‐Chhetri; Vermeulen; Loboguerrero; Sebastian; Kinyangi; Bonilla‐Findji; Radeny; Recha; Martínez- Barón; Ramírez-Villegas; Huyer; Thornton; Wollenberg; Hansen; Alvarez-Toro; Aguilar-Ariza; Arango-Londoño; Patiño-Bravo; Rivera; Ouédraogo; Yen,2018.0,Ecology and Society,10.5751/es-09844-230114,https://doi.org/10.5751/es-09844-230114,GOOGLE,4.0,0.0,0.0,1.0,0.0,The climate-smart village approach: Framework of an integrative strategy for scaling up adaptation options in agriculture,The climate-smart village approach: framework of an integrative strategy for scaling up adaptation options in agriculture,"Aggarwal, P. K.; Jarvis, A.; Campbell, B. M.; Zougmoré, R. B.; Khatri-Chhetri, A.; Vermeulen, S. J.; ...; Sebastian, L.",Aggarwal; Jarvis; Campbell; Zougmoré; Khatri‐Chhetri; Vermeulen; Loboguerrero; Sebastian; Kinyangi; Bonilla‐Findji; Radeny; Recha; Martínez- Barón; Ramírez-Villegas; Huyer; Thornton; Wollenberg; Hansen; Alvarez-Toro; Aguilar-Ariza; Arango-Londoño; Patiño-Bravo; Rivera; Ouédraogo; Yen,2018.0,2018.0,Ecology and Society,Ecology and Society,,10.5751/es-09844-230114,1.0,1.0,1.0,GOOGLE,1.0,"✓ Title | ✓ Authors | ✓ Year | ✓ Venue | ○ ID

### Summary
This article was confirmed in the journal Ecology and Society with matching authors and year. The title ""The climate-smart village approach: Framework of an integrative strategy for scaling up adaptation options in agriculture"" was matched exactly, and the authors listed in the citation were found within a longer author list in the source.

### Details
A matching record was found with the exact title as cited and the year 2018 matching exactly. The authors from the citation, including Aggarwal, Jarvis, Campbell, Zougmoré, Khatri-Chhetri, Vermeulen, and Sebastian, were all present in the longer author list of the source. The journal name Ecology and Society also matched perfectly. No unique identifier was present in the original citation, but the verified source includes a DOI link for reference.

- https://doi.org/10.5751/es-09844-230114",1.0,0.0
"Gerber, A. S., & Green, D. P. (2000). The effects of canvassing, telephone calls, and direct mail on voter turnout: A field experiment. American Political Science Review, 94(3), 653-663.",Democratic elections,llama_3_1_405b_base,verified,"Gerber, A. S., & Green, D. P. (2000). The effects of canvassing, telephone calls, and direct mail on voter turnout: A field experiment. *American Political Science Review*, 94(3), 653-663. https://doi.org/10.2307/2585837",MATCH,MATCH,MATCH,MATCH,ABSENT,"The Effects of Canvassing, Telephone Calls, and Direct Mail on Voter Turnout: A Field Experiment",Gerber; Green,2000.0,American Political Science Review,10.2307/2585837,https://doi.org/10.2307/2585837,GOOGLE,4.0,0.0,0.0,1.0,0.0,"The effects of canvassing, telephone calls, and direct mail on voter turnout: A field experiment","The Effects of Canvassing, Telephone Calls, and Direct Mail on Voter Turnout: A Field Experiment","Gerber, A. S.; Green, D. P.",Gerber; Green,2000.0,2000.0,American Political Science Review,American Political Science Review,,10.2307/2585837,1.0,1.0,1.0,GOOGLE,0.0,"✓ Title | ✓ Authors | ✓ Year | ✓ Venue | ○ ID

### Summary
This article was confirmed in the American Political Science Review with matching authors Alan S. Gerber and Donald P. Green, and the publication year 2000. The title of the article exactly matches the citation provided.

### Details
A matching record was found with an exact title match: ""The Effects of Canvassing, Telephone Calls, and Direct Mail on Voter Turnout: A Field Experiment."" The authors Gerber and Green were confirmed by surname and full names, and the year 2000 matched exactly. The article appeared in the American Political Science Review, volume 94, issue 3, pages 653-663. The Digital Object Identifier (DOI) 10.2307/2585837 and the URL https://doi.org/10.2307/2585837 provide direct access to the confirmed article.

- https://doi.org/10.2307/2585837",1.0,0.0
"Ansolabehere, S., & Iyengar, S. (1995). Going negative: How attack ads shrink and polarize the electorate. Free Press.",Democratic elections,llama_3_1_405b_base,verified,"Ansolabehere, S., & Iyengar, S. (1995). *Going negative: how attack ads shrink and polarize the electorate*. Free Press. https://www.amazon.com/Going-negative-Attack-polarize-Electorate/dp/0029007321",MATCH,MATCH,MATCH,MATCH,ABSENT,Going negative: how attack ads shrink and polarize the electorate,Ansolabehere; Iyengar,1995.0,Free Press,,https://www.amazon.com/Going-negative-Attack-polarize-Electorate/dp/0029007321,GOOGLE,4.0,0.0,0.0,1.0,0.0,Going negative: How attack ads shrink and polarize the electorate,Going negative: how attack ads shrink and polarize the electorate,"Ansolabehere, S.; Iyengar, S.",Ansolabehere; Iyengar,1995.0,1995.0,Free Press,Free Press,,https://www.amazon.com/Going-negative-Attack-polarize-Electorate/dp/0029007321,1.0,1.0,1.0,GOOGLE,0.0,"✓ Title | ✓ Authors | ✓ Year | ✓ Venue | ○ ID

### Summary
This book was confirmed to be ""Going negative: how attack ads shrink and polarize the electorate"" by Stephen Ansolabehere and Shanto Iyengar, published in 1995 by Free Press. Both the title, authors, year, and publisher matched exactly, confirming the reference.

### Details
A matching record was found with the exact title and the two authors by surname. The publication year 1995 and the publisher Free Press were also confirmed exactly. No digital object identifier (DOI) was present, but multiple sources, including library catalogs and book retailers such as Amazon, support the existence and details of this book.

- https://www.amazon.com/Going-negative-Attack-polarize-Electorate/dp/0029007321
- https://cir.nii.ac.jp/crid/1971430859720358454
- https://catalog.library.tamu.edu/Record/in00001262704",1.0,0.0
"Rosenstone, S. J., & Hansen, J. M. (1993). Mobilization, participation, and democracy in America. Macmillan.",Democratic elections,llama_3_1_405b_base,verified,"Rosenstone, S. J., & Hansen, J. M. (1993). *Mobilization, participation, and democracy in America*. Macmillan.",MATCH,MATCH,MATCH,MATCH,ABSENT,"Mobilization, participation, and democracy in America",Rosenstone; Hansen,1993.0,Macmillan,,https://archive.org/details/mobilizationpart0000rose,GOOGLE,4.0,0.0,0.0,1.0,0.0,"Mobilization, participation, and democracy in America","Mobilization, participation, and democracy in America","Rosenstone, S. J.; Hansen, J. M.",Rosenstone; Hansen,1993.0,1993.0,Macmillan,Macmillan,,https://archive.org/details/mobilizationpart0000rose,1.0,1.0,1.0,GOOGLE,0.0,"✓ Title | ✓ Authors | ✓ Year | ✓ Venue | ○ ID

### Summary
This book was confirmed with the title ""Mobilization, participation, and democracy in America"" by authors Rosenstone and Hansen published in 1993 by Macmillan. All key details including title, authors, year, and publisher matched exactly.

### Details
A matching record was found with the exact title and authors Rosenstone and Hansen, published in 1993 by Macmillan. Although no digital identifier like a DOI was available, the publisher and year matched precisely, and multiple sources including archive.org and Google Books confirm this publication.

- https://archive.org/details/mobilizationpart0000rose
- https://www.amazon.com/Mobilization-Participation-Democracy-America-Classics/dp/0321121864
- https://books.google.com/books/about/Mobilization_Participation_and_Democracy.html?id=QyuHAAAAMAAJ",1.0,0.0
"Fiorina, M. P. (1981). Retrospective voting in American national elections. Yale University Press.",Democratic elections,llama_3_1_405b_base,verified,"Fiorina, M. P. (1981). *Retrospective voting in American national elections*. Yale University Press. https://www.amazon.com/Retrospective-Voting-American-National-Elections/dp/0300027036",MATCH,MATCH,MATCH,MATCH,ABSENT,Retrospective voting in American national elections,Fiorina,1981.0,Yale University Press,,https://www.amazon.com/Retrospective-Voting-American-National-Elections/dp/0300027036,GOOGLE,4.0,0.0,0.0,1.0,0.0,Retrospective voting in American national elections,Retrospective voting in American national elections,"Fiorina, M. P.",Fiorina,1981.0,1981.0,Yale University Press,Yale University Press,,https://www.amazon.com/Retrospective-Voting-American-National-Elections/dp/0300027036,1.0,1.0,1.0,GOOGLE,0.0,"✓ Title | ✓ Authors | ✓ Year | ✓ Venue | ○ ID

### Summary
This book was confirmed as ""Retrospective Voting in American National Elections"" by Morris P. Fiorina, published in 1981. The publisher Yale University Press and the author's name match exactly as cited.

### Details
A matching record was found with exactly matching title and year, as well as author surname matching ""Fiorina."" The venue, Yale University Press, also matches perfectly. Although there is no DOI available for this book, multiple sources, including Amazon, academic reviews, and library catalogs, confirm the publication details as cited.

- https://www.amazon.com/Retrospective-Voting-American-National-Elections/dp/0300027036
- https://www.cambridge.org/core/journals/italian-political-science-review-rivista-italiana-di-scienza-politica/article/morris-p-fiorina-retrospective-voting-in-american-national-elections-new-havenlondon-yale-university-press-1981-pp-249-sp/3588CFBFC4D4FC52FF9EA3534D0A5698
- https://search.library.uvic.ca/discovery/fulldisplay/alma992615193807291/01VIC_INST:01UVIC
- https://econpapers.repec.org/article/cupapsrev/v_3a76_3ay_3a1982_3ai_3a02_3ap_3a471-472_5f18.htm",1.0,0.0
"Popkin, S. L. (1991). The reasoning voter: Communication and persuasion in presidential campaigns. University of Chicago Press.",Democratic elections,llama_3_1_405b_base,verified,"Popkin, S. L. (1991). *The reasoning voter: Communication and persuasion in presidential campaigns*. University of Chicago Press.",MATCH,MATCH,MATCH,MATCH,ABSENT,The Reasoning Voter: Communication and Persuasion in Presidential Campaigns,Popkin,1991.0,University of Chicago Press,,https://press.uchicago.edu/ucp/books/book/chicago/R/bo3636475.html,GOOGLE,4.0,0.0,0.0,1.0,0.0,The reasoning voter: Communication and persuasion in presidential campaigns,The Reasoning Voter: Communication and Persuasion in Presidential Campaigns,"Popkin, S. L.",Popkin,1991.0,1991.0,University of Chicago Press,University of Chicago Press,,https://press.uchicago.edu/ucp/books/book/chicago/R/bo3636475.html,1.0,1.0,1.0,GOOGLE,0.0,"✓ Title | ✓ Authors | ✓ Year | ✓ Venue | ○ ID

### Summary
This book was confirmed as published by University of Chicago Press in 1991 with matching author Samuel L. Popkin and the exact title ""The Reasoning Voter: Communication and Persuasion in Presidential Campaigns.""

### Details
A matching record was found where the title matched exactly and the author surname Popkin matched. The publication year 1991 and the publisher University of Chicago Press also matched exactly. Although no unique identifier like a DOI was present, multiple sources including the official University of Chicago Press website and Google Books confirm the details.

- https://press.uchicago.edu/ucp/books/book/chicago/R/bo3636475.html
- https://books.google.com/books?id=fAT-IREgyQ8C
- https://www.amazon.com/Reasoning-Voter-Communication-Persuasion-Presidential/dp/0226675440",1.0,0.0
"Bartels, L. M. (2008). Unequal democracy: The political economy of the new gilded age. Princeton University Press.",Democratic elections,llama_3_1_405b_base,verified,"Bartels, L. M. (2008). *Unequal Democracy: The Political Economy of the New Gilded Age*. Princeton University Press. https://press.princeton.edu/books/hardcover/9780691172842/unequal-democracy?srsltid=AfmBOopAdTXSylv7nFrY5C04VNqbWaDipMT-TpwFQmcqxOebbcEXht3Z",MATCH,MATCH,MATCH,MATCH,ABSENT,Unequal Democracy,Bartels,2008.0,Princeton University Press,,https://press.princeton.edu/books/hardcover/9780691172842/unequal-democracy?srsltid=AfmBOopAdTXSylv7nFrY5C04VNqbWaDipMT-TpwFQmcqxOebbcEXht3Z,GOOGLE,4.0,0.0,0.0,1.0,0.0,Unequal democracy: The political economy of the new gilded age,Unequal Democracy,"Bartels, L. M.",Bartels,2008.0,2008.0,Princeton University Press,Princeton University Press,,https://press.princeton.edu/books/hardcover/9780691172842/unequal-democracy?srsltid=AfmBOopAdTXSylv7nFrY5C04VNqbWaDipMT-TpwFQmcqxOebbcEXht3Z,1.0,1.0,1.0,GOOGLE,0.0,"✓ Title | ✓ Authors | ✓ Year | ✓ Venue | ○ ID

### Summary
This book was confirmed as published by Princeton University Press in 2008 with matching author Bartels and the correct title ""Unequal Democracy"" including its subtitle. The details aligned perfectly with the citation provided.

### Details
A matching record was found with the title ""Unequal Democracy: The Political Economy of the New Gilded Age"" and author Bartels from 2008 published by Princeton University Press. The title matched the core and subtitle portions exactly, authors matched by surname, and publication year was identical. Although no identifier (DOI) was provided in the citation, multiple sources including the publisher's website and further search results confirmed the reference's accuracy.

- https://press.princeton.edu/books/hardcover/9780691172842/unequal-democracy?srsltid=AfmBOopAdTXSylv7nFrY5C04VNqbWaDipMT-TpwFQmcqxOebbcEXht3Z
- https://doi.org/10.5860/choice.46-1746
- https://www.jstor.org/stable/j.ctt7t9ks",1.0,0.0
"Gilens, M. (2012). Affluence and influence: Economic inequality and political power in America. Princeton University Press.",Democratic elections,llama_3_1_405b_base,verified,"Gilens, M. (2012). *Affluence and influence: Economic inequality and political power in America*. Princeton University Press. https://press.princeton.edu/books/paperback/9780691162423/affluence-and-influence?srsltid=AfmBOoqJqKi7A2rvrVhWsM6PzxtkUQdvAsTCHAeuz7foqP7CWT_lYfS7",MATCH,MATCH,MATCH,MATCH,ABSENT,Affluence and influence: economic inequality and political power in America,Gilens,2012.0,Princeton University Press,,https://press.princeton.edu/books/paperback/9780691162423/affluence-and-influence?srsltid=AfmBOoqJqKi7A2rvrVhWsM6PzxtkUQdvAsTCHAeuz7foqP7CWT_lYfS7,GOOGLE,4.0,0.0,0.0,1.0,0.0,Affluence and influence: Economic inequality and political power in America.,Affluence and influence: economic inequality and political power in America,"Gilens, M.",Gilens,2012.0,2012.0,Princeton University Press,Princeton University Press,,https://press.princeton.edu/books/paperback/9780691162423/affluence-and-influence?srsltid=AfmBOoqJqKi7A2rvrVhWsM6PzxtkUQdvAsTCHAeuz7foqP7CWT_lYfS7,1.0,1.0,1.0,GOOGLE,0.0,"✓ Title | ✓ Authors | ✓ Year | ✓ Venue | ○ ID

### Summary
This book was confirmed as ""Affluence and Influence: Economic Inequality and Political Power in America"" by Martin Gilens, published in 2012 by Princeton University Press. The title, author, year, and publisher all match exactly.

### Details
A matching record was found where the title and author ‘‘Gilens’’ corresponded exactly. The year 2012 and publisher Princeton University Press also matched perfectly. Although no identifier was provided, multiple sources including Princeton’s official press site confirmed this publication. Relevant URLs include the Princeton press page and a De Gruyter Brill description of the book.

- [Princeton University Press](https://press.princeton.edu/books/paperback/9780691162423/affluence-and-influence?srsltid=AfmBOoqJqKi7A2rvrVhWsM6PzxtkUQdvAsTCHAeuz7foqP7CWT_lYfS7)
- [De Gruyter Brill](https://www.degruyterbrill.com/document/doi/10.1515/9781400844821/html)",1.0,0.0
"Schattschneider, E. E. (1960). The semisovereign people: A realist's view of democracy in America. Holt, Rinehart and Winston.",Democratic elections,llama_3_1_405b_base,verified,"Schattschneider, E. E. (1960). *The semisovereign people: A realist's view of democracy in America*. Holt, Rinehart and Winston. https://archive.org/details/semisovereignpeo00scha",MATCH,MATCH,MATCH,MATCH,ABSENT,The Semisovereign People: A Realist's View of Democracy in America,Schattschneider,1960.0,"Holt, Rinehart and Winston",,https://archive.org/details/semisovereignpeo00scha,GOOGLE,4.0,0.0,0.0,1.0,0.0,The semisovereign people: A realist's view of democracy in America,The Semisovereign People: A Realist's View of Democracy in America,"Schattschneider, E. E.",Schattschneider,1960.0,1960.0,"Holt, Rinehart and Winston","Holt, Rinehart and Winston",,https://archive.org/details/semisovereignpeo00scha,1.0,1.0,1.0,GOOGLE,0.0,"✓ Title | ✓ Authors | ✓ Year | ✓ Venue | ○ ID

### Summary
This book was confirmed as ""The Semisovereign People: A Realist's View of Democracy in America"" by E. E. Schattschneider, published in 1960 by Holt, Rinehart and Winston. The title, author, year, and publisher all matched exactly.

### Details
A matching record was found with the exact title and author name ""Schattschneider"". The publication year 1960 also matched perfectly, as did the publisher Holt, Rinehart and Winston. Although no digital identifier like a DOI was available, multiple sources including Archive.org and reputable library catalogs confirm these details, providing strong evidence of the book's existence and citation accuracy.

- https://archive.org/details/semisovereignpeo00scha
- http://ci.nii.ac.jp/ncid/BA10232436
- https://openlibrary.org/books/OL9225451M/Semisovereign_People",1.0,0.0
"Verba, S., Schlozman, K. L., & Brady, H. E. (1995). Voice and equality: Civic voluntarism in American politics. Harvard University Press.",Democratic elections,llama_3_1_405b_base,verified,"Verba, S., Schlozman, K. L., & Brady, H. E. (1995). *Voice and equality: civic voluntarism in American politics*. Harvard University Press.",MATCH,MATCH,MATCH,MATCH,ABSENT,Voice and equality: civic voluntarism in American politics,Verba; Schlozman; Brady,1995.0,Harvard University Press,,https://books.google.com/books?hl=en&lr=&id=RUkvEAAAQBAJ&oi=fnd&pg=PP1&dq=Voice+and+equality:+civic+voluntarism+in+American+politics+Verba+Schlozman+Brady+1995+Harvard+University+Press&ots=lmVS6vUQ_C&sig=KV_6TbK815uIVGM7guoXivxqyG0,GOOGLE,4.0,0.0,0.0,1.0,0.0,Voice and equality: Civic voluntarism in American politics,Voice and equality: civic voluntarism in American politics,"Verba, S.; Schlozman, K. L.; Brady, H. E.",Verba; Schlozman; Brady,1995.0,1995.0,Harvard University Press,Harvard University Press,,https://books.google.com/books?hl=en&lr=&id=RUkvEAAAQBAJ&oi=fnd&pg=PP1&dq=Voice+and+equality:+civic+voluntarism+in+American+politics+Verba+Schlozman+Brady+1995+Harvard+University+Press&ots=lmVS6vUQ_C&sig=KV_6TbK815uIVGM7guoXivxqyG0,1.0,1.0,1.0,GOOGLE,0.0,"✓ Title | ✓ Authors | ✓ Year | ✓ Venue | ○ ID

### Summary
This book was confirmed as ""Voice and equality: civic voluntarism in American politics"" published by Harvard University Press in 1995. The listed authors Verba, Schlozman, and Brady match exactly with the reference.

### Details
A matching record was found with the exact title and publication year 1995. The publisher Harvard University Press was confirmed, and author surnames Verba, Schlozman, and Brady correspond exactly. Although no digital identifier such as a DOI was present in the original citation, multiple reliable sources including Google Books and academic databases confirm this edition.

- https://books.google.com/books?hl=en&lr=&id=RUkvEAAAQBAJ&oi=fnd&pg=PP1&dq=Voice+and+equality:+civic+voluntarism+in+American+politics+Verba+Schlozman+Brady+1995+Harvard+University+Press&ots=lmVS6vUQ_C&sig=KV_6TbK815uIVGM7guoXivxqyG0
- https://www.amazon.com/Voice-Equality-Voluntarism-American-Politics/dp/0674942930
- https://www.jstor.org/stable/j.ctv1pnc1k7",1.0,0.0
"Demirguc-Kunt, A., Klapper, L., Singer, D., Ansar, S., & Hess, J. (2018). The Global Findex Database 2017: Measuring Financial Inclusion. World Bank.",Digital financial services,llama_3_1_405b_base,verified-with-error,"Demirgüç‐Kunt, A., Klapper, L., Singer, D., Ansar, S., & Hess, J. (2018). *The Global Findex Database 2017: Measuring Financial Inclusion and the Fintech Revolution*. Washington, DC: World Bank eBooks. https://doi.org/10.1596/978-1-4648-1259-0",CONTAINS,MATCH_WITH_TYPO,MATCH,CONTAINS,ABSENT,The Global Findex Database 2017: Measuring Financial Inclusion and the Fintech Revolution,Demirgüç‐Kunt; Klapper; Singer; Ansar; Hess,2018.0,"Washington, DC: World Bank eBooks",10.1596/978-1-4648-1259-0,https://doi.org/10.1596/978-1-4648-1259-0,GOOGLE,2.0,0.0,2.0,1.0,0.0,The Global Findex Database 2017: Measuring Financial Inclusion.,The Global Findex Database 2017: Measuring Financial Inclusion and the Fintech Revolution,"Demirguc-Kunt, A.; Klapper, L.; Singer, D.; Ansar, S.; Hess, J.",Demirgüç‐Kunt; Klapper; Singer; Ansar; Hess,2018.0,2018.0,World Bank,"Washington, DC: World Bank eBooks",,10.1596/978-1-4648-1259-0,2.0,2.0,2.0,GOOGLE,1.0,"◐ Title | ✓ Authors | ✓ Year | ◐ Venue | ○ ID

### Summary
This reference was verified as corresponding to a World Bank publication from 2018 with matching authors and year. However, there are minor differences, such as an added subtitle ""and the Fintech Revolution"" in the verified title and a slight variation in the author's name spelling due to diacritics.

### Details
A matching record was found with the title ""The Global Findex Database 2017: Measuring Financial Inclusion and the Fintech Revolution"" published by ""Washington, DC: World Bank eBooks."" The authors matched all five names exactly, except for a diacritic variation in Demirgüç‐Kunt versus Demirguc-Kunt. The year 2018 matched exactly. No identifier was present in the original citation.

- https://doi.org/10.1596/978-1-4648-1259-0",0.467,0.533
"Gomber, P., Koch, J. A., & Siering, M. (2017). Digital Finance and FinTech: current research and future research directions. Journal of Business Economics, 87(5), 537-580.",Digital financial services,llama_3_1_405b_base,verified,"Gomber, P., Koch, J.-A., & Siering, M. (2017). Digital finance and FinTech: current research and future research directions. *Journal of Business Economics*, 87(5), 537-580. https://doi.org/10.1007/s11573-017-0852-x",MATCH,MATCH,MATCH,MATCH,ABSENT,Digital Finance and FinTech: current research and future research directions,Gomber; Koch; Siering,2017.0,Journal of Business Economics,10.1007/s11573-017-0852-x,https://doi.org/10.1007/s11573-017-0852-x,GOOGLE,4.0,0.0,0.0,1.0,0.0,Digital Finance and FinTech: current research and future research directions,Digital Finance and FinTech: current research and future research directions,"Gomber, P.; Koch, J. A.; Siering, M.",Gomber; Koch; Siering,2017.0,2017.0,Journal of Business Economics,Journal of Business Economics,,10.1007/s11573-017-0852-x,1.0,1.0,1.0,GOOGLE,0.0,"✓ Title | ✓ Authors | ✓ Year | ✓ Venue | ○ ID

### Summary
This article was confirmed in the Journal of Business Economics with matching authors Gomber, Koch, and Siering and the year 2017. The title ""Digital Finance and FinTech: current research and future research directions"" exactly matched the verified record.

### Details
A matching record was found showing exact matches for the title, authors by surname, year, and journal name. Although no identifier was provided in the original citation, a DOI was identified for the article: 10.1007/s11573-017-0852-x. The verified source clearly corresponds to the original reference.

- https://doi.org/10.1007/s11573-017-0852-x",1.0,0.0
"Arner, D. W., Barberis, J., & Buckley, R. P. (2016). The Evolution of Fintech: A New Post-Crisis Paradigm? Georgetown Journal of International Law, 47(4), 1271-1319.",Digital financial services,llama_3_1_405b_base,verified,"Arner, D. W., Barberis, J. N., & Buckley, R. P. (2015). The Evolution of Fintech: A New Post-Crisis Paradigm?. *Geo. J. Int'l L.*. https://doi.org/10.2139/ssrn.2676553",MATCH,MATCH,CONTAINS,MATCH,ABSENT,The Evolution of Fintech: A New Post-Crisis Paradigm?,Arner; Barberis; Buckley,2015.0,Geo. J. Int'l L.,10.2139/ssrn.2676553,https://doi.org/10.2139/ssrn.2676553,GOOGLE,3.0,0.0,1.0,1.0,0.0,The Evolution of Fintech: A New Post-Crisis Paradigm?,The Evolution of Fintech: A New Post-Crisis Paradigm?,"Arner, D. W.; Barberis, J.; Buckley, R. P.",Arner; Barberis; Buckley,2016.0,2015.0,Georgetown Journal of International Law,Geo. J. Int'l L.,,10.2139/ssrn.2676553,1.0,1.0,1.0,GOOGLE,0.0,"✓ Title | ✓ Authors | ◐ Year | ✓ Venue | ○ ID

### Summary
This article was confirmed in the Georgetown Journal of International Law with matching authors and title. The publication year differs by one year (2016 vs. 2015), which is commonly due to differences between online and print dates and does not affect the verification.

### Details
A matching record was found with the exact title ""The Evolution of Fintech: A New Post-Crisis Paradigm?"" and authors Arner, Barberis, and Buckley. The venue matches the citation as it is the same journal expressed with its abbreviation. The year difference (2016 cited vs. 2015 evidence) is within acceptable limits for online versus print publication dates. No identifier was present in the citation to compare. The article links to a DOI at https://doi.org/10.2139/ssrn.2676553, confirming its existence and details.

- https://doi.org/10.2139/ssrn.2676553
- https://heinonline.org/hol-cgi-bin/get_pdf.cgi?handle=hein.journals/geojintl47&section=41
- https://www.researchgate.net/publication/313365410_The_Evolution_of_Fintech_A_New_Post-Crisis_Paradigm",0.9,0.1
"Ozili, P. K. (2018). Impact of digital finance on financial inclusion and stability. Borsa Istanbul Review, 18(4), 329-340.",Digital financial services,llama_3_1_405b_base,verified,"Ozili, P. K. (2018). Impact of digital finance on financial inclusion and stability. *Borsa Istanbul Review*, 18(4), 329-340. https://doi.org/10.1016/j.bir.2017.12.003",MATCH,MATCH,MATCH,MATCH,ABSENT,Impact of digital finance on financial inclusion and stability,Ozili,2018.0,Borsa Istanbul Review,10.1016/j.bir.2017.12.003,https://doi.org/10.1016/j.bir.2017.12.003,GOOGLE,4.0,0.0,0.0,1.0,0.0,Impact of digital finance on financial inclusion and stability,Impact of digital finance on financial inclusion and stability,"Ozili, P. K.",Ozili,2018.0,2018.0,Borsa Istanbul Review,Borsa Istanbul Review,,10.1016/j.bir.2017.12.003,1.0,1.0,1.0,GOOGLE,0.0,"✓ Title | ✓ Authors | ✓ Year | ✓ Venue | ○ ID

### Summary
This article was confirmed in Borsa Istanbul Review with matching authors and year. The title, author surname (Ozili), year (2018), and journal name all matched exactly, confirming the reference.

### Details
A matching record was found with the exact title ""Impact of digital finance on financial inclusion and stability"" by author Ozili in 2018, published in Borsa Istanbul Review. The detailed metadata includes volume 18, issue 4, pages 329-340, and a DOI link (https://doi.org/10.1016/j.bir.2017.12.003) that verifies the publication.

- https://doi.org/10.1016/j.bir.2017.12.003
- https://www.sciencedirect.com/science/article/pii/S2214845017301503
- https://econpapers.repec.org/RePEc:bor:bistre:v:18:y:2018:i:4:p:329-340",1.0,0.0
"Jagtiani, J., & Lemieux, C. (2018). Fintech Lending: Financial Inclusion, Risk Pricing, and Alternative Information. Federal Reserve Bank of Philadelphia Working Paper No. 18-17.",Digital financial services,llama_3_1_405b_base,verified,"Jagtiani, J., & Lemieux, C. M. (2017). Fintech lending: Financial inclusion, risk pricing, and alternative information. *SSRN Electronic Journal*. https://doi.org/10.2139/ssrn.3096098",MATCH,MATCH,CONTAINS,CONTAINS,ABSENT,"Fintech Lending: Financial Inclusion, Risk Pricing, and Alternative Information",Jagtiani; Lemieux,2017.0,SSRN Electronic Journal / Federal Reserve Bank of Philadelphia Working Paper (17-17),10.2139/ssrn.3096098,https://doi.org/10.2139/ssrn.3096098,GOOGLE,2.0,0.0,2.0,1.0,0.0,"Fintech Lending: Financial Inclusion, Risk Pricing, and Alternative Information","Fintech Lending: Financial Inclusion, Risk Pricing, and Alternative Information","Jagtiani, J.; Lemieux, C.",Jagtiani; Lemieux,2018.0,2017.0,Federal Reserve Bank of Philadelphia,SSRN Electronic Journal / Federal Reserve Bank of Philadelphia Working Paper (17-17),,10.2139/ssrn.3096098,1.0,1.0,1.0,GOOGLE,0.0,"✓ Title | ✓ Authors | ◐ Year | ◐ Venue | ○ ID

### Summary
This article was confirmed as ""Fintech Lending: Financial Inclusion, Risk Pricing, and Alternative Information"" authored by Jagtiani and Lemieux. The publication is related to the Federal Reserve Bank of Philadelphia Working Paper series, with a slight difference in the year (2017 vs. 2018) which is considered acceptable.

### Details
A matching record was found with the exact title and matching authors by surname (Jagtiani and Lemieux). While the year in the candidate record is 2017, the reference shows 2018, which is within an acceptable one-year difference. The venue is linked to the Federal Reserve Bank of Philadelphia Working Paper series, confirming the institutional source. No specific identifier like a DOI was provided in the reference, but the candidate record includes a DOI and URL from SSRN confirming the document's authenticity.

- https://doi.org/10.2139/ssrn.3096098
- https://papers.ssrn.com/sol3/papers.cfm?abstract_id=3096098
- https://www.philadelphiafed.org/consumer-finance/the-roles-of-alternative-data-and-machine-learning-in-fintech-lending",0.8,0.2
"Yesuf, M., Di Falco, S., Deressa, T., Ringler, C., & Kohlin, G. (2008). The impact of climate change and adaptation on food production in low-income countries: Evidence from the Nile Basin, Ethiopia. IFPRI Discussion Paper 00828.",Climate change adaptation in agriculture,llama_3_1_405b_base,verified,"Yesuf, M., Di Falco, S., Deressa, T., Ringler, C., & Kohlin, G. (2008). *The impact of climate change and adaptation on food production in low-income countries: Evidence from the Nile Basin, Ethiopia* (IFPRI Discussion Paper No. 828). IFPRI. https://doi.org/10.57912/23888460",MATCH,MATCH,MATCH,CONTAINS,ABSENT,"The Impact of Climate Change and Adaptation on Food Production in Low-Income Countries : Evidence from the Nile Basin, Ethiopia",Yesuf; Di Falco; Deressa; Ringler; Kohlin,2008.0,IFPRI Discussion Paper 828 / RePEc: Research Papers in Economics,10.57912/23888460,https://www.fcrn.org.uk/sites/default/files/ifpri-Impact-of-Climate-Change.pdf,GOOGLE,3.0,0.0,1.0,1.0,0.0,"The impact of climate change and adaptation on food production in low-income countries: Evidence from the Nile Basin, Ethiopia.","The Impact of Climate Change and Adaptation on Food Production in Low-Income Countries : Evidence from the Nile Basin, Ethiopia","Yesuf, M.; Di Falco, S.; Deressa, T.; Ringler, C.; & Kohlin, G.",Yesuf; Di Falco; Deressa; Ringler; Kohlin,2008.0,2008.0,IFPRI,IFPRI Discussion Paper 828 / RePEc: Research Papers in Economics,,10.57912/23888460,1.0,1.0,1.0,GOOGLE,0.0,"✓ Title | ✓ Authors | ✓ Year | ◐ Venue | ○ ID

### Summary
This IFPRI Discussion Paper from 2008 was confirmed with the exact title ""The impact of climate change and adaptation on food production in low-income countries: Evidence from the Nile Basin, Ethiopia"". The listed authors Yesuf, Di Falco, Deressa, Ringler, and Kohlin also matched exactly, and the year 2008 aligns perfectly with the verified record.

### Details
A matching record was found with the full title matching exactly as presented in the citation. The surnames of all five authors match the verified document. The year 2008 is confirmed exactly as well. The venue is correctly identified as IFPRI, supported by the full publication identified as an IFPRI Discussion Paper 828, also indexed in RePEc under Research Papers in Economics. No DOI was included in the original citation, but a DOI (10.57912/23888460) exists for this paper and was found in the verified sources. Relevant sources confirm this match and provide access to the paper in PDF format.

- https://www.fcrn.org.uk/sites/default/files/ifpri-Impact-of-Climate-Change.pdf
- https://ideas.repec.org/p/fpr/ifprid/828.html
- https://www.fao.org/fileadmin/user_upload/rome2007/docs/ifpri_Adaptation_FoodProduction_Ethiopia.pdf",0.9,0.1
"Fosso Wamba, S., Kala Kamdjoug, J. R., Epie Bawack, R., & Keogh, J. (2020). Bitcoin, Blockchain and Fintech: a systematic review and case studies in the supply chain. Production Planning & Control, 31(2-3), 115-142.",Digital financial services,llama_3_1_405b_base,verified,"Wamba, S. F., Kala Kamdjoug, J. R., Epie Bawack, R., & Keogh, J. G. (2019). Bitcoin, Blockchain and Fintech: a systematic review and case studies in the supply chain. *Production Planning & Control*, 31(2-3), 115-142. https://doi.org/10.1080/09537287.2019.1631460",MATCH,MATCH,CONTAINS,MATCH,ABSENT,"Bitcoin, Blockchain and Fintech: a systematic review and case studies in the supply chain",Wamba; Kala Kamdjoug; Epie Bawack; Keogh,2019.0,Production Planning & Control,10.1080/09537287.2019.1631460,https://doi.org/10.1080/09537287.2019.1631460,GOOGLE,3.0,0.0,1.0,1.0,0.0,"Bitcoin, Blockchain and Fintech: a systematic review and case studies in the supply chain","Bitcoin, Blockchain and Fintech: a systematic review and case studies in the supply chain","Fosso Wamba, S.; Kala Kamdjoug, J. R.; Epie Bawack, R.; Keogh, J.",Wamba; Kala Kamdjoug; Epie Bawack; Keogh,2020.0,2019.0,Production Planning & Control,Production Planning & Control,,10.1080/09537287.2019.1631460,1.0,1.0,1.0,GOOGLE,1.0,"✓ Title | ✓ Authors | ◐ Year | ✓ Venue | ○ ID

### Summary
This article was confirmed in the journal Production Planning & Control with matching authors Fosso Wamba, Kala Kamdjoug, Epie Bawack, and Keogh. The article title matches exactly, and while the publication year in the citation is 2020, the evidence shows 2019, which is considered an acceptable close match.

### Details
A matching record was found for the article titled ""Bitcoin, Blockchain and Fintech: a systematic review and case studies in the supply chain"" with authors Fosso Wamba, Kala Kamdjoug, Epie Bawack, and Keogh. The journal name Production Planning & Control matched exactly. The year differs slightly between the citation (2020) and the source (2019), but this falls within the acceptable range. No DOI was present in the original citation, but the article is associated with https://doi.org/10.1080/09537287.2019.1631460.

- https://doi.org/10.1080/09537287.2019.1631460
- https://www.tandfonline.com/doi/abs/10.1080/09537287.2019.1631460
- https://www.researchgate.net/publication/328811837_Bitcoin_Blockchain_and_FinTech_A_Systematic_Review_and_Case_Studies_in_the_Supply_Chain",0.9,0.1
"Olesen, J. E., & Bindi, M. (2002). Consequences of climate change for European agricultural productivity, land use and policy. European Journal of Agronomy, 16(4), 239-262.",Climate change adaptation in agriculture,llama_3_1_405b_base,verified,"Olesen, J. E., & Bindi, M. (2002). Consequences of climate change for European agricultural productivity, land use and policy. *European Journal of Agronomy*, 16(4), 239-262. https://doi.org/10.1016/S1161-0301(02)00004-7",MATCH,MATCH,MATCH,MATCH,ABSENT,"Consequences of climate change for European agricultural productivity, land use and policy",Olesen; Bindi,2002.0,European Journal of Agronomy,10.1016/s1161-0301(02)00004-7,https://doi.org/10.1016/s1161-0301(02)00004-7,GOOGLE,4.0,0.0,0.0,1.0,0.0,"Consequences of climate change for European agricultural productivity, land use and policy.","Consequences of climate change for European agricultural productivity, land use and policy","Olesen, J. E.; Bindi, M.",Olesen; Bindi,2002.0,2002.0,European Journal of Agronomy,European Journal of Agronomy,,10.1016/s1161-0301(02)00004-7,1.0,1.0,1.0,GOOGLE,0.0,"✓ Title | ✓ Authors | ✓ Year | ✓ Venue | ○ ID

### Summary
This article was confirmed in the European Journal of Agronomy with matching authors Olesen and Bindi, and the year 2002 perfectly aligned.

### Details
A matching record was found with an exact title match: ""Consequences of climate change for European agricultural productivity, land use and policy."" The authors Olesen and Bindi were verified by surname, and the publication year 2002 matched exactly. The journal name ""European Journal of Agronomy"" was also confirmed. Although no DOI was provided in the original citation, a DOI (10.1016/s1161-0301(02)00004-7) and a direct URL to the article were found, which supports the verification.

- https://doi.org/10.1016/s1161-0301(02)00004-7",1.0,0.0
"Maddison, D. (2007). The perception of and adaptation to climate change in Africa. Policy Research Working Paper 4308, World Bank.",Climate change adaptation in agriculture,llama_3_1_405b_base,verified,"Maddison, D. (2007). *The perception of and adaptation to climate change in Africa*. World Bank, Washington, DC eBooks. https://doi.org/10.1596/1813-9450-4308",MATCH,MATCH,MATCH,CONTAINS,ABSENT,The Perception Of And Adaptation To Climate Change In Africa,Maddison,2007.0,"World Bank, Washington, DC eBooks",10.1596/1813-9450-4308,https://doi.org/10.1596/1813-9450-4308,GOOGLE,3.0,0.0,1.0,1.0,0.0,The perception of and adaptation to climate change in Africa.,The Perception Of And Adaptation To Climate Change In Africa,"Maddison, D.",Maddison,2007.0,2007.0,World Bank,"World Bank, Washington, DC eBooks",,10.1596/1813-9450-4308,1.0,1.0,1.0,GOOGLE,0.0,"✓ Title | ✓ Authors | ✓ Year | ◐ Venue | ○ ID

### Summary
This reference was confirmed as the work of David Maddison from 2007, titled ""The Perception of and Adaptation to Climate Change in Africa."" It is associated with the World Bank, specifically their Washington, DC eBooks imprint.

### Details
A matching record was found with the exact title and author surname, confirming the publication year as 2007. The venue details contain the World Bank, with additional imprint information ""Washington, DC eBooks,"" which aligns with the citation. The Digital Object Identifier (DOI) 10.1596/1813-9450-4308 supports this match and provides a direct URL to the source.

- https://doi.org/10.1596/1813-9450-4308",0.9,0.1
"Bowyer, K. W., Flynn, P. J., & Phillips, P. J. (2016). Lessons learned from the first decade of the Face Recognition Grand Challenge Supplement. IEEE Transactions on Information Forensics and Security, 11(1), 205-220.",Biometric voter registration,llama_3_1_405b_base,unverified,Reference could not be verified.,CONTRADICTION,CONTAINS,CONTRADICTION,CONTAINS,ABSENT,Overview of the Face Recognition Grand Challenge,Phillips; Flynn; Scruggs; Bowyer,2005.0,Computer Vision and Pattern Recognition (IEEE Computer Society Conference on),,https://www.scirp.org/reference/referencespapers?referenceid=968148,GOOGLE,0.0,2.0,2.0,1.0,0.0,Lessons learned from the first decade of the Face Recognition Grand Challenge Supplement.,Overview of the Face Recognition Grand Challenge,"Bowyer, K. W.; Flynn, P. J.; Phillips, P. J.",Phillips; Flynn; Scruggs; Bowyer,2016.0,2005.0,IEEE Transactions on Information Forensics and Security,Computer Vision and Pattern Recognition (IEEE Computer Society Conference on),,https://www.scirp.org/reference/referencespapers?referenceid=968148,0.0,0.0,1.0,GOOGLE,0.0,"✗ Title | ◐ Authors | ✗ Year | ◐ Venue | ○ ID

### Summary
The reference could not be verified because the information provided does not match any known article. Although the authors Bowyer, Flynn, and Phillips appear in a related paper, the title and year differ significantly.

### Details
A matching record was found for a paper titled ""Overview of the Face Recognition Grand Challenge"" authored by Phillips, Flynn, Scruggs, and Bowyer in 2005, which is related but different from the 2016 article titled ""Lessons learned from the first decade of the Face Recognition Grand Challenge Supplement"". The citation year 2016 contradicts the candidate's year 2005 and the titles also do not match. The citation's venue is a journal, while the candidate's venue is a conference, although both are linked to IEEE. No identifier such as a DOI was present to aid verification.

- https://www.scirp.org/reference/referencespapers?referenceid=968148
- https://www.nist.gov/publications/overview-face-recognition-grand-challenge
- https://www.semanticscholar.org/paper/Overview-of-the-face-recognition-grand-challenge-Phillips-Flynn/4f140022ae2a37b8186b34e690012a58fee0c820",0.0,1.0
"Kumar, A., & Zhang, D. (2010). User authentication using fingerprint recognition. IEEE Transactions on Instrumentation and Measurement, 59(4), 902-908.",Biometric voter registration,llama_3_1_405b_base,unverified,Reference could not be verified.,CONTAINS,UNCONFIRMED,UNCONFIRMED,CONTRADICTION,ABSENT,Method for User Authentication using Fingerprint Recognition,,,Patent KR101632912B1,,https://patents.google.com/patent/KR101632912B1/en,GOOGLE,0.0,1.0,1.0,1.0,2.0,User authentication using fingerprint recognition.,Method for User Authentication using Fingerprint Recognition,"Kumar, A.; Zhang, D.",,2010.0,,IEEE Transactions on Instrumentation and Measurement,Patent KR101632912B1,,https://patents.google.com/patent/KR101632912B1/en,0.0,0.0,2.0,GOOGLE,0.0,"◐ Title | ? Authors | ? Year | ✗ Venue | ○ ID

### Summary
No matching journal article could be found for the reference ""Kumar, A., & Zhang, D. (2010). User authentication using fingerprint recognition"" in the IEEE Transactions on Instrumentation and Measurement. Instead, the best match found is a Korean patent with a similar title but different publication type and no author or year confirmation.

### Details
A matching record was not found in academic databases or publication indexes for this article. While the title phrase ""User authentication using fingerprint recognition"" closely matches a patent titled ""Method for User Authentication using Fingerprint Recognition"" (Patent KR101632912B1), this patent is not the same scholarly journal article and lacks author and year matching. The proposed venue in the citation is a reputable IEEE journal, but the candidate source is a patent publication, which are distinct types of documents. No DOI or direct identifier was available to verify the original journal article.

- https://patents.google.com/patent/KR101632912B1/en
- https://ieeexplore.ieee.org
- https://openalex.org/",0.0,1.0
"Mambo, M., Usuda, K., & Okamoto, E. (2015). A Survey of Biometric-Based Authentication Schemes for Electronic Voting Systems. Journal of Applied Mathematics and Physics, 3(8), 931-943.",Biometric voter registration,llama_3_1_405b_base,unverified,Reference could not be verified.,CONTRADICTION,UNCONFIRMED,CONTRADICTION,UNCONFIRMED,ABSENT,A survey on biometric E-Voting System using retina,,2018.0,,,https://acadpubl.eu/jsi/2018-118-7-9/articles/8/74.pdf,GOOGLE,0.0,2.0,0.0,1.0,2.0,A Survey of Biometric-Based Authentication Schemes for Electronic Voting Systems,A survey on biometric E-Voting System using retina,"Mambo, M.; Usuda, K.; Okamoto, E.",,2015.0,2018.0,Journal of Applied Mathematics and Physics,,,https://acadpubl.eu/jsi/2018-118-7-9/articles/8/74.pdf,0.0,0.0,2.0,GOOGLE,0.0,"✗ Title | ? Authors | ✗ Year | ? Venue | ○ ID

### Summary
No matching article titled ""A Survey of Biometric-Based Authentication Schemes for Electronic Voting Systems"" by Mambo, Usuda, and Okamoto from 2015 in the Journal of Applied Mathematics and Physics was found. The closest related document discusses retina-based biometric e-voting from 2018, which differs significantly in title focus, authorship confirmation, and year.

### Details
A search found no record of the claimed article in the expected journal or databases such as OpenAlex or scholarly search engines. The title of a related found document focuses on ""biometric E-Voting System using retina,"" differing notably from the original broad biometric authentication survey. Additionally, the year differs by three years (2015 vs. 2018), and author details for the nearest match were not confirmed. No identifier like DOI was available to verify. This evidence supports the conclusion that the original reference could not be verified.

- https://acadpubl.eu/jsi/2018-118-7-9/articles/8/74.pdf
- https://www.researchgate.net/publication/323277541_A_survey_on_biometric_E-Voting_System_using_retina",0.0,1.0
"Tiwari, S. K. (2017). Biometric voter registration: A review. International Journal of Advanced Research in Computer Science, 8(3), 533-543.",Biometric voter registration,llama_3_1_405b_base,unverified,Reference could not be verified.,CONTRADICTION,CONTRADICTION,CONTRADICTION,CONTRADICTION,ABSENT,A Software Framework for a Cost-Effective Web Based Biometric E-Voting Registration System: A Review,Oye; Sobia; Ummer; Ayesha; Usman; Hassan; Ashok; T; Robert; Olabode; Alese; Adetunmbi; Kalaichelvi; Chandrasekaran; Ogunlola; Faluyi; Al-Ameen; Talab; Haziemeh; Mohammad; Omar; Virendra; Saumya; Amit; Musa; Aliyu; Okediran; Ganiyu; Salini; Kanmani,2020.0,Journal of Environmental Science Computer Science and Engineering & Technology,10.24214/jecet.b.9.2.17180,http://doi.org/10.24214/jecet.b.9.2.17180,GOOGLE,0.0,4.0,0.0,1.0,0.0,Biometric voter registration: A review.,A Software Framework for a Cost-Effective Web Based Biometric E-Voting Registration System: A Review,"Tiwari, S. K.",Oye; Sobia; Ummer; Ayesha; Usman; Hassan; Ashok; T; Robert; Olabode; Alese; Adetunmbi; Kalaichelvi; Chandrasekaran; Ogunlola; Faluyi; Al-Ameen; Talab; Haziemeh; Mohammad; Omar; Virendra; Saumya; Amit; Musa; Aliyu; Okediran; Ganiyu; Salini; Kanmani,2017.0,2020.0,International Journal of Advanced Research in Computer Science,Journal of Environmental Science Computer Science and Engineering & Technology,,10.24214/jecet.b.9.2.17180,0.0,0.0,2.0,GOOGLE,0.0,"✗ Title | ✗ Authors | ✗ Year | ✗ Venue | ○ ID

### Summary
No matching article could be found that corresponds to the reference by Tiwari, S. K. from 2017 titled ""Biometric voter registration: A review."" The available records point to a different article with distinct authors, year, title, and journal.

### Details
A candidate article titled ""A Software Framework for a Cost-Effective Web Based Biometric E-Voting Registration System: A Review"" was found, but it differs notably. This article was published in 2020 in the Journal of Environmental Science Computer Science and Engineering & Technology with many different authors unrelated to Tiwari. The titles also differ in scope and focus. No identifier like a DOI was provided in the original citation, and searches using the given details returned no matching records. 

- http://doi.org/10.24214/jecet.b.9.2.17180
- https://scholar.google.com
- https://openalex.org",0.0,1.0
"Azad, M. A., & Uddin, M. R. (2018). Biometric voter registration system: A case study of Bangladesh. International Journal of Computer Applications, 179(46), 37-43.",Biometric voter registration,llama_3_1_405b_base,unverified,Reference could not be verified.,UNCONFIRMED,UNCONFIRMED,UNCONFIRMED,UNCONFIRMED,UNCONFIRMED,,,,,,,,,,,,,,,,,,,,,,,0.0,0.0,0.0,,0.0,"? Title | ? Authors | ? Year | ? Venue | ? ID

### Summary
No matching article could be found for the reference ""Biometric voter registration system: A case study of Bangladesh"" by Azad, M. A., and Uddin, M. R., published in 2018 in the International Journal of Computer Applications.

### Details
A thorough search in multiple databases, including OpenAlex and Google Scholar, did not find any records that matched the title, authors, year, or journal details of this reference. Additionally, attempts to find the article via Google searches and URL checks yielded no relevant results. There were no DOI or other identifiers available to aid verification.

- [OpenAlex](https://openalex.org)
- [Google Scholar](https://scholar.google.com)
- [General Google Search](https://www.google.com)",0.0,1.0
"Khan, H. U., & Khan, S. U. (2019). Design and implementation of a biometric voter registration system using fingerprint recognition. International Journal of Advanced Computer Science and Applications, 10(2), 341-349.",Biometric voter registration,llama_3_1_405b_base,unverified,Reference could not be verified.,CONTRADICTION,CONTRADICTION,MATCH,UNCONFIRMED,ABSENT,AN ENHANCED VOTERS REGISTRATION AND AUTHENTICATION APPLICATION USING IRIS RECOGNITION TECHNOLOGY,Okokpujie; John; Noma‐Osaghae; Ndujiuba; Okokpujie,2019.0,,,,GOOGLE,1.0,2.0,0.0,1.0,1.0,Design and implementation of a biometric voter registration system using fingerprint recognition.,AN ENHANCED VOTERS REGISTRATION AND AUTHENTICATION APPLICATION USING IRIS RECOGNITION TECHNOLOGY,"Khan, H. U.; Khan, S. U.",Okokpujie; John; Noma‐Osaghae; Ndujiuba; Okokpujie,2019.0,2019.0,International Journal of Advanced Computer Science and Applications,,,,0.0,0.0,2.0,GOOGLE,0.0,"✗ Title | ✗ Authors | ✓ Year | ? Venue | ○ ID

### Summary
No matching article could be found that confirms the given reference by Khan and Khan (2019) about a biometric voter registration system using fingerprint recognition. The available candidate sources were about biometric voter registration but involved different authors and biometric modalities.

### Details
A search found a candidate article from 2019 titled ""AN ENHANCED VOTERS REGISTRATION AND AUTHENTICATION APPLICATION USING IRIS RECOGNITION TECHNOLOGY"" with authors Okokpujie, John, Noma-Osaghae, Ndujiuba, and Okokpujie, which differs in title, authors, and biometric modality from the citation. The citation's title specifically mentioned fingerprint recognition, but the closest found article used iris recognition technology. No author overlap was found between the citation (Khan H. U. and Khan S. U.) and candidate. The year 2019 matched exactly, but the journal name ""International Journal of Advanced Computer Science and Applications"" could not be confirmed. No DOI or other identifier was present to help verify the citation.

- [Research candidate: Iris recognition article](https://openalex.org)
- [Google search results](https://www.google.com/search?q=Khan+H+U+Khan+S+U+biometric+voter+registration+fingerprint)",0.0,1.0
"Abdullah, A. M., & Saeed, S. I. (2020). Biometric voter registration system using face recognition. International Journal of Electrical and Computer Engineering, 10(2), 147-155.",Biometric voter registration,llama_3_1_405b_base,unverified,Reference could not be verified.,UNCONFIRMED,UNCONFIRMED,UNCONFIRMED,UNCONFIRMED,UNCONFIRMED,,,,,,,,,,,,,,,,,,,,,,,0.0,0.0,0.0,,1.0,"? Title | ? Authors | ? Year | ? Venue | ? ID

### Summary
No matching article could be found for the reference ""Biometric voter registration system using face recognition"" by Abdullah A. M. and Saeed S. I. from 2020 in the International Journal of Electrical and Computer Engineering. Neither the title, authors, year, nor journal could be confirmed through searches in multiple scholarly databases and search engines.

### Details
A search was conducted using title, author names, publication year, and journal name but no corresponding record or evidence was identified in OpenAlex or Google Scholar. Additional Google searches and scholarly search queries yielded related works on face recognition and biometric systems but did not match this specific article. The inability to locate any potential matches suggests this reference cannot be verified as presented.

- https://openalex.org
- https://scholar.google.com
- https://www.google.com/search?q=Abdullah+A+M+Saeed+S+I+Biometric+voter+registration+system+using+face+recognition+2020+International+Journal+of+Electrical+and+Computer+Engineering+10(2)+147-155",0.0,1.0
"Kondreddi, S. P., & Kumar, P. (2020). A study on biometric voter registration system using iris recognition. International Journal of Advanced Research in Computer Science, 11(2), 123-133.",Biometric voter registration,llama_3_1_405b_base,unverified,Reference could not be verified.,CONTRADICTION,UNCONFIRMED,UNCONFIRMED,CONTRADICTION,ABSENT,A Survey on Biometric Voting System using Iris Recognition,,,IRJET,,https://www.irjet.net/archives/V7/i3/IRJET-V7I3274.pdf,GOOGLE,0.0,2.0,0.0,1.0,2.0,A study on biometric voter registration system using iris recognition.,A Survey on Biometric Voting System using Iris Recognition,"Kondreddi, S. P.; Kumar, P.",,2020.0,,International Journal of Advanced Research in Computer Science,IRJET,,https://www.irjet.net/archives/V7/i3/IRJET-V7I3274.pdf,0.0,0.0,2.0,GOOGLE,0.0,"✗ Title | ? Authors | ? Year | ✗ Venue | ○ ID

### Summary
No matching article could be found for the reference ""A study on biometric voter registration system using iris recognition"" by Kondreddi and Kumar from 2020 in the International Journal of Advanced Research in Computer Science. The available information points to a different paper titled ""A Survey on Biometric Voting System using Iris Recognition"" published in IRJET, indicating a mismatch in both title and journal.

### Details
A comprehensive search revealed no record confirming the cited article title or the journal. The provided title and venue do not match any found candidates; the closest related article differs notably in title and venue, published in IRJET rather than the claimed journal. Author and year fields could not be confirmed due to lack of consistent evidence. Relevant search results and document metadata are available for review.

- https://www.irjet.net/archives/V7/i3/IRJET-V7I3274.pdf
- https://www.researchgate.net/publication/272753771_Iris_recognition_technology_evaluated_for_voter_registration_in_Somaliland
- https://ijarcsms.com/docs/paper/volume4/issue3/V4I3-0037.pdf",0.0,1.0
"Oloyede, M. O., & Oyekanmi, O. O. (2020). Design and implementation of a biometric voter registration system using multimodal biometrics. Journal of Intelligent Information Systems, 57(2), 257-273.",Biometric voter registration,llama_3_1_405b_base,unverified,Reference could not be verified.,CONTRADICTION,UNCONFIRMED,UNCONFIRMED,UNCONFIRMED,ABSENT,Design and Implementation of Secure Electronic Voting System Using Fingerprint Biometrics,,,,,https://www.researchgate.net/publication/373636723_Design_and_Implementation_of_Secure_Electronic_Voting_System_Using_Fingerprint_Biometrics,GOOGLE,0.0,1.0,0.0,1.0,3.0,Design and implementation of a biometric voter registration system using multimodal biometrics.,Design and Implementation of Secure Electronic Voting System Using Fingerprint Biometrics,"Oloyede, M. O.; Oyekanmi, O. O.",,2020.0,,Journal of Intelligent Information Systems,,,https://www.researchgate.net/publication/373636723_Design_and_Implementation_of_Secure_Electronic_Voting_System_Using_Fingerprint_Biometrics,0.0,0.0,3.0,GOOGLE,1.0,"✗ Title | ? Authors | ? Year | ? Venue | ○ ID

### Summary
No matching article was found that confirms the reference details for the titled ""Design and implementation of a biometric voter registration system using multimodal biometrics"" by Oloyede and Oyekanmi from 2020. The available records show different study topics and lack matching author or venue data.

### Details
A thorough search returned no consistent matches for this article. The alleged title conflicted with available records, which featured a different topic focused on secure electronic voting rather than voter registration. No matching authors, year, journal, or identifiers were found to confirm the reference. The closest similar work found was on a secure electronic voting system using fingerprint biometrics, but it did not share authorship or exact details. Multiple scholarly and web searches yielded no results matching the provided citation.

- https://www.researchgate.net/publication/373636723_Design_and_Implementation_of_Secure_Electronic_Voting_System_Using_Fingerprint_Biometrics
- https://www.academia.edu/71876515/Design_of_a_Secured_Electronic_Voting_SystemUsing_Multimodal_Biometrics
- http://eprints.covenantuniversity.edu.ng/view/year/2014.html",0.0,1.0
IPCC (2021). Climate Change 2021: The Physical Science Basis. Cambridge University Press.,Climate change,llama_3_1_405b_base,verified,Intergovernmental Panel on Climate Change. (2021). *Climate Change 2021: The Physical Science Basis: Working Group I contribution to the Sixth Assessment Report of the Intergovernmental Panel on Climate Change*. Cambridge University Press. https://doi.org/10.1017/9781009157896,MATCH,MATCH,MATCH,MATCH,ABSENT,Climate Change 2021: The Physical Science Basis,Intergovernmental Panel on Climate Change,2021.0,Cambridge University Press,10.1017/9781009157896,https://www.cambridge.org/core/books/climate-change-2021-the-physical-science-basis/415F29233B8BD19FB55F65E3DC67272B,GOOGLE,4.0,0.0,0.0,1.0,0.0,Climate Change 2021: The Physical Science Basis.,Climate Change 2021: The Physical Science Basis,IPCC,Intergovernmental Panel on Climate Change,2021.0,2021.0,Cambridge University Press,Cambridge University Press,,10.1017/9781009157896,1.0,1.0,1.0,GOOGLE,0.0,"✓ Title | ✓ Authors | ✓ Year | ✓ Venue | ○ ID

### Summary
This book was confirmed as published by Cambridge University Press in 2021 with matching title and authors. The author name IPCC was verified to represent the Intergovernmental Panel on Climate Change, confirming the citation's accuracy.

### Details
A matching record was found where the title ""Climate Change 2021: The Physical Science Basis"" matches exactly. The author is recorded both as the acronym IPCC and the full organization name Intergovernmental Panel on Climate Change, confirming they are the same. The year 2021 matches exactly, and the publisher is Cambridge University Press, as stated. Although there was no identifier in the citation, a DOI is available for this publication: 10.1017/9781009157896. Relevant information was verified from official Cambridge University Press and IPCC sources.

- [Cambridge University Press - Climate Change 2021](https://www.cambridge.org/core/books/climate-change-2021-the-physical-science-basis/415F29233B8BD19FB55F65E3DC67272B)
- [IPCC Report - Climate Change 2021](https://www.ipcc.ch/report/ar6/wg1/)",1.0,0.0
"Hansen, J., Sato, M., & Ruedy, R. (2016). Global temperature change. Proceedings of the National Academy of Sciences, 113(3), 520-527.",Climate change,llama_3_1_405b_base,verified-with-error,"Hansen, J. E., Sato, M., Ruedy, R., Lo, K., Lea, D. W., & Medina-Elizade, M. (2006). Global temperature change. *Proceedings of the National Academy of Sciences*, 103(39), 14288-14293. https://doi.org/10.1073/pnas.0606291103",MATCH,CONTAINS,CONTRADICTION,MATCH,ABSENT,Global temperature change,James E. Hansen; Makiko Sato; Reto Rüedy,2006,Proceedings of the National Academy of Sciences,10.1073/pnas.0606291103,https://doi.org/10.1073/pnas.0606291103,GOOGLE,2.0,1.0,1.0,1.0,0.0,Global temperature change,Global temperature change,"Hansen, J.; Sato, M.; Ruedy, R.",Hansen; Sato; Ruedy; Lo; Lea; Medina-Elizade,2016.0,2006.0,Proceedings of the National Academy of Sciences,Proceedings of the National Academy of Sciences,,10.1073/pnas.0606291103,0.0,0.0,1.0,GOOGLE,0.0,"✓ Title | ◐ Authors | ✗ Year | ✓ Venue | ○ ID

### Summary
This article was found in the Proceedings of the National Academy of Sciences under the title ""Global temperature change,"" with authors Hansen, Sato, and Ruedy included among others. However, there is a discrepancy in the publication year: the verified source shows the article was published in 2006, not 2016 as cited.

### Details
A matching record was found for the article titled ""Global temperature change"" in the Proceedings of the National Academy of Sciences. All three cited authors—Hansen, Sato, and Ruedy—appear in the author list, which also contains additional co-authors not listed in the citation. The year provided in the citation (2016) differs significantly from the actual publication year found (2006). No DOI was included in the citation to help resolve this issue. Relevant source links include:

- [DOI link to article](https://doi.org/10.1073/pnas.0606291103)
- [PubMed](https://pubmed.ncbi.nlm.nih.gov/17001018/)
- [PNAS official page](https://www.pnas.org/doi/abs/10.1073/pnas.0606291103)",0.467,0.533
"Mann, M. E., Bradley, R. S., & Hughes, M. K. (1999). Northern hemisphere temperatures during the past millennium: Inferences, uncertainties, and limitations. Geophysical Research Letters, 26(6), 759-762.",Climate change,llama_3_1_405b_base,verified,"Mann, M. E., Bradley, R. S., & Hughes, M. K. (1999). Northern hemisphere temperatures during the past millennium: Inferences, uncertainties, and limitations. *Geophysical Research Letters*, 26(6), 759-762. https://doi.org/10.1029/1999gl900070",MATCH,MATCH,MATCH,MATCH,ABSENT,"Northern hemisphere temperatures during the past millennium: Inferences, uncertainties, and limitations",Mann; Bradley; Hughes,1999.0,Geophysical Research Letters,10.1029/1999gl900070,https://doi.org/10.1029/1999gl900070,GOOGLE,4.0,0.0,0.0,1.0,0.0,"Northern hemisphere temperatures during the past millennium: Inferences, uncertainties, and limitations.","Northern hemisphere temperatures during the past millennium: Inferences, uncertainties, and limitations","Mann, M. E.; Bradley, R. S.; Hughes, M. K.",Mann; Bradley; Hughes,1999.0,1999.0,Geophysical Research Letters,Geophysical Research Letters,,10.1029/1999gl900070,1.0,1.0,1.0,GOOGLE,1.0,"✓ Title | ✓ Authors | ✓ Year | ✓ Venue | ○ ID

### Summary
This article was confirmed in Geophysical Research Letters with matching authors Mann, Bradley, and Hughes and the year 1999. The title ""Northern hemisphere temperatures during the past millennium: Inferences, uncertainties, and limitations"" was verified exactly.

### Details
A matching record was found with the exact title and the authors' surnames matching perfectly. The year 1999 and the journal Geophysical Research Letters also matched exactly. Although no identifier was provided in the original citation, the DOI 10.1029/1999gl900070 corresponds to this article, confirming its verification. 

- https://doi.org/10.1029/1999gl900070",1.0,0.0
"Solomon, S., Plattner, G. K., Knutti, R., & Friedlingstein, P. (2009). Irreversible climate change due to carbon dioxide emissions. Proceedings of the National Academy of Sciences, 106(6), 1704-1709.",Climate change,llama_3_1_405b_base,verified,"Solomon, S., Plattner, G.-K., Knutti, R., & Friedlingstein, P. (2009). Irreversible climate change due to carbon dioxide emissions. *Proceedings of the National Academy of Sciences*, 106(6), 1704-1709. https://doi.org/10.1073/pnas.0812721106",MATCH,MATCH,MATCH,MATCH,ABSENT,Irreversible climate change due to carbon dioxide emissions,Solomon; Plattner; Knutti; Friedlingstein,2009.0,Proceedings of the National Academy of Sciences,10.1073/pnas.0812721106,https://doi.org/10.1073/pnas.0812721106,GOOGLE,4.0,0.0,0.0,1.0,0.0,Irreversible climate change due to carbon dioxide emissions.,Irreversible climate change due to carbon dioxide emissions,"Solomon, S.; Plattner, G. K.; Knutti, R.; Friedlingstein, P.",Solomon; Plattner; Knutti; Friedlingstein,2009.0,2009.0,Proceedings of the National Academy of Sciences,Proceedings of the National Academy of Sciences,,10.1073/pnas.0812721106,1.0,1.0,1.0,GOOGLE,1.0,"✓ Title | ✓ Authors | ✓ Year | ✓ Venue | ○ ID

### Summary
This article was confirmed in the *Proceedings of the National Academy of Sciences* with matching authors Solomon, Plattner, Knutti, and Friedlingstein, and the year 2009.

### Details
A matching record was found with the exact title ""Irreversible climate change due to carbon dioxide emissions."" All four authors' surnames correspond precisely, and the publication year 2009 matches exactly. The journal name also aligns perfectly. Although no identifier was provided in the citation, the verified article has the DOI 10.1073/pnas.0812721106.

- https://doi.org/10.1073/pnas.0812721106",1.0,0.0
"Stocker, T. F., Qin, D., Plattner, G. K., Tignor, M., Allen, S. K., Boschung, J., ... & Midgley, P. M. (2013). Climate Change 2013: The Physical Science Basis. Cambridge University Press.",Climate change,llama_3_1_405b_base,verified-with-error,Reference requires human review.,MATCH,CONTRADICTION,CONTAINS,MATCH,ABSENT,Climate Change 2013 – The Physical Science Basis,Intergovernmental Panel on Climate Change,2014.0,Cambridge University Press eBooks,10.1017/cbo9781107415324,https://doi.org/10.1017/cbo9781107415324,GOOGLE,1.0,1.0,2.0,1.0,0.0,Climate Change 2013: The Physical Science Basis.,Climate Change 2013 – The Physical Science Basis,"Stocker, T. F.; Qin, D.; Plattner, G. K.; Tignor, M.; Allen, S. K.; Boschung, J.; Midgley, P. M.",Intergovernmental Panel on Climate Change,2013.0,2014.0,Cambridge University Press,Cambridge University Press eBooks,,10.1017/cbo9781107415324,0.0,0.0,1.0,GOOGLE,1.0,"✓ Title | ✗ Authors | ◐ Year | ✓ Venue | ○ ID

### Summary
The reference titled ""Climate Change 2013: The Physical Science Basis"" matches closely with a record found under the publisher Cambridge University Press. However, there is a key difference in authorship: the citation lists several individual authors, while the found record credits the ""Intergovernmental Panel on Climate Change"" as the author. The publication year also differs slightly, 2013 in the citation versus 2014 in the record. Due to these inconsistencies, human review is recommended.

### Details
A matching record was found titled ""Climate Change 2013 – The Physical Science Basis"" published by Cambridge University Press with a 2014 publication year and authored by the Intergovernmental Panel on Climate Change, differing from the citation's individual authors. The year difference is within one year, and the publisher names align closely, though the specific author information contradicts. No DOI was present in the original citation.

- [DOI Link](https://doi.org/10.1017/cbo9781107415324)",0.367,0.633
"Trenberth, K. E., Fasullo, J. T., & Abraham, J. P. (2011). Issues in establishing climate sensitivity in recent studies. Remote Sensing, 3(9), 2058-2071.",Climate change,llama_3_1_405b_base,verified,"Trenberth, K. E., Fasullo, J. T., & Abraham, J. P. (2011). Issues in establishing climate sensitivity in recent studies. *Remote Sensing*, 3(9), 2051–2056. https://doi.org/10.3390/rs3092051",MATCH,MATCH,MATCH,MATCH,ABSENT,Issues in Establishing Climate Sensitivity in Recent Studies,Trenberth; Fasullo; Abraham,2011.0,Remote Sensing,10.3390/rs3092051,https://www.mdpi.com/2072-4292/3/9/2051,GOOGLE,4.0,0.0,0.0,1.0,0.0,Issues in establishing climate sensitivity in recent studies,Issues in Establishing Climate Sensitivity in Recent Studies,"Trenberth, K. E.; Fasullo, J. T.; Abraham, J. P.",Trenberth; Fasullo; Abraham,2011.0,2011.0,Remote Sensing,Remote Sensing,,10.3390/rs3092051,1.0,1.0,1.0,GOOGLE,0.0,"✓ Title | ✓ Authors | ✓ Year | ✓ Venue | ○ ID

### Summary
This article was confirmed in the journal Remote Sensing with matching authors Trenberth, Fasullo, and Abraham, and the publication year 2011. The article title ""Issues in establishing climate sensitivity in recent studies"" also matched exactly.

### Details
A matching record was found with the exact title ""Issues in Establishing Climate Sensitivity in Recent Studies"". The authors matched by surname: Abraham, Fasullo, and Trenberth, confirming the attribution. The year 2011 matched exactly, and the journal name Remote Sensing matched as well. Although no identifier like a DOI was present in the original citation, external search results confirmed the article at [MDPI](https://www.mdpi.com/2072-4292/3/9/2051).

- https://www.mdpi.com/2072-4292/3/9/2051",1.0,0.0
"Knutti, R., & Hegerl, G. C. (2008). The equilibrium sensitivity of the Earth's temperature to radiation changes. Nature Geoscience, 1(11), 735-743.",Climate change,llama_3_1_405b_base,verified,"Knutti, R., & Hegerl, G. C. (2008). The equilibrium sensitivity of the Earth's temperature to radiation changes. *Nature Geoscience*, 1(11), 735-743. https://doi.org/10.1038/ngeo337",MATCH,MATCH,MATCH,MATCH,ABSENT,The equilibrium sensitivity of the Earth's temperature to radiation changes,Knutti; Hegerl,2008.0,Nature Geoscience,10.1038/ngeo337,https://doi.org/10.1038/ngeo337,GOOGLE,4.0,0.0,0.0,1.0,0.0,The equilibrium sensitivity of the Earth's temperature to radiation changes.,The equilibrium sensitivity of the Earth's temperature to radiation changes,"Knutti, R.; Hegerl, G. C.",Knutti; Hegerl,2008.0,2008.0,Nature Geoscience,Nature Geoscience,,10.1038/ngeo337,1.0,1.0,1.0,GOOGLE,1.0,"✓ Title | ✓ Authors | ✓ Year | ✓ Venue | ○ ID

### Summary
This article was confirmed in Nature Geoscience with matching authors Knutti and Hegerl, the year 2008, and the exact title ""The equilibrium sensitivity of the Earth's temperature to radiation changes."" 

### Details
A matching record was found with the exact title matching the citation. The authors matched by surname (Knutti and Hegerl), and the publication year was exactly 2008. The journal name Nature Geoscience was also confirmed. Although no identifier was provided in the citation, the DOI 10.1038/ngeo337 was found for this article, linking to https://doi.org/10.1038/ngeo337.

- https://doi.org/10.1038/ngeo337",1.0,0.0
"Meehl, G. A., Stocker, T. F., Collins, W. D., Friedlingstein, P., Gaye, A. T., Gregory, J. M., ... & Zhao, Z. C. (2007). Global climate projections. Climate Change 2007: The Physical Science Basis, 747-846.",Climate change,llama_3_1_405b_base,verified-with-error,"Meehl, G. A., Stocker, T. F., Collins, W. D., Friedlingstein, P., Gaye, A. T., Gregory, J. M., Kitoh, A., Knutti, R., Murphy, J. M., Noda, A., Raper, S. C. B., Watterson, I. G., Weaver, A. J., Zhao, Z., Solomon, S., Qin, D., Manning, M., Marquis, M., Averyt, K., Tignor, M. M. B., Miller, H. L., & Chen, Z. (2007). Global climate projections. In S. Solomon, D. Qin, M. Manning, M. Marquis, K. Averyt, M. Tignor, & H. L. Miller (Eds.), *Climate Change 2007: The Physical Science Basis. Contribution of Working Group I to the Fourth Assessment Report of the Intergovernmental Panel on Climate Change* (pp. 747–846). Cambridge University Press. https://www.ipcc.ch/site/assets/uploads/2018/02/ar4-wg1-chapter10-1.pdf",MATCH,CONTAINS,MATCH,ABSENT,ABSENT,Global Climate Projections,Meehl; Stocker; Collins; Friedlingstein; Gaye; Gregory; Kitoh; Knutti; Murphy; Noda; Raper; Watterson; Weaver; Zhao; Solomon; Qin; Manning; Marquis; Averyt; Tignor; Miller; Chen,2007.0,Climate Change 2007: The Physical Science Basis. Contribution of Working Group I to the Fourth Assessment Report of the Intergovernmental Panel on Climate Change,,https://www.ipcc.ch/site/assets/uploads/2018/02/ar4-wg1-chapter10-1.pdf,GOOGLE,2.0,0.0,1.0,2.0,0.0,Global climate projections,Global Climate Projections,"Meehl, G. A.; Stocker, T. F.; Collins, W. D.; Friedlingstein, P.; Gaye, A. T.; Gregory, J. M.; Zhao, Z. C.",Meehl; Stocker; Collins; Friedlingstein; Gaye; Gregory; Kitoh; Knutti; Murphy; Noda; Raper; Watterson; Weaver; Zhao; Solomon; Qin; Manning; Marquis; Averyt; Tignor; Miller; Chen,2007.0,2007.0,,Climate Change 2007: The Physical Science Basis. Contribution of Working Group I to the Fourth Assessment Report of the Intergovernmental Panel on Climate Change,,https://www.ipcc.ch/site/assets/uploads/2018/02/ar4-wg1-chapter10-1.pdf,1.0,1.0,1.0,GOOGLE,0.0,"✓ Title | ◐ Authors | ✓ Year | ○ Venue | ○ ID

### Summary
This reference was found and confirmed as a chapter titled ""Global Climate Projections"" within the 2007 IPCC report ""Climate Change 2007: The Physical Science Basis."" The listed authors in the citation are included as a subset of the full author list in the official document, which contains additional contributors.

### Details
A matching record was found with the exact title ""Global Climate Projections"" and the year 2007 matching exactly. The citation authors Meehl, Stocker, Collins, Friedlingstein, Gaye, Gregory, and Zhao appear correctly among a larger set of authors including Kitoh, Knutti, and others who contributed to the chapter. The publication venue corresponds to the IPCC's Fourth Assessment Report titled ""Climate Change 2007: The Physical Science Basis."" The citation lacks an explicit venue or identifier, which were present in the official record, accounting for the minor discrepancy. The source document is accessible via the IPCC website.

- https://www.ipcc.ch/site/assets/uploads/2018/02/ar4-wg1-chapter10-1.pdf
- https://boris.unibe.ch/25539/
- https://www.scirp.org/reference/referencespapers?referenceid=1123698",0.833,0.167
"Church, J. A., White, N. J., Konikow, L. F., Domingues, C. M., Cogley, J. G., Rignot, E., ... & van den Broeke, M. R. (2011). Revisiting the Earth's sea-level and energy budgets from 1961 to 2008. Geophysical Research Letters, 38(18), L18601.",Climate change,llama_3_1_405b_base,verified,"Church, J., White, N. J., Konikow, L. F., Domingues, C. M., Cogley, J. G., Rignot, E., Gregory, J. M., van den Broeke, M. R., Monaghan, A. J., & Velicogna, I. (2011). Revisiting the Earth's sea-level and energy budgets from 1961 to 2008. *Geophysical Research Letters*, 38(18). https://doi.org/10.1029/2011GL048794",MATCH,CONTAINS,MATCH,MATCH,ABSENT,Revisiting the Earth's sea-level and energy budgets from 1961 to 2008,Church; White; Konikow; Domingues; Cogley; Rignot; Gregory; van den Broeke; Monaghan; Velicogna,2011.0,Geophysical Research Letters,10.1029/2011gl048794,https://doi.org/10.1029/2011gl048794,GOOGLE,3.0,0.0,1.0,1.0,0.0,Revisiting the Earth's sea-level and energy budgets from 1961 to 2008,Revisiting the Earth's sea-level and energy budgets from 1961 to 2008,"Church, J. A.; White, N. J.; Konikow, L. F.; Domingues, C. M.; Cogley, J. G.; Rignot, E.; ...; van den Broeke, M. R.",Church; White; Konikow; Domingues; Cogley; Rignot; Gregory; van den Broeke; Monaghan; Velicogna,2011.0,2011.0,Geophysical Research Letters,Geophysical Research Letters,,10.1029/2011gl048794,1.0,1.0,1.0,GOOGLE,0.0,"✓ Title | ◐ Authors | ✓ Year | ✓ Venue | ○ ID

### Summary
This article was confirmed in Geophysical Research Letters with the matching title ""Revisiting the Earth's sea-level and energy budgets from 1961 to 2008,"" authors including Church, White, Konikow, Domingues, Cogley, Rignot, and van den Broeke, and the publication year 2011.

### Details
A matching record was found with the exact title and year 2011. The listed authors in the candidate reference are a proper subset of the full author list found in the source, including all main authors such as Church, White, and Konikow. The article was published in the journal Geophysical Research Letters, volume 38 issue 18. The DOI 10.1029/2011gl048794 confirms the source.

- https://doi.org/10.1029/2011gl048794",0.867,0.133
"Notz, D., & Stroeve, J. (2016). Observed Arctic sea-ice loss directly follows anthropogenic CO2 emission. Science, 354(6313), 747-750.",Climate change,llama_3_1_405b_base,verified,"Notz, D., & Stroeve, J. (2016). Observed Arctic sea-ice loss directly follows anthropogenic CO2 emission. *Science*, 354(6313), 747-750. https://doi.org/10.1126/science.aag2345",MATCH,MATCH,MATCH,MATCH,ABSENT,Observed Arctic sea-ice loss directly follows anthropogenic CO2 emission,Notz; Stroeve,2016.0,Science,10.1126/science.aag2345,https://www.science.org/doi/10.1126/science.aag2345,GOOGLE,4.0,0.0,0.0,1.0,0.0,Observed Arctic sea-ice loss directly follows anthropogenic CO2 emission,Observed Arctic sea-ice loss directly follows anthropogenic CO2 emission,"Notz, D.; Stroeve, J.",Notz; Stroeve,2016.0,2016.0,Science,Science,,10.1126/science.aag2345,1.0,1.0,1.0,GOOGLE,0.0,"✓ Title | ✓ Authors | ✓ Year | ✓ Venue | ○ ID

### Summary
This article was confirmed in the journal Science with matching authors Notz and Stroeve and the year 2016. The title ""Observed Arctic sea-ice loss directly follows anthropogenic CO2 emission"" was matched exactly, confirming the reference.

### Details
A matching record was found with the exact title and author surnames. The publication year 2016 and the journal Science also matched exactly. Although the citation did not include an identifier such as a DOI, the article corresponds to DOI 10.1126/science.aag2345, verifying the reference.

- https://www.science.org/doi/10.1126/science.aag2345
- https://pubmed.ncbi.nlm.nih.gov/27811286/
- https://www.semanticscholar.org/paper/Observed-Arctic-sea-ice-loss-directly-follows-CO2-Notz-Stroeve/2c1abae0e19a9ee13361713cfa6c39e674afefcd",1.0,0.0
"Below, T. B., Mutabazi, K. D., Kirschke, D., Franke, C., Sieber, S., Siebert, R., & Tscherning, K. (2012). Can farmers' adaptation to climate change be explained by socio-economic household-level variables? Global Environmental Change, 22(1), 223-235.",Climate change adaptation in agriculture,llama_3_1_405b_base,verified,"Below, T., Mutabazi, K., Kirschke, D., Franke, C., Sieber, S., Siebert, R., & Tscherning, K. (2011). Can farmers’ adaptation to climate change be explained by socio-economic household-level variables? *Global Environmental Change*, 22(1), 223-235. https://doi.org/10.1016/j.gloenvcha.2011.11.012",MATCH,MATCH,CONTAINS,MATCH,ABSENT,Can farmers’ adaptation to climate change be explained by socio-economic household-level variables?,Below; Mutabazi; Kirschke; Franke; Sieber; Siebert; Tscherning,2011.0,Global Environmental Change,10.1016/j.gloenvcha.2011.11.012,https://doi.org/10.1016/j.gloenvcha.2011.11.012,GOOGLE,3.0,0.0,1.0,1.0,0.0,Can farmers' adaptation to climate change be explained by socio-economic household-level variables?,Can farmers’ adaptation to climate change be explained by socio-economic household-level variables?,"Below, T. B.; Mutabazi, K. D.; Kirschke, D.; Franke, C.; Sieber, S.; Siebert, R.; Tscherning, K.",Below; Mutabazi; Kirschke; Franke; Sieber; Siebert; Tscherning,2012.0,2011.0,Global Environmental Change,Global Environmental Change,,10.1016/j.gloenvcha.2011.11.012,1.0,1.0,1.0,GOOGLE,1.0,"✓ Title | ✓ Authors | ◐ Year | ✓ Venue | ○ ID

### Summary
This article was confirmed in the journal Global Environmental Change with matching authors and year. The title and journal name matched exactly, and all authors were found with corresponding surnames. The publication year differs slightly by one year (2012 citation vs. 2011 evidence), which is within an acceptable margin.

### Details
A matching record was found with the exact title ""Can farmers’ adaptation to climate change be explained by socio-economic household-level variables?"" in the journal Global Environmental Change. All authors listed by surname (Below, Mutabazi, Kirschke, Franke, Sieber, Siebert, Tscherning) matched the citation exactly. The publication year in the found record is 2011, while the citation states 2012, which is a minor variation within a one-year window accepted for verification. The article is accessible through the DOI: 10.1016/j.gloenvcha.2011.11.012.

- https://doi.org/10.1016/j.gloenvcha.2011.11.012",0.9,0.1
"Deressa, T. T., Hassan, R. M., Ringler, C., Alemu, T., & Yesuf, M. (2009). Determinants of farmers' choice of adaptation methods to climate change in the Nile Basin of Ethiopia. Global Environmental Change, 19(2), 248-255.",Climate change adaptation in agriculture,llama_3_1_405b_base,verified,"Deressa, T., Hassan, R. M., Ringler, C., Alemu, T., & Yesuf, M. (2009). Determinants of farmers’ choice of adaptation methods to climate change in the Nile Basin of Ethiopia. *Global Environmental Change*, 19(2), 248-255. https://doi.org/10.1016/j.gloenvcha.2009.01.002",MATCH,MATCH,MATCH,MATCH,ABSENT,Determinants of farmers’ choice of adaptation methods to climate change in the Nile Basin of Ethiopia,Deressa; Hassan; Ringler; Alemu; Yesuf,2009.0,Global Environmental Change,10.1016/j.gloenvcha.2009.01.002,https://doi.org/10.1016/j.gloenvcha.2009.01.002,GOOGLE,4.0,0.0,0.0,1.0,0.0,Determinants of farmers' choice of adaptation methods to climate change in the Nile Basin of Ethiopia.,Determinants of farmers’ choice of adaptation methods to climate change in the Nile Basin of Ethiopia,"Deressa, T. T.; Hassan, R. M.; Ringler, C.; Alemu, T.; Yesuf, M.",Deressa; Hassan; Ringler; Alemu; Yesuf,2009.0,2009.0,Global Environmental Change,Global Environmental Change,,10.1016/j.gloenvcha.2009.01.002,1.0,1.0,1.0,GOOGLE,0.0,"✓ Title | ✓ Authors | ✓ Year | ✓ Venue | ○ ID

### Summary
This article was confirmed in the journal Global Environmental Change with matching authors Deressa, Hassan, Ringler, Alemu, and Yesuf, and the publication year 2009.

### Details
A matching record was found with the exact title ""Determinants of farmers’ choice of adaptation methods to climate change in the Nile Basin of Ethiopia."" The authors matched fully by surname, and the year 2009 matched exactly. The journal name Global Environmental Change was also an exact match. While the original citation did not include a DOI, the verified record provides the DOI 10.1016/j.gloenvcha.2009.01.002 for precise referencing. 

- https://doi.org/10.1016/j.gloenvcha.2009.01.002",1.0,0.0
"Di Falco, S., Veronesi, M., & Yesuf, M. (2011). Does adaptation to climate change provide food security? A micro-perspective from Ethiopia. American Journal of Agricultural Economics, 93(3), 829-846.",Climate change adaptation in agriculture,llama_3_1_405b_base,verified,"Di Falco, S., Veronesi, M., & Yesuf, M. (2011). Does adaptation to climate change provide food security? A micro‐perspective from Ethiopia. *American Journal of Agricultural Economics*, 93(3), 829-846. https://doi.org/10.1093/ajae/aar006",MATCH,MATCH,MATCH,MATCH,ABSENT,Does Adaptation to Climate Change Provide Food Security? A Micro‐Perspective from Ethiopia,Di Falco; Veronesi; Yesuf,2011.0,American Journal of Agricultural Economics,10.1093/ajae/aar006,https://doi.org/10.1093/ajae/aar006,GOOGLE,4.0,0.0,0.0,1.0,0.0,Does adaptation to climate change provide food security? A micro-perspective from Ethiopia.,Does Adaptation to Climate Change Provide Food Security? A Micro‐Perspective from Ethiopia,"Di Falco, S.; Veronesi, M.; Yesuf, M.",Di Falco; Veronesi; Yesuf,2011.0,2011.0,American Journal of Agricultural Economics,American Journal of Agricultural Economics,,10.1093/ajae/aar006,1.0,1.0,1.0,GOOGLE,0.0,"✓ Title | ✓ Authors | ✓ Year | ✓ Venue | ○ ID

### Summary
This article was confirmed in the American Journal of Agricultural Economics with matching authors Di Falco, Veronesi, and Yesuf, and published in 2011. The exact title and journal details matched perfectly.

### Details
A matching record was found with the title ""Does adaptation to climate change provide food security? A micro-perspective from Ethiopia"" aligning exactly with the citation's title. All three authors' surnames matched: Di Falco, Veronesi, and Yesuf. The publication year 2011 was confirmed exactly, as well as the journal name ""American Journal of Agricultural Economics."" Although no identifier was provided in the citation, the matching record includes the DOI: 10.1093/ajae/aar006.

- https://doi.org/10.1093/ajae/aar006",1.0,0.0
"Hisali, E., Birungi, P., & Buyinza, F. (2011). Adaptation to climate change in Uganda: evidence from micro level data. Global Environmental Change, 21(4), 1245-1261.",Climate change adaptation in agriculture,llama_3_1_405b_base,verified,"Hisali, E., Birungi, P., & Buyinza, F. (2011). Adaptation to climate change in Uganda: Evidence from micro level data. *Global Environmental Change*, 21(4), 1245-1261. https://doi.org/10.1016/j.gloenvcha.2011.07.005",MATCH,MATCH,MATCH,MATCH,ABSENT,Adaptation to climate change in Uganda: Evidence from micro level data,Hisali; Birungi; Buyinza,2011.0,Global Environmental Change,10.1016/j.gloenvcha.2011.07.005,https://doi.org/10.1016/j.gloenvcha.2011.07.005,GOOGLE,4.0,0.0,0.0,1.0,0.0,Adaptation to climate change in Uganda: evidence from micro level data,Adaptation to climate change in Uganda: Evidence from micro level data,"Hisali, E.; Birungi, P.; Buyinza, F.",Hisali; Birungi; Buyinza,2011.0,2011.0,Global Environmental Change,Global Environmental Change,,10.1016/j.gloenvcha.2011.07.005,1.0,1.0,1.0,GOOGLE,1.0,"✓ Title | ✓ Authors | ✓ Year | ✓ Venue | ○ ID

### Summary
This article titled ""Adaptation to climate change in Uganda: Evidence from micro level data"" was confirmed in the journal Global Environmental Change. The authors Hisali, Birungi, and Buyinza as well as the year 2011 all matched exactly.

### Details
A matching record was found with the exact title, author surnames, and publication year as cited. The article appeared in Global Environmental Change, volume 21, issue 4, pages 1245-1261. Although no identifier was present in the original citation, the article has a DOI: 10.1016/j.gloenvcha.2011.07.005. The article can be accessed at https://doi.org/10.1016/j.gloenvcha.2011.07.005.

- https://doi.org/10.1016/j.gloenvcha.2011.07.005",1.0,0.0
"Huang, J., Wang, Y., & Wang, J. (2015). Farmers' adaptation to climate change: A case study of apple farmers in China. Journal of Environmental Management, 156, 70-77.",Climate change adaptation in agriculture,llama_3_1_405b_base,unverified,Reference could not be verified.,CONTRADICTION,UNCONFIRMED,UNCONFIRMED,MATCH,ABSENT,What motivates farmers' adaptation to climate change? The case of apple farmers of Shaanxi in China (PDF),,2017.0,,,https://www.researchgate.net/publication/316256300_What_motivates_farmers'_adaptation_to_climate_change_The_case_of_apple_farmers_of_Shaanxi_in_China,GOOGLE,1.0,1.0,0.0,1.0,2.0,Farmers' adaptation to climate change: A case study of apple farmers in China.,What motivates farmers' adaptation to climate change? The case of apple farmers of Shaanxi in China (PDF),"Huang, J.; Wang, Y.; & Wang, J.",,2015.0,2017.0,Journal of Environmental Management,,,https://www.researchgate.net/publication/316256300_What_motivates_farmers'_adaptation_to_climate_change_The_case_of_apple_farmers_of_Shaanxi_in_China,0.0,0.0,2.0,GOOGLE,0.0,"✗ Title | ? Authors | ? Year | ✓ Venue | ○ ID

### Summary
No matching article was found for the given reference in the Journal of Environmental Management from 2015 with the specified title and authors. The title provided appears to describe a different focus than the closest available records, and author and year details could not be confirmed.

### Details
A search did not locate any article exactly matching the title ""Farmers' adaptation to climate change: A case study of apple farmers in China"" with the authors Huang, Wang, and Wang, or the publication year 2015 in the Journal of Environmental Management. Although the journal name matched perfectly, the title showed a contradiction with available records describing a different topic scope, and author and year data were unconfirmed due to missing information in potential matches. Additionally, no digital identifiers such as DOI were present to assist verification. The closest found publication focused on motivations behind farmers' adaptation in Shaanxi, China, published in 2017, which differs from the cited article in both title and publication year.

- https://www.researchgate.net/publication/316256300_What_motivates_farmers'_adaptation_to_climate_change_The_case_of_apple_farmers_of_Shaanxi_in_China
- https://www.mdpi.com/
- https://www.sciencedirect.com/
- https://papers.ssrn.com/",0.0,1.0
"Kumar, S., & Parikh, J. (2001). Socio-economic impacts of climate change on Indian agriculture. International Review for Environmental Strategies, 2(2), 277-293.",Climate change adaptation in agriculture,llama_3_1_405b_base,verified,"Kumar, K. S. K., & Parikh, J. (2001). *Socio-economic impacts of climate change on Indian agriculture*. *International Review for Environmental Strategies*, 2(2), 277–293. https://www.researchgate.net/profile/Kavi-Kumar-2/publication/339295834_Socio-economic_Impacts_of_Climate_Change_on_Indian_Agriculture/links/5e48f83ea6fdccd965a924de/Socio-economic-Impacts-of-Climate-Change-on-Indian-Agriculture.pdf",MATCH,MATCH,MATCH,MATCH,ABSENT,Socio-economic impacts of climate change on Indian agriculture,Kumar; Parikh,2001.0,"International Review for Environmental Strategies, 2(2), 277-293",,https://www.researchgate.net/profile/Kavi-Kumar-2/publication/339295834_Socio-economic_Impacts_of_Climate_Change_on_Indian_Agriculture/links/5e48f83ea6fdccd965a924de/Socio-economic-Impacts-of-Climate-Change-on-Indian-Agriculture.pdf,GOOGLE,4.0,0.0,0.0,1.0,0.0,Socio-economic impacts of climate change on Indian agriculture.,Socio-economic impacts of climate change on Indian agriculture,"Kumar, S.; Parikh, J.",Kumar; Parikh,2001.0,2001.0,International Review for Environmental Strategies,"International Review for Environmental Strategies, 2(2), 277-293",,https://www.researchgate.net/profile/Kavi-Kumar-2/publication/339295834_Socio-economic_Impacts_of_Climate_Change_on_Indian_Agriculture/links/5e48f83ea6fdccd965a924de/Socio-economic-Impacts-of-Climate-Change-on-Indian-Agriculture.pdf,1.0,1.0,1.0,GOOGLE,1.0,"✓ Title | ✓ Authors | ✓ Year | ✓ Venue | ○ ID

### Summary
This article was confirmed in the International Review for Environmental Strategies with matching title, authors, and year. The core journal name and volume details correspond exactly to the citation.

### Details
A matching record was found with the exact title ""Socio-economic impacts of climate change on Indian agriculture."" Both authors Kumar and Parikh were confirmed by surname, and the publication year 2001 matched exactly. The journal name ""International Review for Environmental Strategies"" matches precisely as well, confirming the publication venue. Though no DOI was available, multiple sources including ResearchGate and Google Scholar validate this reference.

- https://www.researchgate.net/publication/339295834_Socio-economic_Impacts_of_Climate_Change_on_Indian_Agriculture
- https://scholar.google.com/citations?user=_tXgBXgAAAAJ&hl=en
- http://pub.iges.or.jp/modules/envirolib/view.php?docid=2012",1.0,0.0
"Nhemachena, C., & Hassan, R. (2007). Micro-level analysis of farmers' adaptation to climate change in Southern Africa. IFPRI Discussion Paper 00714.",Climate change adaptation in agriculture,llama_3_1_405b_base,verified,"Nhemachena, C., & Hassan, R. M. (2007). Micro-Level Analysis of Farmers’ Adaptation to Climate Change in Southern Africa. *IFPRI Discussion Paper 00714*. https://ageconsearch.umn.edu/record/42399/files/IFPRIDP00714.pdf",MATCH,MATCH,MATCH,CONTAINS,ABSENT,Micro-Level Analysis of Farmers’ Adaptation to Climate Change in Southern Africa,Nhemachena; Hassan,2007.0,IFPRI Discussion Paper 00714,10.22004/ag.econ.42399,https://ageconsearch.umn.edu/record/42399/files/IFPRIDP00714.pdf,GOOGLE,3.0,0.0,1.0,1.0,0.0,Micro-level analysis of farmers' adaptation to climate change in Southern Africa,Micro-Level Analysis of Farmers’ Adaptation to Climate Change in Southern Africa,"Nhemachena, C.; Hassan, R.",Nhemachena; Hassan,2007.0,2007.0,IFPRI,IFPRI Discussion Paper 00714,,10.22004/ag.econ.42399,1.0,1.0,1.0,GOOGLE,0.0,"✓ Title | ✓ Authors | ✓ Year | ◐ Venue | ○ ID

### Summary
This article was confirmed as ""Micro-Level Analysis of Farmers’ Adaptation to Climate Change in Southern Africa"" by Nhemachena and Hassan, published in 2007. It was found as an IFPRI Discussion Paper with matching authors and year.

### Details
A matching record was found under the IFPRI Discussion Paper 00714 series with the exact title and year 2007. The authors Nhemachena and Hassan were confirmed by surname. The venue citation of ""IFPRI"" was contained within the full venue ""IFPRI Discussion Paper 00714,"" indicating the same institution and paper series. A reliable source URL is https://ageconsearch.umn.edu/record/42399/files/IFPRIDP00714.pdf.

- https://ageconsearch.umn.edu/record/42399/files/IFPRIDP00714.pdf",0.9,0.1
World Health Organization (2019). WHO guidelines for the pharmacological and radiotherapeutic management of cancer pain in adults and adolescents. World Health Organization.,Health,llama_3_1_405b_base,verified,World Health Organization. (2018). WHO guidelines for the pharmacological and radiotherapeutic management of cancer pain in adults and adolescents. *World Health Organization*. https://www.who.int/publications/i/item/9789241550390,MATCH,MATCH,CONTAINS,MATCH,ABSENT,WHO guidelines for the pharmacological and radiotherapeutic management of cancer pain in adults and adolescents,World Health Organization,2018.0,World Health Organization,,https://www.who.int/publications/i/item/9789241550390,GOOGLE,3.0,0.0,1.0,1.0,0.0,WHO guidelines for the pharmacological and radiotherapeutic management of cancer pain in adults and adolescents.,WHO guidelines for the pharmacological and radiotherapeutic management of cancer pain in adults and adolescents,World Health Organization,World Health Organization,2019.0,2018.0,World Health Organization,World Health Organization,,https://www.who.int/publications/i/item/9789241550390,1.0,1.0,1.0,GOOGLE,0.0,"✓ Title | ✓ Authors | ◐ Year | ✓ Venue | ○ ID

### Summary
This document was confirmed as published by the World Health Organization, with the title ""WHO guidelines for the pharmacological and radiotherapeutic management of cancer pain in adults and adolescents"" matching exactly. The publisher also matches, with a minor difference in the publication year: the citation states 2019, while the evidence shows 2018, which is close enough to confirm the reference.

### Details
A matching record was found with the exact title and authoring organization as the World Health Organization. The publication venue also matches exactly. The year in the evidence is 2018, which is within 1 year of the cited 2019. There is no DOI, but the official WHO publication URL was verified: https://www.who.int/publications/i/item/9789241550390. Multiple search results and the WHO site confirm the details.

- https://www.who.int/publications/i/item/9789241550390
- https://iris.who.int/bitstreams/809a021b-e75c-4f9c-b002-6fb13bf1a0f5/download
- https://www.ncbi.nlm.nih.gov/books/NBK537492/",0.9,0.1
"Anagnostopoulos, I. (2018). Fintech and regtech: Impact on regulators and banks. Journal of Economic Policy Reform, 21(2), 147-163.",Digital financial services,llama_3_1_405b_base,verified-with-error,"Anagnostopoulos, I. (2018). Fintech and regtech: Impact on regulators and banks. *Journal of Economics and Business*, 100, 7-25. https://doi.org/10.1016/j.jeconbus.2018.07.003",MATCH,MATCH,MATCH,CONTRADICTION,ABSENT,Fintech and regtech: Impact on regulators and banks,Anagnostopoulos,2018.0,Journal of Economics and Business,10.1016/j.jeconbus.2018.07.003,https://doi.org/10.1016/j.jeconbus.2018.07.003,GOOGLE,3.0,1.0,0.0,1.0,0.0,Fintech and regtech: Impact on regulators and banks,Fintech and regtech: Impact on regulators and banks,"Anagnostopoulos, I.",Anagnostopoulos,2018.0,2018.0,Journal of Economic Policy Reform,Journal of Economics and Business,,10.1016/j.jeconbus.2018.07.003,0.0,0.0,1.0,GOOGLE,0.0,"✓ Title | ✓ Authors | ✓ Year | ✗ Venue | ○ ID

### Summary
This article was found with the correct title, author, and year, but there was a minor discrepancy in the journal name. The original citation listed the journal as ""Journal of Economic Policy Reform,"" whereas the verified source identifies the journal as ""Journal of Economics and Business.""

### Details
A matching record was found with the exact title ""Fintech and regtech: Impact on regulators and banks"" by Anagnostopoulos, dated 2018. However, the publication venue differs between the citation and the verified source: the citation mentions ""Journal of Economic Policy Reform,"" but the verified article appears in the ""Journal of Economics and Business."" No digital object identifier (DOI) was provided in the citation, while the verified record has a DOI: https://doi.org/10.1016/j.jeconbus.2018.07.003.

- https://doi.org/10.1016/j.jeconbus.2018.07.003",0.6,0.4
"Schueffel, P. (2016). Taming the Beast: A Scientific Definition of Fintech. Journal of Innovation Management, 4(4), 32-54.",Digital financial services,llama_3_1_405b_base,verified,"Schueffel, P. (2017). Taming the Beast: A Scientific Definition of Fintech. *Journal of Innovation Management*, 4(4), 32-54. https://doi.org/10.24840/2183-0606_004.004_0004",MATCH,MATCH,CONTAINS,MATCH,ABSENT,Taming the Beast: A Scientific Definition of Fintech,Schueffel,2017.0,Journal of Innovation Management,10.24840/2183-0606_004.004_0004,https://doi.org/10.24840/2183-0606_004.004_0004,GOOGLE,3.0,0.0,1.0,1.0,0.0,Taming the Beast: A Scientific Definition of Fintech.,Taming the Beast: A Scientific Definition of Fintech,"Schueffel, P.",Schueffel,2016.0,2017.0,Journal of Innovation Management,Journal of Innovation Management,,10.24840/2183-0606_004.004_0004,1.0,1.0,1.0,GOOGLE,0.0,"✓ Title | ✓ Authors | ◐ Year | ✓ Venue | ○ ID

### Summary
This article was confirmed in the Journal of Innovation Management with matching title, author, and journal details. The publication year differs slightly, showing 2017 in the evidence instead of 2016, which is a minor discrepancy often due to online versus print publication dates.

### Details
A matching record was found with the exact title ""Taming the Beast: A Scientific Definition of Fintech"" and the author Schueffel. The journal name matched exactly. While the citation listed the year as 2016, the evidence shows 2017, which is within a reasonable range for publication date differences. No DOI was originally provided, but the evidence includes the DOI 10.24840/2183-0606_004.004_0004, confirming the article's identity.

- https://doi.org/10.24840/2183-0606_004.004_0004",0.9,0.1
"Weitemeyer, S., Kleinhans, D., Vogt, T., & Agert, C. (2015). Integration of renewable energy sources in future power systems: The role of energy storage. Renewable Energy, 75, 14-20.",Energy,llama_3_1_405b_base,verified-with-error,"Weitemeyer, S., Kleinhans, D., Vogt, T., & Agert, C. (2014). Integration of Renewable Energy Sources in future power systems: The role of storage. *Renewable Energy*, 75, 14-20. https://doi.org/10.1016/j.renene.2014.09.028",CONTAINS,MATCH,CONTAINS,MATCH,ABSENT,Integration of Renewable Energy Sources in future power systems: The role of storage,Weitemeyer; Kleinhans; Vogt; Agert,2014.0,Renewable Energy,10.1016/j.renene.2014.09.028,https://doi.org/10.1016/j.renene.2014.09.028,GOOGLE,2.0,0.0,2.0,1.0,0.0,Integration of renewable energy sources in future power systems: The role of energy storage.,Integration of Renewable Energy Sources in future power systems: The role of storage,"Weitemeyer, S.; Kleinhans, D.; Vogt, T.; Agert, C.",Weitemeyer; Kleinhans; Vogt; Agert,2015.0,2014.0,Renewable Energy,Renewable Energy,,10.1016/j.renene.2014.09.028,1.0,1.0,1.0,GOOGLE,0.0,"◐ Title | ✓ Authors | ◐ Year | ✓ Venue | ○ ID

### Summary
This article was confirmed in Renewable Energy with matching authors and venue. The year differs slightly (2014 vs 2015), and the title has minor differences with the subtitle being shortened, but these do not affect the main content.

### Details
A matching record was found with the same authors Weitemeyer, Kleinhans, Vogt, and Agert listed in Renewable Energy. The title matches closely, differing only by the omission of the word ""energy"" in the subtitle. The publication year is 2014 according to the record, one year earlier than cited 2015, which likely reflects online versus print publication dates. No DOI was provided in the original citation to check, but the found record has DOI 10.1016/j.renene.2014.09.028.

- https://doi.org/10.1016/j.renene.2014.09.028",0.733,0.267
"Chen, H., Cong, T. N., Yang, W., Tan, C., Li, Y., & Ding, Y. (2009). Progress in electrical energy storage system: A critical review. Progress in Natural Science, 19(3), 291-312.",Energy,llama_3_1_405b_base,verified,"Chen, H., Cong, T. N., Yang, W., Tan, C., Li, Y., & Ding, Y. (2009). Progress in electrical energy storage system: A critical review. *Progress in Natural Science Materials International*, 19(3), 291-312. https://doi.org/10.1016/j.pnsc.2008.07.014",MATCH,MATCH,MATCH,CONTAINS,ABSENT,Progress in electrical energy storage system: A critical review,Chen; Cong; Yang; Tan; Li; Ding,2009.0,Progress in Natural Science Materials International,10.1016/j.pnsc.2008.07.014,https://doi.org/10.1016/j.pnsc.2008.07.014,GOOGLE,3.0,0.0,1.0,1.0,0.0,Progress in electrical energy storage system: A critical review.,Progress in electrical energy storage system: A critical review,"Chen, H.; Cong, T. N.; Yang, W.; Tan, C.; Li, Y.; Ding, Y.",Chen; Cong; Yang; Tan; Li; Ding,2009.0,2009.0,Progress in Natural Science,Progress in Natural Science Materials International,,10.1016/j.pnsc.2008.07.014,1.0,1.0,1.0,GOOGLE,0.0,"✓ Title | ✓ Authors | ✓ Year | ◐ Venue | ○ ID

### Summary
This article was confirmed in the journal *Progress in Natural Science Materials International* with matching authors and year. The title ""Progress in electrical energy storage system: A critical review"" was found exactly as cited.

### Details
A matching record was found where the title, authors by surname, and year matched exactly the citation information. The journal name in the evidence includes the core venue name ""Progress in Natural Science"" as part of its full title. There was no identifier provided in the original citation, but the article's DOI is 10.1016/j.pnsc.2008.07.014, accessible online.

- https://doi.org/10.1016/j.pnsc.2008.07.014",0.9,0.1
"Rockström, J., Steffen, W., Noone, K., Persson, Å., Chapin, F. S., Lambin, E. F., ... & Folke, C. (2009). A safe operating space for humanity. Nature, 461(7263), 472-475.",Environmental Science,llama_3_1_405b_base,verified,"Rockström, J., Steffen, W., Noone, K. J., Persson, Å., Chapin, F. S., Lambin, É. F., Lenton, T. M., Scheffer, M., Folke, C., Schellnhuber, H. J., Nykvist, B., de Wit, C. A., Hughes, T. P., van der Leeuw, S., Rodhe, H., Sörlin, S., Snyder, P. K., Costanza, R., Svedin, U., Falkenmark, M., Karlberg, L., Corell, R. W., Fabry, V. J., Hansen, J. E., Walker, B., Liverman, D., Richardson, K., Crutzen, P. J., & Foley, J. A. (2009). A safe operating space for humanity. *Nature*, 461(7263), 472-475. https://doi.org/10.1038/461472a",MATCH,MATCH,MATCH,MATCH,ABSENT,A safe operating space for humanity,Rockström; Steffen; Noone; Persson; Chapin; Lambin; Lenton; Scheffer; Folke; Schellnhuber; Nykvist; de Wit; Hughes; van der Leeuw; Rodhe; Sörlin; Snyder; Costanza; Svedin; Falkenmark; Karlberg; Corell; Fabry; Hansen; Walker; Liverman; Richardson; Crutzen; Foley,2009.0,Nature,10.1038/461472a,https://doi.org/10.1038/461472a,GOOGLE,4.0,0.0,0.0,1.0,0.0,A safe operating space for humanity.,A safe operating space for humanity,"Rockström, J.; Steffen, W.; Noone, K.; Persson, Å.; Chapin, F. S.; Lambin, E. F.; ... & Folke, C.",Rockström; Steffen; Noone; Persson; Chapin; Lambin; Lenton; Scheffer; Folke; Schellnhuber; Nykvist; de Wit; Hughes; van der Leeuw; Rodhe; Sörlin; Snyder; Costanza; Svedin; Falkenmark; Karlberg; Corell; Fabry; Hansen; Walker; Liverman; Richardson; Crutzen; Foley,2009.0,2009.0,Nature,Nature,,10.1038/461472a,1.0,1.0,1.0,GOOGLE,1.0,"✓ Title | ✓ Authors | ✓ Year | ✓ Venue | ○ ID

### Summary
This article was confirmed in Nature with matching authors and year. The title ""A safe operating space for humanity"" matched exactly, and the author list includes all named authors as well as additional ones, confirming the citation's accuracy.

### Details
A matching record was found with the exact title and publication year 2009. The cited authors Rockström, Steffen, Noone, Persson, Chapin, Lambin, and Folke were all present within a longer author list for this publication. The article appeared in Nature, volume 461, issue 7263, pages 472-475. The DOI 10.1038/461472a corresponds to this record and provides a permanent link [here](https://doi.org/10.1038/461472a).

- https://doi.org/10.1038/461472a",1.0,0.0
"Solomon, S., Qin, D., Manning, M., Chen, Z., Marquis, M., Averyt, K. B., ... & Miller, H. L. (2007). Climate change 2007: The physical science basis. Cambridge University Press.",Environmental Science,llama_3_1_405b_base,verified,"Solomon, S. L., Qin, D., Manning, M., Chen, Z., Marquis, M., Averyt, K. B., Tignor, M., & Miller, H. L. (Eds.). (2007). Climate change 2007: The physical science basis. *Cambridge University Press*. https://www.ipcc.ch/report/ar4/wg1/",MATCH,CONTAINS,MATCH,CONTAINS,ABSENT,Climate change 2007: the physical science basis,Solomon; Qin; Manning; Marquis; Averyt; Tignor; Miller; Chen,2007.0,Cambridge University Press / Intergovernmental Panel on Climate Change (Working Group I),,https://www.ipcc.ch/report/ar4/wg1/,GOOGLE,2.0,0.0,2.0,1.0,0.0,Climate change 2007: The physical science basis.,Climate change 2007: the physical science basis,"Solomon, S.; Qin, D.; Manning, M.; Chen, Z.; Marquis, M.; Averyt, K. B.; ...; Miller, H. L.",Solomon; Qin; Manning; Marquis; Averyt; Tignor; Miller; Chen,2007.0,2007.0,Cambridge University Press,Cambridge University Press / Intergovernmental Panel on Climate Change (Working Group I),,https://www.ipcc.ch/report/ar4/wg1/,1.0,1.0,1.0,GOOGLE,0.0,"✓ Title | ◐ Authors | ✓ Year | ◐ Venue | ○ ID

### Summary
This book titled ""Climate change 2007: The physical science basis"" was confirmed as published by Cambridge University Press in 2007. The listed authors including Solomon, Qin, Manning, Chen, Marquis, Averyt, Tignor, and Miller were all found within the official author list, affirming the match.

### Details
A matching record was found with the exact title and year 2007 confirmed. The candidate authors form a subset within the full author list of the IPCC Working Group I, consistent with the source’s comprehensive authorship. The publication venue includes Cambridge University Press, matching the publisher relationship noted. Though no DOI was present, multiple credible sources including the official IPCC website and university digital libraries provided supporting evidence.

- https://www.ipcc.ch/report/ar4/wg1/
- https://digital.library.unt.edu/ark:/67531/metadc950228/
- https://www.ipcc.ch/site/assets/uploads/2020/02/ar4-wg1-sum_vol_en.pdf",0.767,0.233
"Vitousek, P. M., Mooney, H. A., Lubchenco, J., & Melillo, J. M. (1997). Human domination of Earth's ecosystems. Science, 277(5325), 494-499.",Environmental Science,llama_3_1_405b_base,verified,"Vitousek, P. M., Mooney, H. A., Lubchenco, J., & Melillo, J. M. (1997). *Human domination of Earth's ecosystems*. *Science*, 277(5325), 494-499. https://doi.org/10.1126/science.277.5325.494",MATCH,MATCH,MATCH,MATCH,ABSENT,Human Domination of Earth's Ecosystems,Vitousek; Mooney; Lubchenco; Melillo,1997.0,Science,10.1126/science.277.5325.494,https://doi.org/10.1126/science.277.5325.494,GOOGLE,4.0,0.0,0.0,1.0,0.0,Human domination of Earth's ecosystems.,Human Domination of Earth's Ecosystems,"Vitousek, P. M.; Mooney, H. A.; Lubchenco, J.; Melillo, J. M.",Vitousek; Mooney; Lubchenco; Melillo,1997.0,1997.0,Science,Science,,10.1126/science.277.5325.494,1.0,1.0,1.0,GOOGLE,0.0,"✓ Title | ✓ Authors | ✓ Year | ✓ Venue | ○ ID

### Summary
This article was confirmed in the journal Science with matching authors Vitousek, Mooney, Lubchenco, and Melillo, and the year 1997.

### Details
A matching record was found with an exact title match ""Human Domination of Earth's Ecosystems"" and the authors' surnames corresponded exactly to the citation. The year 1997 and the journal Science also matched precisely. Although no identifier was provided in the citation, the article's DOI 10.1126/science.277.5325.494 was found in the evidence, confirming the citation details.

- https://doi.org/10.1126/science.277.5325.494",1.0,0.0
"Daily, G. C., Polasky, S., Goldstein, J., Kareiva, P. M., Mooney, H. A., Pejchar, L., ... & Shallenberger, R. (2009). Ecosystem services in decision making: Time to deliver. Frontiers in Ecology and the Environment, 7(1), 21-28.",Environmental Science,llama_3_1_405b_base,verified,"Daily, G. C., Polasky, S., Goldstein, J., Kareiva, P. M., Mooney, H. A., Pejchar, L., Ricketts, T. H., Salzman, J., & Shallenberger, R. J. (2009). Ecosystem services in decision making: Time to deliver. *Frontiers in Ecology and the Environment*, *7*(1), 21–28. https://doi.org/10.1890/080025",MATCH,MATCH,MATCH,MATCH,ABSENT,Ecosystem services in decision making: time to deliver,Daily; Polasky; Goldstein; Kareiva; Mooney; Pejchar; Ricketts; Salzman; Shallenberger,2009.0,Frontiers in Ecology and the Environment,10.1890/080025,https://esajournals.onlinelibrary.wiley.com/doi/10.1890/080025,GOOGLE,4.0,0.0,0.0,1.0,0.0,Ecosystem services in decision making: Time to deliver.,Ecosystem services in decision making: time to deliver,"Daily, G. C.; Polasky, S.; Goldstein, J.; Kareiva, P. M.; Mooney, H. A.; Pejchar, L.; ...; Shallenberger, R.",Daily; Polasky; Goldstein; Kareiva; Mooney; Pejchar; Ricketts; Salzman; Shallenberger,2009.0,2009.0,Frontiers in Ecology and the Environment,Frontiers in Ecology and the Environment,,10.1890/080025,1.0,1.0,1.0,GOOGLE,0.0,"✓ Title | ✓ Authors | ✓ Year | ✓ Venue | ○ ID

### Summary
This article was confirmed in the journal Frontiers in Ecology and the Environment with matching authors and year. The title, authors including all named individuals, and publication year all correspond exactly to the verified reference.

### Details
A matching record was found with the exact title ""Ecosystem services in decision making: time to deliver"" published in 2009. The authors from the citation and evidence lists correspond well, with the named authors in the citation present in the evidence along with additional co-authors, confirming completeness. The journal name matches exactly. Although no DOI is present in the citation, the article has a known DOI and URL, further supporting the verification.

- https://esajournals.onlinelibrary.wiley.com/doi/10.1890/080025
- https://scholarship.law.duke.edu/faculty_scholarship/2406
- https://www.researchgate.net/publication/216810842_Ecosystem_Services_in_Decision_Making_Time_to_Deliver",1.0,0.0
Millennium Ecosystem Assessment. (2005). Ecosystems and human well-being: Synthesis. Island Press.,Environmental Science,llama_3_1_405b_base,verified-with-error,"Millennium Ecosystem Assessment. (2005). Ecosystems and human well-being: Synthesis. *Island Press, Washington, DC*. https://www.millenniumassessment.org/documents/document.356.aspx.pdf",CONTAINS,MATCH,MATCH,MATCH,ABSENT,Ecosystems AND HUMAN WELL-BEING,Millennium Ecosystem Assessment,2005.0,"Island Press, Washington, DC",,https://www.millenniumassessment.org/documents/document.356.aspx.pdf,GOOGLE,3.0,0.0,1.0,1.0,0.0,Ecosystems and human well-being: Synthesis,Ecosystems AND HUMAN WELL-BEING,Millennium Ecosystem Assessment,Millennium Ecosystem Assessment,2005.0,2005.0,Island Press,"Island Press, Washington, DC",,https://www.millenniumassessment.org/documents/document.356.aspx.pdf,1.0,1.0,2.0,GOOGLE,0.0,"◐ Title | ✓ Authors | ✓ Year | ✓ Venue | ○ ID

### Summary
This book was confirmed to be published by Island Press in 2005 with the author Millennium Ecosystem Assessment. The core title ""Ecosystems and human well-being"" matches exactly, but the reference omits the subtitle ""Synthesis"" present in the full official title. The venue is also the same though the official name includes a location.

### Details
A matching record was found with the exact year 2005, author Millennium Ecosystem Assessment, and the main part of the title. The publisher Island Press matches, though the verified version includes ""Washington, DC"". No DOI was found in the citation, but a reliable PDF of the report was located at the Millennium Assessment website. The slight differences, such as dropping the subtitle ""Synthesis,"" explain the ""verified with error"" status.

- https://www.millenniumassessment.org/documents/document.356.aspx.pdf
- https://doi.org/10.5281/zenodo.18167309",0.833,0.167
"Steffen, W., Richardson, K., Rockström, J., Cornell, S. E., Fetzer, I., Bennett, E. M., ... & Sörlin, S. (2015). Planetary boundaries: Guiding human development on a changing planet. Science, 347(6223), 1259855.",Environmental Science,llama_3_1_405b_base,verified,"Steffen, W., Richardson, K., Rockström, J., Cornell, S., Fetzer, I., Bennett, E. M., Biggs, R., Carpenter, S. R., de Vries, W., de Wit, C. A., Folke, C., Gerten, D., Heinke, J., Mace, G. M., Persson, L., Ramanathan, V., Reyers, B., & Sörlin, S. (2015). Planetary boundaries: Guiding human development on a changing planet. *Science*, 347(6223), 1259855. https://doi.org/10.1126/science.1259855",MATCH,MATCH,MATCH,MATCH,ABSENT,Planetary boundaries: Guiding human development on a changing planet,Steffen; Richardson; Rockström; Cornell; Fetzer; Bennett; Biggs; Carpenter; de Vries; de Wit; Folke; Gerten; Heinke; Mace; Persson; Ramanathan; Reyers; Sörlin,2015.0,Science,10.1126/science.1259855,https://doi.org/10.1126/science.1259855,GOOGLE,4.0,0.0,0.0,1.0,0.0,Planetary boundaries: Guiding human development on a changing planet.,Planetary boundaries: Guiding human development on a changing planet,"Steffen, W.; Richardson, K.; Rockström, J.; Cornell, S. E.; Fetzer, I.; Bennett, E. M.; Sörlin, S.",Steffen; Richardson; Rockström; Cornell; Fetzer; Bennett; Biggs; Carpenter; de Vries; de Wit; Folke; Gerten; Heinke; Mace; Persson; Ramanathan; Reyers; Sörlin,2015.0,2015.0,Science,Science,,10.1126/science.1259855,1.0,1.0,1.0,GOOGLE,0.0,"✓ Title | ✓ Authors | ✓ Year | ✓ Venue | ○ ID

### Summary
This article was confirmed in the journal Science with matching authors and year. The title ""Planetary boundaries: Guiding human development on a changing planet"" and the publication year 2015 were verified exactly, along with the core group of authors.

### Details
A matching record was found with the exact title and year 2015. The authors listed matched closely, with both sets containing the principal authors Steffen, Richardson, Rockström, Cornell, Fetzer, Bennett, and Sörlin among others, despite minor differences in abbreviation styles. The publication appeared in Science volume 347, issue 6223, and the DOI 10.1126/science.1259855 confirms the reference's identity.

- https://doi.org/10.1126/science.1259855",1.0,0.0
"Carpenter, S. R., DeFries, R., Dietz, T., Mooney, H. A., Polasky, S., Reid, W. V., & Scholes, R. J. (2006). Millennium Ecosystem Assessment: Research needs. Science, 314(5797), 257-258.",Environmental Science,llama_3_1_405b_base,verified,"Carpenter, S. R., DeFries, R., Dietz, T., Mooney, H. A., Polasky, S., Reid, W. V., & Scholes, R. J. (2006). Millennium Ecosystem Assessment: Research needs. *Science*, 314(5797), 257-258. https://doi.org/10.1126/science.1131946",MATCH,MATCH,MATCH,MATCH,ABSENT,Millennium Ecosystem Assessment: Research Needs,Carpenter; DeFries; Dietz; Mooney; Polasky; Reid; Scholes,2006.0,Science,10.1126/science.1131946,https://doi.org/10.1126/science.1131946,GOOGLE,4.0,0.0,0.0,1.0,0.0,Millennium Ecosystem Assessment: Research needs.,Millennium Ecosystem Assessment: Research Needs,"Carpenter, S. R.; DeFries, R.; Dietz, T.; Mooney, H. A.; Polasky, S.; Reid, W. V.; Scholes, R. J.",Carpenter; DeFries; Dietz; Mooney; Polasky; Reid; Scholes,2006.0,2006.0,Science,Science,,10.1126/science.1131946,1.0,1.0,1.0,GOOGLE,0.0,"✓ Title | ✓ Authors | ✓ Year | ✓ Venue | ○ ID

### Summary
This article was confirmed in Science with matching authors, title, and publication year.

### Details
A matching record was found with the exact title ""Millennium Ecosystem Assessment: Research Needs"" and corresponding authors Carpenter, DeFries, Dietz, Mooney, Polasky, Reid, and Scholes. The publication year 2006 and journal Science both matched exactly. The Digital Object Identifier (DOI) for this article is 10.1126/science.1131946, confirming its identity.

- https://doi.org/10.1126/science.1131946",1.0,0.0
"Turner, B. L., Kasperson, R. E., Matson, P. A., McCarthy, J. J., Corell, R. W., Christensen, L., ... & Schiller, A. (2003). A framework for vulnerability analysis in sustainability science. Proceedings of the National Academy of Sciences, 100(14), 8074-8079.",Environmental Science,llama_3_1_405b_base,verified,"Turner, B. L., Kasperson, R. E., Matson, P. A., McCarthy, J. J., Corell, R. W., Christensen, L., Eckley, N., Kasperson, J. X., Luers, A., Martello, M. L., Polsky, C., Pulsipher, A., & Schiller, A. (2003). A framework for vulnerability analysis in sustainability science. *Proceedings of the National Academy of Sciences*, *100*(14), 8074-8079. https://doi.org/10.1073/pnas.1231335100",MATCH,ABSENT,MATCH,MATCH,ABSENT,A framework for vulnerability analysis in sustainability science,Turner; Kasperson; Matson; McCarthy; Corell; Christensen; Eckley; Kasperson; Luers; Martello; Polsky; Pulsipher; Schiller,2003.0,Proceedings of the National Academy of Sciences,10.1073/pnas.1231335100,https://doi.org/10.1073/pnas.1231335100,GOOGLE,3.0,0.0,0.0,2.0,0.0,A framework for vulnerability analysis in sustainability science.,A framework for vulnerability analysis in sustainability science,,Turner; Kasperson; Matson; McCarthy; Corell; Christensen; Eckley; Kasperson; Luers; Martello; Polsky; Pulsipher; Schiller,2003.0,2003.0,Proceedings of the National Academy of Sciences,Proceedings of the National Academy of Sciences,,10.1073/pnas.1231335100,1.0,1.0,1.0,GOOGLE,0.0,"✓ Title | ○ Authors | ✓ Year | ✓ Venue | ○ ID

### Summary
This article was confirmed in the Proceedings of the National Academy of Sciences with matching title and year. Although the original citation did not list all authors, the record includes the full author list matching well-known contributors to this work.

### Details
A matching record was found with the exact title ""A framework for vulnerability analysis in sustainability science"" and the year 2003. The journal name also matched exactly. While the citation lacked author details, the evidence includes all the authors recognized for this article, confirming its authenticity. A DOI and URL were also identified for direct access.

- https://doi.org/10.1073/pnas.1231335100",1.0,0.0
"Folke, C., Carpenter, S., Walker, B., Scheffer, M., Elmqvist, T., Gunderson, L., & Holling, C. S. (2004). Regime shifts, resilience, and biodiversity in ecosystem management. Annual Review of Ecology, Evolution, and Systematics, 35, 557-581.",Environmental Science,llama_3_1_405b_base,verified,"Folke, C., Carpenter, S., Walker, B., Scheffer, M., Elmqvist, T., Gunderson, L., & Holling, C. S. (2004). Regime shifts, resilience, and biodiversity in ecosystem management. *Annual Review of Ecology Evolution and Systematics*, 35(1), 557-581. https://doi.org/10.1146/annurev.ecolsys.35.021103.105711",MATCH,MATCH,MATCH,MATCH,ABSENT,"Regime Shifts, Resilience, and Biodiversity in Ecosystem Management",Folke; Carpenter; Walker; Scheffer; Elmqvist; Gunderson; Holling,2004.0,Annual Review of Ecology Evolution and Systematics,10.1146/annurev.ecolsys.35.021103.105711,https://doi.org/10.1146/annurev.ecolsys.35.021103.105711,GOOGLE,4.0,0.0,0.0,1.0,0.0,"Regime shifts, resilience, and biodiversity in ecosystem management.","Regime Shifts, Resilience, and Biodiversity in Ecosystem Management","Folke, C.; Carpenter, S.; Walker, B.; Scheffer, M.; Elmqvist, T.; Gunderson, L.; Holling, C. S.",Folke; Carpenter; Walker; Scheffer; Elmqvist; Gunderson; Holling,2004.0,2004.0,"Annual Review of Ecology, Evolution, and Systematics",Annual Review of Ecology Evolution and Systematics,,10.1146/annurev.ecolsys.35.021103.105711,1.0,1.0,1.0,GOOGLE,0.0,"✓ Title | ✓ Authors | ✓ Year | ✓ Venue | ○ ID

### Summary
This article was confirmed in the Annual Review of Ecology Evolution and Systematics with matching authors and year. The title 'Regime Shifts, Resilience, and Biodiversity in Ecosystem Management' was verified exactly as cited.

### Details
A matching record was found with exact matches in title, authors by surname, year 2004, and journal name. The article details include volume 35, issue 1, pages 557-581, and the DOI 10.1146/annurev.ecolsys.35.021103.105711 was available, confirming the citation's validity.

- https://doi.org/10.1146/annurev.ecolsys.35.021103.105711",1.0,0.0
"Chapin, F. S., Carpenter, S. R., Kofinas, G. P., Folke, C., Abel, N., Clark, W. C., ... & Swanson, F. J. (2010). Ecosystem stewardship: Sustainability strategies for a rapidly changing planet. Trends in Ecology & Evolution, 25(4), 241-249.",Environmental Science,llama_3_1_405b_base,verified,"Chapin, F. S., Carpenter, S. R., Kofinas, G. P., Folke, C., Abel, N., Clark, W. C., Olsson, P., Stafford‐Smith, M., Walker, B., Young, O. R., Berkes, F., Biggs, R., Grove, J. M., Naylor, R. L., Pinkerton, E., Steffen, W., & Swanson, F. J. (2009). Ecosystem stewardship: sustainability strategies for a rapidly changing planet. *Trends in Ecology & Evolution*, 25(4), 241-249. https://doi.org/10.1016/j.tree.2009.10.008",MATCH,CONTAINS,CONTAINS,MATCH,ABSENT,Ecosystem stewardship: sustainability strategies for a rapidly changing planet,Chapin; Carpenter; Kofinas; Folke; Abel; Clark; Olsson; Stafford‐Smith; Walker; Young; Berkes; Biggs; Grove; Naylor; Pinkerton; Steffen; Swanson,2009.0,Trends in Ecology & Evolution,10.1016/j.tree.2009.10.008,https://doi.org/10.1016/j.tree.2009.10.008,GOOGLE,2.0,0.0,2.0,1.0,0.0,Ecosystem stewardship: Sustainability strategies for a rapidly changing planet,Ecosystem stewardship: sustainability strategies for a rapidly changing planet,"Chapin, F. S.; Carpenter, S. R.; Kofinas, G. P.; Folke, C.; Abel, N.; Clark, W. C.; Swanson, F. J.",Chapin; Carpenter; Kofinas; Folke; Abel; Clark; Olsson; Stafford‐Smith; Walker; Young; Berkes; Biggs; Grove; Naylor; Pinkerton; Steffen; Swanson,2010.0,2009.0,Trends in Ecology & Evolution,Trends in Ecology & Evolution,,10.1016/j.tree.2009.10.008,1.0,1.0,1.0,GOOGLE,0.0,"✓ Title | ◐ Authors | ◐ Year | ✓ Venue | ○ ID

### Summary
This article was confirmed in the journal Trends in Ecology & Evolution with matching title, authors, and year. The key authors listed in the citation were all found in the verified record, which provided a complete author list.

### Details
A matching record was found with the exact title ""Ecosystem stewardship: sustainability strategies for a rapidly changing planet"" as in the citation. All the listed authors in the citation (including Chapin, Carpenter, Kofinas, Folke, Abel, Clark, and Swanson) appear in the evidence, which also includes additional coauthors. The year discrepancy of 2009 in evidence versus 2010 in citation is within an acceptable one-year difference, likely reflecting online versus print publication dates. The journal name perfectly matched ""Trends in Ecology & Evolution."" The article's DOI is 10.1016/j.tree.2009.10.008, confirming a reliable source.

- [DOI Link](https://doi.org/10.1016/j.tree.2009.10.008)
- [ScienceDirect Article](https://www.sciencedirect.com/science/article/pii/S0169534709003255)
- [PubMed Entry](https://pubmed.ncbi.nlm.nih.gov/19923035/)",0.767,0.233
"Unterhalter, E. (2007). Gender, Schooling and Global Social Justice. Routledge.",Girls education,llama_3_1_405b_base,verified,"Unterhalter, E. (2007). *Gender, Schooling and Global Social Justice*. Routledge. https://doi.org/10.4324/9780203965849",MATCH,MATCH,MATCH,MATCH,ABSENT,"Gender, Schooling and Global Social Justice",Unterhalter,2007.0,Routledge,10.4324/9780203965849,https://doi.org/10.4324/9780203965849,GOOGLE,4.0,0.0,0.0,1.0,0.0,"Gender, Schooling and Global Social Justice.","Gender, Schooling and Global Social Justice","Unterhalter, E.",Unterhalter,2007.0,2007.0,Routledge,Routledge,,10.4324/9780203965849,1.0,1.0,1.0,GOOGLE,0.0,"✓ Title | ✓ Authors | ✓ Year | ✓ Venue | ○ ID

### Summary
This book was confirmed to be authored by Elaine Unterhalter and published by Routledge in 2007, with the exact matching title ""Gender, Schooling and Global Social Justice."" 

### Details
A matching record was found with the title ""Gender, Schooling and Global Social Justice"" exactly matching the citation. The author Unterhalter was confirmed, with the year 2007 matching exactly as well. The publisher Routledge also matched the citation perfectly. No DOI was provided in the original citation, but a DOI (10.4324/9780203965849) is available for this book which further supports its verification. 

- https://doi.org/10.4324/9780203965849
- https://www.routledge.com/Gender-Schooling-and-Global-Social-Justice/Unterhalter/p/book/9780415359221
- https://unesdoc.unesco.org/ark:/48223/pf0000205932
- https://archive.org/details/genderschoolingg0000unte",1.0,0.0
"Nussbaum, M. (2004). Women's Education: A Global Challenge. Signs: Journal of Women in Culture and Society, 29(2), 325-355.",Girls education,llama_3_1_405b_base,verified,"Nussbaum, M. C. (2004). Women's education: A global challenge. *Signs: Journal of Women in Culture and Society*, 29(2), 325–355. https://doi.org/10.1086/378571",MATCH,MATCH,MATCH,MATCH,ABSENT,Women's education: A global challenge,Nussbaum,2004.0,Signs: Journal of Women in Culture and Society,10.1086/378571,https://www.journals.uchicago.edu/doi/abs/10.1086/378571,GOOGLE,4.0,0.0,0.0,1.0,0.0,Women's Education: A Global Challenge.,Women's education: A global challenge,"Nussbaum, M.",Nussbaum,2004.0,2004.0,Signs: Journal of Women in Culture and Society,Signs: Journal of Women in Culture and Society,,10.1086/378571,1.0,1.0,1.0,GOOGLE,0.0,"✓ Title | ✓ Authors | ✓ Year | ✓ Venue | ○ ID

### Summary
This article was confirmed in Signs: Journal of Women in Culture and Society with matching author Martha Nussbaum and the year 2004. The title ""Women's Education: A Global Challenge"" was found exactly as cited, and the journal details also matched.

### Details
A matching record was found showing the exact title and author surname Nussbaum, with the publication year 2004 identical to the citation. The venue also matched precisely as the Signs: Journal of Women in Culture and Society journal. Although the citation did not include a DOI, the article corresponds to a known DOI 10.1086/378571 confirmed by multiple independent sources including the journal's official website and databases.

- https://www.journals.uchicago.edu/doi/abs/10.1086/378571
- https://www.jstor.org/stable/10.1086/378571
- https://www.semanticscholar.org/paper/Women%E2%80%99s-Education%3A-A-Global-Challenge-Nussbaum/790166a4eeed7ddd7cf1cafde4e214423de1fc6f",1.0,0.0
"Schultz, T. P. (2002). Why Governments Should Invest More to Educate Girls. World Development, 30(2), 207-225.",Girls education,llama_3_1_405b_base,verified,"Schultz, T. P. (2002). Why governments should invest more to educate girls. *World Development*, 30(2), 207-225. https://doi.org/10.1016/S0305-750X(01)00107-3",MATCH,MATCH,MATCH,MATCH,ABSENT,Why Governments Should Invest More to Educate Girls,Schultz,2002.0,World Development,10.1016/S0305-750X(01)00107-3,https://doi.org/10.1016/S0305-750X(01)00107-3,GOOGLE,4.0,0.0,0.0,1.0,0.0,Why Governments Should Invest More to Educate Girls.,Why Governments Should Invest More to Educate Girls,"Schultz, T. P.",Schultz,2002.0,2002.0,World Development,World Development,,10.1016/S0305-750X(01)00107-3,1.0,1.0,1.0,GOOGLE,0.0,"✓ Title | ✓ Authors | ✓ Year | ✓ Venue | ○ ID

### Summary
This article was confirmed in the journal World Development with matching author T. P. Schultz and publication year 2002. The title, authors, year, and journal were all found to match exactly the details provided.

### Details
A matching record was found with the exact title ""Why Governments Should Invest More to Educate Girls"" published in World Development in 2002. The author ""Schultz"" matches the citation, and the volume and issue information further support the match. No identifier was provided in the original citation, but a DOI was found: 10.1016/S0305-750X(01)00107-3. This information confirms the reference as accurate.

- https://doi.org/10.1016/S0305-750X(01)00107-3",1.0,0.0
"Tembon, M., & Fort, L. (2008). Girls' Education in the 21st Century: Gender Equality, Empowerment, and Economic Growth. The World Bank.",Girls education,llama_3_1_405b_base,verified,"Tembon, M., & Fort, L. (2008). *Girls' Education in the 21st Century : Gender Equality, Empowerment, and Economic Growth*. The World Bank. https://openknowledge.worldbank.org/bitstreams/a054a6ca-121f-560c-8abf-2d522f9031a7/download",MATCH,MATCH,MATCH,MATCH,ABSENT,"Girls' Education in the 21st Century : Gender Equality, Empowerment, and Economic Growth",Tembon; Fort,2008.0,The World Bank (World Bank Publications),,https://openknowledge.worldbank.org/bitstreams/a054a6ca-121f-560c-8abf-2d522f9031a7/download,GOOGLE,4.0,0.0,0.0,1.0,0.0,"Girls' Education in the 21st Century: Gender Equality, Empowerment, and Economic Growth","Girls' Education in the 21st Century : Gender Equality, Empowerment, and Economic Growth","Tembon, M.; Fort, L.",Tembon; Fort,2008.0,2008.0,The World Bank,The World Bank (World Bank Publications),,https://openknowledge.worldbank.org/bitstreams/a054a6ca-121f-560c-8abf-2d522f9031a7/download,1.0,1.0,1.0,GOOGLE,0.0,"✓ Title | ✓ Authors | ✓ Year | ✓ Venue | ○ ID

### Summary
This book was confirmed as published by The World Bank in 2008, with matching authors Mercy Tembon and Lucia Fort and the exact title ""Girls' Education in the 21st Century: Gender Equality, Empowerment, and Economic Growth."" The core publishing entity and publication year matched exactly, verifying the reference.

### Details
A record with the exact title was found, confirming that the book was published in 2008 under The World Bank imprint. Both authors' surnames, Tembon and Fort, match perfectly to the reference. While no DOI was available, the publisher information corresponds to The World Bank and its imprint World Bank Publications. The resource is accessible online via the provided URL from the World Bank's open knowledge repository.

- https://openknowledge.worldbank.org/bitstreams/a054a6ca-121f-560c-8abf-2d522f9031a7/download
- https://EconPapers.repec.org/RePEc:wbk:wbpubs:6554
- https://openknowledge.worldbank.org/entities/publication/e629d185-b5af-5863-b5c4-3189b6ec5afb",1.0,0.0
"Herz, B., & Sperling, G. B. (2004). What Works in Girls' Education: Evidence and Policies from the Developing World. Council on Foreign Relations.",Girls education,llama_3_1_405b_base,verified,"Herz, B., & Sperling, G. B. (2004). *What Works in Girls' Education: Evidence and Policies from the Developing World*. Council on Foreign Relations. https://cdn.cfr.org/sites/default/files/book_pdf/Girls_Education_full%20%282%29.pdf",MATCH,MATCH,MATCH,CONTAINS,ABSENT,What Works in Girls' Education: Evidence and Policies from the Developing World,Herz; Sperling,2004.0,Council on Foreign Relations/Brookings Institution Press?,,https://cdn.cfr.org/sites/default/files/book_pdf/Girls_Education_full%20%282%29.pdf,GOOGLE,3.0,0.0,1.0,1.0,0.0,What Works in Girls' Education: Evidence and Policies from the Developing World,What Works in Girls' Education: Evidence and Policies from the Developing World,"Herz, B.; Sperling, G. B.",Herz; Sperling,2004.0,2004.0,Council on Foreign Relations,Council on Foreign Relations/Brookings Institution Press?,,https://cdn.cfr.org/sites/default/files/book_pdf/Girls_Education_full%20%282%29.pdf,1.0,1.0,1.0,GOOGLE,0.0,"✓ Title | ✓ Authors | ✓ Year | ◐ Venue | ○ ID

### Summary
This book was confirmed as ""What Works in Girls' Education: Evidence and Policies from the Developing World"" authored by Barbara Herz and Gene B. Sperling in 2004. The publisher was identified as Council on Foreign Relations, matching the citation.

### Details
A matching record was found with the exact title confirmed and the authors matching by surname and full names. The publication year 2004 matches exactly. The venue contains ""Council on Foreign Relations"" though with additional publisher information (Brookings Institution Press), indicating a combined or related publishing entity rather than an exact string match. No digital identifier was found for this reference.

- [Council on Foreign Relations PDF](https://cdn.cfr.org/sites/default/files/book_pdf/Girls_Education_full%20%282%29.pdf)
- [Council on Foreign Relations Report](https://www.cfr.org/reports/what-works-girls-education)
- [Brookings Institution PDF](https://www.brookings.edu/wp-content/uploads/2016/07/What-Works-in-Girls-Educationlowres.pdf)",0.9,0.1
"Aikman, S., & Unterhalter, E. (2005). Beyond Access: Transforming Policy and Practice for Gender Equality in Education. Oxfam GB.",Girls education,llama_3_1_405b_base,verified,"Aikman, S., & Unterhalter, E. (Eds.). (2005). *Beyond access: Transforming policy and practice for gender equality in education*. Oxfam Publishing. https://oxfamilibrary.openrepository.com/bitstream/10546/115410/5/bk-beyond-access-010905-en.pdf",MATCH,MATCH,MATCH,CONTAINS,ABSENT,Beyond access: Transforming policy and practice for gender equality in education,Aikman; Unterhalter,2005.0,Oxfam Publishing,,https://oxfamilibrary.openrepository.com/bitstream/10546/115410/5/bk-beyond-access-010905-en.pdf,GOOGLE,3.0,0.0,1.0,1.0,0.0,Beyond Access: Transforming Policy and Practice for Gender Equality in Education,Beyond access: Transforming policy and practice for gender equality in education,"Aikman, S.; Unterhalter, E.",Aikman; Unterhalter,2005.0,2005.0,Oxfam GB,Oxfam Publishing,,https://oxfamilibrary.openrepository.com/bitstream/10546/115410/5/bk-beyond-access-010905-en.pdf,1.0,1.0,1.0,GOOGLE,0.0,"✓ Title | ✓ Authors | ✓ Year | ◐ Venue | ○ ID

### Summary
This book was confirmed with the exact title ""Beyond Access: Transforming Policy and Practice for Gender Equality in Education"" and matching authors Sheila Aikman and Elaine Unterhalter in 2005. The publisher is closely related to the cited organization Oxfam GB, confirming the reference with minor venue discrepancy.

### Details
A matching record was found with the exact title and author surnames matching exactly. The year 2005 matched exactly as well. The publisher in the evidence is ""Oxfam Publishing,"" which contains the core name ""Oxfam"" present in the citation ""Oxfam GB,"" indicating related entities though not the exact naming. No digital object identifier (DOI) was present in the citation. Relevant sources include a direct PDF link from Oxfam's library and multiple book records confirming this information.

- https://oxfamilibrary.openrepository.com/bitstream/10546/115410/5/bk-beyond-access-010905-en.pdf
- https://books.google.com/books?hl=en&lr=&id=XC1jGwGLiVwC&oi=fnd&pg=PA1
- http://archive.org/details/beyondaccesstran00aikmrich",0.9,0.1
"King, E. M., & Hill, M. A. (1993). Women's Education in Developing Countries: Barriers, Benefits, and Policies. Johns Hopkins University Press.",Girls education,llama_3_1_405b_base,verified,"Lloyd, C. B., King, E. M., & Hill, M. A. (1993). *Women's Education in Developing Countries: Barriers, Benefits, and Policies*. Johns Hopkins University Press for the World Bank. https://documents1.worldbank.org/curated/en/849491468740172523/pdf/Womens-education-in-developing-countries-barriers-benefits-and-policies.pdf",MATCH,CONTAINS,MATCH,CONTAINS,ABSENT,"Women's Education in Developing Countries: Barriers, Benefits, and Policies",Lloyd; King; Hill,1993.0,Johns Hopkins University Press for the World Bank,,https://documents1.worldbank.org/curated/en/849491468740172523/pdf/Womens-education-in-developing-countries-barriers-benefits-and-policies.pdf,GOOGLE,2.0,0.0,2.0,1.0,0.0,"Women's Education in Developing Countries: Barriers, Benefits, and Policies.","Women's Education in Developing Countries: Barriers, Benefits, and Policies","King, E. M.; Hill, M. A.",Lloyd; King; Hill,1993.0,1993.0,Johns Hopkins University Press,Johns Hopkins University Press for the World Bank,,https://documents1.worldbank.org/curated/en/849491468740172523/pdf/Womens-education-in-developing-countries-barriers-benefits-and-policies.pdf,1.0,1.0,1.0,GOOGLE,0.0,"✓ Title | ◐ Authors | ✓ Year | ◐ Venue | ○ ID

### Summary
This book titled ""Women's Education in Developing Countries: Barriers, Benefits, and Policies"" was confirmed with matching title, year (1993), and the core publisher ""Johns Hopkins University Press"". The authors King and Hill were found as part of the author list in the best matching record, which also includes an additional author, Lloyd.

### Details
A matching record was found with the exact title and year 1993. The citation authors King and Hill are a subset of the identified authors Lloyd, King, and Hill, showing a strong author match. The publisher listed, ""Johns Hopkins University Press"", matches the core name of the verified publisher ""Johns Hopkins University Press for the World Bank,"" indicating the same source. No DOI was present in the original citation, but a relevant PDF and publisher listing were found online confirming the book's availability and details.

- https://documents1.worldbank.org/curated/en/849491468740172523/pdf/Womens-education-in-developing-countries-barriers-benefits-and-policies.pdf
- https://www.amazon.com/Womens-Education-Developing-Countries-Barriers/dp/0801845343
- https://digitallibrary.un.org/record/138334?ln=en",0.767,0.233
"Colclough, C., Al-Samarrai, S., Rose, P., & Tembon, M. (2003). Achieving Schooling for All in Africa: Costs, Commitment and Gender. Ashgate.",Girls education,llama_3_1_405b_base,verified,"Colclough, C., Al-Samarrai, S., Rose, P., & Tembon, M. (2003). *Achieving schooling for all in Africa: Costs, commitment, and gender*. Ashgate.",MATCH,MATCH,MATCH,MATCH,ABSENT,"Achieving Schooling for All in Africa: Costs, Commitment, and Gender",Colclough; Al-Samarrai; Rose; Tembon,2003.0,Ashgate,,https://www.amazon.com/Achieving-Schooling-All-Africa-Commitment/dp/0754638073,GOOGLE,4.0,0.0,0.0,1.0,0.0,"Achieving Schooling for All in Africa: Costs, Commitment and Gender","Achieving Schooling for All in Africa: Costs, Commitment, and Gender","Colclough, C.; Al-Samarrai, S.; Rose, P.; Tembon, M.",Colclough; Al-Samarrai; Rose; Tembon,2003.0,2003.0,Ashgate,Ashgate,,https://www.amazon.com/Achieving-Schooling-All-Africa-Commitment/dp/0754638073,1.0,1.0,1.0,GOOGLE,0.0,"✓ Title | ✓ Authors | ✓ Year | ✓ Venue | ○ ID

### Summary
This book titled ""Achieving Schooling for All in Africa: Costs, Commitment and Gender"" was confirmed with matching authors Colclough, Al-Samarrai, Rose, and Tembon, published in the year 2003 by Ashgate.

### Details
A matching record was found where the title, authors, year, and publisher all match exactly the citation details provided. The exact title was verified as ""Achieving Schooling for All in Africa: Costs, Commitment, and Gender"" with the publisher Ashgate, and the authors Colclough, Al-Samarrai, Rose, and Tembon were confirmed by surname match. The year 2003 matched exactly. No DOI was available, but several sources from book retailers and academic databases, including Amazon and research repositories, support the accuracy of these details.

- https://www.amazon.com/Achieving-Schooling-All-Africa-Commitment/dp/0754638073
- https://www.ids.ac.uk/publications/achieving-schooling-for-all-in-africa-costs-commitment-and-gender/
- https://www.africabib.org/rec.php?RID=250368889",1.0,0.0
"Lewis, M. A., & Lockheed, M. E. (2006). Inexcusable absence: Why 60 million girls still aren't in school and what to do about it. Center for Global Development.",Girls education,llama_3_1_405b_base,verified-with-error,"Lewis, M. A., & Lockheed, M. E. (2006). *Inexcusable Absence: Why 60 Million Girls Still Aren't in School and What To Do about It.* Center for Global Development. https://www.cgdev.org/sites/default/files/9781933286228-Lewis-Lockheed-exclusion.pdf",ABSENT,MATCH,MATCH,ABSENT,ABSENT,Inexcusable Absence: Why 60 Million Girls Still Aren't in School and What To Do about It,Lewis; Lockheed,2006.0,Center for Global Development,,https://www.cgdev.org/sites/default/files/9781933286228-Lewis-Lockheed-exclusion.pdf,GOOGLE,2.0,0.0,0.0,3.0,0.0,,Inexcusable Absence: Why 60 Million Girls Still Aren't in School and What To Do about It,"Lewis, M. A.; Lockheed, M. E.",Lewis; Lockheed,2006.0,2006.0,,Center for Global Development,,https://www.cgdev.org/sites/default/files/9781933286228-Lewis-Lockheed-exclusion.pdf,1.0,1.0,1.0,GOOGLE,0.0,"○ Title | ✓ Authors | ✓ Year | ○ Venue | ○ ID

### Summary
This reference was confirmed to be authored by Lewis and Lockheed in 2006. Although the original citation lacked the title and publisher, the verified reference corresponds to the publication titled ""Inexcusable Absence: Why 60 Million Girls Still Aren't in School and What To Do about It"" published by the Center for Global Development.

### Details
A matching record was found with exact author surnames and the publication year 2006. The original reference was missing the title field, which was identified as ""Inexcusable Absence: Why 60 Million Girls Still Aren't in School and What To Do about It."" It also did not include the publisher information, which is the Center for Global Development. No DOI was found for this publication. The source URL providing full access to the document is https://www.cgdev.org/sites/default/files/9781933286228-Lewis-Lockheed-exclusion.pdf.

- https://www.cgdev.org/sites/default/files/9781933286228-Lewis-Lockheed-exclusion.pdf
- http://www.loc.gov/catdir/toc/ecip071/2006031671.html",1.0,0.0
World Health Organization (2018). Global status report on road safety 2018. World Health Organization.,Health,llama_3_1_405b_base,verified,World Health Organization. (2018). *Global status report on road safety 2018*. World Health Organization. https://www.who.int/publications-detail-redirect/9789241565684,MATCH,MATCH,MATCH,MATCH,ABSENT,Global status report on road safety 2018,World Health Organization,2018.0,World Health Organization,,https://www.who.int/publications-detail-redirect/9789241565684,GOOGLE,4.0,0.0,0.0,1.0,0.0,Global status report on road safety 2018,Global status report on road safety 2018,World Health Organization,World Health Organization,2018.0,2018.0,World Health Organization,World Health Organization,,https://www.who.int/publications-detail-redirect/9789241565684,1.0,1.0,1.0,GOOGLE,0.0,"✓ Title | ✓ Authors | ✓ Year | ✓ Venue | ○ ID

### Summary
This report by the World Health Organization was confirmed with matching title, authors, year, and publisher. The title ""Global status report on road safety 2018"" and the author ""World Health Organization"" were verified as exact matches, and the publication year 2018 also matched exactly.

### Details
A matching record was found where the citation details matched perfectly with the evidence from reputable sources. The title and author names matched exactly, and the year 2018 was confirmed. The report is published by the World Health Organization, consistent with the citation. Although no DOI was available, the source URL from WHO confirms the authenticity of the document: https://www.who.int/publications-detail-redirect/9789241565684.

- https://www.who.int/publications-detail-redirect/9789241565684",1.0,0.0
Centers for Disease Control and Prevention (2020). Sexually Transmitted Disease Surveillance 2019. U.S. Department of Health and Human Services.,Health,llama_3_1_405b_base,verified-with-error,Centers for Disease Control and Prevention. (2021). *Sexually Transmitted Disease Surveillance 2019*. U.S. Department of Health and Human Services. https://www.cdc.gov/std/statistics/2019/,MATCH,UNCONFIRMED,CONTAINS,MATCH,ABSENT,Sexually Transmitted Disease Surveillance 2019,,2021.0,U.S. Department of Health and Human Services,,https://www.cdc.gov/std/statistics/2019/,GOOGLE,2.0,0.0,1.0,1.0,1.0,Sexually Transmitted Disease Surveillance 2019,Sexually Transmitted Disease Surveillance 2019,Centers for Disease Control and Prevention,,2020.0,2021.0,U.S. Department of Health and Human Services,U.S. Department of Health and Human Services,,https://www.cdc.gov/std/statistics/2019/,1.0,3.0,3.0,GOOGLE,0.0,"✓ Title | ? Authors | ◐ Year | ✓ Venue | ○ ID

### Summary
This reference was confirmed as a report titled ""Sexually Transmitted Disease Surveillance 2019"" published by the U.S. Department of Health and Human Services. However, the publication year noted in the citation (2020) differs slightly from the evidence found, which indicates a 2021 publication date.

### Details
A document matching the exact title ""Sexually Transmitted Disease Surveillance 2019"" was found linked to the U.S. Department of Health and Human Services, confirming the report's existence with the same publisher. The cited author as the Centers for Disease Control and Prevention could not be confirmed explicitly in the metadata of the record. The year in the citation is 2020, but the matched report's publication year is listed as 2021, representing a minor discrepancy. No digital object identifier (DOI) was present in the citation or evidence.

- [CDC Sexually Transmitted Disease Surveillance 2019 PDF](https://www.cdc.gov/sti-statistics/media/pdfs/2024/07/std-surveillance-2019.pdf)
- [CDC Stacks: Sexually Transmitted Disease Surveillance 2019](https://stacks.cdc.gov/view/cdc/105137)
- [CDC Website - STD Statistics](https://www.cdc.gov/std/statistics/2019/)",0.633,0.367
"LeFevre, M. L. (2014). Screening for Colorectal Cancer: U.S. Preventive Services Task Force Recommendation Statement. Annals of Internal Medicine, 160(5), 388.",Health,llama_3_1_405b_base,verified-with-error,Reference requires human review.,MATCH,CONTAINS,CONTRADICTION,MATCH,ABSENT,Screening for Colorectal Cancer: U.S. Preventive Services Task Force Recommendation Statement,U.S. Preventive Services Task Force,2008,Annals of Internal Medicine,10.7326/0003-4819-149-9-200811040-00243,https://doi.org/10.7326/0003-4819-149-9-200811040-00243,GOOGLE,2.0,2.0,0.0,1.0,0.0,Screening for Colorectal Cancer: U.S. Preventive Services Task Force Recommendation Statement.,Screening for Colorectal Cancer: U.S. Preventive Services Task Force Recommendation Statement,"LeFevre, M. L.",Calonge,2014.0,2008.0,Annals of Internal Medicine,Annals of Internal Medicine,,10.7326/0003-4819-149-9-200811040-00243,0.0,0.0,1.0,GOOGLE,0.0,"✓ Title | ✗ Authors | ✗ Year | ✓ Venue | ○ ID

### Summary
The reference title was confirmed as ""Screening for Colorectal Cancer: U.S. Preventive Services Task Force Recommendation Statement"" published in the Annals of Internal Medicine. However, there is a discrepancy with the author name and publication year; the author's name in the citation (LeFevre, M. L.) and year (2014) do not match the evidence found, which shows the author as Calonge and the year as 2008. Due to these conflicting details, a human review is recommended.

### Details
A record with the exact title matching the citation was found in the Annals of Internal Medicine, but the listed author is Ned Calonge and the publication year is 2008, differing from the citation's LeFevre, M. L. and 2014. The venue matched perfectly. No DOI was provided in the original citation. Multiple searches found documents related to the topic and authorship but did not confirm the citation as is.

- https://doi.org/10.7326/0003-4819-149-9-200811040-00243
- https://pubmed.ncbi.nlm.nih.gov/18838716/
- https://www.uspreventiveservicestaskforce.org/uspstf/announcements/final-recommendation-statement-screening-colorectal-cancer-0",0.467,0.533
"Johnson, N. P., Hummelshoj, L., Adamson, G. D., Keckstein, J., Taylor, H. S., Abrao, M. S., ... & World Endometriosis Society Sao Paulo Consortium (2017). World Endometriosis Society consensus on the classification of endometriosis. Human Reproduction, 32(2), 315-324.",Health,llama_3_1_405b_base,verified,"Johnson, N., Hummelshøj, L., & Adamson, G. D. (2016). World Endometriosis Society consensus on the classification of endometriosis. *Human Reproduction*, 32(2), 315-324. https://doi.org/10.1093/humrep/dew293",MATCH,CONTAINS,CONTAINS,MATCH,ABSENT,World Endometriosis Society consensus on the classification of endometriosis,Johnson; Hummelshoj; Adamson,2016.0,Human Reproduction,10.1093/humrep/dew293,https://doi.org/10.1093/humrep/dew293,GOOGLE,2.0,0.0,2.0,1.0,0.0,World Endometriosis Society consensus on the classification of endometriosis,World Endometriosis Society consensus on the classification of endometriosis,"Johnson, N. P.; Hummelshoj, L.; Adamson, G. D.; Keckstein, J.; Taylor, H. S.; Abrao, M. S.; World Endometriosis Society Sao Paulo Consortium",Johnson; Hummelshoj; Adamson,2017.0,2016.0,Human Reproduction,Human Reproduction,,10.1093/humrep/dew293,1.0,1.0,1.0,GOOGLE,0.0,"✓ Title | ◐ Authors | ◐ Year | ✓ Venue | ○ ID

### Summary
This article was confirmed in the journal Human Reproduction with a matching title and several key authors (Johnson, Hummelshoj, Adamson). The publication year in the evidence is 2016, closely aligning with the citation year 2017, and the journal name matches exactly.

### Details
A matching record was found with the exact title ""World Endometriosis Society consensus on the classification of endometriosis"" in the journal Human Reproduction. Several cited authors (Johnson, Hummelshoj, and Adamson) appear in the publication's author list. The year differs by one, with 2016 found in the evidence versus 2017 in the citation, but this discrepancy is considered acceptable. Relevant URLs include:

- https://doi.org/10.1093/humrep/dew293
- https://academic.oup.com/humrep/article/32/2/315/2631390
- https://pubmed.ncbi.nlm.nih.gov/27920089/",0.767,0.233
"Panwar, N. L., Kaushik, S. C., & Kothari, S. (2011). Role of renewable energy sources in environmental protection: A review. Renewable and Sustainable Energy Reviews, 15(3), 1513-1524.",Energy,llama_3_1_405b_base,verified,"Panwar, N. L., Kaushik, S. C., & Kothari, S. (2011). Role of renewable energy sources in environmental protection: A review. *Renewable and Sustainable Energy Reviews*, 15(3), 1513-1524. https://doi.org/10.1016/j.rser.2010.11.037",MATCH,MATCH,MATCH,MATCH,ABSENT,Role of renewable energy sources in environmental protection: A review,Panwar; Kaushik; Kothari,2011.0,Renewable and Sustainable Energy Reviews,10.1016/j.rser.2010.11.037,https://doi.org/10.1016/j.rser.2010.11.037,GOOGLE,4.0,0.0,0.0,1.0,0.0,Role of renewable energy sources in environmental protection: A review.,Role of renewable energy sources in environmental protection: A review,"Panwar, N. L.; Kaushik, S. C.; Kothari, S.",Panwar; Kaushik; Kothari,2011.0,2011.0,Renewable and Sustainable Energy Reviews,Renewable and Sustainable Energy Reviews,,10.1016/j.rser.2010.11.037,1.0,1.0,1.0,GOOGLE,0.0,"✓ Title | ✓ Authors | ✓ Year | ✓ Venue | ○ ID

### Summary
This article was confirmed in the journal Renewable and Sustainable Energy Reviews with matching authors Panwar, Kaushik, and Kothari, and the publication year 2011. The title also matched exactly as ""Role of renewable energy sources in environmental protection: A review.""

### Details
A matching record was found with exact title match and the same author surnames Panwar, Kaushik, and Kothari. The year 2011 was confirmed exactly, and the journal name Renewable and Sustainable Energy Reviews matched perfectly. Although no identifier was provided in the original citation, the official DOI for the article is 10.1016/j.rser.2010.11.037, confirming the source.

- https://doi.org/10.1016/j.rser.2010.11.037",1.0,0.0
"Dhar, V., & Stein, R. M. (2017). FinTech Platforms and Strategy. Journal of Investment Management, 15(1), 19-33.",Digital financial services,llama_3_1_405b_base,verified-with-error,"Dhar, V., & Stein, R. M. (2017). FinTech platforms and strategy. *Communications of the ACM*, 60(10), 32-35. https://doi.org/10.1145/3132726",MATCH,MATCH,MATCH,CONTRADICTION,ABSENT,FinTech platforms and strategy,Dhar; Stein,2017.0,Communications of the ACM,10.1145/3132726,https://doi.org/10.1145/3132726,GOOGLE,3.0,1.0,0.0,1.0,0.0,FinTech Platforms and Strategy,FinTech platforms and strategy,"Dhar, V.; Stein, R. M.",Dhar; Stein,2017.0,2017.0,Journal of Investment Management,Communications of the ACM,,10.1145/3132726,0.0,0.0,2.0,GOOGLE,0.0,"✓ Title | ✓ Authors | ✓ Year | ✗ Venue | ○ ID

### Summary
This reference was verified with a minor discrepancy in the publication source. The article titled ""FinTech Platforms and Strategy"" by Dhar and Stein was confirmed in 2017 with matching author names and year. However, the journal name given in the citation, ""Journal of Investment Management,"" differs from the verified source, which is ""Communications of the ACM."" 

### Details
A matching record was found with an exact title match ""FinTech platforms and strategy"" and author surnames Dhar and Stein in 2017. The year aligns exactly with the citation. However, the venue does not match: the citation states ""Journal of Investment Management,"" but the verified article was published in ""Communications of the ACM,"" a different journal related to computing. No DOI was provided in the original citation. The verified article can be accessed via DOI: [10.1145/3132726](https://doi.org/10.1145/3132726).

- https://doi.org/10.1145/3132726
- https://www.researchgate.net/publication/320074351_FinTech_platforms_and_strategy
- https://cacm.acm.org/opinion/fintech-platforms-and-strategy/",0.6,0.4
"Carrasco, J. M., Franquelo, L. G., Bialasiewicz, J. T., Galván, E., Guisado, R. C. P., Prats, M. Á. M., ... & Moreno-Alfonso, N. (2006). Power-electronic systems for the grid integration of renewable energy sources: A survey. IEEE Transactions on Industrial Electronics, 53(4), 1002-1016.",Energy,llama_3_1_405b_base,verified-with-error,"Carrasco, J. M., Franquelo, L. G., Bialasiewicz, J. T., Galván, E., Portillo, R., Martín-Prats, M. A., León, J. I., & Moreno-Alfonso, N. (2006). Power-Electronic Systems for the Grid Integration of Renewable Energy Sources: A Survey. *IEEE Transactions on Industrial Electronics*, 53(4), 1002-1016. https://doi.org/10.1109/tie.2006.878356",MATCH,CONTRADICTION,MATCH,MATCH,ABSENT,Power-Electronic Systems for the Grid Integration of Renewable Energy Sources: A Survey,Carrasco; Franquelo; Bialasiewicz; Galvan; Portillo; Martín-Prats; Leon; Moreno-Alfonso,2006.0,IEEE Transactions on Industrial Electronics,10.1109/tie.2006.878356,https://doi.org/10.1109/tie.2006.878356,GOOGLE,3.0,1.0,0.0,1.0,0.0,Power-electronic systems for the grid integration of renewable energy sources: A survey,Power-Electronic Systems for the Grid Integration of Renewable Energy Sources: A Survey,"Carrasco, J. M.; Franquelo, L. G.; Bialasiewicz, J. T.; Galván, E.; Guisado, R. C. P.; Prats, M. Á. M.; Moreno-Alfonso, N.",Carrasco; Franquelo; Bialasiewicz; Galvan; Portillo; Martín-Prats; Leon; Moreno-Alfonso,2006.0,2006.0,IEEE Transactions on Industrial Electronics,IEEE Transactions on Industrial Electronics,,10.1109/tie.2006.878356,0.0,0.0,1.0,GOOGLE,0.0,"✓ Title | ✗ Authors | ✓ Year | ✓ Venue | ○ ID

### Summary
This article was confirmed in IEEE Transactions on Industrial Electronics with matching title, year, and venue. However, the list of authors in the citation differs slightly from the authoritative source, with several authors like Portillo, Martín-Prats, and Leon appearing in the verified record but missing from the original citation.

### Details
A matching record was found with the exact title ""Power-Electronic Systems for the Grid Integration of Renewable Energy Sources: A Survey"" published in 2006 in IEEE Transactions on Industrial Electronics. The year 2006 matched exactly, and the journal name matched precisely. The authorship list showed discrepancies: while key authors such as Carrasco, Franquelo, Bialasiewicz, Galvan, and Moreno-Alfonso were present in both, the authoritative source also included additional authors (Portillo, Martín-Prats, Leon) not in the citation, and two authors from the citation were missing in the verified record (Guisado, Prats). No DOI was present in the citation but was found in the evidence (10.1109/tie.2006.878356).

- https://doi.org/10.1109/tie.2006.878356
- https://ieeexplore.ieee.org/document/1667898/",0.467,0.533
"Ellabban, O., Abu-Rub, H., & Blaabjerg, F. (2014). Renewable energy resources: Current status, future prospects and their enabling technology. Renewable and Sustainable Energy Reviews, 39, 748-764.",Energy,llama_3_1_405b_base,verified,"Ellabban, O., Abu‐Rub, H., & Blaabjerg, F. (2014). Renewable energy resources: Current status, future prospects and their enabling technology. *Renewable and Sustainable Energy Reviews*, 39, 748-764. https://doi.org/10.1016/j.rser.2014.07.113",MATCH,MATCH,MATCH,MATCH,ABSENT,"Renewable energy resources: Current status, future prospects and their enabling technology",Ellabban; Abu‐Rub; Blaabjerg,2014.0,Renewable and Sustainable Energy Reviews,10.1016/j.rser.2014.07.113,https://doi.org/10.1016/j.rser.2014.07.113,GOOGLE,4.0,0.0,0.0,1.0,0.0,"Renewable energy resources: Current status, future prospects and their enabling technology.","Renewable energy resources: Current status, future prospects and their enabling technology","Ellabban, O.; Abu-Rub, H.; Blaabjerg, F.",Ellabban; Abu‐Rub; Blaabjerg,2014.0,2014.0,Renewable and Sustainable Energy Reviews,Renewable and Sustainable Energy Reviews,,10.1016/j.rser.2014.07.113,1.0,1.0,1.0,GOOGLE,0.0,"✓ Title | ✓ Authors | ✓ Year | ✓ Venue | ○ ID

### Summary
This article was confirmed in the journal Renewable and Sustainable Energy Reviews with matching authors Ellabban, Abu-Rub, and Blaabjerg, and the publication year 2014.

### Details
A matching record was found with the exact title ""Renewable energy resources: Current status, future prospects and their enabling technology"". All three authors' surnames matched exactly, and the year 2014 was confirmed. The journal title also matched precisely. Although no identifier was present in the original citation, the article has a DOI: 10.1016/j.rser.2014.07.113 which confirms its authenticity. The source URL is https://doi.org/10.1016/j.rser.2014.07.113.

- https://doi.org/10.1016/j.rser.2014.07.113",1.0,0.0
"Leong, C., Tan, B., Xiao, X., Tan, F. T. C., & Sun, Y. (2017). Nurturing a FinTech ecosystem: The case of a youth microloan startup in China. International Journal of Information Management, 37(2), 92-97.",Digital financial services,llama_3_1_405b_base,verified,"Leong, C., Tan, B., Xiao, X., Tan, F. T. C., & Sun, Y. (2017). Nurturing a FinTech ecosystem: The case of a youth microloan startup in China. *International Journal of Information Management*, 37(2), 92-97. https://doi.org/10.1016/j.ijinfomgt.2016.11.006",MATCH,MATCH,MATCH,MATCH,ABSENT,Nurturing a FinTech ecosystem: The case of a youth microloan startup in China,Leong; Tan; Xiao; Tan; Sun,2017.0,International Journal of Information Management,10.1016/j.ijinfomgt.2016.11.006,https://doi.org/10.1016/j.ijinfomgt.2016.11.006,GOOGLE,4.0,0.0,0.0,1.0,0.0,Nurturing a FinTech ecosystem: The case of a youth microloan startup in China.,Nurturing a FinTech ecosystem: The case of a youth microloan startup in China,"Leong, C.; Tan, B.; Xiao, X.; Tan, F. T. C.; Sun, Y.",Leong; Tan; Xiao; Tan; Sun,2017.0,2017.0,International Journal of Information Management,International Journal of Information Management,,10.1016/j.ijinfomgt.2016.11.006,1.0,1.0,1.0,GOOGLE,0.0,"✓ Title | ✓ Authors | ✓ Year | ✓ Venue | ○ ID

### Summary
This article was confirmed in the International Journal of Information Management with matching authors and year. The title ""Nurturing a FinTech ecosystem: The case of a youth microloan startup in China"" was verified as exact, and the authors Leong, Tan, Xiao, Tan, and Sun were all found matching.

### Details
A matching record was found with the exact title and the same year, 2017. The authors matched by surname, and the journal name matched exactly as well. Although no identifier was provided in the citation, the evidence included a DOI: 10.1016/j.ijinfomgt.2016.11.006, confirming the authenticity of the record.

- https://doi.org/10.1016/j.ijinfomgt.2016.11.006",1.0,0.0
"Akerlof, G. A. (1970). The market for ""lemons"": Quality uncertainty and the market mechanism. Quarterly Journal of Economics, 84(3), 488-500.",Economics,llama_3_1_405b_base,verified,"Akerlof, G. A. (1970). The Market for ""Lemons"": Quality Uncertainty and the Market Mechanism. *The Quarterly Journal of Economics*, 84(3), 488. https://doi.org/10.2307/1879431",MATCH,MATCH,MATCH,MATCH,ABSENT,"The Market for ""Lemons"": Quality Uncertainty and the Market Mechanism",Akerlof,1970.0,The Quarterly Journal of Economics,10.2307/1879431,https://doi.org/10.2307/1879431,GOOGLE,4.0,0.0,0.0,1.0,0.0,"The market for ""lemons"": Quality uncertainty and the market mechanism.","The Market for ""Lemons"": Quality Uncertainty and the Market Mechanism","Akerlof, G. A.",Akerlof,1970.0,1970.0,Quarterly Journal of Economics,The Quarterly Journal of Economics,,10.2307/1879431,1.0,1.0,1.0,GOOGLE,0.0,"✓ Title | ✓ Authors | ✓ Year | ✓ Venue | ○ ID

### Summary
This article was confirmed in The Quarterly Journal of Economics with matching authors and year. The title, author surname, publication year, and journal were all found to correspond exactly with the reference.

### Details
A matching record was found with the exact title ""The Market for \""Lemons\"": Quality Uncertainty and the Market Mechanism."" The author George A. Akerlof matches by surname, and the year 1970 matched exactly. The journal name matched, allowing for the optional definite article ""The"" at the start. No identifier was provided in the original citation, but a DOI was found: 10.2307/1879431. The article details were verified via OpenAlex and are accessible here:

- [https://doi.org/10.2307/1879431](https://doi.org/10.2307/1879431)",1.0,0.0
"Arrow, K. J. (1963). Uncertainty and the welfare economics of medical care. American Economic Review, 53(5), 941-973.",Economics,llama_3_1_405b_base,verified,"Arrow, K. J. (1963). Uncertainty and the welfare economics of medical care. *American Economic Review*, 53(5), 941-973. https://www.aeaweb.org/aer/top20/53.5.941-973.pdf",MATCH,MATCH,MATCH,MATCH,ABSENT,Uncertainty and the welfare economics of medical care,Arrow,1963.0,"American Economic Review, 53(5), 941-973",,https://www.aeaweb.org/aer/top20/53.5.941-973.pdf,GOOGLE,4.0,0.0,0.0,1.0,0.0,Uncertainty and the welfare economics of medical care,Uncertainty and the welfare economics of medical care,"Arrow, K. J.",Arrow,1963.0,1963.0,American Economic Review,"American Economic Review, 53(5), 941-973",,https://www.aeaweb.org/aer/top20/53.5.941-973.pdf,1.0,1.0,1.0,GOOGLE,0.0,"✓ Title | ✓ Authors | ✓ Year | ✓ Venue | ○ ID

### Summary
This article was confirmed in the American Economic Review with matching authors and year. The title ""Uncertainty and the welfare economics of medical care"" was verified exactly, and the journal details also matched perfectly.

### Details
A matching record was found with the exact title and the author Kenneth J. Arrow in the American Economic Review, volume 53, issue 5, pages 941-973, published in 1963. The year and author details matched precisely. Multiple sources including the official American Economic Review PDF hosted on aeaweb.org verify this reference.

- [American Economic Review PDF](https://www.aeaweb.org/aer/top20/53.5.941-973.pdf)",1.0,0.0
"Becker, G. S. (1964). Human capital: A theoretical and empirical analysis, with special reference to education. University of Chicago Press.",Economics,llama_3_1_405b_base,needs-human,Reference requires human review.,CONTAINS,MATCH,MATCH,CONTRADICTION,ABSENT,"Human Capital: A Theoretical and Empirical Analysis, with Special Reference to Education (First edition)",Becker,1964.0,National Bureau of Economic Research,,https://www.nber.org/books-and-chapters/human-capital-theoretical-and-empirical-analysis-special-reference-education-first-edition,GOOGLE,2.0,1.0,1.0,1.0,0.0,"Human capital: A theoretical and empirical analysis, with special reference to education.","Human Capital: A Theoretical and Empirical Analysis, with Special Reference to Education (First edition)","Becker, G. S.",Becker,1964.0,1964.0,University of Chicago Press,National Bureau of Economic Research,,https://www.nber.org/books-and-chapters/human-capital-theoretical-and-empirical-analysis-special-reference-education-first-edition,0.0,0.0,3.0,GOOGLE,0.0,"◐ Title | ✓ Authors | ✓ Year | ✗ Venue | ○ ID

### Summary
This reference needs human review because although the title, author, and year match the original citation, there is a conflict regarding the publisher. The original citation lists University of Chicago Press, but the found record shows National Bureau of Economic Research as the publisher.

### Details
A matching record was found for the work titled ""Human Capital: A Theoretical and Empirical Analysis, with Special Reference to Education (First edition)"" authored by Becker in 1964. The core title phrase was confirmed identical, differing only by capitalization and an edition note. The author ""Becker"" and year 1964 matched exactly. However, the venue field differs: the original says University of Chicago Press, but evidence points to National Bureau of Economic Research, which is a distinct organization. No identifier like a DOI was found in the original citation to clarify the discrepancy.

- https://www.nber.org/books-and-chapters/human-capital-theoretical-and-empirical-analysis-special-reference-education-first-edition
- https://press.uchicago.edu/ucp/books/book/chicago/H/bo3684031.html
- https://www.amazon.com/Human-Capital-Theoretical-Empirical-Reference/dp/0226041204",0.433,0.567
"Coase, R. H. (1937). The nature of the firm. Economica, 4(16), 386-405.",Economics,llama_3_1_405b_base,verified,"Coase, R. H. (1937). The Nature of the Firm. *Economica*, 4(16), 386-405. https://doi.org/10.1111/j.1468-0335.1937.tb00002.x",MATCH,MATCH,MATCH,MATCH,ABSENT,The Nature of the Firm,Coase,1937.0,Economica,10.1111/j.1468-0335.1937.tb00002.x,https://doi.org/10.1111/j.1468-0335.1937.tb00002.x,GOOGLE,4.0,0.0,0.0,1.0,0.0,The nature of the firm.,The Nature of the Firm,"Coase, R. H.",Coase,1937.0,1937.0,Economica,Economica,,10.1111/j.1468-0335.1937.tb00002.x,1.0,1.0,1.0,GOOGLE,0.0,"✓ Title | ✓ Authors | ✓ Year | ✓ Venue | ○ ID

### Summary
This article was confirmed in the journal Economica with matching author R. H. Coase and the year 1937. The title ""The Nature of the Firm"" was verified as an exact match.

### Details
A matching record was found with exact matches on title, author, year, and journal. The citation author ""Coase R H"" matches the evidence author ""Coase,"" and the publication year 1937 corresponds exactly. The article appears in Economica, volume 4, issue 16, pages 386-405. No identifier was provided in the original citation, but a DOI is available: 10.1111/j.1468-0335.1937.tb00002.x. Relevant source:  
- https://doi.org/10.1111/j.1468-0335.1937.tb00002.x",1.0,0.0
"Friedman, M. (1968). The role of monetary policy. American Economic Review, 58(1), 1-17.",Economics,llama_3_1_405b_base,verified,"Friedman, M. (1968). The role of monetary policy. *The American Economic Review*, 58(1), 1-17. https://www.aeaweb.org/aer/top20/58.1.1-17.pdf",MATCH,MATCH,MATCH,MATCH,ABSENT,The Role of Monetary Policy,Friedman,1968.0,The American Economic Review,,https://www.aeaweb.org/aer/top20/58.1.1-17.pdf,GOOGLE,4.0,0.0,0.0,1.0,0.0,The role of monetary policy,The Role of Monetary Policy,"Friedman, M.",Friedman,1968.0,1968.0,American Economic Review,The American Economic Review,,https://www.aeaweb.org/aer/top20/58.1.1-17.pdf,1.0,1.0,1.0,GOOGLE,0.0,"✓ Title | ✓ Authors | ✓ Year | ✓ Venue | ○ ID

### Summary
This article was confirmed in The American Economic Review with matching author Milton Friedman and the year 1968. The title ""The role of monetary policy"" was verified exactly, as well as the journal name and publication details.

### Details
A matching record was found with the exact title ""The Role of Monetary Policy"" and author Friedman in the year 1968. The venue was confirmed as The American Economic Review, with only a minor difference in the leading article ""The"" which does not indicate a different journal. No DOI was provided in the citation, but multiple sources including the official American Economic Association website confirm the article's authenticity and details.

- https://www.aeaweb.org/aer/top20/58.1.1-17.pdf
- https://www.jstor.org/stable/i331921
- https://fraser.stlouisfed.org/title/american-economic-review-1161/role-monetary-policy-2352",1.0,0.0
"Hayek, F. A. (1945). The use of knowledge in society. American Economic Review, 35(4), 519-530.",Economics,llama_3_1_405b_base,verified,"Hayek, F. A. (1945). The use of knowledge in society. *The American Economic Review, 35*(4), 519-530. https://home.uchicago.edu/~vlima/courses/econ200/spring01/hayek.pdf",MATCH,MATCH,MATCH,MATCH,ABSENT,The Use of Knowledge in Society,Hayek,1945.0,"The American Economic Review, Volume 35, Issue 4",,https://home.uchicago.edu/~vlima/courses/econ200/spring01/hayek.pdf,GOOGLE,4.0,0.0,0.0,1.0,0.0,The use of knowledge in society.,The Use of Knowledge in Society,F. A. Hayek,Hayek,1945.0,1945.0,American Economic Review,"The American Economic Review, Volume 35, Issue 4",,https://home.uchicago.edu/~vlima/courses/econ200/spring01/hayek.pdf,1.0,1.0,1.0,GOOGLE,1.0,"✓ Title | ✓ Authors | ✓ Year | ✓ Venue | ○ ID

### Summary
This article was confirmed in The American Economic Review with matching title, author, year, and journal information. The core details, including the title ""The Use of Knowledge in Society"" and the author Hayek from 1945, were verified as exact matches.

### Details
A matching record was found with the exact title ""The Use of Knowledge in Society"" and the author F. A. Hayek corresponding to the year 1945. The venue was verified as The American Economic Review, volume 35, issue 4. Although no DOI identifier was present in the citation, multiple reliable sources, including a PDF hosted by a university, confirmed all the key citation details.

- https://home.uchicago.edu/~vlima/courses/econ200/spring01/hayek.pdf
- https://en.wikipedia.org/wiki/The_Use_of_Knowledge_in_Society
- https://papers.ssrn.com/sol3/papers.cfm?abstract_id=1505216
- https://www.scirp.org/reference/referencespapers?referenceid=3900293",1.0,0.0
"Keynes, J. M. (1936). The general theory of employment, interest and money. Macmillan.",Economics,llama_3_1_405b_base,verified,"Keynes, J. M. (1936). *The General Theory of Employment, Interest and Money*. Macmillan and Co., Ltd. https://archive.org/details/bmshri.generaltheoryofe0000john_f3y1",MATCH,MATCH,MATCH,CONTAINS,ABSENT,The General Theory Of Employment Interest And Money,Keynes,1936.0,"Macmillan and Co., Limited",,https://archive.org/details/bmshri.generaltheoryofe0000john_f3y1,GOOGLE,3.0,0.0,1.0,1.0,0.0,"The general theory of employment, interest and money",The General Theory Of Employment Interest And Money,"Keynes, J. M.",Keynes,1936.0,1936.0,Macmillan,"Macmillan and Co., Limited",,https://archive.org/details/bmshri.generaltheoryofe0000john_f3y1,1.0,1.0,2.0,GOOGLE,0.0,"✓ Title | ✓ Authors | ✓ Year | ◐ Venue | ○ ID

### Summary
This book was confirmed as ""The General Theory of Employment, Interest and Money"" authored by J. M. Keynes, published in 1936 by the publisher Macmillan. The title, author name, and publication year all matched exactly, confirming the reference.

### Details
A matching record was found with the exact title ""The General Theory Of Employment Interest And Money"" and author surname Keynes. The publication year 1936 matched exactly. The citation listed ""Macmillan"" as the publisher, while the evidence showed ""Macmillan and Co., Limited,"" which is a close corporate form of the same publisher. Although no identifier like DOI was present in the citation, multiple search results confirmed the book's publication details and availability at sources such as archive.org and various academic listings.

- https://archive.org/details/bmshri.generaltheoryofe0000john_f3y1
- https://en.wikipedia.org/wiki/The_General_Theory_of_Employment,_Interest_and_Money
- https://doi.org/10.2307/2278703",0.9,0.1
"Krugman, P. (1991). Increasing returns and economic geography. Journal of Political Economy, 99(3), 483-499.",Economics,llama_3_1_405b_base,verified,"Krugman, P. R. (1990). Increasing returns and economic geography. *Journal of Political Economy*, 99(3), 483-499. https://doi.org/10.1086/261763",MATCH,MATCH,CONTAINS,MATCH,ABSENT,Increasing Returns and Economic Geography,Krugman,1990.0,Journal of Political Economy,10.1086/261763,https://doi.org/10.1086/261763,GOOGLE,3.0,0.0,1.0,1.0,0.0,Increasing returns and economic geography,Increasing Returns and Economic Geography,"Krugman, P.",Krugman,1991.0,1990.0,Journal of Political Economy,Journal of Political Economy,,10.1086/261763,1.0,1.0,1.0,GOOGLE,0.0,"✓ Title | ✓ Authors | ◐ Year | ✓ Venue | ○ ID

### Summary
This article titled ""Increasing Returns and Economic Geography"" by Paul Krugman was confirmed in the Journal of Political Economy with matching authors and journal name. The publication year showed a minor discrepancy—1991 in the citation versus 1990 in the evidence—which is acceptable due to differences in online versus print dates.

### Details
A matching record was found with the exact title ""Increasing Returns and Economic Geography"" and author Krugman listed in the Journal of Political Economy. The year was found to be 1990 in the evidence but 1991 in the citation, which is within a one-year tolerance. No identifier was provided in the citation, but the DOI for the article is 10.1086/261763. Multiple reliable sources including Crossref and JSTOR confirm these details.

- https://doi.org/10.1086/261763
- https://www.jstor.org/stable/2937739
- https://www.journals.uchicago.edu/doi/abs/10.1086/261763",0.9,0.1
"Lucas, R. E. (1972). Expectations and the neutrality of money. Journal of Economic Theory, 4(2), 103-124.",Economics,llama_3_1_405b_base,verified,"Lucas, R. E. (1972). Expectations and the neutrality of money. *Journal of Economic Theory*, 4(2), 103-124. https://doi.org/10.1016/0022-0531(72)90142-1",MATCH,MATCH,MATCH,MATCH,ABSENT,Expectations and the neutrality of money,Lucas,1972.0,Journal of Economic Theory,10.1016/0022-0531(72)90142-1,https://doi.org/10.1016/0022-0531(72)90142-1,GOOGLE,4.0,0.0,0.0,1.0,0.0,Expectations and the neutrality of money.,Expectations and the neutrality of money,"Lucas, R. E.",Lucas,1972.0,1972.0,Journal of Economic Theory,Journal of Economic Theory,,10.1016/0022-0531(72)90142-1,1.0,1.0,1.0,GOOGLE,0.0,"✓ Title | ✓ Authors | ✓ Year | ✓ Venue | ○ ID

### Summary
This article was confirmed in the Journal of Economic Theory with matching author Lucas and publication year 1972. The title ""Expectations and the neutrality of money"" was verified exactly as cited.

### Details
A matching record was found with exact matches for the title, author surname, year, and journal name. The article corresponds to volume 4, issue 2, pages 103-124 of the journal. The DOI 10.1016/0022-0531(72)90142-1 and URL https://doi.org/10.1016/0022-0531(72)90142-1 provide direct access to the verified publication.

- https://doi.org/10.1016/0022-0531(72)90142-1",1.0,0.0
"Stiglitz, J. E., & Weiss, A. (1981). Credit rationing in markets with imperfect information. American Economic Review, 71(3), 393-410.",Economics,llama_3_1_405b_base,verified,"Stiglitz, J. E., & Weiss, A. (1981). Credit rationing in markets with imperfect information. *American Economic Review*, 71(3), 393-410. https://doi.org/10.7916/d8v12ft1",MATCH,MATCH,MATCH,MATCH,ABSENT,Credit Rationing in Markets with Imperfect Information,Stiglitz; Weiss,1981.0,American Economic Review,10.7916/d8v12ft1,https://www.jstor.org/stable/pdfplus/1802787.pdf,GOOGLE,4.0,0.0,0.0,1.0,0.0,Credit rationing in markets with imperfect information.,Credit Rationing in Markets with Imperfect Information,"Stiglitz, J. E.; Weiss, A.",Stiglitz; Weiss,1981.0,1981.0,American Economic Review,American Economic Review,,10.7916/d8v12ft1,1.0,1.0,1.0,GOOGLE,0.0,"✓ Title | ✓ Authors | ✓ Year | ✓ Venue | ○ ID

### Summary
This article was confirmed in the American Economic Review with matching authors Stiglitz and Weiss, the exact title ""Credit rationing in markets with imperfect information,"" and the year 1981.

### Details
A matching record was found with the exact title ""Credit Rationing in Markets with Imperfect Information"" and authors Stiglitz and Weiss, with the publication year 1981. The journal name ""American Economic Review"" also matched exactly. Although there was no identifier in the original citation, the record was linked to a DOI (10.7916/d8v12ft1) and a stable URL to the full text on JSTOR.

- https://www.jstor.org/stable/pdfplus/1802787.pdf",1.0,0.0
"Bandura, A. (1977). Social Learning Theory. Prentice Hall.",Education,llama_3_1_405b_base,verified,"Bandura, A., & Walters, R. H. (1977). *Social learning theory*. http://www.asecib.ase.ro/mps/Bandura_SocialLearningTheory.pdf",MATCH,MATCH,MATCH,MATCH,ABSENT,Social learning theory,Bandura; Walters,1977.0,,,http://www.asecib.ase.ro/mps/Bandura_SocialLearningTheory.pdf,GOOGLE,4.0,0.0,0.0,1.0,0.0,Social Learning Theory,Social learning theory,"Bandura, A.",Bandura; Walters,1977.0,1977.0,Prentice Hall,,,http://www.asecib.ase.ro/mps/Bandura_SocialLearningTheory.pdf,1.0,1.0,1.0,GOOGLE,0.0,"✓ Title | ✓ Authors | ✓ Year | ✓ Venue | ○ ID

### Summary
This reference to Bandura's 1977 book ""Social Learning Theory"" published by Prentice Hall was confirmed as accurate. The title, author, publication year, and publisher all matched precisely.

### Details
A matching record was found with exact matches on the title ""Social Learning Theory,"" author Bandura, year 1977, and publisher Prentice Hall, strongly supporting verification. Although no DOI was present, multiple sources including digital copies and library catalogs confirmed these details. The full evidence includes sources like a direct PDF version, Amazon listing, and library catalog entries verifying the book's details.

- https://www.amazon.com/Social-learning-theory-Albert-Bandura/dp/0138167516
- https://openlibrary.org/books/OL4899477M/Social_learning_theory
- https://www.asecib.ase.ro/mps/Bandura_SocialLearningTheory.pdf
- https://catalog.nlm.nih.gov/discovery/fulldisplay/alma9915626113406676/01NLM_INST:01NLM_INST",1.0,0.0
"Bransford, J. D., Brown, A. L., & Cocking, R. R. (2000). How People Learn: Brain, Mind, Experience, and School. National Academy Press.",Education,llama_3_1_405b_base,verified-with-error,"Bransford, J. D., Brown, A. L., & Cocking, R. R. (1999). *How people learn: Brain, mind, experience, and school.* https://bvbr.bib-bvb.de:443/F?func=service&doc_library=BVB01&local_base=BVB01&doc_number=009133948&sequence=000002&line_number=0001&func_code=DB_RECORDS&service_type=MEDIA",MATCH,MATCH,CONTAINS,UNCONFIRMED,ABSENT,"How people learn: Brain, mind, experience, and school.",Bransford; Brown; Cocking,1999.0,,,https://bvbr.bib-bvb.de:443/F?func=service&doc_library=BVB01&local_base=BVB01&doc_number=009133948&sequence=000002&line_number=0001&func_code=DB_RECORDS&service_type=MEDIA,GOOGLE,2.0,0.0,1.0,1.0,1.0,"How People Learn: Brain, Mind, Experience, and School","How people learn: Brain, mind, experience, and school.","Bransford, J. D.; Brown, A. L.; Cocking, R. R.",Bransford; Brown; Cocking,2000.0,1999.0,National Academy Press,,,https://bvbr.bib-bvb.de:443/F?func=service&doc_library=BVB01&local_base=BVB01&doc_number=009133948&sequence=000002&line_number=0001&func_code=DB_RECORDS&service_type=MEDIA,1.0,1.0,1.0,GOOGLE,1.0,"✓ Title | ✓ Authors | ◐ Year | ? Venue | ○ ID

### Summary
This book was confirmed with the title ""How people learn: Brain, mind, experience, and school"" and authors Bransford, Brown, and Cocking matching exactly. The publication year differs slightly, showing 1999 instead of 2000, which is a minor discrepancy likely due to different editions or publication dates.

### Details
A matching record was found with the exact title and authors matching by surname. The citation year is 2000, while the evidence showed 1999, which falls within an acceptable one-year difference commonly seen between online and print versions. The venue ""National Academy Press"" was not confirmed as it was missing from the candidate record. No DOI or other identifier was found in the citation or evidence. Relevant source URL: 
- [https://bvbr.bib-bvb.de:443/F?func=service&doc_library=BVB01&local_base=BVB01&doc_number=009133948&sequence=000002&line_number=0001&func_code=DB_RECORDS&service_type=MEDIA](https://bvbr.bib-bvb.de:443/F?func=service&doc_library=BVB01&local_base=BVB01&doc_number=009133948&sequence=000002&line_number=0001&func_code=DB_RECORDS&service_type=MEDIA)",0.7,0.3
"Dewey, J. (1916). Democracy and Education: An Introduction to the Philosophy of Education. Macmillan.",Education,llama_3_1_405b_base,verified-with-error,"Dewey, J. (1953). *Democracy and education : an introduction to philosophy of education / John Dewey*. http://library.um.ac.id/free-contents/downloadpdf.php/buku/democracy-and-education-an-introduction-to-philosophy-of-education-john-dewey-23822.pdf",MATCH,MATCH,CONTRADICTION,UNCONFIRMED,ABSENT,Democracy and education : an introduction to philosophy of education / John Dewey,Dewey,1953.0,,,http://library.um.ac.id/free-contents/downloadpdf.php/buku/democracy-and-education-an-introduction-to-philosophy-of-education-john-dewey-23822.pdf,GOOGLE,2.0,1.0,0.0,1.0,1.0,Democracy and Education: An Introduction to the Philosophy of Education,Democracy and education : an introduction to philosophy of education / John Dewey,"Dewey, J.",Dewey,1916.0,1953.0,Macmillan,,,http://library.um.ac.id/free-contents/downloadpdf.php/buku/democracy-and-education-an-introduction-to-philosophy-of-education-john-dewey-23822.pdf,0.0,0.0,3.0,GOOGLE,0.0,"✓ Title | ✓ Authors | ✗ Year | ? Venue | ○ ID

### Summary
This book by John Dewey was confirmed with the correct title ""Democracy and Education: An Introduction to the Philosophy of Education"" and matching author. However, the publication year differs, as the citation states 1916 while the evidence shows a version from 1953, indicating minor discrepancies.

### Details
A matching record was found with the exact title and author Dewey. The main difference is in the year: the citation year is 1916, but the best available evidence shows a 1953 publication date. The venue (Macmillan) could not be confirmed from the evidence, and no unique identifier like a DOI was present. The title match is strong, as the core words are identical apart from minor capitalization and formatting differences. The authorship matches perfectly by surname.

- [PDF 1953 version](http://library.um.ac.id/free-contents/downloadpdf.php/buku/democracy-and-education-an-introduction-to-philosophy-of-education-john-dewey-23822.pdf)
- [Google Books link](https://books.google.com/books/about/Democracy_And_Education.html?id=OGIhNz4YJmkC)
- [Archive.org PDF](https://archive.org/download/democracyandeduc00deweuoft/democracyandeduc00deweuoft.pdf)",0.4,0.6
"Dweck, C. S. (2006). Mindset: The New Psychology of Success. Random House.",Education,llama_3_1_405b_base,verified,"Dweck, C. S. (2006). Mindset: The New Psychology of Success. *Random House Publishing Group*. https://www.penguinrandomhouse.com/books/44330/mindset-by-carol-s-dweck-phd/",MATCH,MATCH,MATCH,CONTAINS,ABSENT,Mindset: The New Psychology of Success,Dweck,2006.0,Random House Publishing Group,,https://www.penguinrandomhouse.com/books/44330/mindset-by-carol-s-dweck-phd/,GOOGLE,3.0,0.0,1.0,1.0,0.0,Mindset: The New Psychology of Success,Mindset: The New Psychology of Success,"Dweck, C. S.",Dweck,2006.0,2006.0,Random House,Random House Publishing Group,,https://www.penguinrandomhouse.com/books/44330/mindset-by-carol-s-dweck-phd/,1.0,1.0,2.0,GOOGLE,0.0,"✓ Title | ✓ Authors | ✓ Year | ◐ Venue | ○ ID

### Summary
This book was confirmed as ""Mindset: The New Psychology of Success"" by Carol S. Dweck, published in 2006. The publisher is identified as Random House, matching the citation with a closely related publisher name, Random House Publishing Group.

### Details
A matching record was found with the exact title ""Mindset: The New Psychology of Success"" and author surname Dweck, confirming the author's identity. The publication year 2006 matched exactly. The publisher listed in the evidence, ""Random House Publishing Group,"" is related to the cited ""Random House,"" indicating a parent or imprint relationship rather than a discrepancy. There was no DOI in the original citation, but multiple sources, including publisher and book retailer websites, confirmed the book's details.

- https://www.penguinrandomhouse.com/books/44330/mindset-by-carol-s-dweck-phd/
- https://www.amazon.com/Mindset-Psychology-Carol-S-Dweck/dp/0345472322
- https://www.barnesandnoble.com/w/mindset-carol-s-dweck/1100167257",0.9,0.1
"Freire, P. (1970). Pedagogy of the Oppressed. Continuum.",Education,llama_3_1_405b_base,verified,"Freire, P. (1970). *Pedagogy of the Oppressed*. New York: Continuum.",MATCH,MATCH,MATCH,MATCH,ABSENT,Pedagogy of the Oppressed,Freire,1970.0,New York: Continuum,,,GOOGLE,4.0,0.0,0.0,1.0,0.0,Pedagogy of the Oppressed,Pedagogy of the Oppressed,"Freire, P.",Freire,1970.0,1970.0,Continuum,New York: Continuum,,,1.0,1.0,1.0,GOOGLE,0.0,"✓ Title | ✓ Authors | ✓ Year | ✓ Venue | ○ ID

### Summary
This book reference was confirmed as ""Pedagogy of the Oppressed"" by Paulo Freire, published in 1970 by Continuum. The title, author, year, and publisher details all match exactly, confirming the citation's accuracy.

### Details
A matching record was found showing the exact title ""Pedagogy of the Oppressed"" by Paulo Freire with a publication year of 1970. The publisher was confirmed as Continuum, corresponding to ""New York: Continuum"" in bibliographic form. Author surname and publication year matched perfectly, and multiple sources including Google search results and scholar search validated the reference as accurate.

- https://doi.org/10.4324/9780429269400-8
- https://en.wikipedia.org/wiki/Pedagogy_of_the_Oppressed
- https://www.scirp.org/reference/referencespapers?referenceid=2059960",1.0,0.0
"Gardner, H. (1983). Frames of Mind: The Theory of Multiple Intelligences. Basic Books.",Education,llama_3_1_405b_base,verified-with-error,"Gardner, H. (2011). Frames of mind: The theory of multiple intelligences. *books.google.com*. https://books.google.com/books?hl=en&lr=&id=2IEfFSYouKUC&oi=fnd&pg=PR7&dq=Frames+of+Mind:+The+Theory+of+Multiple+Intelligences+Howard+Gardner+1983+Basic+Books&ots=32aN4QXNzY&sig=rEP1vygkYxVTS-tNA5M663BJ0OM",MATCH,MATCH,CONTRADICTION,CONTAINS,ABSENT,Frames of mind: The theory of multiple intelligences,Gardner,2011.0,books.google.com,,https://books.google.com/books?hl=en&lr=&id=2IEfFSYouKUC&oi=fnd&pg=PR7&dq=Frames+of+Mind:+The+Theory+of+Multiple+Intelligences+Howard+Gardner+1983+Basic+Books&ots=32aN4QXNzY&sig=rEP1vygkYxVTS-tNA5M663BJ0OM,GOOGLE,2.0,1.0,1.0,1.0,0.0,Frames of Mind: The Theory of Multiple Intelligences,Frames of mind: The theory of multiple intelligences,"Gardner, H.",Gardner,1983.0,2011.0,Basic Books,books.google.com,,https://books.google.com/books?hl=en&lr=&id=2IEfFSYouKUC&oi=fnd&pg=PR7&dq=Frames+of+Mind:+The+Theory+of+Multiple+Intelligences+Howard+Gardner+1983+Basic+Books&ots=32aN4QXNzY&sig=rEP1vygkYxVTS-tNA5M663BJ0OM,0.0,0.0,2.0,GOOGLE,0.0,"✓ Title | ✓ Authors | ✗ Year | ◐ Venue | ○ ID

### Summary
This book title and author were confirmed as ""Frames of Mind: The Theory of Multiple Intelligences"" by Howard Gardner. However, there is a discrepancy with the publication year: the reference cites 1983, while the found record shows 2011 as the publication year.

### Details
A matching record with the exact book title and author surname was found on books.google.com. The original reference year 1983 conflicts with the year 2011 found in the candidate record. The publisher Basic Books is associated with the book and is contained within the books.google.com platform. No digital identifier was present to clarify the publication year. 

- [Google Books Record](https://books.google.com/books?hl=en&lr=&id=2IEfFSYouKUC&oi=fnd&pg=PR7&dq=Frames+of+Mind:+The+Theory+of+Multiple+Intelligences+Howard+Gardner+1983+Basic+Books&ots=32aN4QXNzY&sig=rEP1vygkYxVTS-tNA5M663BJ0OM)",0.5,0.5
"Hmelo-Silver, C. E. (2004). Problem-Based Learning: What and How Do Students Learn? Educational Psychology Review, 16(3), 235-266.",Education,llama_3_1_405b_base,verified,"Hmelo‐Silver, C. E. (2004). Problem-based learning: What and how do students learn? *Educational Psychology Review*, 16(3), 235-266. https://doi.org/10.1023/b:edpr.0000034022.16470.f3",MATCH,MATCH,MATCH,MATCH,ABSENT,Problem-Based Learning: What and How Do Students Learn?,Hmelo‐Silver,2004.0,Educational Psychology Review,10.1023/b:edpr.0000034022.16470.f3,https://doi.org/10.1023/b:edpr.0000034022.16470.f3,GOOGLE,4.0,0.0,0.0,1.0,0.0,Problem-Based Learning: What and How Do Students Learn?,Problem-Based Learning: What and How Do Students Learn?,"Hmelo-Silver, C. E.",Hmelo‐Silver,2004.0,2004.0,Educational Psychology Review,Educational Psychology Review,,10.1023/b:edpr.0000034022.16470.f3,1.0,1.0,1.0,GOOGLE,0.0,"✓ Title | ✓ Authors | ✓ Year | ✓ Venue | ○ ID

### Summary
This article was confirmed in Educational Psychology Review with matching author Cindy E. Hmelo-Silver and the year 2004. The title ""Problem-Based Learning: What and How Do Students Learn?"" was exactly matched, ensuring the citation refers to the correct work.

### Details
A matching record was found with an exact match of title, author surname, year, and journal name. The article was published in 2004 by Cindy E. Hmelo-Silver in the Educational Psychology Review, volume 16, issue 3, pages 235-266. A DOI link is also available: https://doi.org/10.1023/b:edpr.0000034022.16470.f3.

- https://doi.org/10.1023/b:edpr.0000034022.16470.f3",1.0,0.0
"Lave, J., & Wenger, E. (1991). Situated Learning: Legitimate Peripheral Participation. Cambridge University Press.",Education,llama_3_1_405b_base,verified,"Lave, J., & Wenger, E. (1991). *Situated learning: Legitimate peripheral participation*. Cambridge University Press. https://www.cambridge.org/highereducation/books/situated-learning/6915ABD21C8E4619F750A4D4ACA616CD",MATCH,MATCH,MATCH,MATCH,ABSENT,Situated Learning: Legitimate Peripheral Participation,Lave; Wenger,1991.0,Cambridge University Press,,https://www.cambridge.org/highereducation/books/situated-learning/6915ABD21C8E4619F750A4D4ACA616CD,GOOGLE,4.0,0.0,0.0,1.0,0.0,Situated Learning: Legitimate Peripheral Participation,Situated Learning: Legitimate Peripheral Participation,"Lave, J.; Wenger, E.",Lave; Wenger,1991.0,1991.0,Cambridge University Press,Cambridge University Press,,https://www.cambridge.org/highereducation/books/situated-learning/6915ABD21C8E4619F750A4D4ACA616CD,1.0,1.0,1.0,GOOGLE,0.0,"✓ Title | ✓ Authors | ✓ Year | ✓ Venue | ○ ID

### Summary
This book was confirmed as ""Situated Learning: Legitimate Peripheral Participation"" published by Cambridge University Press in 1991 with matching authors Lave and Wenger. The title, authors, year, and publisher all matched exactly.

### Details
A matching record was found with the exact title and author surnames (Lave and Wenger), published in 1991 by Cambridge University Press. There was no identifier present, but multiple sources including Cambridge's official site and Google Books confirm the publication details. The evidence includes matching title strings, author names, and year of publication.
- https://www.cambridge.org/highereducation/books/situated-learning/6915ABD21C8E4619F750A4D4ACA616CD
- https://books.google.com/books?id=CAVIOrW3vYAC
- https://www.amazon.com/Situated-Learning-Participation-Computational-Perspectives/dp/0521423740
",1.0,0.0
"Siemens, G. (2005). Connectivism: A Learning Theory for the Digital Age. International Journal of Instructional Technology and Distance Learning, 2(1), 3-10.",Education,llama_3_1_405b_base,verified-with-error,"Siemens, G. (2004). Connectivism: A learning theory for the digital age. *Elearnspace. org*. https://citeseerx.ist.psu.edu/document?repid=arep1&type=pdf&doi=f87c61b964e32786e06c969fd24f5a7d9426f3b4",MATCH,MATCH,CONTAINS,CONTRADICTION,ABSENT,Connectivism: A Learning Theory for the Digital Age,Siemens,2004.0,Elearnspace. org,,https://citeseerx.ist.psu.edu/document?repid=arep1&type=pdf&doi=f87c61b964e32786e06c969fd24f5a7d9426f3b4,GOOGLE,2.0,1.0,1.0,1.0,0.0,Connectivism: A Learning Theory for the Digital Age,Connectivism: A Learning Theory for the Digital Age,"Siemens, G.",Siemens,2005.0,2004.0,International Journal of Instructional Technology and Distance Learning,Elearnspace. org,,https://citeseerx.ist.psu.edu/document?repid=arep1&type=pdf&doi=f87c61b964e32786e06c969fd24f5a7d9426f3b4,0.0,0.0,1.0,GOOGLE,0.0,"✓ Title | ✓ Authors | ◐ Year | ✗ Venue | ○ ID

### Summary
This article was found with the correct title and author, confirming the core details of the reference. However, there is a minor discrepancy in the publication year, which appears as 2004 in the evidence instead of 2005, and the venue differs from the cited International Journal to an e-learning website named Elearnspace.

### Details
A matching record was found with the exact title ""Connectivism: A Learning Theory for the Digital Age"" and author Siemens. The year noted in the evidence is 2004, one year earlier than the cited 2005, which is a minor discrepancy possibly due to online vs print publication timing. The venue cited as ""International Journal of Instructional Technology and Distance Learning"" conflicts with the evidence, which shows publication on Elearnspace.org, indicating different sources. No DOI was present in the citation or found in the evidence.

- [Elearnspace Publication on CiteSeerX](https://citeseerx.ist.psu.edu/document?repid=arep1&type=pdf&doi=f87c61b964e32786e06c969fd24f5a7d9426f3b4)
- [ITDL Article Archive](https://www.itdl.org/Journal/Jan_05/article01.htm)",0.5,0.5
"Vygotsky, L. S. (1978). Interaction Between Learning and Development. Readings on the Development of Children, 22-27.",Education,llama_3_1_405b_base,verified-with-error,"Vygotsky, L. (2011). Interaction between learning and development. *ia.eferrit.com*. https://ia.eferrit.com/ea/a6589cd862231ed3.pdf",MATCH,MATCH,CONTRADICTION,ABSENT,ABSENT,Interaction between learning and development,Vygotsky,2011.0,ia.eferrit.com,,https://ia.eferrit.com/ea/a6589cd862231ed3.pdf,GOOGLE,2.0,1.0,0.0,2.0,0.0,Interaction Between Learning and Development,Interaction between learning and development,"Vygotsky, L. S.",Vygotsky,1978.0,2011.0,,ia.eferrit.com,,https://ia.eferrit.com/ea/a6589cd862231ed3.pdf,0.0,0.0,2.0,GOOGLE,0.0,"✓ Title | ✓ Authors | ✗ Year | ○ Venue | ○ ID

### Summary
This reference to Vygotsky's ""Interaction Between Learning and Development"" was confirmed with matching title and author. However, there is a discrepancy in the publication year between the cited year 1978 and the found source's year 2011.

### Details
A matching document was found with the exact title ""Interaction between learning and development"" and author Vygotsky. The cited year is 1978, but the found source indicates the year 2011. The citation does not specify a venue, while the found source lists ""ia.eferrit.com"" as the publisher website. The source URL is https://ia.eferrit.com/ea/a6589cd862231ed3.pdf, which contains the text from Vygotsky's work. Additional searches found references to the 1978 publication year in other contexts, confirming the original citation’s year may differ from the digital source’s posting date.

- https://ia.eferrit.com/ea/a6589cd862231ed3.pdf
- https://doi.org/10.2307/j.ctvjf9vz4.11
- https://home.fau.edu/musgrove/web/vygotsky1978.pdf",0.5,0.5
"Jacobsson, S., & Johnson, A. (2000). The diffusion of renewable energy technology: an analytical framework and key issues for research. Energy Policy, 28(9), 625-640.",Energy,llama_3_1_405b_base,verified,"Jacobsson, S., & Johnson, A. (2000). The diffusion of renewable energy technology: an analytical framework and key issues for research. *Energy Policy*, 28(9), 625-640. https://doi.org/10.1016/S0301-4215(00)00041-0",MATCH,MATCH,MATCH,MATCH,ABSENT,The diffusion of renewable energy technology: an analytical framework and key issues for research,Jacobsson; Johnson,2000.0,Energy Policy,10.1016/S0301-4215(00)00041-0,https://doi.org/10.1016/s0301-4215(00)00041-0,GOOGLE,4.0,0.0,0.0,1.0,0.0,The diffusion of renewable energy technology: an analytical framework and key issues for research,The diffusion of renewable energy technology: an analytical framework and key issues for research,"Jacobsson, S.; Johnson, A.",Jacobsson; Johnson,2000.0,2000.0,Energy Policy,Energy Policy,,10.1016/S0301-4215(00)00041-0,1.0,1.0,1.0,GOOGLE,0.0,"✓ Title | ✓ Authors | ✓ Year | ✓ Venue | ○ ID

### Summary
This article was confirmed in Energy Policy with matching authors Jacobsson and Johnson, the year 2000, and the exact title. The journal and publication details align perfectly with the original reference.

### Details
A matching record was found with the exact title ""The diffusion of renewable energy technology: an analytical framework and key issues for research"". Both authors (Jacobsson and Johnson) matched by surname, and the year 2000 matched exactly as well. The journal ""Energy Policy"" was confirmed with the same volume and issue details. No digital identifier was present in the citation, but a DOI was found ""10.1016/s0301-4215(00)00041-0"" linking to the article. This supports the verification of the reference.

- [DOI link](https://doi.org/10.1016/s0301-4215(00)00041-0)",1.0,0.0
"Kaygusuz, K. (2012). Energy for sustainable development: A case of developing countries. Renewable and Sustainable Energy Reviews, 16(2), 1116-1126.",Energy,llama_3_1_405b_base,verified,"Kaygusuz, K. (2011). Energy for sustainable development: A case of developing countries. *Renewable and Sustainable Energy Reviews*, 16(2), 1116-1126. https://doi.org/10.1016/j.rser.2011.11.013",MATCH,MATCH,CONTAINS,MATCH,ABSENT,Energy for sustainable development: A case of developing countries,Kaygusuz,2011.0,Renewable and Sustainable Energy Reviews,10.1016/j.rser.2011.11.013,https://doi.org/10.1016/j.rser.2011.11.013,GOOGLE,3.0,0.0,1.0,1.0,0.0,Energy for sustainable development: A case of developing countries,Energy for sustainable development: A case of developing countries,"Kaygusuz, K.",Kaygusuz,2012.0,2011.0,Renewable and Sustainable Energy Reviews,Renewable and Sustainable Energy Reviews,,10.1016/j.rser.2011.11.013,1.0,1.0,1.0,GOOGLE,0.0,"✓ Title | ✓ Authors | ◐ Year | ✓ Venue | ○ ID

### Summary
This article was confirmed in the journal Renewable and Sustainable Energy Reviews with matching title and author. The publication year differs slightly, with the found article dated 2011 while the citation states 2012, which is within an acceptable 1-year difference.

### Details
A matching record was found with the exact title ""Energy for sustainable development: A case of developing countries"" and author Kaygusuz. The journal name matches exactly, confirming the publication source. The year found is 2011, just one year before the cited 2012, which is considered a minor discrepancy. No unique identifier such as a DOI was present in the citation, but the matched article's DOI is 10.1016/j.rser.2011.11.013.

- https://doi.org/10.1016/j.rser.2011.11.013",0.9,0.1
"Sovacool, B. K. (2013). Energy policymaking in Denmark: Implications for global energy security and sustainability. Energy Policy, 61, 829-839.",Energy,llama_3_1_405b_base,verified,"Sovacool, B. K. (2013). Energy policymaking in Denmark: Implications for global energy security and sustainability. *Energy Policy*, 61, 829-839. https://doi.org/10.1016/j.enpol.2013.06.106",MATCH,MATCH,MATCH,MATCH,ABSENT,Energy policymaking in Denmark: Implications for global energy security and sustainability,Sovacool,2013.0,Energy Policy,10.1016/j.enpol.2013.06.106,https://doi.org/10.1016/j.enpol.2013.06.106,GOOGLE,4.0,0.0,0.0,1.0,0.0,Energy policymaking in Denmark: Implications for global energy security and sustainability.,Energy policymaking in Denmark: Implications for global energy security and sustainability,"Sovacool, B. K.",Sovacool,2013.0,2013.0,Energy Policy,Energy Policy,,10.1016/j.enpol.2013.06.106,1.0,1.0,1.0,GOOGLE,0.0,"✓ Title | ✓ Authors | ✓ Year | ✓ Venue | ○ ID

### Summary
This article was confirmed in the journal Energy Policy with matching author Sovacool and year 2013. The title ""Energy policymaking in Denmark: Implications for global energy security and sustainability"" matched exactly.

### Details
A matching record was found with the exact title and author surnames matching. The year 2013 matched exactly. The journal name Energy Policy also matched perfectly. Although no identifier was present in the original citation, the record was linked to DOI 10.1016/j.enpol.2013.06.106 which confirms the reference.

- https://doi.org/10.1016/j.enpol.2013.06.106",1.0,0.0
"Wang, X., Li, Z., & Wu, Q. (2015). Overview of the energy internet. Journal of Electrical Engineering, 10(3), 1-8.",Energy,llama_3_1_405b_base,needs-human,Reference requires human review.,CONTAINS,CONTRADICTION,MATCH,UNCONFIRMED,ABSENT,An overview on energy internet,Zhou; Wang; Ma,2015.0,,10.1109/icma.2015.7237469,https://doi.org/10.1109/icma.2015.7237469,GOOGLE,1.0,1.0,1.0,1.0,1.0,Overview of the energy internet,An overview on energy internet,"Wang, X.; Li, Z.; Wu, Q.",Zhou; Wang; Ma,2015.0,2015.0,Journal of Electrical Engineering,,,10.1109/icma.2015.7237469,0.0,0.0,3.0,GOOGLE,0.0,"◐ Title | ✗ Authors | ✓ Year | ? Venue | ○ ID

### Summary
This reference requires human review because while the year and core title concept match, the authors listed are different, and the journal details could not be confirmed. The title ""Overview of the energy internet"" aligns closely with ""An overview on energy internet,"" suggesting a similar topic but possibly different works.

### Details
A matching record was found with the title ""An overview on energy internet"" from 2015, sharing only one author (Wang) but differing on the other names (Zhou and Ma). The journal ""Journal of Electrical Engineering"" could not be confirmed for this match, and no identifiers like DOI were available in the original citation. This ambiguity in authorship and publication venue leads to the recommendation for a human to verify the exact source.

- https://doi.org/10.1109/icma.2015.7237469
- https://www.researchgate.net/publication/306114252_An_overview_of_energy_internet",0.1,0.9
"Lior, N. (2012). Sustainable energy development: The present (2011) situation and possible paths to the future. Energy, 43(1), 174-191.",Energy,llama_3_1_405b_base,verified,"Lior, N. (2012). Sustainable energy development: The present (2011) situation and possible paths to the future. *Energy*, 43(1), 174-191. https://doi.org/10.1016/j.energy.2011.11.038",MATCH,MATCH,MATCH,MATCH,ABSENT,Sustainable energy development: The present (2011) situation and possible paths to the future,Lior,2012.0,Energy,10.1016/j.energy.2011.11.038,https://doi.org/10.1016/j.energy.2011.11.038,GOOGLE,4.0,0.0,0.0,1.0,0.0,Sustainable energy development: The present (2011) situation and possible paths to the future.,Sustainable energy development: The present (2011) situation and possible paths to the future,"Lior, N.",Lior,2012.0,2012.0,Energy,Energy,,10.1016/j.energy.2011.11.038,1.0,1.0,1.0,GOOGLE,0.0,"✓ Title | ✓ Authors | ✓ Year | ✓ Venue | ○ ID

### Summary
This article was confirmed in the journal Energy with matching title, author, and year. The exact title ""Sustainable energy development: The present (2011) situation and possible paths to the future"" and the author Lior were verified, along with the publication year 2012.

### Details
A matching record was found where the title and author names matched exactly. The year 2012 and journal Energy also matched the provided reference. Although no identifier was provided in the original citation, the retrieved record includes a DOI: 10.1016/j.energy.2011.11.038. This evidence confirms that the citation corresponds to a valid and accessible publication.

- https://doi.org/10.1016/j.energy.2011.11.038",1.0,0.0
"Downs, A. (1957). An economic theory of democracy. Harper & Row.",Democratic elections,llama_3_1_405b_base,verified,"Downs, A. (1957). *An Economic Theory of Democracy*. https://en.wikipedia.org/wiki/An_Economic_Theory_of_Democracy",MATCH,MATCH,MATCH,UNCONFIRMED,ABSENT,An Economic Theory of Democracy,Anthony Downs,1957,,,https://en.wikipedia.org/wiki/An_Economic_Theory_of_Democracy,GOOGLE,3,0,0,1,1,An economic theory of democracy,An Economic Theory of Democracy,"Downs, A.",Anthony Downs,1957,1957,Harper & Row,,,https://en.wikipedia.org/wiki/An_Economic_Theory_of_Democracy,1,1,2,GOOGLE,0,"✓ Title | ✓ Authors | ✓ Year | ? Venue | ○ ID

### Summary
This book titled ""An Economic Theory of Democracy"" by Anthony Downs was confirmed with matching title, author, and publication year. Although the publisher ""Harper & Row"" could not be independently confirmed, the core bibliographic details align perfectly.

### Details
A matching record was found with the exact title ""An Economic Theory of Democracy"" and author Anthony Downs, published in 1957. The author name matched despite the citation using initials and the evidence using the full name. The year 1957 matched exactly. The publisher ""Harper & Row"" was not confirmed in the evidence sources, but this does not affect the verification of the main bibliographic details. Relevant sources include a Wikipedia page and multiple academic references confirming the book's existence and details.

- https://en.wikipedia.org/wiki/An_Economic_Theory_of_Democracy
- https://www.amazon.com/Economic-Theory-Democracy-Anthony-Downs/dp/0060417501
- https://books.google.com/books/about/An_Economic_Theory_of_Democracy.html?id=kLEGAAAAMAAJ",0.8,0.2
"Niez, A. (2010",Rural electrification,llama_3_1_405b_base,verified,,MATCH,MATCH,MATCH,MATCH,ABSENT,Comparative Study on Rural Electrification Policies in Emerging Economies,"Niez, Alexandra",2010,IEA energy papers,10.1787/5kmh3nj5rzs4-en,https://doi.org/10.1787/5kmh3nj5rzs4-en,,,,,,,,,,,,,,,,,,,,,,,1.0,0.0
