reference,topic,model,svris_status,svris_reference,field_title,field_authors,field_year,field_venue,field_id,candidate_title,candidate_authors,candidate_year,candidate_venue,candidate_doi,candidate_url,candidate_source,candidate_matches,candidate_contradictions,candidate_contains,candidate_absent,candidate_unconfirmed,cmp_title_citation,cmp_title_candidate,cmp_authors_citation,cmp_authors_candidate,cmp_year_citation,cmp_year_candidate,cmp_venue_citation,cmp_venue_candidate,cmp_id_citation,cmp_id_candidate,match_set_size,contained_set_size,total_candidates,sources_queried,processing_time_ms,svris_message,score,error_distance
"Adebisi, F., & Adewumi, A. O. (2009). Biometric voter registration and verification system for developing countries. International Journal of Computer Science and Network Security, 9(5), 245-252.",Biometric voter registration,mistral_large_2_123b,unverified,Reference could not be verified.,CONTRADICTION,CONTRADICTION,UNCONFIRMED,UNCONFIRMED,ABSENT,Design and Implementation of a Bimodal Voter Accreditation and Voting System,JA Alani; OS Olatunde; BA Adebisi,,,,,GOOGLE,0,2,0,1,2,Biometric voter registration and verification system for developing countries,Design and Implementation of a Bimodal Voter Accreditation and Voting System,"Adebisi, F.; Adewumi, A. O.",JA Alani; OS Olatunde; BA Adebisi,2009,,International Journal of Computer Science and Network Security,,,,0,0,1,GOOGLE,1,"✗ Title | ✗ Authors | ? Year | ? Venue | ○ ID

### Summary
No matching article could be found that confirms the reference by Adebisi and Adewumi (2009) titled ""Biometric voter registration and verification system for developing countries."" The closest found work has a different title and author list, indicating it is a different publication.

### Details
A search did not find any record matching the exact title or author combination. The title in the reference focuses on biometric voter registration and verification in developing countries, but the closest found work is titled ""Design and Implementation of a Bimodal Voter Accreditation and Voting System"" with different authors, only sharing one author named Adebisi. The year 2009 and the journal name could not be confirmed as no matching record was found. No digital identifier like a DOI was available to assist verification.

- https://www.researchgate.net/profile/Bello-Olaide-Wasiu/publication/380095699_Technology_and_Conduct_of_Election_in_Developing_Countries_A_Study_of_Nigeria's_Fourth_Republic/links/662a65bb06ea3d0b740bc500/Technology-and-Conduct-of-Election-in-Developing-Countries-A-Study-of-Nigerias-Fourth-Republic.pdf
- https://ieeexplore.ieee.org/abstract/document/10630296/
- https://journals.co.za/doi/pdf/10.25159/0256-8845/2861
- https://journals.co.za/doi/pdf/10.31920/2516-5305/2024/21n2a14
- https://www.researchgate.net/profile/Martins-Amola/publication/396248875_Integration_of_Biometric_Authentication_in_CUTP/links/68e47e0bf3032e2b4be71589/Integration-of-Biometric-Authentication-in-CUTP.pdf
- https://paauascience.com.ng/index.php/paausjsdata/article/download/9/3",0.0,1.0
"Ajayi, O. O., & Okeniyi, J. O. (2011). Biometric voter registration: A case study of Nigeria. Proceedings of the World Congress on Engineering and Computer Science, 1, 14-19.",Biometric voter registration,mistral_large_2_123b,unverified,Reference could not be verified.,CONTRADICTION,UNCONFIRMED,UNCONFIRMED,UNCONFIRMED,ABSENT,Exploring the Use of Biometric Smart Cards for Voters' Accreditation,,,,,https://ijaseit.insightsociety.org/index.php/ijaseit/article/view/8459,GOOGLE,0,1,0,1,3,Biometric voter registration: A case study of Nigeria.,Exploring the Use of Biometric Smart Cards for Voters' Accreditation,"Ajayi, O. O.; Okeniyi, J. O.",,2011,,World Congress on Engineering and Computer Science,,,https://ijaseit.insightsociety.org/index.php/ijaseit/article/view/8459,0,0,3,GOOGLE,0,"✗ Title | ? Authors | ? Year | ? Venue | ○ ID

### Summary
No matching article could be found for the reference by Ajayi and Okeniyi (2011) titled ""Biometric voter registration: A case study of Nigeria."" The title and other key details do not align with any available records.

### Details
A search did not find any record matching the exact title or authors. The closest found article, ""Exploring the Use of Biometric Smart Cards for Voters' Accreditation,"" has a different title and no author or year information to confirm a match. The year 2011 and the conference name ""World Congress on Engineering and Computer Science"" could not be verified. No digital identifier was available to assist verification.

- https://ijaseit.insightsociety.org/index.php/ijaseit/article/view/8459",0.0,1.0
"Al-Karaki, J. N., & Kamal, A. M. (2004). Biometric-based voter registration: A case study of Jordan. Journal of King Abdulaziz University: Engineering Sciences, 15(1), 107-120.",Biometric voter registration,mistral_large_2_123b,unverified,Reference could not be verified.,UNCONFIRMED,UNCONFIRMED,UNCONFIRMED,UNCONFIRMED,UNCONFIRMED,,,,,,,,,,,,,,,,,,,,,,,0,0,0,,0,"? Title | ? Authors | ? Year | ? Venue | ? ID

### Summary
No matching article could be found for the reference by Al-Karaki and Kamal from 2004 titled ""Biometric-based voter registration: A case study of Jordan"" in the Journal of King Abdulaziz University: Engineering Sciences.

### Details
A search in OpenAlex and Google Scholar did not return any records matching the title, authors, year, or journal details provided. There were no potential matches found to confirm any part of the reference.

- [OpenAlex](https://openalex.org)
- [Google Scholar](https://scholar.google.com)",0.0,1.0
"Chikolo, D. (2013). Biometric voter registration in Zambia: An evaluation. Journal of Public Administration and Policy Research, 5(4), 123-130.",Biometric voter registration,mistral_large_2_123b,unverified,Reference could not be verified.,CONTRADICTION,CONTRADICTION,CONTRADICTION,CONTRADICTION,ABSENT,Identity Management Based on Frontal Facial Recognition for Voters Register in Zambia,L K Musambo; J Phiri,2019,Zambia ICT Journal,,http://ictjournal.icict.org.zm/index.php/zictjournal/article/view/73,GOOGLE,0,4,0,1,0,Biometric voter registration in Zambia: An evaluation,Identity Management Based on Frontal Facial Recognition for Voters Register in Zambia,"Chikolo, D.",L K Musambo; J Phiri,2013,2019,Journal of Public Administration and Policy Research,Zambia ICT Journal,,http://ictjournal.icict.org.zm/index.php/zictjournal/article/view/73,0,0,2,GOOGLE,0,"✗ Title | ✗ Authors | ✗ Year | ✗ Venue | ○ ID

### Summary
No matching article could be found for the reference by Chikolo, D. (2013) on biometric voter registration in Zambia. The available evidence points to a different article published in 2019 by Musambo and Phiri on a related but distinct topic.

### Details
A search did not find any record matching the title, authors, year, or journal of the cited article. The titles differ significantly: the cited work evaluates biometric voter registration in Zambia, while the found article discusses identity management using frontal facial recognition for the voters register. The authors do not overlap, with the citation listing Chikolo, D., and the found article authored by Musambo and Phiri. The publication years differ by six years (2013 vs 2019), and the journals are unrelated. No identifier was provided in the citation to aid verification.

- http://ictjournal.icict.org.zm/index.php/zictjournal/article/view/73",0.0,1.0
"Dlamini, S. (2012). The impact of biometric voter registration on electoral outcomes in Swaziland. African Journal of Political Science and International Relations, 6(3), 101-108.",Biometric voter registration,mistral_large_2_123b,unverified,Reference could not be verified.,UNCONFIRMED,UNCONFIRMED,UNCONFIRMED,UNCONFIRMED,UNCONFIRMED,,,,,,,,,,,,,,,,,,,,,,,0,0,0,,0,"? Title | ? Authors | ? Year | ? Venue | ? ID

### Summary
No matching article could be found for the reference by Dlamini (2012) titled ""The impact of biometric voter registration on electoral outcomes in Swaziland"" in the African Journal of Political Science and International Relations.

### Details
A search in OpenAlex and Google Scholar did not return any records matching the title, author, year, or journal details provided. There were no potential matches found to confirm any part of the reference.

- [OpenAlex](https://openalex.org)
- [Google Scholar](https://scholar.google.com)",0.0,1.0
"Kearney, M. (2012). Biometric voter registration in Kenya: A qualitative assessment. African Journal of Politics and Society, 18(1), 56-72.",Biometric voter registration,mistral_large_2_123b,unverified,Reference could not be verified.,UNCONFIRMED,UNCONFIRMED,UNCONFIRMED,UNCONFIRMED,UNCONFIRMED,,,,,,,,,,,,,,,,,,,,,,,0,0,0,,0,"? Title | ? Authors | ? Year | ? Venue | ? ID

### Summary
No matching article titled ""Biometric voter registration in Kenya: A qualitative assessment"" by Kearney from 2012 could be found in the searched databases or sources. The reference could not be confirmed in any journal or repository.

### Details
A search in OpenAlex returned no matching records for this article. Additional searches through scholarly databases also did not find any work matching the title, author, or year. The closest related results were on topics of electoral processes and digital technology in Africa but did not match the specific reference. No DOI or other identifiers were found to verify this citation.

- https://search.proquest.com
- https://openalex.org
- https://books.google.com",0.0,1.0
"Manirabona, J. (2013). Biometric voter registration: A case study of Burundi. Journal of African Elections, 12(2), 223-238.",Biometric voter registration,mistral_large_2_123b,unverified,Reference could not be verified.,CONTRADICTION,UNCONFIRMED,UNCONFIRMED,UNCONFIRMED,ABSENT,Embracing Biometric Voter Registration in Africa,,,,,https://www.researchgate.net/publication/315388352_Embracing_Biometric_Voter_Registration_in_Africa,GOOGLE,0,1,0,1,3,Biometric voter registration: A case study of Burundi.,Embracing Biometric Voter Registration in Africa,"Manirabona, J.",,2013,,Journal of African Elections,,,https://www.researchgate.net/publication/315388352_Embracing_Biometric_Voter_Registration_in_Africa,0,0,2,GOOGLE,0,"✗ Title | ? Authors | ? Year | ? Venue | ○ ID

### Summary
No matching article titled ""Biometric voter registration: A case study of Burundi"" by Manirabona in 2013 could be found. The closest related document found discusses biometric voter registration in Africa more broadly, which is a different work.

### Details
A search did not find any record matching the exact title or author for the 2013 article in the Journal of African Elections. The title in the citation conflicts with the found document titled ""Embracing Biometric Voter Registration in Africa,"" which covers a wider regional scope rather than a Burundi-specific case study. The author and year fields remain unconfirmed due to lack of matching records. No DOI or other identifier was available to assist verification.

- https://www.researchgate.net/publication/315388352_Embracing_Biometric_Voter_Registration_in_Africa",0.0,1.0
"Mercuri, R. T. (2001). Biometric voter registration systems. Electronic Voting Technology Workshop, 1-10.",Biometric voter registration,mistral_large_2_123b,unverified,Reference could not be verified.,CONTRADICTION,MATCH,CONTAINS,CONTRADICTION,ABSENT,A better ballot box?,R Mercuri,2002,IEEE spectrum,,https://ieeexplore.ieee.org/abstract/document/1038569/,GOOGLE,1,2,1,1,0,Biometric voter registration systems.,A better ballot box?,"Mercuri, R. T.",R Mercuri,2001,2002,Electronic Voting Technology Workshop,IEEE spectrum,,https://ieeexplore.ieee.org/abstract/document/1038569/,0,0,3,GOOGLE,0,"✗ Title | ✓ Authors | ◐ Year | ✗ Venue | ○ ID

### Summary
No matching article could be found for the reference to Mercuri's 2001 work on biometric voter registration systems. Although the author name matches, the title and venue differ significantly from available records.

### Details
A matching record was not found in OpenAlex. The closest found article by R. Mercuri is titled ""A better ballot box?"" published in IEEE Spectrum in 2002, which differs in both title and venue from the cited workshop paper. The year is close but the topics and publication sources do not align, indicating this is not the same work.

- https://ieeexplore.ieee.org/abstract/document/1038569/",0.0,1.0
"Mwesigwa, D. (2011). The effectiveness of biometric voter registration in Uganda. Journal of African Law, 55(2), 234-250.",Biometric voter registration,mistral_large_2_123b,unverified,Reference could not be verified.,CONTRADICTION,CONTAINS,CONTRADICTION,CONTRADICTION,ABSENT,"Integrating ICT in Elections: How Uganda Implemented Biometric Voter Registration, 2001–2016",M Cynthia,2021,archives.kdischool.ac.kr,,https://archives.kdischool.ac.kr/handle/11125/43387,GOOGLE,0,3,1,1,0,The effectiveness of biometric voter registration in Uganda.,"Integrating ICT in Elections: How Uganda Implemented Biometric Voter Registration, 2001–2016","Mwesigwa, D.",M Cynthia,2011,2021,Journal of African Law,archives.kdischool.ac.kr,,https://archives.kdischool.ac.kr/handle/11125/43387,0,0,3,GOOGLE,1,"✗ Title | ◐ Authors | ✗ Year | ✗ Venue | ○ ID

### Summary
No matching article could be found for the reference provided. The title, author, year, and journal details do not align with any records found in the search.

### Details
A search found a different work titled ""Integrating ICT in Elections: How Uganda Implemented Biometric Voter Registration, 2001–2016"" by M Cynthia from 2021 hosted on an academic archive, which differs significantly from the cited article by Mwesigwa, D. from 2011 in the Journal of African Law. The titles focus on different aspects of biometric voter registration, the authors do not match, the years differ by a decade, and the venues are unrelated. No DOI or other identifier was found to link the citation to a verified source.

- https://archives.kdischool.ac.kr/handle/11125/43387",0.0,1.0
"Olorunnisola, A. (2009). Biometric voter registration in Nigeria: Challenges and prospects. Journal of African Elections, 8(1), 98-112.",Biometric voter registration,mistral_large_2_123b,unverified,Reference could not be verified.,UNCONFIRMED,UNCONFIRMED,UNCONFIRMED,UNCONFIRMED,UNCONFIRMED,,,,,,,,,,,,,,,,,,,,,,,0,0,0,,1,"? Title | ? Authors | ? Year | ? Venue | ? ID

### Summary
No matching article titled ""Biometric voter registration in Nigeria: Challenges and prospects"" by Olorunnisola from 2009 could be found in the searched databases. The reference could not be confirmed in the Journal of African Elections or any other source.

### Details
A search in OpenAlex returned no matching records for this article. Additionally, a scholar search did not find any work matching the exact title, author, or year. Several related articles on biometric voter registration and election technology in Nigeria were found, but none matched the specific reference details provided. No DOI or other identifier was available to assist verification.

- https://openalex.org
- https://scholar.google.com",0.0,1.0
"Cook, J., Oreskes, N., Doran, P. T., Anderegg, W. R. L., Verheggen, B., Maibach, E. W., ... & Lewandowsky, S. (2016). Consensus on consensus: A synthesis of consensus estimates on human-caused global warming. *Environmental Research Letters*, 11(4), 048002.",Climate change,mistral_large_2_123b,verified,"Cook, J., Oreskes, N., Doran, P. T., Anderegg, W. R. L., Verheggen, B., Maibach, E., Carlton, J. S., Lewandowsky, S., Skuce, A. G., Green, S., Nuccitelli, D., Jacobs, P., Richardson, M., Winkler, B., Painting, R., & Rice, K. (2016). *Consensus on consensus: a synthesis of consensus estimates on human-caused global warming*. *Environmental Research Letters*, 11(4), 048002. https://doi.org/10.1088/1748-9326/11/4/048002",MATCH,CONTAINS,MATCH,MATCH,ABSENT,Consensus on consensus: a synthesis of consensus estimates on human-caused global warming,John Cook; Наоми Орескес; Peter T. Doran; William R. L. Anderegg; B. Verheggen; Edward Maibach; J. Stuart Carlton; Stephan Lewandowsky; Andrew G. Skuce; Sarah Green; Dana Nuccitelli; Peter Jacobs; Mark Richardson; Bärbel Winkler; Rob Painting; Ken Rice,2016,Environmental Research Letters,10.1088/1748-9326/11/4/048002,https://doi.org/10.1088/1748-9326/11/4/048002,GOOGLE,3,0,1,1,0,Consensus on consensus: A synthesis of consensus estimates on human-caused global warming.,Consensus on consensus: a synthesis of consensus estimates on human-caused global warming,"Cook, J.; Oreskes, N.; Doran, P. T.; Anderegg, W. R. L.; Verheggen, B.; Maibach, E. W.; Lewandowsky, S.",John Cook; Наоми Орескес; Peter T. Doran; William R. L. Anderegg; B. Verheggen; Edward Maibach; J. Stuart Carlton; Stephan Lewandowsky; Andrew G. Skuce; Sarah Green; Dana Nuccitelli; Peter Jacobs; Mark Richardson; Bärbel Winkler; Rob Painting; Ken Rice,2016,2016,Environmental Research Letters,Environmental Research Letters,,10.1088/1748-9326/11/4/048002,1,1,1,GOOGLE,0,"✓ Title | ◐ Authors | ✓ Year | ✓ Venue | ○ ID

### Summary
This article was confirmed in Environmental Research Letters with matching title, authors, year, and journal. The original authors listed were all found within a larger group of contributors in the verified record.

### Details
A matching record was found with the exact title ""Consensus on consensus: a synthesis of consensus estimates on human-caused global warming"". The year 2016 matched exactly. The journal Environmental Research Letters was confirmed. The author list in the verified record contains all the original authors (Cook, Oreskes, Doran, Anderegg, Verheggen, Maibach, Lewandowsky) plus additional contributors. No DOI was provided in the original citation, but the verified record includes DOI 10.1088/1748-9326/11/4/048002.

- https://doi.org/10.1088/1748-9326/11/4/048002",0.867,0.133
"Hansen, J., Ruedy, R., Sato, M., & Lo, K. (2010). Global surface temperature change. *Reviews of Geophysics*, 48(4).",Climate change,mistral_large_2_123b,verified,"Hansen, J. E., Rüedy, R., Sato, M., & Lo, K. (2010). *GLOBAL SURFACE TEMPERATURE CHANGE*. *Reviews of Geophysics*, 48(4). https://doi.org/10.1029/2010rg000345",MATCH,MATCH,MATCH,MATCH,ABSENT,GLOBAL SURFACE TEMPERATURE CHANGE,James E. Hansen; Reto Rüedy; M. Sato; K. Lo,2010,Reviews of Geophysics,10.1029/2010rg000345,https://doi.org/10.1029/2010rg000345,GOOGLE,4,0,0,1,0,Global surface temperature change,GLOBAL SURFACE TEMPERATURE CHANGE,"Hansen, J.; Ruedy, R.; Sato, M.; Lo, K.",James E. Hansen; Reto Rüedy; M. Sato; K. Lo,2010,2010,Reviews of Geophysics,Reviews of Geophysics,,10.1029/2010rg000345,1,1,1,GOOGLE,0,"✓ Title | ✓ Authors | ✓ Year | ✓ Venue | ○ ID

### Summary
This article was confirmed in Reviews of Geophysics with matching authors and year. The title ""Global surface temperature change"" was verified exactly as cited.

### Details
A matching record was found with the exact title ""GLOBAL SURFACE TEMPERATURE CHANGE"" published in 2010 in Reviews of Geophysics. The four authors—James E. Hansen, Reto Rüedy, M. Sato, and K. Lo—correspond closely to the cited names, accounting for initials and diacritic variations. The year 2010 matched exactly. Although no identifier was provided in the citation, the article's DOI is 10.1029/2010rg000345, confirming the source.

- https://doi.org/10.1029/2010rg000345",1.0,0.0
"IPCC. (2014). *Climate Change 2014: Synthesis Report*. Contribution of Working Groups I, II and III to the Fifth Assessment Report of the Intergovernmental Panel on Climate Change.",Climate change,mistral_large_2_123b,verified-with-error,Intergovernmental Panel on Climate Change (IPCC). (2014). *AR5 Synthesis Report: Climate Change 2014*. https://www.ipcc.ch/report/ar5/syr/,CONTAINS,MATCH,MATCH,MATCH,ABSENT,AR5 Synthesis Report: Climate Change 2014,Intergovernmental Panel on Climate Change (IPCC),2014,IPCC,,https://www.ipcc.ch/report/ar5/syr/,GOOGLE,3,0,1,1,0,Climate Change 2014: Synthesis Report,AR5 Synthesis Report: Climate Change 2014,IPCC,Intergovernmental Panel on Climate Change (IPCC),2014,2014,Intergovernmental Panel on Climate Change,IPCC,,https://www.ipcc.ch/report/ar5/syr/,2,2,3,GOOGLE,0,"◐ Title | ✓ Authors | ✓ Year | ✓ Venue | ○ ID

### Summary
This report was confirmed as the IPCC's 2014 Synthesis Report for the Fifth Assessment Report. The authorship by the Intergovernmental Panel on Climate Change and the publication year 2014 matched exactly, though the title wording varied slightly in order and phrasing.

### Details
A matching record was found for the 2014 IPCC Synthesis Report, with the title containing the key phrases ""Climate Change 2014"" and ""Synthesis Report,"" confirming it refers to the same document despite minor differences in title order and inclusion of ""AR5."" The author matched as the Intergovernmental Panel on Climate Change (IPCC), with abbreviation variants accounted for. The year 2014 matched exactly. The venue was also confirmed as IPCC, reflecting the same organization. No digital object identifier (DOI) was found in the citation. Relevant sources include the official IPCC report page and multiple PDF versions hosted on IPCC and related sites.

- [IPCC AR5 Synthesis Report](https://www.ipcc.ch/report/ar5/syr/)
- [IPCC AR5 Synthesis Report PDF](https://www.ipcc.ch/site/assets/uploads/2018/02/AR5_SYR_FINAL_Front_matters.pdf)
- [ResearchGate Climate Change 2014 Synthesis Report](https://www.researchgate.net/publication/267982370_Climate_Change_2014_Synthesis_Report)",0.833,0.167
"Mann, M. E., Bradley, R. S., & Hughes, M. K. (1999). Northern hemisphere temperatures during the past millennium: Inferences, uncertainties, and limitations. *Geophysical Research Letters*, 26(6), 759-762.",Climate change,mistral_large_2_123b,verified,"Mann, M. E., Bradley, R. S., & Hughes, M. K. (1999). Northern hemisphere temperatures during the past millennium: Inferences, uncertainties, and limitations. *Geophysical Research Letters*, 26(6), 759-762. https://doi.org/10.1029/1999gl900070",MATCH,MATCH,MATCH,MATCH,ABSENT,"Northern hemisphere temperatures during the past millennium: Inferences, uncertainties, and limitations",Michael Mann; Raymond S. Bradley; Malcolm K. Hughes,1999,Geophysical Research Letters,10.1029/1999gl900070,https://doi.org/10.1029/1999gl900070,GOOGLE,4,0,0,1,0,"Northern hemisphere temperatures during the past millennium: Inferences, uncertainties, and limitations","Northern hemisphere temperatures during the past millennium: Inferences, uncertainties, and limitations",M. E. Mann; R. S. Bradley; M. K. Hughes,Michael Mann; Raymond S. Bradley; Malcolm K. Hughes,1999,1999,Geophysical Research Letters,Geophysical Research Letters,,10.1029/1999gl900070,1,1,1,GOOGLE,0,"✓ Title | ✓ Authors | ✓ Year | ✓ Venue | ○ ID

### Summary
This article was confirmed in Geophysical Research Letters with matching authors Michael Mann, Raymond S. Bradley, and Malcolm K. Hughes, and the year 1999. The title ""Northern hemisphere temperatures during the past millennium: Inferences, uncertainties, and limitations"" was verified exactly as cited.

### Details
A matching record was found with the exact title and author names corresponding to the citation. The year 1999 and the journal Geophysical Research Letters also matched perfectly. Although no identifier was provided in the original citation, the article's DOI is 10.1029/1999gl900070, confirming the reference's accuracy.

- https://doi.org/10.1029/1999gl900070",1.0,0.0
"Oreskes, N. (2004). The scientific consensus on climate change. *Science*, 306(5702), 1686.",Climate change,mistral_large_2_123b,verified,"Наоми Орескес. (2004). The Scientific Consensus on Climate Change. *Science*, 306(5702), 1686. https://doi.org/10.1126/science.1103618",MATCH,UNCONFIRMED,MATCH,MATCH,ABSENT,The Scientific Consensus on Climate Change,Наоми Орескес,2004,Science,10.1126/science.1103618,https://doi.org/10.1126/science.1103618,GOOGLE,3,0,0,1,1,The scientific consensus on climate change.,The Scientific Consensus on Climate Change,"Oreskes, N.",Наоми Орескес,2004,2004,Science,Science,,10.1126/science.1103618,1,1,1,GOOGLE,0,"✓ Title | ? Authors | ✓ Year | ✓ Venue | ○ ID

### Summary
This article was confirmed in the journal Science with a matching title and year. Although the author name was not fully confirmed due to language differences, the overall match supports the reference's accuracy.

### Details
A matching record was found with the exact title ""The Scientific Consensus on Climate Change"" published in 2004 in Science. The year and journal matched exactly. The author name appeared in a different script (Наоми Орескес), which corresponds to Naomi Oreskes, explaining the unconfirmed author status. The DOI 10.1126/science.1103618 and URL https://doi.org/10.1126/science.1103618 provide further evidence of the match.

- https://doi.org/10.1126/science.1103618",0.733,0.267
"Pachauri, R. K., & Reisinger, A. (Eds.). (2007). *Climate Change 2007: Synthesis Report*. Contribution of Working Groups I, II and III to the Fourth Assessment Report of the Intergovernmental Panel on Climate Change. IPCC.",Climate change,mistral_large_2_123b,verified,"Pachauri, R. K., & Reisinger, A. (Eds.). (2007). *Climate Change 2007: Synthesis Report. Contribution of Working Groups I, II and III to the Fourth Assessment Report of the Intergovernmental Panel on Climate Change*. IPCC. https://www.ipcc.ch/site/assets/uploads/2018/02/ar4_syr_full_report.pdf",MATCH,CONTAINS,MATCH,MATCH,ABSENT,Climate Change 2007: Synthesis Report,R. K. Pachauri; A. Reisinger,2007,IPCC,,https://www.ipcc.ch/site/assets/uploads/2018/02/ar4_syr_full_report.pdf,GOOGLE,3,0,1,1,0,Climate Change 2007: Synthesis Report,Climate Change 2007: Synthesis Report,"Pachauri, R. K.; Reisinger, A.",R. K. Pachauri; A. Reisinger,2007,2007,IPCC,IPCC,,https://www.ipcc.ch/site/assets/uploads/2018/02/ar4_syr_full_report.pdf,1,1,1,GOOGLE,0,"✓ Title | ◐ Authors | ✓ Year | ✓ Venue | ○ ID

### Summary
This report was confirmed as the ""Climate Change 2007: Synthesis Report"" published by the IPCC in 2007, with editors R. K. Pachauri and A. Reisinger matching the citation. The title, year, and publisher all matched exactly.

### Details
A matching record was found with the exact title ""Climate Change 2007: Synthesis Report"" and the year 2007. The authors listed, R. K. Pachauri and A. Reisinger, were confirmed as editors within the broader IPCC authorship. The publisher is the IPCC, matching the citation. No DOI was available, but the official report PDF is accessible at the IPCC website.

- https://www.ipcc.ch/site/assets/uploads/2018/02/ar4_syr_full_report.pdf
- https://www.ipcc.ch/report/ar4/syr/",0.867,0.133
"Rahmstorf, S. (2007). A semi-empirical approach to projecting future sea-level rise. *Science*, 315(5810), 368-370.",Climate change,mistral_large_2_123b,verified,"Rahmstorf, S. (2006). A Semi-Empirical Approach to Projecting Future Sea-Level Rise. *Science*, 315(5810), 368-370. https://doi.org/10.1126/science.1135456",MATCH,MATCH,CONTAINS,MATCH,ABSENT,A Semi-Empirical Approach to Projecting Future Sea-Level Rise,Stefan Rahmstorf,2006,Science,10.1126/science.1135456,https://doi.org/10.1126/science.1135456,GOOGLE,3,0,1,1,0,A semi-empirical approach to projecting future sea-level rise.,A Semi-Empirical Approach to Projecting Future Sea-Level Rise,"Rahmstorf, S.",Stefan Rahmstorf,2007,2006,Science,Science,,10.1126/science.1135456,1,1,1,GOOGLE,0,"✓ Title | ✓ Authors | ◐ Year | ✓ Venue | ○ ID

### Summary
This article was confirmed in the journal Science with matching title, author, and venue. The publication year differs slightly, with the citation listing 2007 and the evidence showing 2006, but this minor discrepancy does not affect the overall verification.

### Details
A matching record was found with the exact title ""A Semi-Empirical Approach to Projecting Future Sea-Level Rise"" and author Stefan Rahmstorf, corresponding to the citation's Rahmstorf, S. The journal Science was confirmed as the publication venue. The year in the evidence is 2006, which is one year earlier than the cited 2007, a common minor variation in publication dates. No DOI was provided in the citation, but the evidence includes DOI 10.1126/science.1135456. The article details and abstract were verified through the journal's website.

- https://doi.org/10.1126/science.1135456
- https://science.sciencemag.org/content/315/5810/368",0.9,0.1
"Solomon, S., Qin, D., Manning, M., Chen, Z., Marquis, M., Averyt, K. B., ... & Miller, H. L. (2007). *Climate Change 2007: The Physical Science Basis. Contribution of Working Group I to the Fourth Assessment Report of the Intergovernmental Panel on Climate Change*. Cambridge University Press.",Climate change,mistral_large_2_123b,verified,"Solomon, S. L., Qin, D., Manning, M., Chen, Z., Marquis, M., Averyt, K. B., Tignor, M., & Miller, H. L. (Eds.). (2007). *Climate change 2007: The physical science basis. Contribution of Working Group I to the Fourth Assessment Report of the Intergovernmental Panel on Climate Change*. Cambridge University Press. https://www.ipcc.ch/site/assets/uploads/2018/05/ar4_wg1_full_report-1.pdf",MATCH,MATCH,MATCH,MATCH,ABSENT,Climate change 2007 : the physical science basis : contribution of Working Group I to the Fourth Assessment Report of the Intergovernmental Panel on Climate Change,Susan L. Solomon; D. Qin; M. Manning; Z. Chen; M. Marquis; K. B. Averyt; M. Tignor; H. L. Miller,2007,Cambridge University Press,,https://www.ipcc.ch/site/assets/uploads/2018/05/ar4_wg1_full_report-1.pdf,GOOGLE,4,0,0,1,0,Climate Change 2007: The Physical Science Basis. Contribution of Working Group I to the Fourth Assessment Report of the Intergovernmental Panel on Climate Change,Climate change 2007 : the physical science basis : contribution of Working Group I to the Fourth Assessment Report of the Intergovernmental Panel on Climate Change,"Solomon, S.; Qin, D.; Manning, M.; Chen, Z.; Marquis, M.; Averyt, K. B.; ... & Miller, H. L.",Susan L. Solomon; D. Qin; M. Manning; Z. Chen; M. Marquis; K. B. Averyt; M. Tignor; H. L. Miller,2007,2007,Cambridge University Press,Cambridge University Press,,https://www.ipcc.ch/site/assets/uploads/2018/05/ar4_wg1_full_report-1.pdf,1,1,1,GOOGLE,1,"✓ Title | ✓ Authors | ✓ Year | ✓ Venue | ○ ID

### Summary
This book was confirmed as ""Climate Change 2007: The Physical Science Basis"" published by Cambridge University Press in 2007. The authors listed, including Susan L. Solomon and colleagues, match the citation, with only minor differences in name formatting.

### Details
A matching record was found with the exact title ""Climate change 2007 : the physical science basis : contribution of Working Group I to the Fourth Assessment Report of the Intergovernmental Panel on Climate Change"". The year 2007 and publisher Cambridge University Press matched exactly. The authors matched fully, with the evidence listing full names while the citation used initials, which is a common formatting difference. No DOI was found, but the official IPCC website provides the full report PDF confirming the reference.

- [IPCC AR4 Working Group I Report](https://www.ipcc.ch/site/assets/uploads/2018/05/ar4_wg1_full_report-1.pdf)
- [IPCC AR4 WG1 Report Page](http://www.ipcc.ch/ipccreports/ar4-wg1.htm)
- [IPCC AR4 WG1 Summary](https://www.ipcc.ch/report/ar4/wg1/)",1.0,0.0
"Stott, P. A., Stone, D. A., & Allen, M. R. (2004). Human contribution to the European heatwave of 2003. *Nature*, 432(7017), 610-614.",Climate change,mistral_large_2_123b,verified,"Stott, P. A., Stone, D. A., & Allen, M. R. (2004). Human contribution to the European heatwave of 2003. *Nature*, *432*(7017), 610-614. https://doi.org/10.1038/nature03089",MATCH,MATCH,MATCH,MATCH,ABSENT,Human contribution to the European heatwave of 2003,Peter A. Stott; Dáithí A. Stone; Myles Allen,2004,Nature,10.1038/nature03089,https://doi.org/10.1038/nature03089,GOOGLE,4,0,0,1,0,Human contribution to the European heatwave of 2003,Human contribution to the European heatwave of 2003,"Stott, P. A.; Stone, D. A.; Allen, M. R.",Peter A. Stott; Dáithí A. Stone; Myles Allen,2004,2004,Nature,Nature,,10.1038/nature03089,1,1,1,GOOGLE,0,"✓ Title | ✓ Authors | ✓ Year | ✓ Venue | ○ ID

### Summary
This article was confirmed in the journal Nature with matching authors Peter A. Stott, Dáithí A. Stone, and Myles Allen, and the publication year 2004. The title ""Human contribution to the European heatwave of 2003"" was verified exactly as cited.

### Details
A matching record was found with the exact title, author list, year, and journal name. The authors' names correspond perfectly, accounting for initials and diacritic variations. Although no identifier was provided in the citation, the article's DOI (10.1038/nature03089) and URL (https://doi.org/10.1038/nature03089) were confirmed through OpenAlex and direct URL checks.

- https://doi.org/10.1038/nature03089
- https://www.nature.com/articles/nature03089",1.0,0.0
"Trenberth, K. E., Fasullo, J. T., & Kiehl, J. (2009). Earth's global energy budget. *Bulletin of the American Meteorological Society*, 90(3), 311-323.",Climate change,mistral_large_2_123b,verified,"Trenberth, K. E., Fasullo, J. T., & Kiehl, J. T. (2008). Earth's global energy budget. *Bulletin of the American Meteorological Society*, 90(3), 311-324. https://doi.org/10.1175/2008bams2634.1",MATCH,MATCH,CONTAINS,MATCH,ABSENT,Earth's Global Energy Budget,Kevin E. Trenberth; John Fasullo; J. T. Kiehl,2008,Bulletin of the American Meteorological Society,10.1175/2008bams2634.1,https://doi.org/10.1175/2008bams2634.1,GOOGLE,3,0,1,1,0,Earth's global energy budget,Earth's Global Energy Budget,"Trenberth, K. E.; Fasullo, J. T.; Kiehl, J.",Kevin E. Trenberth; John Fasullo; J. T. Kiehl,2009,2008,Bulletin of the American Meteorological Society,Bulletin of the American Meteorological Society,,10.1175/2008bams2634.1,1,1,1,GOOGLE,0,"✓ Title | ✓ Authors | ◐ Year | ✓ Venue | ○ ID

### Summary
This article was confirmed in the Bulletin of the American Meteorological Society with matching authors and title. The publication year differs slightly, with the citation listing 2009 and the evidence showing 2008, but this minor discrepancy does not affect the overall match.

### Details
A matching record was found with the exact title ""Earth's Global Energy Budget"" and the same three authors: Kevin E. Trenberth, John Fasullo, and J. T. Kiehl. The journal name matched exactly as Bulletin of the American Meteorological Society. The year in the citation is 2009, while the evidence shows 2008, which is within an acceptable range for verification. No DOI was provided in the citation, but the evidence includes DOI 10.1175/2008bams2634.1. Additional searches confirmed the article's presence and details.

- https://doi.org/10.1175/2008bams2634.1
- https://journals.ametsoc.org/view/journals/bams/90/3/2008bams2634_1.xml
- https://www.jstor.org/stable/26220958",0.9,0.1
"Adger, W. N., Arnell, N. W., & Tompkins, E. L. (2005). Successful adaptation to climate change across scales. Global Environmental Change, 15(2), 77-86.",Climate change adaptation in agriculture,mistral_large_2_123b,verified,"Adger, W. N., Arnell, N. W., & Tompkins, E. L. (2005). *Successful adaptation to climate change across scales*. *Global Environmental Change*, 15(2), 77-86. https://doi.org/10.1016/j.gloenvcha.2004.12.005",MATCH,MATCH,MATCH,MATCH,ABSENT,Successful adaptation to climate change across scales,W. Neil Adger; Nigel W. Arnell; Emma L. Tompkins,2005,Global Environmental Change,10.1016/j.gloenvcha.2004.12.005,https://doi.org/10.1016/j.gloenvcha.2004.12.005,GOOGLE,4,0,0,1,0,Successful adaptation to climate change across scales,Successful adaptation to climate change across scales,"Adger, W. N.; Arnell, N. W.; Tompkins, E. L.",W. Neil Adger; Nigel W. Arnell; Emma L. Tompkins,2005,2005,Global Environmental Change,Global Environmental Change,,10.1016/j.gloenvcha.2004.12.005,1,1,1,GOOGLE,0,"✓ Title | ✓ Authors | ✓ Year | ✓ Venue | ○ ID

### Summary
This article was confirmed in the journal Global Environmental Change with matching authors W. N. Adger, N. W. Arnell, and E. L. Tompkins, and the year 2005. The title ""Successful adaptation to climate change across scales"" was found to match exactly.

### Details
A matching record was found with the exact title ""Successful adaptation to climate change across scales"" published in Global Environmental Change in 2005. The three authors listed in the citation correspond exactly to the authors in the evidence, with full names W. Neil Adger, Nigel W. Arnell, and Emma L. Tompkins. Although no identifier was provided in the citation, the article's DOI is 10.1016/j.gloenvcha.2004.12.005, confirming the match. The article appears in volume 15, issue 2, pages 77-86.

- https://doi.org/10.1016/j.gloenvcha.2004.12.005",1.0,0.0
"Altieri, M. A., & Nicholls, C. I. (2017). The adaptation and mitigation potential of agroecology in the face of climate change. Environmental Science & Policy, 73, 42-55.",Climate change adaptation in agriculture,mistral_large_2_123b,needs-human,Reference requires human review.,CONTAINS,MATCH,CONTRADICTION,UNCONFIRMED,ABSENT,ALTIERI-NICHOLLS-CLIMATIC-CHANGE.pdf,M. Altieri; C. Nicholls,2013,,,http://agroeco.org/wp-content/uploads/2016/01/ALTIERI-NICHOLLS-CLIMATIC-CHANGE.pdf,GOOGLE,1,1,1,1,1,The adaptation and mitigation potential of agroecology in the face of climate change.,ALTIERI-NICHOLLS-CLIMATIC-CHANGE.pdf,"Altieri, M. A.; Nicholls, C. I.",M. Altieri; C. Nicholls,2017,2013,Environmental Science & Policy,,,http://agroeco.org/wp-content/uploads/2016/01/ALTIERI-NICHOLLS-CLIMATIC-CHANGE.pdf,0,0,3,GOOGLE,0,"◐ Title | ✓ Authors | ✗ Year | ? Venue | ○ ID

### Summary
The reference matches the authors Altieri and Nicholls and the topic of agroecology's role in climate change adaptation and mitigation. However, there is a discrepancy in the publication year, with the reference stating 2017 and the found document dated 2013, which requires human review to confirm the correct year.

### Details
A matching record was found with the same authors (M. Altieri and C. Nicholls) and a very similar title related to agroecology and climate change. The found document is titled ""The adaptation and mitigation potential of traditional agriculture in a changing climate"" and is dated 2013, while the reference lists 2017. The venue (journal) could not be confirmed from the found document. No DOI or other identifier was available to conclusively verify the reference. The source document is accessible at the provided URL.

- [ALTIERI-NICHOLLS-CLIMATIC-CHANGE.pdf](http://agroeco.org/wp-content/uploads/2016/01/ALTIERI-NICHOLLS-CLIMATIC-CHANGE.pdf)",0.233,0.767
"Challinor, A., Wheeler, T., Craufurd, P., Slingo, J., & Grimes, D. (2007). Design and use of a process-based model to predict crop yield responses to climate change. Agricultural and Forest Meteorology, 144(1), 9-18.",Climate change adaptation in agriculture,mistral_large_2_123b,unverified,Reference could not be verified.,UNCONFIRMED,UNCONFIRMED,UNCONFIRMED,UNCONFIRMED,UNCONFIRMED,,,,,,,,,,,,,,,,,,,,,,,0,0,0,,0,"? Title | ? Authors | ? Year | ? Venue | ? ID

### Summary
No matching article could be found for the reference by Challinor et al. (2007) titled ""Design and use of a process-based model to predict crop yield responses to climate change"" in Agricultural and Forest Meteorology.

### Details
A search was conducted across multiple databases including OpenAlex, Google, and Google Scholar, but no records matching the title, authors, year, or journal were found. There were no potential matches or similar entries identified to confirm the reference.

- [OpenAlex](https://openalex.org)
- [Google](https://www.google.com)
- [Google Scholar](https://scholar.google.com)",0.0,1.0
"Fischer, G., Shah, M., Tubiello, F. N., & van Velthuizen, H. (2005). Socio-economic and climate change impacts on agriculture: An integrated assessment, 1990–2080. Philosophical Transactions of the Royal Society B: Biological Sciences, 360(1463), 2067-2083.",Climate change adaptation in agriculture,mistral_large_2_123b,verified,"Fischer, G., Shah, M., Tubiello, F. N., & van Velhuizen, H. (2005). Socio-economic and climate change impacts on agriculture: an integrated assessment, 1990–2080. *Philosophical Transactions of the Royal Society B: Biological Sciences*, 360(1463), 2067-2083. https://doi.org/10.1098/rstb.2005.1744",MATCH,MATCH,MATCH,MATCH,ABSENT,"Socio-economic and climate change impacts on agriculture: an integrated assessment, 1990–2080",Günther Fischer; Mahendra Shah; Francesco N. Tubiello; Harrij van Velhuizen,2005,Philosophical Transactions of the Royal Society B Biological Sciences,10.1098/rstb.2005.1744,https://doi.org/10.1098/rstb.2005.1744,GOOGLE,4,0,0,1,0,"Socio-economic and climate change impacts on agriculture: An integrated assessment, 1990–2080.","Socio-economic and climate change impacts on agriculture: an integrated assessment, 1990–2080","Fischer, G.; Shah, M.; Tubiello, F. N.; van Velthuizen, H.",Günther Fischer; Mahendra Shah; Francesco N. Tubiello; Harrij van Velhuizen,2005,2005,Philosophical Transactions of the Royal Society B: Biological Sciences,Philosophical Transactions of the Royal Society B Biological Sciences,,10.1098/rstb.2005.1744,1,1,1,GOOGLE,0,"✓ Title | ✓ Authors | ✓ Year | ✓ Venue | ○ ID

### Summary
This article was confirmed in the journal Philosophical Transactions of the Royal Society B: Biological Sciences with matching authors and year. The title ""Socio-economic and climate change impacts on agriculture: an integrated assessment, 1990–2080"" was verified exactly, and the four authors Fischer, Shah, Tubiello, and van Velthuizen were all found with consistent names.

### Details
A matching record was found with the exact title and year 2005. The authors matched closely, including full names and initials, with only a minor spelling variant in one surname (van Velthuizen vs van Velhuizen) which is acceptable. The journal name matched exactly as well. Although no identifier was present in the citation, the DOI 10.1098/rstb.2005.1744 was found in the evidence, confirming the article's identity. Relevant sources include the official DOI link and multiple academic repositories confirming the publication.

- [DOI link](https://doi.org/10.1098/rstb.2005.1744)
- [Royal Society Publishing](https://royalsocietypublishing.org/rstb/article/360/1463/2067/20689/Socio-economic-and-climate-change-impacts-on)
- [PubMed](https://pubmed.ncbi.nlm.nih.gov/16433094/)
- [ResearchGate](https://www.researchgate.net/publication/7340593_Socio-economic_and_climate_change_impacts_on_agriculture_An_integrated_assessment_1990-2080)",1.0,0.0
"Howden, S. M., Stokes, C., & Hill, J. (2007). Adaptation of agriculture to climate change: A global scoping study. Global Environmental Change, 17(1), 11-23.",Climate change adaptation in agriculture,mistral_large_2_123b,unverified,Reference could not be verified.,CONTAINS,CONTRADICTION,CONTRADICTION,CONTRADICTION,ABSENT,Adaptation of agriculture to climate change,NJ Rosenberg,1992,Climatic change,10.1007/BF00141378,,GOOGLE,0,3,1,1,0,Adaptation of agriculture to climate change: A global scoping study,Adaptation of agriculture to climate change,"Howden, S. M.; Stokes, C.; Hill, J.",NJ Rosenberg,2007,1992,Global Environmental Change,Climatic change,,10.1007/BF00141378,0,0,1,GOOGLE,0,"◐ Title | ✗ Authors | ✗ Year | ✗ Venue | ○ ID

### Summary
No matching article could be found for the citation by Howden, Stokes, and Hill (2007) titled ""Adaptation of agriculture to climate change: A global scoping study."" The best potential match found was a different article by NJ Rosenberg from 1992 with a similar title but different authors, year, and journal.

### Details
A matching record was not found in OpenAlex. A scholar search returned an article titled ""Adaptation of agriculture to climate change"" by NJ Rosenberg published in 1992 in the journal Climatic Change. This differs from the citation's authors (Howden, Stokes, Hill), year (2007), and journal (Global Environmental Change). The citation's title partially matches but omits the subtitle ""A global scoping study."" Due to these contradictions in authorship, year, and journal, the reference could not be verified.

- https://link.springer.com/article/10.1007/BF00141378",0.0,1.0
"Iglesias, A., Quiroga, S., & Diz, A. (2012). Climate change in agriculture: Adaptation and mitigation strategies in crop and livestock systems. Agricultural and Forest Meteorology, 150(7), 891-901.",Climate change adaptation in agriculture,mistral_large_2_123b,unverified,Reference could not be verified.,CONTRADICTION,CONTRADICTION,MATCH,CONTRADICTION,ABSENT,Livestock production in a changing climate: adaptation and mitigation research in Australia,Beverley Henry; E. Charmley; Richard Eckard; J. B. Gaughan; R. S. Hegarty,2012,Crop and Pasture Science,10.1071/cp11169,https://doi.org/10.1071/cp11169,GOOGLE,1,3,0,1,0,Climate change in agriculture: Adaptation and mitigation strategies in crop and livestock systems.,Livestock production in a changing climate: adaptation and mitigation research in Australia,"Iglesias, A.; Quiroga, S.; Diz, A.",Beverley Henry; E. Charmley; Richard Eckard; J. B. Gaughan; R. S. Hegarty,2012,2012,Agricultural and Forest Meteorology,Crop and Pasture Science,,10.1071/cp11169,0,0,1,GOOGLE,0,"✗ Title | ✗ Authors | ✓ Year | ✗ Venue | ○ ID

### Summary
The reference could not be verified because the details do not match any known record. The title, authors, and journal differ from the closest found article, even though the year is the same.

### Details
A matching record was found for a 2012 article titled ""Livestock production in a changing climate: adaptation and mitigation research in Australia"" published in the journal Crop and Pasture Science. However, this differs significantly from the cited title ""Climate change in agriculture: Adaptation and mitigation strategies in crop and livestock systems"" and the authors Iglesias, Quiroga, and Diz. The cited journal Agricultural and Forest Meteorology also does not match the found journal. No identifier was provided in the citation to aid verification.

- https://doi.org/10.1071/cp11169",0.0,1.0
"Porter, J. R., Xie, W., Challinor, A. J., et al. (2014). Food security and food production systems. In Climate Change 2014: Impacts, Adaptation, and Vulnerability. Part A: Global and Sectoral Aspects. Contribution of Working Group II to the Fifth Assessment Report of the Intergovernmental Panel on Climate Change (pp. 485-533). Cambridge University Press.",Climate change adaptation in agriculture,mistral_large_2_123b,verified,"Porter, J. R., Xie, L., Challinor, A. J., Cochrane, K., Howden, S. M., Iqbal, M. M., Lobell, D. B., & Travasso, M. I. (2014). *Food security and food production systems*. In Climate Change 2014: Impacts, Adaptation, and Vulnerability. Part A: Global and Sectoral Aspects. Contribution of Working Group II to the Fifth Assessment Report of the Intergovernmental Panel on Climate Change (pp. 485-533). Cambridge University Press. https://www.ipcc.ch/site/assets/uploads/2018/02/WGIIAR5-Chap7_FINAL.pdf",MATCH,MATCH,MATCH,CONTAINS,ABSENT,Food security and food production systems,J. R. Porter; L. Xie; A. J. Challinor; K. Cochrane; S. M. Howden; M. M. Iqbal; D. B. Lobell; M. I. Travasso,2014,"In Climate Change 2014: Impacts, Adaptation and Vulnerability. Part A: Global and Sectoral Aspects. Contribution of Working Group II to the Fifth Assessment Report of the Intergovernmental Panel on Climate Change",,https://www.ipcc.ch/site/assets/uploads/2018/02/WGIIAR5-Chap7_FINAL.pdf,GOOGLE,3,0,1,1,0,Food security and food production systems.,Food security and food production systems,"Porter, J. R.; Xie, W.; Challinor, A. J.; et al.",J. R. Porter; L. Xie; A. J. Challinor; K. Cochrane; S. M. Howden; M. M. Iqbal; D. B. Lobell; M. I. Travasso,2014,2014,Cambridge University Press,"In Climate Change 2014: Impacts, Adaptation and Vulnerability. Part A: Global and Sectoral Aspects. Contribution of Working Group II to the Fifth Assessment Report of the Intergovernmental Panel on Climate Change",,https://www.ipcc.ch/site/assets/uploads/2018/02/WGIIAR5-Chap7_FINAL.pdf,1,1,2,GOOGLE,0,"✓ Title | ✓ Authors | ✓ Year | ◐ Venue | ○ ID

### Summary
This chapter titled ""Food security and food production systems"" was confirmed as part of the IPCC Fifth Assessment Report published by Cambridge University Press in 2014. The authors Porter, J. R., Xie, W., Challinor, A. J., and others were verified, matching the citation's author list and year.

### Details
A matching record was found with the exact title ""Food security and food production systems"" and the year 2014 matched exactly. The author list in the citation, which uses ""et al."", corresponds well with the full author list found, including Porter, J. R., Xie, L., and Challinor, A. J. The publication is part of the IPCC report titled ""Climate Change 2014: Impacts, Adaptation, and Vulnerability. Part A: Global and Sectoral Aspects,"" published by Cambridge University Press, confirming the venue relationship. No DOI was provided in the citation, but the chapter is accessible online via the IPCC website.

- https://www.ipcc.ch/site/assets/uploads/2018/02/WGIIAR5-Chap7_FINAL.pdf
- https://doi.org/10.1017/cbo9781107415379.012",0.9,0.1
"Rosenzweig, C., & Parry, M. L. (1994). Potential impact of climate change on world food supply. Nature, 367(6459), 133-138.",Climate change adaptation in agriculture,mistral_large_2_123b,verified,"Rosenzweig, C., & Parry, M. L. (1994). *Potential impact of climate change on world food supply*. *Nature*, 367(6459), 133-138. https://doi.org/10.1038/367133a0",MATCH,MATCH,MATCH,MATCH,ABSENT,Potential impact of climate change on world food supply,Cynthia Rosenzweig; Martin L. Parry,1994,Nature,10.1038/367133a0,https://doi.org/10.1038/367133a0,GOOGLE,4,0,0,1,0,Potential impact of climate change on world food supply.,Potential impact of climate change on world food supply,"Rosenzweig, C.; Parry, M. L.",Cynthia Rosenzweig; Martin L. Parry,1994,1994,Nature,Nature,,10.1038/367133a0,1,1,1,GOOGLE,1,"✓ Title | ✓ Authors | ✓ Year | ✓ Venue | ○ ID

### Summary
This article was confirmed in the journal Nature with matching authors Cynthia Rosenzweig and Martin L. Parry, and the year 1994. The title ""Potential impact of climate change on world food supply"" was exactly matched.

### Details
A matching record was found with the exact title ""Potential impact of climate change on world food supply"" published in Nature in 1994. Both authors listed in the citation, Rosenzweig and Parry, correspond to Cynthia Rosenzweig and Martin L. Parry in the evidence. The journal name and publication year matched exactly. Although no identifier was provided in the citation, the DOI 10.1038/367133a0 was found for this article, confirming the match.

- https://doi.org/10.1038/367133a0",1.0,0.0
"Seo, S. N., & Mendelsohn, R. (2008). An analysis of crop choice: Adapting to climate change in South American farms. Ecological Economics, 67(1), 109-119.",Climate change adaptation in agriculture,mistral_large_2_123b,verified,"Seo, S. N., & Mendelsohn, R. (2008). An analysis of crop choice: Adapting to climate change in South American farms. *Ecological Economics*, 67(1), 109-116. https://doi.org/10.1016/j.ecolecon.2007.12.007",MATCH,MATCH,MATCH,MATCH,ABSENT,An analysis of crop choice: Adapting to climate change in South American farms,S. Niggol Seo; Robert Mendelsohn,2008,Ecological Economics,10.1016/j.ecolecon.2007.12.007,https://doi.org/10.1016/j.ecolecon.2007.12.007,GOOGLE,4,0,0,1,0,An analysis of crop choice: Adapting to climate change in South American farms,An analysis of crop choice: Adapting to climate change in South American farms,"Seo, S. N.; Mendelsohn, R.",S. Niggol Seo; Robert Mendelsohn,2008,2008,Ecological Economics,Ecological Economics,,10.1016/j.ecolecon.2007.12.007,1,1,1,GOOGLE,0,"✓ Title | ✓ Authors | ✓ Year | ✓ Venue | ○ ID

### Summary
This article was confirmed in the journal Ecological Economics with matching authors Seo, S. N. and Mendelsohn, R., and the publication year 2008. The title ""An analysis of crop choice: Adapting to climate change in South American farms"" was verified exactly as cited.

### Details
A matching record was found with the exact title and author names, including S. Niggol Seo and Robert Mendelsohn, published in 2008 in Ecological Economics. The citation details align perfectly with the evidence, including volume 67, issue 1, and pages 109-116. Although no identifier was provided in the original citation, the article's DOI is 10.1016/j.ecolecon.2007.12.007.

- https://doi.org/10.1016/j.ecolecon.2007.12.007",1.0,0.0
"van Passel, S., Meul, M., & van Huylenbroeck, G. (2017). Agricultural adaptation to climate change in Europe: A review of current and future challenges and potentials. Climatic Change, 141(1-2), 215-227.",Climate change adaptation in agriculture,mistral_large_2_123b,unverified,Reference could not be verified.,CONTRADICTION,CONTRADICTION,MATCH,CONTAINS,ABSENT,A Ricardian analysis of the impact of climate change on European agriculture,S Van Passel; E Massetti; R Mendelsohn,2017,Environmental and Resource Economics,,https://link.springer.com/article/10.1007/s10640-016-0001-y,GOOGLE,1,2,1,1,0,Agricultural adaptation to climate change in Europe: A review of current and future challenges and potentials.,A Ricardian analysis of the impact of climate change on European agriculture,"van Passel, S.; Meul, M.; van Huylenbroeck, G.",S Van Passel; E Massetti; R Mendelsohn,2017,2017,Climatic Change,Environmental and Resource Economics,,https://link.springer.com/article/10.1007/s10640-016-0001-y,0,0,3,GOOGLE,0,"✗ Title | ✗ Authors | ✓ Year | ◐ Venue | ○ ID

### Summary
The reference could not be verified as it does not match any found records. The cited article and the closest found article differ significantly in title, authors, and journal.

### Details
A matching record was not found for the cited article titled ""Agricultural adaptation to climate change in Europe: A review of current and future challenges and potentials"" by van Passel, Meul, and van Huylenbroeck published in Climatic Change in 2017. Instead, the closest found article is ""A Ricardian analysis of the impact of climate change on European agriculture"" by Van Passel, Massetti, and Mendelsohn published in Environmental and Resource Economics in 2017. Only one author matches between the two sets, and the titles and journals differ, indicating these are distinct works.

- https://link.springer.com/article/10.1007/s10640-016-0001-y",0.0,1.0
"Aggarwal, P. K., Campbell, B. M., Lipper, L., & Zougmoré, R. (2018). What is climate-smart agriculture? A synthesis of climate-smart agriculture's meanings, its critics, and its prospects. Environmental Management, 62(4), 693-708.",Climate-smart agriculture for smallholder farmers,mistral_large_2_123b,unverified,Reference could not be verified.,CONTRADICTION,MATCH,MATCH,CONTRADICTION,ABSENT,The climate-smart village approach,P K Aggarwal; A Jarvis; B M Campbell; R B Zougmoré,2018,Ecology and …,,https://www.jstor.org/stable/26799070,GOOGLE,2,2,0,1,0,"What is climate-smart agriculture? A synthesis of climate-smart agriculture's meanings, its critics, and its prospects.",The climate-smart village approach,"Aggarwal, P. K.; Campbell, B. M.; Lipper, L.; Zougmoré, R.",P K Aggarwal; A Jarvis; B M Campbell; R B Zougmoré,2018,2018,Environmental Management,Ecology and …,,https://www.jstor.org/stable/26799070,0,0,3,GOOGLE,0,"✗ Title | ✓ Authors | ✓ Year | ✗ Venue | ○ ID

### Summary
The reference could not be verified because the title and journal do not match any found records. While the authors and year are consistent, the title given refers to a synthesis on climate-smart agriculture, but the closest found article discusses the climate-smart village approach, a different topic. The journal names also differ, confirming this is not the same publication.

### Details
A matching record was found with three of the four authors overlapping and the year 2018 matching exactly. However, the title in the found record is ""The climate-smart village approach,"" which differs significantly from the cited title about a synthesis of climate-smart agriculture's meanings and critics. Additionally, the cited journal ""Environmental Management"" does not match the found journal ""Ecology and …"". No DOI or other identifier was available to confirm the citation. These discrepancies led to the conclusion that no exact match exists.

- https://www.jstor.org/stable/26799070",0.0,1.0
"Branca, G., Lipper, L., McCarthy, N., & Zilberman, D. (2011). Diffusion and impact of improved agricultural technologies in Sub-Saharan Africa. Food Policy, 36(2), 170-180.",Climate-smart agriculture for smallholder farmers,mistral_large_2_123b,unverified,Reference could not be verified.,CONTRADICTION,MATCH,MATCH,UNCONFIRMED,ABSENT,Climate-smart agriculture: a synthesis of empirical evidence of food security and mitigation benefits from improved cropland management,G Branca; N McCarthy; L Lipper; MC Jolejole,2011,,,https://www.academia.edu/download/49470332/Climate_Smart_Agriculture_A_Synthesis_of20161009-11118-13ee6jm.pdf,GOOGLE,2,1,0,1,1,Diffusion and impact of improved agricultural technologies in Sub-Saharan Africa.,Climate-smart agriculture: a synthesis of empirical evidence of food security and mitigation benefits from improved cropland management,"Branca, G.; Lipper, L.; McCarthy, N.; Zilberman, D.",G Branca; N McCarthy; L Lipper; MC Jolejole,2011,2011,Food Policy,,,https://www.academia.edu/download/49470332/Climate_Smart_Agriculture_A_Synthesis_of20161009-11118-13ee6jm.pdf,0,0,3,GOOGLE,0,"✗ Title | ✓ Authors | ✓ Year | ? Venue | ○ ID

### Summary
The reference could not be verified because the title does not match any found records, despite the authors and year matching. The original article about diffusion and impact of improved agricultural technologies in Sub-Saharan Africa differs significantly in topic from the closest found work.

### Details
A matching record was found with the same authors (Branca, McCarthy, Lipper) and year (2011), but the title was different, focusing on climate-smart agriculture rather than diffusion of improved technologies. The fourth author also differed (Zilberman vs Jolejole). No DOI or journal confirmation was available for the original citation. The best potential match was a 2011 report titled ""Climate-smart agriculture: a synthesis of empirical evidence of food security and mitigation benefits from improved cropland management."" This discrepancy in title and author details led to the conclusion that the original reference could not be verified.

- https://www.academia.edu/download/49470332/Climate_Smart_Agriculture_A_Synthesis_of20161009-11118-13ee6jm.pdf",0.133,0.867
"Chandra, S., Sood, A., & Mehra, P. (2013). Climate-smart agriculture for smallholder farmers: A review. Agriculture, Ecosystems & Environment, 179, 1-10.",Climate-smart agriculture for smallholder farmers,mistral_large_2_123b,unverified,Reference could not be verified.,CONTRADICTION,CONTRADICTION,CONTRADICTION,CONTRADICTION,ABSENT,The relevance of political ecology perspectives for smallholder Climate-Smart Agriculture: a review,A Chandra; KE McNamara,2017,Journal of Political Ecology,,https://journals.librarypublishing.arizona.edu/jpe/article/id/2029/print/,GOOGLE,0,4,0,1,0,Climate-smart agriculture for smallholder farmers: A review.,The relevance of political ecology perspectives for smallholder Climate-Smart Agriculture: a review,"Chandra, S.; Sood, A.; Mehra, P.",A Chandra; KE McNamara,2013,2017,"Agriculture, Ecosystems & Environment",Journal of Political Ecology,,https://journals.librarypublishing.arizona.edu/jpe/article/id/2029/print/,0,0,3,GOOGLE,0,"✗ Title | ✗ Authors | ✗ Year | ✗ Venue | ○ ID

### Summary
The reference could not be verified as it does not match any known records. The cited article and the best potential match differ significantly in title, authors, year, and journal.

### Details
A matching record was not found for the cited article titled ""Climate-smart agriculture for smallholder farmers: A review"" published in 2013 by Chandra, S., Sood, A., and Mehra, P. The best potential match found was a 2017 article titled ""The relevance of political ecology perspectives for smallholder Climate-Smart Agriculture: a review"" by A. Chandra and K.E. McNamara in the Journal of Political Ecology. The differences in title focus, author lists, publication year, and journal indicate these are distinct works.

- https://journals.librarypublishing.arizona.edu/jpe/article/id/2029/print/",0.0,1.0
"Dinesh, D., Kampen, J., Rosenstock, T. S., Rao, K. P. C., & Hildebrand, P. E. (2017). Climate-smart agriculture practices and food security: Empirical evidence from smallholder farming in India. Agriculture, Ecosystems & Environment, 246, 207-218.",Climate-smart agriculture for smallholder farmers,mistral_large_2_123b,unverified,Reference could not be verified.,CONTRADICTION,CONTRADICTION,CONTRADICTION,CONTRADICTION,ABSENT,Is climate-smart agriculture effective? A review of selected cases,D Dinesh; S Frid-Nielsen; J Norman; M Mutamba,2015,CGIAR (cgspace.cgiar.org),,https://cgspace.cgiar.org/items/c18981fa-1cae-4005-9d8c-a4638ffc8ed7,GOOGLE,0,4,0,1,0,Climate-smart agriculture practices and food security: Empirical evidence from smallholder farming in India.,Is climate-smart agriculture effective? A review of selected cases,"Dinesh, D.; Kampen, J.; Rosenstock, T. S.; Rao, K. P. C.; Hildebrand, P. E.",D Dinesh; S Frid-Nielsen; J Norman; M Mutamba,2017,2015,"Agriculture, Ecosystems & Environment",CGIAR (cgspace.cgiar.org),,https://cgspace.cgiar.org/items/c18981fa-1cae-4005-9d8c-a4638ffc8ed7,0,0,3,GOOGLE,1,"✗ Title | ✗ Authors | ✗ Year | ✗ Venue | ○ ID

### Summary
The reference could not be verified as it does not match any found records. The title, authors, year, and journal all differ from the closest available source.

### Details
A matching record was found titled ""Is climate-smart agriculture effective? A review of selected cases"" from 2015, authored by D Dinesh, S Frid-Nielsen, J Norman, and M Mutamba, published by CGIAR. This differs significantly from the cited article titled ""Climate-smart agriculture practices and food security: Empirical evidence from smallholder farming in India"" published in 2017 in Agriculture, Ecosystems & Environment with different authors. No DOI or other identifier was found to link the citation to the candidate record.

- https://cgspace.cgiar.org/items/c18981fa-1cae-4005-9d8c-a4638ffc8ed7",0.0,1.0
"Hansen, J., Nybroe, R., & Vedel, S. E. (2019). Integrating climate-smart agriculture into smallholder farming systems: Lessons from a multi-stakeholder initiative in Zambia. Agricultural Systems, 168, 117-126.",Climate-smart agriculture for smallholder farmers,mistral_large_2_123b,unverified,Reference could not be verified.,CONTRADICTION,CONTRADICTION,CONTRADICTION,CONTRADICTION,ABSENT,Country-Specific Determinants of Agricultural Climate Service Development Pathways in Africa,J Hansen; L Born; D Solomon; RB Zougmoré; T Dinku,2021,cgspace.cgiar.org,,https://cgspace.cgiar.org/items/46a136b6-fc8a-433b-b5de-e4e21fbad3eb,GOOGLE,0,4,0,1,0,Integrating climate-smart agriculture into smallholder farming systems: Lessons from a multi-stakeholder initiative in Zambia.,Country-Specific Determinants of Agricultural Climate Service Development Pathways in Africa,"Hansen, J.; Nybroe, R.; Vedel, S. E.",J Hansen; L Born; D Solomon; RB Zougmoré; T Dinku,2019,2021,Agricultural Systems,cgspace.cgiar.org,,https://cgspace.cgiar.org/items/46a136b6-fc8a-433b-b5de-e4e21fbad3eb,0,0,3,GOOGLE,0,"✗ Title | ✗ Authors | ✗ Year | ✗ Venue | ○ ID

### Summary
No matching article could be found for the reference by Hansen, J., Nybroe, R., & Vedel, S. E. (2019) titled ""Integrating climate-smart agriculture into smallholder farming systems: Lessons from a multi-stakeholder initiative in Zambia"". The available records show a different article with a different title, authors, year, and source.

### Details
A matching record was not found in OpenAlex or other scholarly databases for the cited article. The closest found article is titled ""Country-Specific Determinants of Agricultural Climate Service Development Pathways in Africa"" published in 2021 by Hansen, J., Born, L., Solomon, D., Zougmoré, R. B., and Dinku, T. This differs significantly from the cited article in title, authorship, publication year, and venue. The cited article's journal ""Agricultural Systems"" does not match the repository source cgspace.cgiar.org of the found article. No DOI or other identifier was available to confirm the citation. 

- https://cgspace.cgiar.org/items/46a136b6-fc8a-433b-b5de-e4e21fbad3eb",0.0,1.0
"Lipper, L., Thornton, P., Campbell, B. M., Baedeker, T., Braimoh, A., Bwalya, M., ... & Zilberman, D. (2014). Climate-smart agriculture for food security. Nature Climate Change, 4(12), 1068-1072.",Climate-smart agriculture for smallholder farmers,mistral_large_2_123b,verified,"Lipper, L., Thornton, P. K., Campbell, B., Baedeker, T., Braimoh, A. K., Bwalya, M., Caron, P., Cattaneo, A., Garrity, D. P., Henry, K., Hottle, R., Jackson, L., Jarvis, A., Kossam, F., Mann, W. N., McCarthy, N., Meybeck, A., Neufeldt, H., Remington, T., Pham, P. T., Sessa, R., Shula, R., Tibu, A., & Torquebiau, E. (2014). Climate-smart agriculture for food security. *Nature Climate Change*, 4(12), 1068–1072. https://doi.org/10.1038/nclimate2437",MATCH,MATCH,MATCH,MATCH,ABSENT,Climate-smart agriculture for food security,Leslie Lipper; Philip K. Thornton; Bruce Campbell; Tobias Baedeker; Ademola K. Braimoh; Martin Bwalya; Patrick Caron; Andrea Cattaneo; Dennis P. Garrity; Kevin Henry; Ryan Hottle; Louise Jackson; Andy Jarvis; Fred Kossam; W. Neal Mann; Nancy McCarthy; A. Meybeck; Henry Neufeldt; Tom Remington; Pham Thi Sen; Reuben Sessa; Reynolds Shula; Austin Tibu; Emmanuel Torquebiau,2014,Nature Climate Change,10.1038/nclimate2437,https://doi.org/10.1038/nclimate2437,GOOGLE,4,0,0,1,0,Climate-smart agriculture for food security,Climate-smart agriculture for food security,"Lipper, L.; Thornton, P.; Campbell, B. M.; Baedeker, T.; Braimoh, A.; Bwalya, M.; ...; Zilberman, D.",Leslie Lipper; Philip K. Thornton; Bruce Campbell; Tobias Baedeker; Ademola K. Braimoh; Martin Bwalya; Patrick Caron; Andrea Cattaneo; Dennis P. Garrity; Kevin Henry; Ryan Hottle; Louise Jackson; Andy Jarvis; Fred Kossam; W. Neal Mann; Nancy McCarthy; A. Meybeck; Henry Neufeldt; Tom Remington; Pham Thi Sen; Reuben Sessa; Reynolds Shula; Austin Tibu; Emmanuel Torquebiau,2014,2014,Nature Climate Change,Nature Climate Change,,10.1038/nclimate2437,1,1,1,GOOGLE,0,"✓ Title | ✓ Authors | ✓ Year | ✓ Venue | ○ ID

### Summary
This article was confirmed in Nature Climate Change with matching authors and year. The title ""Climate-smart agriculture for food security"" was verified exactly, and the author list corresponds well despite initials being used in the citation and full names in the evidence.

### Details
A matching record was found with the exact title and year 2014. The authors in the citation (e.g., Lipper, L.; Thornton, P.; Campbell, B. M.) correspond to the full names in the evidence (Leslie Lipper, Philip K. Thornton, Bruce Campbell). The journal name ""Nature Climate Change"" also matched exactly. Although no identifier was present in the citation, the DOI 10.1038/nclimate2437 was found for the article, confirming the match. Relevant sources include the DOI link and OpenAlex record.

- https://doi.org/10.1038/nclimate2437
- https://openalex.org/works/https://doi.org/10.1038/nclimate2437",1.0,0.0
"Mwongera, C. N., Mutua, J., Ngetich, F., & Mugwe, J. (2017). Climate-smart agriculture and achieving sustainable development goals: Experiences from Kenya. International Journal of Climate Change Strategies and Management, 9(5), 625-642.",Climate-smart agriculture for smallholder farmers,mistral_large_2_123b,unverified,Reference could not be verified.,CONTRADICTION,CONTAINS,MATCH,CONTRADICTION,ABSENT,Prioritizing climate-smart agriculture practices in Western Kenya.,C Mwongera; CM Mwungu; IW Kinyua,2017,CGIAR (cgspace.cgiar.org),,https://cgspace.cgiar.org/items/93833bf2-4e4f-4208-97a5-4a8ffd8540c9,GOOGLE,1,2,1,1,0,Climate-smart agriculture and achieving sustainable development goals: Experiences from Kenya.,Prioritizing climate-smart agriculture practices in Western Kenya.,"Mwongera, C. N.; Mutua, J.; Ngetich, F.; Mugwe, J.",C Mwongera; CM Mwungu; IW Kinyua,2017,2017,International Journal of Climate Change Strategies and Management,CGIAR (cgspace.cgiar.org),,https://cgspace.cgiar.org/items/93833bf2-4e4f-4208-97a5-4a8ffd8540c9,0,0,3,GOOGLE,0,"✗ Title | ◐ Authors | ✓ Year | ✗ Venue | ○ ID

### Summary
The reference could not be verified because the title and venue do not match any found records. Although the authors and year are similar, the title about climate-smart agriculture and sustainable development goals in Kenya differs significantly from the closest found work, which focuses on prioritizing climate-smart agriculture practices in Western Kenya. Additionally, the cited journal does not match the repository source found.

### Details
A matching record was found with the year 2017 and some overlapping authors, but the title was different, focusing on Western Kenya rather than the broader Kenya context and sustainable development goals. The cited venue is a scholarly journal, while the found source is from CGIAR's repository, indicating different publication outlets. No DOI or other identifiers were available to confirm the citation.

- https://cgspace.cgiar.org/items/93833bf2-4e4f-4208-97a5-4a8ffd8540c9",0.0,1.0
"Rao, K. P. C., Wani, S. P., Sudi, R., & Sreedevi, T. K. (2016). Climate-smart agriculture for sustainable development. Journal of SAT Agricultural Research, 14(1), 1-18.",Climate-smart agriculture for smallholder farmers,mistral_large_2_123b,unverified,Reference could not be verified.,UNCONFIRMED,UNCONFIRMED,UNCONFIRMED,UNCONFIRMED,UNCONFIRMED,,,,,,,,,,,,,,,,,,,,,,,0,0,0,,0,"? Title | ? Authors | ? Year | ? Venue | ? ID

### Summary
No matching article could be found for the reference by Rao et al. (2016) titled ""Climate-smart agriculture for sustainable development"" in the Journal of SAT Agricultural Research. None of the searched databases or sources returned a record that confirmed the authors, title, year, or journal.

### Details
A search in OpenAlex did not find any matching work. A broader scholar search returned several articles related to climate-smart agriculture and sustainable development, but none matched the exact title, author list, year 2016, or the journal ""Journal of SAT Agricultural Research."" The closest results were from different years, authors, or journals. This lack of a direct match indicates that the reference could not be verified.

- https://link.springer.com/article/10.1007/s11027-024-10139-z
- https://papers.ssrn.com/sol3/papers.cfm?abstract_id=2979349
- https://journals.plos.org/climate/article?id=10.1371/journal.pclm.0000482
- https://www.sciencedirect.com/science/article/pii/S1470160X18304783
- https://indianjournals.com/api/article-view/aerr-31-conf-001",0.0,1.0
"Rosenstock, T. S., Rao, K. P. C., Hildebrand, P. E., Dinesh, D., & Kampen, J. (2016). Climate-smart agriculture for smallholder farmers in developing countries: A synthesis of recent literature. International Journal of Agricultural Sustainability, 14(4), 417-432.",Climate-smart agriculture for smallholder farmers,mistral_large_2_123b,unverified,Reference could not be verified.,CONTRADICTION,CONTRADICTION,CONTRADICTION,CONTAINS,ABSENT,What is the evidence base for climate-smart agriculture in East and Southern Africa? A systematic map,TS Rosenstock; C Lamanna; N Namoi; A Arslan,2018,Springer,,https://link.springer.com/chapter/10.1007/978-3-319-92798-5_12,GOOGLE,0,3,1,1,0,Climate-smart agriculture for smallholder farmers in developing countries: A synthesis of recent literature,What is the evidence base for climate-smart agriculture in East and Southern Africa? A systematic map,"Rosenstock, T. S.; Rao, K. P. C.; Hildebrand, P. E.; Dinesh, D.; & Kampen, J.",TS Rosenstock; C Lamanna; N Namoi; A Arslan,2016,2018,International Journal of Agricultural Sustainability,Springer,,https://link.springer.com/chapter/10.1007/978-3-319-92798-5_12,0,0,3,GOOGLE,0,"✗ Title | ✗ Authors | ✗ Year | ◐ Venue | ○ ID

### Summary
No matching article could be found for the cited reference. The closest found work differs significantly in title, authors, and publication year, indicating they are not the same document.

### Details
A matching record was not found for the cited article titled ""Climate-smart agriculture for smallholder farmers in developing countries: A synthesis of recent literature"" published in 2016. The closest candidate found was titled ""What is the evidence base for climate-smart agriculture in East and Southern Africa? A systematic map,"" published in 2018 by Rosenstock and different co-authors. The titles differ in scope and focus, the author lists only share one common name, and the publication years differ by two years. The cited journal ""International Journal of Agricultural Sustainability"" and the candidate's publisher ""Springer"" indicate different venues. No DOI or other identifier was available to confirm a match.

- https://link.springer.com/chapter/10.1007/978-3-319-92798-5_12",0.0,1.0
"Zougmoré, R., Moussa, A., & Partey, S. T. (2018). Climate-smart agriculture from the perspective of smallholder farmers in sub-Saharan Africa. Climate Risk Management, 20, 1-11.",Climate-smart agriculture for smallholder farmers,mistral_large_2_123b,unverified,Reference could not be verified.,CONTRADICTION,MATCH,MATCH,CONTRADICTION,ABSENT,Facing climate variability in sub-Saharan Africa: analysis of climate-smart agriculture opportunities to manage climate-related risks,RB Zougmoré; ST Partey; M Ouédraogo,2018,Cahiers Agricultures,,https://oar.icrisat.org/id/eprint/10687,GOOGLE,2,2,0,1,0,Climate-smart agriculture from the perspective of smallholder farmers in sub-Saharan Africa.,Facing climate variability in sub-Saharan Africa: analysis of climate-smart agriculture opportunities to manage climate-related risks,"Zougmoré, R.; Moussa, A.; Partey, S. T.",RB Zougmoré; ST Partey; M Ouédraogo,2018,2018,Climate Risk Management,Cahiers Agricultures,,https://oar.icrisat.org/id/eprint/10687,0,0,3,GOOGLE,0,"✗ Title | ✓ Authors | ✓ Year | ✗ Venue | ○ ID

### Summary
The reference could not be verified as the title and journal do not match any found records. Although the authors and year correspond closely, the title and journal differ significantly from available sources.

### Details
A matching record was found with the same year (2018) and two of the three authors (Zougmoré and Partey), but the title was different, focusing on climate variability and CSA opportunities rather than the perspective of smallholder farmers. Additionally, the journal named in the reference, Climate Risk Management, does not match the journal found, Cahiers Agricultures. No DOI or other identifier was available to confirm the citation.

- https://oar.icrisat.org/id/eprint/10687",0.0,1.0
"Alvarez, R. M., & Hall, T. E. (2008). Point-of-registration laws, early voting, and turnout. Political Behavior, 30(2), 223-243.",Democratic elections,mistral_large_2_123b,needs-human,Reference requires human review.,CONTAINS,UNCONFIRMED,CONTAINS,UNCONFIRMED,ABSENT,"The Effects and Costs of Early Voting, Election Day Registration, and ...",,2009,,,https://www.pew.org/~/media/legacy/uploadedfiles/pcs_assets/2009/uwisconsin1pdf.pdf,GOOGLE,0,0,2,1,2,"Point-of-registration laws, early voting, and turnout.","The Effects and Costs of Early Voting, Election Day Registration, and ...","Alvarez, R. M.; Hall, T. E.",,2008,2009,Political Behavior,,,https://www.pew.org/~/media/legacy/uploadedfiles/pcs_assets/2009/uwisconsin1pdf.pdf,0,2,3,GOOGLE,0,"◐ Title | ? Authors | ◐ Year | ? Venue | ○ ID

### Summary
The verification result is ambiguous and requires human review. The title and year are similar but not an exact match, and the authors and journal could not be confirmed.

### Details
A potential match was found with a title that contains the core topic of early voting and registration laws, though it uses slightly different phrasing and includes an expanded subtitle. The year differs by one (2008 vs. 2009). The authors and journal information were not available in the potential match. No exact match was found in OpenAlex, and the best evidence comes from a PDF document hosted by Pew Research that discusses related topics but does not fully confirm the original citation.

- [Pew Research PDF](https://www.pew.org/~/media/legacy/uploadedfiles/pcs_assets/2009/uwisconsin1pdf.pdf)",0.267,0.733
"Blais, A. (2000). To vote or not to vote: The merits and limits of rational choice theory. University of Pittsburgh Press.",Democratic elections,mistral_large_2_123b,verified,"Blais, A. (2000). *To vote or not to vote?: the merits and limits of rational choice theory*. University of Pittsburgh Press.",MATCH,MATCH,MATCH,CONTAINS,ABSENT,To vote or not to vote? the merits and limits of rational choice theory,André Blais,2000,University of Pittsburgh Digital Library,,http://digital.library.pitt.edu/islandora/object/pitt%3A31735042739635,GOOGLE,3,0,1,1,0,To vote or not to vote: The merits and limits of rational choice theory,To vote or not to vote? the merits and limits of rational choice theory,"Blais, A.",André Blais,2000,2000,University of Pittsburgh Press,University of Pittsburgh Digital Library,,http://digital.library.pitt.edu/islandora/object/pitt%3A31735042739635,1,1,1,GOOGLE,0,"✓ Title | ✓ Authors | ✓ Year | ◐ Venue | ○ ID

### Summary
This book was confirmed as authored by André Blais in the year 2000, with the title ""To vote or not to vote? the merits and limits of rational choice theory"" matching exactly. It is associated with the University of Pittsburgh Press, consistent with the original reference.

### Details
A matching record was found with the exact title and author name, confirming André Blais as the author. The publication year 2000 matched exactly. The venue is related to the University of Pittsburgh, with the evidence showing the University of Pittsburgh Digital Library as the source, which is affiliated with the University of Pittsburgh Press mentioned in the citation. No DOI was found, but the URL to the digital library record supports the verification.

- [Digital Library of University of Pittsburgh](http://digital.library.pitt.edu/islandora/object/pitt%3A31735042739635)
- [MIT Press Bookstore](https://mitpressbookstore.mit.edu/book/9780822957348)
- [WorldCat](https://search.worldcat.org/title/To-vote-or-not-to-vote-:-the-merits-and-limits-of-rational-choice-theory/oclc/500908438)",0.9,0.1
"Brady, H. E., Verba, S., & Schlozman, K. L. (1995). Beyond SES: A resource model of political participation. American Political Science Review, 89(2), 271-294.",Democratic elections,mistral_large_2_123b,verified,"Brady, H. E., Verba, S., & Schlozman, K. L. (1995). *Beyond SES: A resource model of political participation*. *American Political Science Review*, 89(2), 271-294. https://doi.org/10.2307/2082425",MATCH,MATCH,MATCH,MATCH,ABSENT,Beyond SES: A Resource Model of Political Participation,Henry E. Brady; Sidney Verba; Kay Lehman Schlozman,1995,American Political Science Review,10.2307/2082425,https://doi.org/10.2307/2082425,GOOGLE,4,0,0,1,0,Beyond SES: A resource model of political participation.,Beyond SES: A Resource Model of Political Participation,"Brady, H. E.; Verba, S.; Schlozman, K. L.",Henry E. Brady; Sidney Verba; Kay Lehman Schlozman,1995,1995,American Political Science Review,American Political Science Review,,10.2307/2082425,1,1,1,GOOGLE,0,"✓ Title | ✓ Authors | ✓ Year | ✓ Venue | ○ ID

### Summary
This article was confirmed in the American Political Science Review with matching authors Henry E. Brady, Sidney Verba, and Kay Lehman Schlozman, and the publication year 1995. The title ""Beyond SES: A Resource Model of Political Participation"" was verified exactly as cited.

### Details
A matching record was found with the exact title and author names, despite differences in name formatting (initials vs. full names). The year 1995 and the journal name American Political Science Review matched exactly. Although no identifier was provided in the citation, the article is associated with the DOI 10.2307/2082425, confirming its authenticity and source.

- https://doi.org/10.2307/2082425",1.0,0.0
"Dalton, R. J. (2013). The good citizen: How a younger generation is reshaping American politics. CQ Press.",Democratic elections,mistral_large_2_123b,verified-with-error,"Dalton, R. J. (2008). *The good citizen: How a younger generation is reshaping American politics*. CQ Press.",MATCH,MATCH,CONTRADICTION,MATCH,ABSENT,The Good Citizen: How a Younger Generation Is Reshaping American Politics,Russell J. Dalton,2008,CQ Press,,http://www.loc.gov/catdir/toc/ecip0719/2007022021.html,GOOGLE,3,1,0,1,0,The good citizen: How a younger generation is reshaping American politics,The Good Citizen: How a Younger Generation Is Reshaping American Politics,"Dalton, R. J.",Russell J. Dalton,2013,2008,CQ Press,CQ Press,,http://www.loc.gov/catdir/toc/ecip0719/2007022021.html,0,0,1,GOOGLE,0,"✓ Title | ✓ Authors | ✗ Year | ✓ Venue | ○ ID

### Summary
This book was confirmed as ""The Good Citizen: How a Younger Generation Is Reshaping American Politics"" by Russell J. Dalton, published by CQ Press. However, there is a discrepancy in the publication year: the citation states 2013, but the verified record shows 2008.

### Details
A matching record was found with the exact title and author name, confirming the book's identity. The publisher CQ Press also matched exactly. The main difference is the publication year, which is 2008 in the verified source compared to 2013 in the citation. No DOI was available for further verification.

- [Library of Congress Catalog](http://www.loc.gov/catdir/toc/ecip0719/2007022021.html)
- [Amazon Listing](https://www.amazon.com/Good-Citizen-Generation-Reshaping-American/dp/1604265566)",0.6,0.4
"Franklin, M. N. (2004). Voter turnout and the dynamics of electoral competition in established democracies since 1945. Cambridge University Press.",Democratic elections,mistral_large_2_123b,verified,"Franklin, M. N., van der Eijk, C., Evans, D., Fotos, M., Hirczy de Mino, W., Marsh, M., & Wessels, B. (2004). *Voter turnout and the dynamics of electoral competition in established democracies since 1945*. Cambridge University Press. https://doi.org/10.1017/cbo9780511616884",MATCH,CONTAINS,MATCH,CONTAINS,ABSENT,Voter Turnout and the Dynamics of Electoral Competition in Established Democracies since 1945,Mark N. Franklin; Cees van der Eijk; Diana Evans; Michael Fotos; Wolfgang Hirczy de Mino; Michael Marsh; Bernard Wessels,2004,Cambridge University Press eBooks,10.1017/cbo9780511616884,https://doi.org/10.1017/cbo9780511616884,GOOGLE,2,0,2,1,0,Voter turnout and the dynamics of electoral competition in established democracies since 1945,Voter Turnout and the Dynamics of Electoral Competition in Established Democracies since 1945,"Franklin, M. N.",Mark N. Franklin; Cees van der Eijk; Diana Evans; Michael Fotos; Wolfgang Hirczy de Mino; Michael Marsh; Bernard Wessels,2004,2004,Cambridge University Press,Cambridge University Press eBooks,,10.1017/cbo9780511616884,1,1,1,GOOGLE,1,"✓ Title | ◐ Authors | ✓ Year | ◐ Venue | ○ ID

### Summary
This book was confirmed as published by Cambridge University Press in 2004 with the exact title ""Voter Turnout and the Dynamics of Electoral Competition in Established Democracies since 1945."" The author Mark N. Franklin was found among a group of multiple authors associated with this work.

### Details
A matching record was found with the exact title and year 2004. The author list includes Mark N. Franklin along with several other co-authors, indicating the citation author is a subset of the full author list. The publisher is listed as Cambridge University Press eBooks, which is closely related to the cited Cambridge University Press. No identifier was present in the citation. Relevant sources include the DOI link and Cambridge Core page.

- https://doi.org/10.1017/cbo9780511616884
- https://www.cambridge.org/core/books/voter-turnout-and-the-dynamics-of-electoral-competition-in-established-democracies-since-1945/7171DEFC791953CCF4071B5614764F94",0.767,0.233
"Norris, P. (2004). Electoral engineering: Voting rules and political behavior. Cambridge University Press.",Democratic elections,mistral_large_2_123b,verified,"Norris, P. (2004). *Electoral engineering: Voting rules and political behavior*. Cambridge University Press.",MATCH,MATCH,MATCH,MATCH,ABSENT,Electoral engineering: voting rules and political behavior,Pippa Norris,2004,Cambridge University Press,,https://www.wcfia.harvard.edu/publications/electoral-engineering-voting-rules-and-political-behavior,GOOGLE,4,0,0,1,0,Electoral engineering: Voting rules and political behavior.,Electoral engineering: voting rules and political behavior,"Norris, P.",Pippa Norris,2004,2004,Cambridge University Press,Cambridge University Press,,https://www.wcfia.harvard.edu/publications/electoral-engineering-voting-rules-and-political-behavior,1,1,1,GOOGLE,0,"✓ Title | ✓ Authors | ✓ Year | ✓ Venue | ○ ID

### Summary
This book was confirmed as ""Electoral engineering: Voting rules and political behavior"" by Pippa Norris, published in 2004 by Cambridge University Press. The title, author, year, and publisher all matched exactly.

### Details
A matching record was found with the exact title ""Electoral engineering: voting rules and political behavior"" and author Pippa Norris, published in 2004 by Cambridge University Press. The citation's author initials ""P. Norris"" correspond to the full name ""Pippa Norris"" in the evidence. Multiple sources, including a Harvard publication page and Amazon listings, support this match. No DOI was provided in the citation, but the other key details align perfectly.

- https://www.wcfia.harvard.edu/publications/electoral-engineering-voting-rules-and-political-behavior
- https://www.amazon.ca/Electoral-Engineering-Voting-Political-Behavior/dp/0521829771
- https://www.cambridge.org/core/journals/perspectives-on-politics/article/electoral-engineering-voting-rules-and-political-behavior/C6337AEAAFBA7E5164E7AA76EA0E543C",1.0,0.0
"Powell, G. B. (1982). Contemporary democracies: Participation, stability, and violence. Harvard University Press.",Democratic elections,mistral_large_2_123b,verified,"Powell, G. B. (1982). *Contemporary democracies: Participation, stability, and violence*. Harvard University Press. https://www.hup.harvard.edu/books/9780674166875",MATCH,MATCH,MATCH,MATCH,ABSENT,"Contemporary Democracies: Participation, Stability, and Violence",G. Bingham Powell Jr.,1982,Harvard University Press,,https://www.hup.harvard.edu/books/9780674166875,GOOGLE,4,0,0,1,0,"Contemporary democracies: Participation, stability, and violence","Contemporary Democracies: Participation, Stability, and Violence","Powell, G. B.",G. Bingham Powell Jr.,1982,1982,Harvard University Press,Harvard University Press,,https://www.hup.harvard.edu/books/9780674166875,1,1,1,GOOGLE,0,"✓ Title | ✓ Authors | ✓ Year | ✓ Venue | ○ ID

### Summary
This book was confirmed as published by Harvard University Press in 1982 with the title ""Contemporary Democracies: Participation, Stability, and Violence"" and author G. Bingham Powell Jr. The author name in the citation uses initials, which matches the full name found in the evidence.

### Details
A matching record was found with the exact title and year 1982. The author ""Powell, G. B."" corresponds to ""G. Bingham Powell Jr."", confirming the same person despite the difference in name format. The publisher ""Harvard University Press"" also matched exactly. Multiple sources, including the Harvard University Press website and Google Books, support this confirmation.

- https://www.hup.harvard.edu/books/9780674166875
- https://books.google.com/books?id=BoopEAAAQBAJ
- https://www.amazon.com/Contemporary-Democracies-Participation-Stability-Foundation/dp/0674166876",1.0,0.0
"Rosenstone, S. J., & Hansen, J. M. (1993). Mobilization, participation, and democracy in America. Macmillan Publishing Company.",Democratic elections,mistral_large_2_123b,verified-with-error,"Rosenstone, S. J., & Hansen, J. M. (1993). *Mobilization, participation, and democracy in America*. Medical Entomology and Zoology. http://ci.nii.ac.jp/ncid/BA24832089",MATCH,MATCH,MATCH,CONTRADICTION,ABSENT,"Mobilization, participation, and democracy in America",Steven J. Rosenstone; John Mark Hansen,1993,Medical Entomology and Zoology,,http://ci.nii.ac.jp/ncid/BA24832089,GOOGLE,3,1,0,1,0,"Mobilization, participation, and democracy in America.","Mobilization, participation, and democracy in America","Rosenstone, S. J.; Hansen, J. M.",Steven J. Rosenstone; John Mark Hansen,1993,1993,Macmillan Publishing Company,Medical Entomology and Zoology,,http://ci.nii.ac.jp/ncid/BA24832089,0,0,1,GOOGLE,0,"✓ Title | ✓ Authors | ✓ Year | ✗ Venue | ○ ID

### Summary
This book was confirmed with the title ""Mobilization, participation, and democracy in America"" and matching authors Steven J. Rosenstone and John Mark Hansen, published in 1993. However, there is a minor discrepancy regarding the publisher: the citation lists Macmillan Publishing Company, while the evidence found associates the work with a different publisher or journal.

### Details
A matching record was found with the exact title and authors, and the year 1993 matched exactly. The authors' names correspond despite one source using initials and the other full names. The main issue is the venue: the citation states Macmillan Publishing Company as the publisher, but the evidence source lists ""Medical Entomology and Zoology"" as the journal or publisher, which is unrelated. No DOI was found in the citation. Additional sources such as Google Books and Amazon confirm the Macmillan publisher, supporting the citation's accuracy for the publisher.

- [OpenAlex record](http://ci.nii.ac.jp/ncid/BA24832089)
- [Amazon listing](https://www.amazon.com/Mobilization-Participation-Democracy-America-Politics/dp/0024036609)
- [Google Books](https://books.google.com/books/about/Mobilization_Participation_and_Democracy.html?id=QyuHAAAAMAAJ)
- [Internet Archive](https://archive.org/details/mobilizationpart0000rose)
- [Cambridge Review](https://www.cambridge.org/core/journals/american-political-science-review/article/mobilization-participation-and-democracy-in-america-by-rosenstonesteven-j-and-hansenjohn-mark-new-york-macmillan-1993-333p-1500/D4C6276E3527632A9D536E40B98957E4)",0.6,0.4
"Teixeira, R. A. (1992). The disappearing American voter. Brookings Institution Press.",Democratic elections,mistral_large_2_123b,verified,"Teixeira, R. A. (1992). *The disappearing American voter*. Brookings Institution. ",MATCH,MATCH,MATCH,CONTAINS,ABSENT,The disappearing American voter,Ruy A. Teixeira,1992,Brookings Institution,,https://www.brookings.edu/books/the-disappearing-american-voter/,GOOGLE,3,0,1,1,0,The disappearing American voter.,The disappearing American voter,"Teixeira, R. A.",Ruy A. Teixeira,1992,1992,Brookings Institution Press,Brookings Institution,,https://www.brookings.edu/books/the-disappearing-american-voter/,1,1,1,GOOGLE,0,"✓ Title | ✓ Authors | ✓ Year | ◐ Venue | ○ ID

### Summary
This book titled ""The disappearing American voter"" by Ruy A. Teixeira was confirmed as published in 1992 by Brookings Institution Press. The author name, title, and year all matched exactly, confirming the reference.

### Details
A matching record was found with the exact title ""The disappearing American voter"" and author Ruy A. Teixeira, published in 1992. The publisher listed as Brookings Institution Press corresponds to the Brookings Institution, confirming the venue. Although no DOI was present in the citation, multiple sources including the Brookings website and academic reviews support the match.

- https://www.brookings.edu/books/the-disappearing-american-voter/
- https://www.amazon.com/Disappearing-American-Voter-Ruy-Teixeira/dp/0815783035
- https://www.cambridge.org/core/journals/american-political-science-review/article/disappearing-american-voter-ruy-a-teixeira-washington-brookings-institution-1992-242p-3195-cloth-1295-paper/535BF9054A2F6904457DF647B72A35C8",0.9,0.1
"Wolfinger, R. E., & Rosenstone, S. J. (1980). Who votes? Yale University Press.",Democratic elections,mistral_large_2_123b,verified,"Wolfinger, R. E., & Rosenstone, S. J. (1980). *Who Votes?* Yale University Press. https://books.google.com/books?hl=en&lr=&id=XmspYgn-syYC&oi=fnd&pg=PP11&dq=Who+votes+Wolfinger&ots=JBsHRsWo0R&sig=bzT-Tt2RR5p9tY9JfVj-eptePEM",MATCH,MATCH,MATCH,MATCH,ABSENT,Who Votes?,Raymond E. Wolfinger; Steven J. Rosenstone,1980,Yale University Press,,https://books.google.com/books?hl=en&lr=&id=XmspYgn-syYC&oi=fnd&pg=PP11&dq=Who+votes+Wolfinger&ots=JBsHRsWo0R&sig=bzT-Tt2RR5p9tY9JfVj-eptePEM,GOOGLE,4,0,0,1,0,Who votes?,Who Votes?,"Wolfinger, R. E.; Rosenstone, S. J.",Raymond E. Wolfinger; Steven J. Rosenstone,1980,1980,Yale University Press,Yale University Press,,https://books.google.com/books?hl=en&lr=&id=XmspYgn-syYC&oi=fnd&pg=PP11&dq=Who+votes+Wolfinger&ots=JBsHRsWo0R&sig=bzT-Tt2RR5p9tY9JfVj-eptePEM,1,1,1,GOOGLE,0,"✓ Title | ✓ Authors | ✓ Year | ✓ Venue | ○ ID

### Summary
This book titled ""Who Votes?"" by Raymond E. Wolfinger and Steven J. Rosenstone was confirmed as published by Yale University Press in 1980. The authors, title, year, and publisher all match exactly with the reference provided.

### Details
A matching record was found with the exact title ""Who Votes?"" and the two authors Raymond E. Wolfinger and Steven J. Rosenstone, confirming the authorship and order. The publication year 1980 and the publisher Yale University Press also matched perfectly. Although no DOI was available, the book is accessible via Google Books, providing strong evidence of its existence and details.

- https://books.google.com/books?hl=en&lr=&id=XmspYgn-syYC&oi=fnd&pg=PP11&dq=Who+votes+Wolfinger&ots=JBsHRsWo0R&sig=bzT-Tt2RR5p9tY9JfVj-eptePEM",1.0,0.0
"Arner, D. W., Barberis, J., & Buckley, R. P. (2015). The Evolution of Digital Financial Services. Georgetown Journal of International Law, 47(1), 303-360.",Digital financial services,mistral_large_2_123b,unverified,Reference could not be verified.,CONTRADICTION,UNCONFIRMED,MATCH,CONTRADICTION,ABSENT,Regulation of Digital Financial Services in China: Last Mover or First Mover?,,2015,UNSW Law Research Series (UNSWLRS),,https://www.austlii.edu.au/au/journals/UNSWLRS/2015/62.pdf,GOOGLE,1,2,0,1,1,The Evolution of Digital Financial Services,Regulation of Digital Financial Services in China: Last Mover or First Mover?,"Arner, D. W.; Barberis, J.; Buckley, R. P.",,2015,2015,Georgetown Journal of International Law,UNSW Law Research Series (UNSWLRS),,https://www.austlii.edu.au/au/journals/UNSWLRS/2015/62.pdf,0,0,3,GOOGLE,1,"✗ Title | ? Authors | ✓ Year | ✗ Venue | ○ ID

### Summary
No matching article could be found that corresponds exactly to the citation provided. The title and journal in the citation differ significantly from the closest available document, which focuses on regulation of digital financial services in China rather than the general evolution of digital financial services.

### Details
A matching record was not found in OpenAlex. The year 2015 matches exactly, but the title and journal differ. The citation references ""The Evolution of Digital Financial Services"" published in the Georgetown Journal of International Law, while the closest found document is titled ""Regulation of Digital Financial Services in China: Last Mover or First Mover?"" from the UNSW Law Research Series. The authors in the citation could not be confirmed in the found document. No DOI or other identifier was available to confirm the citation. 

- https://www.austlii.edu.au/au/journals/UNSWLRS/2015/62.pdf
- https://meral.edu.mm/record/10422/file_preview/Htet%20Aung%20Shein%2C%20Roll%20No.%2067%2C%20EMDevS%2018th%20Batch.pdf?allow_aggs=True
- https://www.tsinghuachinalawreview.law.tsinghua.edu.cn/UploadFiles/2022-11-18/fkgsj6vklbspqsyx.pdf?My4gVENMUl8wODAxX1pob3UucGRm",0.0,1.0
"Beck, T., & Demirgüç-Kunt, A. (2018). Financial Inclusion and Digital Financial Services: A Review of Recent Empirical Evidence. World Bank Research Observer, 33(1), 40-67.",Digital financial services,mistral_large_2_123b,unverified,Reference could not be verified.,CONTAINS,UNCONFIRMED,UNCONFIRMED,UNCONFIRMED,ABSENT,Financial Inclusion and Digital Financial Services: Empirical ...,,,,,https://mpra.ub.uni-muenchen.de/82885/1/MPRA_paper_82474.pdf,GOOGLE,0,0,1,1,3,Financial Inclusion and Digital Financial Services: A Review of Recent Empirical Evidence,Financial Inclusion and Digital Financial Services: Empirical ...,"Beck, T.; Demirgüç-Kunt, A.",,2018,,World Bank Research Observer,,,https://mpra.ub.uni-muenchen.de/82885/1/MPRA_paper_82474.pdf,0,1,1,GOOGLE,0,"◐ Title | ? Authors | ? Year | ? Venue | ○ ID

### Summary
No matching article could be found that fully confirms the original reference by Beck and Demirgüç-Kunt from 2018 titled ""Financial Inclusion and Digital Financial Services: A Review of Recent Empirical Evidence"" in the World Bank Research Observer. While the core title phrase was found in a similar document, key details such as authors, year, and journal were not confirmed.

### Details
A matching record with a similar title was found online, but it lacked author names, publication year, and journal information, making it impossible to confirm it as the same article. Searches in OpenAlex and Google Scholar did not yield a fully matching record. The year 2018, authors Beck and Demirgüç-Kunt, and the journal World Bank Research Observer could not be verified from available sources. The best potential match was a paper with a similar title hosted on MPRA, but it did not provide sufficient metadata to confirm the original citation.

- https://mpra.ub.uni-muenchen.de/82885/1/MPRA_paper_82474.pdf
- https://ideas.repec.org/p/pra/mprapa/82885.html
- https://openknowledge.worldbank.org/bitstreams/e38d92e2-ce89-5e9a-9534-944e6b697dff/download",0.167,0.833
"Demirgüç-Kunt, A., Klapper, L., Singer, D., Ansar, S., & Hess, J. (2018). The Global Findex Database 2017. The World Bank Group.",Digital financial services,mistral_large_2_123b,verified,"Demirgüç‐Kunt, A., Klapper, L., Singer, D., Ansar, S., & Hess, J. (2018). *Global Findex Database 2017 [La base de datos Global Findex 2017]*. World Bank Publications - Books. https://ideas.repec.org/b/wbk/wbpubs/29510.html",MATCH_WITH_TYPO,CONTAINS,MATCH,CONTAINS,ABSENT,Global Findex Database 2017 [La base de datos Global Findex 2017],Asli Demirgüç‐Kunt; Leora Klapper; Dorothe Singer; Saniya Ansar; Jake Hess,2018,World Bank Publications - Books,,https://ideas.repec.org/b/wbk/wbpubs/29510.html,GOOGLE,2,0,2,1,0,The Global Findex Database 2017,Global Findex Database 2017 [La base de datos Global Findex 2017],"Demirgüç-Kunt, A.; Klapper, L.; Singer, D.; Ansar, S.; Hess, J.",Asli Demirgüç‐Kunt; Leora Klapper; Dorothe Singer; Saniya Ansar; Jake Hess,2018,2018,The World Bank Group,World Bank Publications - Books,,https://ideas.repec.org/b/wbk/wbpubs/29510.html,1,1,3,GOOGLE,0,"✓ Title | ◐ Authors | ✓ Year | ◐ Venue | ○ ID

### Summary
This reference was confirmed as a valid publication by the World Bank Group from 2018. The authors Asli Demirgüç-Kunt, Leora Klapper, Dorothe Singer, Saniya Ansar, and Jake Hess were all found, and the year matched exactly. The title closely matches the official record with only a minor difference in wording.

### Details
A matching record was found titled ""Global Findex Database 2017 [La base de datos Global Findex 2017]"" published by World Bank Publications in 2018. The author list fully corresponds to the citation, and the year 2018 matches exactly. The title in the citation differs slightly by including ""The"" at the start, but this is a minor variation that does not affect the identity of the work. The venue is confirmed as part of the World Bank Group publishing arm. No DOI was provided in the citation, but the publication is well documented and accessible through World Bank sources.

- https://ideas.repec.org/b/wbk/wbpubs/29510.html
- https://doi.org/10.1596/978-1-4648-1259-0",0.433,0.567
"Gomber, P., Koch, J.-A., & Siering, M. (2018). Digital Finance and FinTech: Current Research and Future Research Directions. Journal of Business Economics, 88(5), 555-586.",Digital financial services,mistral_large_2_123b,verified,"Gomber, P., Koch, J.-A., & Siering, M. (2017). Digital Finance and FinTech: current research and future research directions. *Journal of Business Economics*, 87(5), 537-580. https://doi.org/10.1007/s11573-017-0852-x",MATCH,MATCH,CONTAINS,MATCH,ABSENT,Digital Finance and FinTech: current research and future research directions,Peter Gomber; Jascha-Alexander Koch; Michael Siering,2017,Journal of Business Economics,10.1007/s11573-017-0852-x,https://doi.org/10.1007/s11573-017-0852-x,GOOGLE,3,0,1,1,0,Digital Finance and FinTech: Current Research and Future Research Directions,Digital Finance and FinTech: current research and future research directions,"Gomber, P.; Koch, J.-A.; Siering, M.",Peter Gomber; Jascha-Alexander Koch; Michael Siering,2018,2017,Journal of Business Economics,Journal of Business Economics,,10.1007/s11573-017-0852-x,1,1,1,GOOGLE,0,"✓ Title | ✓ Authors | ◐ Year | ✓ Venue | ○ ID

### Summary
This article was confirmed in the Journal of Business Economics with matching authors Gomber, Koch, and Siering. The title matched exactly, and the journal name was also an exact match. The publication year differs slightly, with the citation listing 2018 and the evidence showing 2017.

### Details
A matching record was found with the exact title ""Digital Finance and FinTech: current research and future research directions"" and the same three authors: Peter Gomber, Jascha-Alexander Koch, and Michael Siering. The journal name ""Journal of Business Economics"" matched exactly. The year in the citation is 2018, while the evidence shows 2017, which is within an acceptable range. No identifier such as a DOI was provided in the citation, but the evidence includes the DOI 10.1007/s11573-017-0852-x. Relevant sources include the official DOI link and multiple academic databases confirming the article.

- [DOI Link](https://doi.org/10.1007/s11573-017-0852-x)
- [Springer Link](https://link.springer.com/article/10.1007/s11573-017-0852-x)
- [ResearchGate](https://www.researchgate.net/publication/314036928_Digital_Finance_and_FinTech_current_research_and_future_research_directions)",0.9,0.1
"Klapper, L., & Singer, D. (2014). Digital Financial Services and Financial Inclusion: Emerging Evidence from Tanzania. The World Bank Group.",Digital financial services,mistral_large_2_123b,needs-human,Reference requires human review.,CONTRADICTION,CONTAINS,CONTAINS,CONTAINS,ABSENT,Financial Inclusion and Legal Discrimination against Women: Evidence from Developing Countries,Asli Demirgüç‐Kunt; Leora Klapper; Dorothe Singer,2013,"World Bank, Washington, DC eBooks",10.1596/1813-9450-6416,https://doi.org/10.1596/1813-9450-6416,GOOGLE,0,1,3,1,0,Digital Financial Services and Financial Inclusion: Emerging Evidence from Tanzania.,Financial Inclusion and Legal Discrimination against Women: Evidence from Developing Countries,"Klapper, L.; Singer, D.",Asli Demirgüç‐Kunt; Leora Klapper; Dorothe Singer,2014,2013,The World Bank Group,"World Bank, Washington, DC eBooks",,10.1596/1813-9450-6416,0,0,2,GOOGLE,1,"✗ Title | ◐ Authors | ◐ Year | ◐ Venue | ○ ID

### Summary
The reference could not be conclusively verified because the title and main subject differ from the closest matching record found. While the authors Klapper and Singer were confirmed, the best match includes an additional author and focuses on legal discrimination against women rather than digital financial services in Tanzania.

### Details
A matching record was found titled ""Financial Inclusion and Legal Discrimination against Women: Evidence from Developing Countries"" published by the World Bank in 2013, which includes authors Leora Klapper and Dorothe Singer along with Asli Demirgüç-Kunt. The citation's year 2014 is close to the evidence year 2013, and the venue is related as both are World Bank publications. However, the titles and topics differ significantly, indicating these are not the same work. No direct identifier was available to confirm the citation.

- https://doi.org/10.1596/1813-9450-6416",0.0,1.0
"Manyika, J., Lund, S., Singer, M., White, O., & Berry, C. (2016). Digital Finance for All: Powering Inclusive Growth in Emerging Economies. McKinsey Global Institute.",Digital financial services,mistral_large_2_123b,verified,"Manyika, J., Lund, S., Singer, M., White, O., & Berry, C. (2016). *Digital finance for all: Powering inclusive growth in emerging economies*. McKinsey Global Institute. https://www.mckinsey.com/~/media/mckinsey/featured%20insights/employment%20and%20growth/how%20digital%20finance%20could%20boost%20growth%20in%20emerging%20economies/mg-digital-finance-for-all-full-report-september-2016.pdf",MATCH,MATCH,MATCH,MATCH,ABSENT,Digital Finance for All: Powering Inclusive Growth in Emerging Economies,J Manyika; S Lund; M Singer; O White; C Berry,2016,McKinsey Global Institute,,https://www.mckinsey.com/~/media/mckinsey/featured%20insights/employment%20and%20growth/how%20digital%20finance%20could%20boost%20growth%20in%20emerging%20economies/mg-digital-finance-for-all-full-report-september-2016.pdf,GOOGLE,4,0,0,1,0,Digital Finance for All: Powering Inclusive Growth in Emerging Economies.,Digital Finance for All: Powering Inclusive Growth in Emerging Economies,"Manyika, J.; Lund, S.; Singer, M.; White, O.; Berry, C.",J Manyika; S Lund; M Singer; O White; C Berry,2016,2016,McKinsey Global Institute,McKinsey Global Institute,,https://www.mckinsey.com/~/media/mckinsey/featured%20insights/employment%20and%20growth/how%20digital%20finance%20could%20boost%20growth%20in%20emerging%20economies/mg-digital-finance-for-all-full-report-september-2016.pdf,1,1,1,GOOGLE,0,"✓ Title | ✓ Authors | ✓ Year | ✓ Venue | ○ ID

### Summary
This book was confirmed as published by McKinsey Global Institute in 2016 with the exact title ""Digital Finance for All: Powering Inclusive Growth in Emerging Economies"" and matching authors Manyika, Lund, Singer, White, and Berry.

### Details
A matching record was found with the exact title and year 2016. The five authors were confirmed with consistent name formatting. The publisher McKinsey Global Institute also matched exactly. Although no DOI was available, multiple sources including McKinsey's official website and scholarly search results supported this reference.

- https://www.mckinsey.com/~/media/mckinsey/featured%20insights/employment%20and%20growth/how%20digital%20finance%20could%20boost%20growth%20in%20emerging%20economies/mg-digital-finance-for-all-full-report-september-2016.pdf
- https://www.scirp.org/reference/referencespapers?referenceid=3191202
- https://digitalfrontiersinstitute.org/resource/digital-finance-for-all-powering-inclusive-growth-in-emerging-economies/",1.0,0.0
"Radcliffe, D., & Voorhies, R. (2012). A Digital Pathway to Financial Inclusion. Center for Financial Inclusion.",Digital financial services,mistral_large_2_123b,verified-with-error,"Radcliffe, D., & Voorhies, R. (2012). *A Digital Pathway to Financial Inclusion*. *SSRN Electronic Journal*. https://doi.org/10.2139/ssrn.2186926",MATCH,MATCH,MATCH,CONTRADICTION,ABSENT,A Digital Pathway to Financial Inclusion,Daniel Radcliffe; Rodger Voorhies,2012,SSRN Electronic Journal,10.2139/ssrn.2186926,https://doi.org/10.2139/ssrn.2186926,GOOGLE,3,1,0,1,0,A Digital Pathway to Financial Inclusion.,A Digital Pathway to Financial Inclusion,"Radcliffe, D.; Voorhies, R.",Daniel Radcliffe; Rodger Voorhies,2012,2012,Center for Financial Inclusion,SSRN Electronic Journal,,10.2139/ssrn.2186926,0,0,1,GOOGLE,0,"✓ Title | ✓ Authors | ✓ Year | ✗ Venue | ○ ID

### Summary
This reference was confirmed with matching title, authors, and year. However, there is a discrepancy in the venue: the citation lists ""Center for Financial Inclusion"" while the verified record is from the ""SSRN Electronic Journal."" This suggests the document is available as a preprint on SSRN but may also be associated with the Center for Financial Inclusion.

### Details
A matching record was found with the exact title ""A Digital Pathway to Financial Inclusion"" and authors Daniel Radcliffe and Rodger Voorhies, published in 2012. The verified source is the SSRN Electronic Journal with DOI 10.2139/ssrn.2186926. The citation's venue differs, listing the Center for Financial Inclusion, which is an organization rather than a journal or publisher. This minor venue discrepancy accounts for the ""verified-with-error"" status.

- https://doi.org/10.2139/ssrn.2186926
- https://www.cgap.org/blog/digital-pathway-to-financial-inclusion
- https://www.findevgateway.org/paper/2012/12/digital-pathway-financial-inclusion",0.6,0.4
"Sultan, S. (2017). Digital Financial Services: A Framework for Regulation. The World Bank Group.",Digital financial services,mistral_large_2_123b,unverified,Reference could not be verified.,UNCONFIRMED,UNCONFIRMED,UNCONFIRMED,UNCONFIRMED,UNCONFIRMED,,,,,,,,,,,,,,,,,,,,,,,0,0,0,,0,"? Title | ? Authors | ? Year | ? Venue | ? ID

### Summary
No matching record for the reference by Sultan (2017) titled ""Digital Financial Services: A Framework for Regulation"" was found in the available databases or search results.

### Details
A search was conducted across multiple sources including OpenAlex, Google, and Google Scholar, but no evidence or matching records were identified. The title, author, year, and publisher details could not be confirmed due to the absence of any relevant matches.

- [OpenAlex](https://openalex.org)
- [Google](https://www.google.com)
- [Google Scholar](https://scholar.google.com)",0.0,1.0
"Acemoglu, D., & Robinson, J. A. (2012). Why Nations Fail: The Origins of Power, Prosperity, and Poverty. Crown Publishers.",Economics,mistral_large_2_123b,verified-with-error,"Acemoğlu, D., & Robinson, J. A. (2012). Why nations fail: The origins of power, prosperity and poverty. *Asean Economic Bulletin*, 29(2), 168. https://doi.org/10.1355/ae29-2j",MATCH,MATCH,MATCH,CONTRADICTION,ABSENT,"Why Nations Fail: The Origins of Power, Prosperity and Poverty",Daron Acemoğlu; James A. Robinson,2012,Asean Economic Bulletin,10.1355/ae29-2j,https://doi.org/10.1355/ae29-2j,GOOGLE,3,1,0,1,0,"Why Nations Fail: The Origins of Power, Prosperity, and Poverty.","Why Nations Fail: The Origins of Power, Prosperity and Poverty","Acemoglu, D.; Robinson, J. A.",Daron Acemoğlu; James A. Robinson,2012,2012,Crown Publishers,Asean Economic Bulletin,,10.1355/ae29-2j,0,0,1,GOOGLE,0,"✓ Title | ✓ Authors | ✓ Year | ✗ Venue | ○ ID

### Summary
This book was confirmed with the matching title ""Why Nations Fail: The Origins of Power, Prosperity, and Poverty"" and authors Daron Acemoğlu and James A. Robinson, published in 2012. However, there is a discrepancy in the publisher information: the citation lists Crown Publishers, while the evidence points to an article in the Asean Economic Bulletin journal.

### Details
A matching record was found with the exact title and authors, and the year 2012 matched exactly. The citation lists Crown Publishers as the publisher, which is a trade book publisher, but the evidence corresponds to an article published in the Asean Economic Bulletin, an academic journal. No identifier was provided in the citation. This explains the minor error in the verification status.

- https://doi.org/10.1355/ae29-2j",0.6,0.4
"Barro, R. J. (1991). Economic Growth in a Cross Section of Countries. The Quarterly Journal of Economics, 106(2), 407-443.",Economics,mistral_large_2_123b,verified,"Barro, R. J. (1991). *Economic growth in a cross section of countries*. *The Quarterly Journal of Economics*, 106(2), 407-443. https://academic.oup.com/qje/article-abstract/106/2/407/1905452",MATCH,MATCH,MATCH,MATCH,ABSENT,Economic growth in a cross section of countries,R. J. Barro,1991,The Quarterly Journal of Economics,,https://academic.oup.com/qje/article-abstract/106/2/407/1905452,GOOGLE,4,0,0,1,0,Economic Growth in a Cross Section of Countries,Economic growth in a cross section of countries,"Barro, R. J.",R. J. Barro,1991,1991,The Quarterly Journal of Economics,The Quarterly Journal of Economics,,https://academic.oup.com/qje/article-abstract/106/2/407/1905452,1,1,2,GOOGLE,0,"✓ Title | ✓ Authors | ✓ Year | ✓ Venue | ○ ID

### Summary
This article was confirmed in The Quarterly Journal of Economics with matching title, author, year, and journal name. The title ""Economic Growth in a Cross Section of Countries"" and author R. J. Barro were exactly matched, and the publication year 1991 was verified.

### Details
A matching record was found with the exact title ""Economic Growth in a Cross Section of Countries"" and author R. J. Barro, published in 1991 in The Quarterly Journal of Economics. The journal name and year matched exactly, confirming the citation's accuracy. Although no DOI was provided in the citation, multiple sources including the journal's official website and academic databases confirm the publication details.

- https://academic.oup.com/qje/article-abstract/106/2/407/1905452
- https://barro.scholars.harvard.edu/publications/economic-growth-cross-section-countries
- https://www.jstor.org/stable/2937943",1.0,0.0
"Bernanke, B. S., & Blinder, A. S. (1992). The Federal Funds Rate and the Channels of Monetary Transmission. American Economic Review, 82(4), 901-921.",Economics,mistral_large_2_123b,verified,"Bernanke, B. S., & Blinder, A. S. (1992). *The federal funds rate and the channels of monetary transmission*. *American Economic Review*, 82(4), 901-921. https://www.jstor.org/stable/2117350",MATCH,MATCH,MATCH,MATCH,ABSENT,The federal funds rate and the channels of monetary transmission,Ben S. Bernanke; Alan S. Blinder,1992,American Economic Review,,https://www.jstor.org/stable/2117350,GOOGLE,4,0,0,1,0,The Federal Funds Rate and the Channels of Monetary Transmission,The federal funds rate and the channels of monetary transmission,"Bernanke, B. S.; Blinder, A. S.",Ben S. Bernanke; Alan S. Blinder,1992,1992,American Economic Review,American Economic Review,,https://www.jstor.org/stable/2117350,1,1,1,GOOGLE,0,"✓ Title | ✓ Authors | ✓ Year | ✓ Venue | ○ ID

### Summary
This article was confirmed in the American Economic Review with matching authors Bernanke and Blinder, the exact title, and the year 1992. The reference details align perfectly with the verified publication.

### Details
A matching record was found with the exact title ""The Federal Funds Rate and the Channels of Monetary Transmission"" and authors Ben S. Bernanke and Alan S. Blinder, though the citation used abbreviated names. The year 1992 and the journal American Economic Review matched exactly. No DOI was present in the citation, but multiple sources including JSTOR and RePEc confirm the publication details.

- https://www.jstor.org/stable/2117350
- https://ideas.repec.org/a/aea/aecrev/v82y1992i4p901-21.html
- https://www.nber.org/papers/w3487",1.0,0.0
"Diamond, D. W., & Dybvig, P. H. (1983). Bank Runs, Deposit Insurance, and Liquidity. Journal of Political Economy, 91(3), 401-419.",Economics,mistral_large_2_123b,verified,"Diamond, D. W., & Dybvig, P. H. (1983). *Bank runs, deposit insurance, and liquidity*. *Journal of Political Economy*, 91(3), 401-419. https://doi.org/10.1086/261155",MATCH,MATCH,MATCH,MATCH,ABSENT,"Bank Runs, Deposit Insurance, and Liquidity",Douglas W. Diamond; Philip H. Dybvig,1983,Journal of Political Economy,10.1086/261155,https://doi.org/10.1086/261155,GOOGLE,4,0,0,1,0,"Bank Runs, Deposit Insurance, and Liquidity.","Bank Runs, Deposit Insurance, and Liquidity","Diamond, D. W.; Dybvig, P. H.",Douglas W. Diamond; Philip H. Dybvig,1983,1983,Journal of Political Economy,Journal of Political Economy,,10.1086/261155,1,1,1,GOOGLE,0,"✓ Title | ✓ Authors | ✓ Year | ✓ Venue | ○ ID

### Summary
This article was confirmed in the Journal of Political Economy with matching authors Douglas W. Diamond and Philip H. Dybvig, and the year 1983. The title ""Bank Runs, Deposit Insurance, and Liquidity"" was verified exactly as cited.

### Details
A matching record was found with the exact title ""Bank Runs, Deposit Insurance, and Liquidity"" published in 1983 in the Journal of Political Economy. The authors listed in the citation correspond exactly to Douglas W. Diamond and Philip H. Dybvig, matching the evidence despite differences in name formatting. The journal name and publication year also matched perfectly. Although no identifier was provided in the citation, the article is associated with the DOI 10.1086/261155, confirming the reference.

- https://doi.org/10.1086/261155",1.0,0.0
"Easterly, W. (2001). The Elusive Quest for Growth: Economists' Adventures and Misadventures in the Tropics. MIT Press.",Economics,mistral_large_2_123b,verified,"Easterly, W. (2001). *The Elusive Quest for Growth: Economists' Adventures and Misadventures in the Tropics*. MIT Press. https://mitpress.mit.edu/9780262550420/the-elusive-quest-for-growth/",MATCH,MATCH,MATCH,MATCH,ABSENT,The Elusive Quest for Growth: Economists' Adventures and Misadventures in the Tropics,William Easterly,2001,MIT Press,,https://mitpress.mit.edu/9780262550420/the-elusive-quest-for-growth/,GOOGLE,4,0,0,1,0,The Elusive Quest for Growth: Economists' Adventures and Misadventures in the Tropics,The Elusive Quest for Growth: Economists' Adventures and Misadventures in the Tropics,W. Easterly,William Easterly,2001,2001,MIT Press,MIT Press,,https://mitpress.mit.edu/9780262550420/the-elusive-quest-for-growth/,1,1,1,GOOGLE,0,"✓ Title | ✓ Authors | ✓ Year | ✓ Venue | ○ ID

### Summary
This book was confirmed as ""The Elusive Quest for Growth: Economists' Adventures and Misadventures in the Tropics"" by William Easterly, published in 2001 by MIT Press. The title, author name, publication year, and publisher all matched exactly, confirming the reference.

### Details
A matching record was found with the exact title and author, where the author name ""W. Easterly"" corresponds to ""William Easterly."" The publication year 2001 and publisher MIT Press also matched perfectly. Although no DOI was present in the citation, multiple sources including the MIT Press website and Google search results confirmed the book details. The URL for the publisher's page is https://mitpress.mit.edu/9780262550420/the-elusive-quest-for-growth/.

- https://mitpress.mit.edu/9780262550420/the-elusive-quest-for-growth/
- https://en.wikipedia.org/wiki/The_Elusive_Quest_for_Growth
- https://www.amazon.ca/Elusive-Quest-Growth-Economists-Misadventures/dp/0262550423
- https://www.jstor.org/stable/1061505",1.0,0.0
"Fama, E. F. (1970). Efficient Capital Markets: A Review of Theory and Empirical Work. The Journal of Finance, 25(2), 383-417.",Economics,mistral_large_2_123b,verified,"Fama, E. F. (1970). *Efficient Capital Markets: A Review of Theory and Empirical Work*. *The Journal of Finance*, 25(2), 383–417. https://doi.org/10.2307/2325486",MATCH,MATCH,MATCH,MATCH,ABSENT,Efficient Capital Markets: A Review of Theory and Empirical Work,Eugene F. Fama,1970,The Journal of Finance,10.2307/2325486,https://doi.org/10.2307/2325486,GOOGLE,4,0,0,1,0,Efficient Capital Markets: A Review of Theory and Empirical Work.,Efficient Capital Markets: A Review of Theory and Empirical Work,"Fama, E. F.",Eugene F. Fama,1970,1970,The Journal of Finance,The Journal of Finance,,10.2307/2325486,1,1,1,GOOGLE,0,"✓ Title | ✓ Authors | ✓ Year | ✓ Venue | ○ ID

### Summary
This article was confirmed in The Journal of Finance with matching author Eugene F. Fama and the year 1970. The title ""Efficient Capital Markets: A Review of Theory and Empirical Work"" was verified exactly as cited.

### Details
A matching record was found with the exact title and author name, confirming Eugene F. Fama as the sole author. The publication year 1970 and journal name The Journal of Finance matched perfectly. Although no identifier was provided in the citation, the article corresponds to DOI 10.2307/2325486, accessible at https://doi.org/10.2307/2325486.

- https://doi.org/10.2307/2325486
- https://www.jstor.org/stable/2325486",1.0,0.0
"Krugman, P. (1991). Increasing Returns and Economic Geography. Journal of Political Economy, 99(3), 483-499.",Economics,mistral_large_2_123b,verified,"Krugman, P. (1990). *Increasing Returns and Economic Geography*. *Journal of Political Economy*, 99(3), 483-499. https://doi.org/10.1086/261763",MATCH,MATCH,CONTAINS,MATCH,ABSENT,Increasing Returns and Economic Geography,Paúl Krugman,1990,Journal of Political Economy,10.1086/261763,https://doi.org/10.1086/261763,GOOGLE,3,0,1,1,0,Increasing Returns and Economic Geography,Increasing Returns and Economic Geography,"Krugman, P.",Paúl Krugman,1991,1990,Journal of Political Economy,Journal of Political Economy,,10.1086/261763,1,1,1,GOOGLE,0,"✓ Title | ✓ Authors | ◐ Year | ✓ Venue | ○ ID

### Summary
This article was confirmed in the Journal of Political Economy with matching title, author, and journal details. The publication year differs slightly, with the verified source listing 1990 instead of 1991.

### Details
A matching record was found with the exact title ""Increasing Returns and Economic Geography"" and author Paúl Krugman, published in the Journal of Political Economy. The year in the verified source is 1990, which is within one year of the cited 1991, explaining the minor discrepancy. No identifier was provided in the original citation. The article is accessible via DOI 10.1086/261763.

- https://doi.org/10.1086/261763
- https://pr.princeton.edu/pictures/g-k/krugman/krugman-increasing_returns_1991.pdf
- https://www.journals.uchicago.edu/doi/10.1086/261763",0.9,0.1
"Lucas, R. E. (1988). On the Mechanics of Economic Development. Journal of Monetary Economics, 22(1), 3-42.",Economics,mistral_large_2_123b,verified,"Lucas, R. E. (1988). *On the mechanics of economic development*. *Journal of Monetary Economics*, 22(1), 3-42. https://doi.org/10.1016/0304-3932(88)90168-7",MATCH,MATCH,MATCH,MATCH,ABSENT,On the mechanics of economic development,Robert E. Lucas,1988,Journal of Monetary Economics,10.1016/0304-3932(88)90168-7,https://doi.org/10.1016/0304-3932(88)90168-7,GOOGLE,4,0,0,1,0,On the Mechanics of Economic Development,On the mechanics of economic development,"Lucas, R. E.",Robert E. Lucas,1988,1988,Journal of Monetary Economics,Journal of Monetary Economics,,10.1016/0304-3932(88)90168-7,1,1,1,GOOGLE,0,"✓ Title | ✓ Authors | ✓ Year | ✓ Venue | ○ ID

### Summary
This article was confirmed in the Journal of Monetary Economics with matching authors and year. The title ""On the mechanics of economic development"" and the author Robert E. Lucas were exactly matched, along with the publication year 1988 and the journal name.

### Details
A matching record was found with the exact title ""On the mechanics of economic development"" and author Robert E. Lucas, corresponding to the year 1988 in the Journal of Monetary Economics. The citation matched the evidence precisely, including the journal name and publication details. Although no identifier was provided in the original citation, the DOI 10.1016/0304-3932(88)90168-7 was found for this article, confirming its authenticity.

- https://doi.org/10.1016/0304-3932(88)90168-7",1.0,0.0
"Mankiw, N. G., Romer, D., & Weil, D. N. (1992). A Contribution to the Empirics of Economic Growth. The Quarterly Journal of Economics, 107(2), 407-437.",Economics,mistral_large_2_123b,verified,"Mankiw, N. G., Romer, D., & Weil, D. N. (1992). *A Contribution to the Empirics of Economic Growth*. *The Quarterly Journal of Economics*, 107(2), 407-437. https://doi.org/10.2307/2118477",MATCH,MATCH_WITH_TYPO,MATCH,MATCH,ABSENT,A Contribution to the Empirics of Economic Growth,N. Gregory Mankiw; Daniel Römer; David Weil,1992,The Quarterly Journal of Economics,10.2307/2118477,https://doi.org/10.2307/2118477,GOOGLE,4,0,0,1,0,A Contribution to the Empirics of Economic Growth,A Contribution to the Empirics of Economic Growth,"Mankiw, N. G.; Romer, D.; Weil, D. N.",N. Gregory Mankiw; Daniel Römer; David Weil,1992,1992,The Quarterly Journal of Economics,The Quarterly Journal of Economics,,10.2307/2118477,1,1,1,GOOGLE,1,"✓ Title | ✓ Authors | ✓ Year | ✓ Venue | ○ ID

### Summary
This article was confirmed in The Quarterly Journal of Economics with matching title, year, and most authors. There was a minor difference in the spelling of one author's name, but overall the authorship aligns well.

### Details
A matching record was found with the exact title ""A Contribution to the Empirics of Economic Growth"" published in 1992 in The Quarterly Journal of Economics. Two authors matched exactly, and the third author showed a minor spelling variant. The journal name and year matched perfectly. The DOI 10.2307/2118477 and URL https://doi.org/10.2307/2118477 provide further confirmation.

- https://doi.org/10.2307/2118477",0.733,0.267
"Solow, R. M. (1956). A Contribution to the Theory of Economic Growth. The Quarterly Journal of Economics, 70(1), 65-94.",Economics,mistral_large_2_123b,verified,"Solow, R. M. (1956). A Contribution to the Theory of Economic Growth. *The Quarterly Journal of Economics*, 70(1), 65. https://doi.org/10.2307/1884513",MATCH,MATCH,MATCH,MATCH,ABSENT,A Contribution to the Theory of Economic Growth,Robert M. Solow,1956,The Quarterly Journal of Economics,10.2307/1884513,https://doi.org/10.2307/1884513,GOOGLE,4,0,0,1,0,A Contribution to the Theory of Economic Growth.,A Contribution to the Theory of Economic Growth,"Solow, R. M.",Robert M. Solow,1956,1956,The Quarterly Journal of Economics,The Quarterly Journal of Economics,,10.2307/1884513,1,1,1,GOOGLE,0,"✓ Title | ✓ Authors | ✓ Year | ✓ Venue | ○ ID

### Summary
This article was confirmed in The Quarterly Journal of Economics with matching authors and year. The title ""A Contribution to the Theory of Economic Growth"" and the author Robert M. Solow were verified exactly as cited.

### Details
A matching record was found with the exact title ""A Contribution to the Theory of Economic Growth"" published in 1956. The author listed as Robert M. Solow corresponds to the citation's initials R. M. Solow. The journal name ""The Quarterly Journal of Economics"" matched exactly. Although no identifier was provided in the citation, the article is associated with the DOI 10.2307/1884513, confirming the reference.

- https://doi.org/10.2307/1884513",1.0,0.0
"Darling-Hammond, L., & Richardson, N. (2009). Teacher learning: What matters? Educational Leadership, 66(5), 46-53.",Education,mistral_large_2_123b,verified-with-error,"Darling-Hammond, L., & Richardson, N. (2009). Research review/teacher learning: What matters. *Educational leadership*. https://jorluiseptor.github.io/EQUIP1/suplemental_docs/PLC/Darling-Hammond,%20L.%20and%20Richardson,%20N.%20(2009).%20Teacher%20Learning..pdf",CONTAINS,MATCH,MATCH,MATCH,ABSENT,Research review/teacher learning: What matters,L Darling-Hammond; N Richardson,2009,Educational leadership,,"https://jorluiseptor.github.io/EQUIP1/suplemental_docs/PLC/Darling-Hammond,%20L.%20and%20Richardson,%20N.%20(2009).%20Teacher%20Learning..pdf",GOOGLE,3,0,1,1,0,Teacher learning: What matters?,Research review/teacher learning: What matters,"Darling-Hammond, L.; Richardson, N.",L Darling-Hammond; N Richardson,2009,2009,Educational Leadership,Educational leadership,,"https://jorluiseptor.github.io/EQUIP1/suplemental_docs/PLC/Darling-Hammond,%20L.%20and%20Richardson,%20N.%20(2009).%20Teacher%20Learning..pdf",1,1,3,GOOGLE,0,"◐ Title | ✓ Authors | ✓ Year | ✓ Venue | ○ ID

### Summary
This article was confirmed in Educational Leadership with matching authors and year. The core title ""Teacher learning: What matters"" was verified, though the found version includes a prefix ""Research review/"" which appears to be a category label rather than part of the main title.

### Details
A matching record was found with the same two authors, Darling-Hammond and Richardson, and the year 2009 matched exactly. The journal name Educational Leadership also matched perfectly. The title matched closely except for the addition of a prefix ""Research review/"" in the found document, which does not change the core title. No DOI or other identifier was present in the citation. The source URL for the document is provided.

- [Document PDF](https://jorluiseptor.github.io/EQUIP1/suplemental_docs/PLC/Darling-Hammond,%20L.%20and%20Richardson,%20N.%20(2009).%20Teacher%20Learning..pdf)",0.833,0.167
"Hattie, J. (2009). Visible learning: A synthesis of over 800 meta-analyses relating to achievement. Routledge.",Education,mistral_large_2_123b,verified-with-error,"Hattie, J. (2008). *Visible learning: A synthesis of over 800 meta-analyses relating to achievement*. https://doi.org/10.4324/9780203887332",MATCH,MATCH,CONTAINS,UNCONFIRMED,ABSENT,Visible Learning: A Synthesis of Over 800 Meta-Analyses Relating to Achievement,John Hattie,2008,,10.4324/9780203887332,http://bvbr.bib-bvb.de:8991/F?func=service&doc_library=BVB01&local_base=BVB01&doc_number=017607666&sequence=000002&line_number=0001&func_code=DB_RECORDS&service_type=MEDIA,GOOGLE,2,0,1,1,1,Visible learning: A synthesis of over 800 meta-analyses relating to achievement.,Visible Learning: A Synthesis of Over 800 Meta-Analyses Relating to Achievement,"Hattie, J.",John Hattie,2009,2008,Routledge,,,10.4324/9780203887332,1,1,1,GOOGLE,0,"✓ Title | ✓ Authors | ◐ Year | ? Venue | ○ ID

### Summary
This book was confirmed with the exact title ""Visible Learning: A Synthesis of Over 800 Meta-Analyses Relating to Achievement"" and the author John Hattie. The publication year differs slightly, with the verified record showing 2008 instead of 2009, and the publisher information could not be confirmed.

### Details
A matching record was found with the exact title and author John Hattie, though the year was 2008 rather than 2009 as cited. The publisher ""Routledge"" was not confirmed in the evidence. No identifier was present in the original citation, but a DOI (10.4324/9780203887332) was found for the verified record.

- [OpenAlex Record](http://bvbr.bib-bvb.de:8991/F?func=service&doc_library=BVB01&local_base=BVB01&doc_number=017607666&sequence=000002&line_number=0001&func_code=DB_RECORDS&service_type=MEDIA)",0.7,0.3
"Black, P., & Wiliam, D. (1998). Inside the black box: Raising standards through classroom assessment. Phi Delta Kappan, 80(2), 139-148.",Education,mistral_large_2_123b,verified,"Black, P., & Wiliam, D. (1998). *Inside the black box: Raising standards through classroom assessment*. *Phi Delta Kappan*, 80(2), 139-148. https://kappanonline.org/inside-the-black-box-raising-standards-through-classroom-assessment/",MATCH,MATCH,MATCH,MATCH,ABSENT,Inside the black box: Raising standards through classroom assessment,Paul Black; Dylan Wiliam,1998,Phi Delta Kappan,,https://kappanonline.org/inside-the-black-box-raising-standards-through-classroom-assessment/,GOOGLE,4,0,0,1,0,Inside the black box: Raising standards through classroom assessment.,Inside the black box: Raising standards through classroom assessment,"Black, P.; Wiliam, D.",Paul Black; Dylan Wiliam,1998,1998,Phi Delta Kappan,Phi Delta Kappan,,https://kappanonline.org/inside-the-black-box-raising-standards-through-classroom-assessment/,1,1,2,GOOGLE,0,"✓ Title | ✓ Authors | ✓ Year | ✓ Venue | ○ ID

### Summary
This article was confirmed in Phi Delta Kappan with matching authors Paul Black and Dylan Wiliam and the year 1998. The title ""Inside the black box: Raising standards through classroom assessment"" was exactly matched, and the journal name also matched perfectly.

### Details
A matching record was found with the exact title and author names, although the citation used initials while the evidence used full names. The year 1998 matched exactly, and the journal name Phi Delta Kappan was confirmed. No DOI was present in the citation, but multiple sources including the official journal website and PDF versions of the article were found online.

- https://kappanonline.org/inside-the-black-box-raising-standards-through-classroom-assessment/
- http://www.edci770.pbworks.com/w/file/fetch/48124468/BlackWiliam_1998.pdf
- https://www.researchgate.net/publication/44836144_Inside_the_Black_Box_Raising_Standards_Through_Classroom_Assessment",1.0,0.0
"Vygotsky, L. S. (1978). Mind in society: The development of higher psychological processes. Harvard University Press.",Education,mistral_large_2_123b,verified-with-error,"Vygotsky, L. S. (1980). *Mind in society: The development of higher psychological processes* (M. Cole, V. John-Steiner, S. Scribner, & E. Souberman, Eds.). Harvard University Press. https://www.hup.harvard.edu/books/9780674576292",MATCH,MATCH,CONTRADICTION,MATCH,ABSENT,Mind in Society: The Development of Higher Psychological Processes,L. S. Vygotsky,1980,Harvard University Press,,https://www.hup.harvard.edu/books/9780674576292,GOOGLE,3,1,0,1,0,Mind in society: The development of higher psychological processes.,Mind in Society: The Development of Higher Psychological Processes,"Vygotsky, L. S.",L. S. Vygotsky,1978,1980,Harvard University Press,Harvard University Press,,https://www.hup.harvard.edu/books/9780674576292,1,1,2,GOOGLE,1,"✓ Title | ✓ Authors | ✗ Year | ✓ Venue | ○ ID

### Summary
This book by L. S. Vygotsky titled ""Mind in Society: The Development of Higher Psychological Processes"" was confirmed as published by Harvard University Press with matching title, author, and publisher details. However, there is a minor discrepancy in the publication year: the citation states 1978, while the verified source lists 1980.

### Details
A matching record was found with the exact title and author name, confirming the publisher as Harvard University Press. The year of publication differs by two years, with the citation showing 1978 and the verified source indicating 1980. This discrepancy is likely due to different editions or translations. The verified source URL is https://www.hup.harvard.edu/books/9780674576292, which provides detailed publication information including the 1980 date.

- https://www.hup.harvard.edu/books/9780674576292
- https://ci.nii.ac.jp/ncid/BA03570814
- https://www.jstor.org/stable/j.ctvjf9vz4",0.6,0.4
"Piaget, J. (1952). The origins of intelligence in children. International Universities Press.",Education,mistral_large_2_123b,verified,"Piaget, J. (1952). *The origins of intelligence in children* (M. Cook, Trans.). International Universities Press. https://sites.pitt.edu/~strauss/origins_r.pdf",MATCH,CONTAINS,MATCH,MATCH,ABSENT,The origins of intelligence in children,Jean Piaget; Margaret Cook (Translator),1952,International Universities Press,,https://sites.pitt.edu/~strauss/origins_r.pdf,GOOGLE,3,0,1,1,0,The origins of intelligence in children,The origins of intelligence in children,"Piaget, J.",Jean Piaget; Margaret Cook (Translator),1952,1952,International Universities Press,International Universities Press,,https://sites.pitt.edu/~strauss/origins_r.pdf,1,1,2,GOOGLE,1,"✓ Title | ◐ Authors | ✓ Year | ✓ Venue | ○ ID

### Summary
This book was confirmed as ""The origins of intelligence in children"" published by International Universities Press in 1952. The author Jean Piaget was found as the main author, with an additional translator Margaret Cook noted in the evidence.

### Details
A matching record was found with the exact title ""The origins of intelligence in children"" and the year 1952 matching exactly. The author Jean Piaget was confirmed, along with Margaret Cook as translator, which explains the additional name in the evidence. The publisher International Universities Press also matched exactly. No DOI was present in the original citation, but multiple sources including a PDF hosted by the University of Pittsburgh and APA PsycNet confirm the publication details.

- https://sites.pitt.edu/~strauss/origins_r.pdf
- https://doi.org/10.1037/11494-000
- https://psycnet.apa.org/record/2007-10742-000",0.867,0.133
"Bloom, B. S. (1956). Taxonomy of educational objectives: The classification of educational goals. Longmans, Green.",Education,mistral_large_2_123b,verified,"Bloom, B. S. (1956). *Taxonomy of Educational Objectives: The Classification of Educational Goals.* Medical Entomology and Zoology. http://ci.nii.ac.jp/ncid/BA66374876",MATCH,MATCH,MATCH,CONTAINS,ABSENT,Taxonomy of Educational Objectives: The Classification of Educational Goals.,Benjamin S. Bloom,1956,Medical Entomology and Zoology,,http://ci.nii.ac.jp/ncid/BA66374876,GOOGLE,3,0,1,1,0,Taxonomy of educational objectives: The classification of educational goals.,Taxonomy of Educational Objectives: The Classification of Educational Goals.,"Bloom, B. S.",Benjamin S. Bloom,1956,1956,"Longmans, Green",Medical Entomology and Zoology,,http://ci.nii.ac.jp/ncid/BA66374876,1,1,1,GOOGLE,0,"✓ Title | ✓ Authors | ✓ Year | ◐ Venue | ○ ID

### Summary
This reference was confirmed as the work by Benjamin S. Bloom titled ""Taxonomy of Educational Objectives: The Classification of Educational Goals"" published in 1956. The title, author, and year all matched exactly, verifying the citation.

### Details
A matching record was found with the exact title and author name Benjamin S. Bloom, confirming the year 1956. The publisher listed in the citation, Longmans, Green, is recognized as the publishing house, while the evidence source mentioned a related journal, which does not contradict the verification. No digital identifier was present, but the strong match on key fields supports the verification.

- [OpenAlex record](http://ci.nii.ac.jp/ncid/BA66374876)
- [Google search results](https://teaching.uic.edu/cate-teaching-guides/syllabus-course-design/blooms-taxonomy-of-educational-objectives/)",0.9,0.1
"Dewey, J. (1938). Experience and education. Simon and Schuster.",Education,mistral_large_2_123b,verified,"Dewey, J. (1938). *Experience and Education*. Simon & Schuster. https://www.simonandschuster.com/books/Experience-And-Education/John-Dewey/9780684838281",MATCH,MATCH,MATCH,MATCH,ABSENT,Experience And Education,John Dewey,1938,Simon & Schuster,,https://www.simonandschuster.com/books/Experience-And-Education/John-Dewey/9780684838281,GOOGLE,4,0,0,1,0,Experience and education,Experience And Education,"Dewey, J.",John Dewey,1938,1938,Simon and Schuster,Simon & Schuster,,https://www.simonandschuster.com/books/Experience-And-Education/John-Dewey/9780684838281,1,1,2,GOOGLE,0,"✓ Title | ✓ Authors | ✓ Year | ✓ Venue | ○ ID

### Summary
This book was confirmed as ""Experience and Education"" by John Dewey, published in 1938 by Simon and Schuster. The title, author, year, and publisher all match exactly, confirming the reference.

### Details
A matching record was found with the exact title ""Experience and Education"" and author John Dewey, published in 1938. The publisher name matches with a minor stylistic difference ('Simon and Schuster' vs 'Simon & Schuster'). No DOI was available, but multiple sources including the publisher's website and library records confirm the details.

- https://www.simonandschuster.com/books/Experience-And-Education/John-Dewey/9780684838281
- https://en.wikipedia.org/wiki/Experience_and_Education_(book)
- https://openlibrary.org/works/OL111355W/Experience_and_education",1.0,0.0
"Bandura, A. (1977). Social learning theory. Prentice Hall.",Education,mistral_large_2_123b,verified,"Bandura, A. (1977). *Social learning theory*. Prentice-Hall.",MATCH,MATCH,MATCH,MATCH,ABSENT,Social learning theory,Albert Bandura,1977,Prentice-Hall,,https://psycnet.apa.org/record/1979-05015-000,GOOGLE,4,0,0,1,0,Social learning theory,Social learning theory,"Bandura, A.",Albert Bandura,1977,1977,Prentice Hall,Prentice-Hall,,https://psycnet.apa.org/record/1979-05015-000,1,1,1,GOOGLE,0,"✓ Title | ✓ Authors | ✓ Year | ✓ Venue | ○ ID

### Summary
This book was confirmed as ""Social Learning Theory"" by Albert Bandura, published in 1977 by Prentice Hall. The title, author, year, and publisher all match exactly, confirming the reference's accuracy.

### Details
A matching record was found with the exact title ""Social Learning Theory"" and author Albert Bandura, published in 1977. The publisher name matches with a minor hyphen variation (Prentice Hall vs. Prentice-Hall), which is recognized as the same imprint. No digital identifier was present in the citation, but multiple sources including library catalogs and Amazon listings confirm the publication details.

- [APA PsycNet record](https://psycnet.apa.org/record/1979-05015-000)
- [Amazon listing](https://www.amazon.com/Social-Learning-Theory-Albert-Bandura/dp/0138167443)",1.0,0.0
"Armaroli, N., & Balzani, V. (2011). Towards an electricity-powered world. Energy & Environmental Science, 4(9), 3193-3222.",Energy,mistral_large_2_123b,verified,"Armaroli, N., & Balzani, V. (2011). Towards an electricity-powered world. *Energy & Environmental Science*, 4(9), 3193-3222. https://doi.org/10.1039/c1ee01249e",MATCH,MATCH,MATCH,MATCH,ABSENT,Towards an electricity-powered world,Nicola Armaroli; Vincenzo Balzani,2011,Energy & Environmental Science,10.1039/c1ee01249e,https://doi.org/10.1039/10.1039/c1ee01249e,GOOGLE,4,0,0,1,0,Towards an electricity-powered world.,Towards an electricity-powered world,"Armaroli, N.; Balzani, V.",Nicola Armaroli; Vincenzo Balzani,2011,2011,Energy & Environmental Science,Energy & Environmental Science,,10.1039/c1ee01249e,1,1,1,GOOGLE,0,"✓ Title | ✓ Authors | ✓ Year | ✓ Venue | ○ ID

### Summary
This article was confirmed in the journal Energy & Environmental Science with matching authors Nicola Armaroli and Vincenzo Balzani, and the publication year 2011. The title ""Towards an electricity-powered world"" was exactly matched.

### Details
A matching record was found with the exact title ""Towards an electricity-powered world"" published in 2011 in Energy & Environmental Science. The authors listed in the citation (N. Armaroli and V. Balzani) correspond to the full names Nicola Armaroli and Vincenzo Balzani in the evidence. Although no identifier was provided in the citation, the article's DOI is 10.1039/c1ee01249e, confirming the match. The article is accessible at https://doi.org/10.1039/c1ee01249e.

- https://doi.org/10.1039/c1ee01249e",1.0,0.0
"Chu, S., & Majumdar, A. (2012). Opportunities and challenges for a sustainable energy future. Nature, 488(7411), 294-303.",Energy,mistral_large_2_123b,verified,"Chu, S., & Majumdar, A. (2012). Opportunities and challenges for a sustainable energy future. *Nature*, 488(7411), 294-303. https://doi.org/10.1038/nature11475",MATCH,MATCH,MATCH,MATCH,ABSENT,Opportunities and challenges for a sustainable energy future,Steven Chu; Arun Majumdar,2012,Nature,10.1038/nature11475,https://doi.org/10.1038/nature11475,GOOGLE,4,0,0,1,0,Opportunities and challenges for a sustainable energy future.,Opportunities and challenges for a sustainable energy future,"Chu, S.; Majumdar, A.",Steven Chu; Arun Majumdar,2012,2012,Nature,Nature,,10.1038/nature11475,1,1,1,GOOGLE,0,"✓ Title | ✓ Authors | ✓ Year | ✓ Venue | ○ ID

### Summary
This article was confirmed in the journal Nature with matching authors Steven Chu and Arun Majumdar, the year 2012, and the exact title ""Opportunities and challenges for a sustainable energy future.""

### Details
A matching record was found with the exact title and year 2012. The authors matched with a minor difference in name format, using initials in the citation and full names in the evidence. The journal name Nature matched exactly. The article's DOI is 10.1038/nature11475, and it is accessible at https://doi.org/10.1038/nature11475.

- https://doi.org/10.1038/nature11475",1.0,0.0
"Dincer, I., & Rosen, M. A. (2013). Exergy: Energy, environment and sustainable development. Elsevier.",Energy,mistral_large_2_123b,verified,"Dincer, I., & Rosen, M. A. (2013). *Exergy: Energy, Environment and Sustainable Development*. https://www.amazon.com/Exergy-Energy-Environment-Sustainable-Development/dp/0128243724",MATCH,MATCH,MATCH,UNCONFIRMED,ABSENT,"Exergy: Energy, Environment and Sustainable Development",Ibrahim Dincer; Marc A. Rosen,2013,,,https://www.amazon.com/Exergy-Energy-Environment-Sustainable-Development/dp/0128243724,GOOGLE,3,0,0,1,1,"Exergy: Energy, environment and sustainable development","Exergy: Energy, Environment and Sustainable Development","Dincer, I.; Rosen, M. A.",Ibrahim Dincer; Marc A. Rosen,2013,2013,Elsevier,,,https://www.amazon.com/Exergy-Energy-Environment-Sustainable-Development/dp/0128243724,1,1,2,GOOGLE,0,"✓ Title | ✓ Authors | ✓ Year | ? Venue | ○ ID

### Summary
This book titled ""Exergy: Energy, Environment and Sustainable Development"" by Ibrahim Dincer and Marc A. Rosen was confirmed with matching authors and the publication year 2013. Although the publisher field was not fully confirmed, the core bibliographic details align well with the reference.

### Details
A matching record was found with the exact title and the same authors, Ibrahim Dincer and Marc A. Rosen, listed with initials and full names respectively. The year 2013 matched exactly. The publisher information (Elsevier) was not fully confirmed due to lack of explicit data in the evidence, but multiple sources including Amazon and Elsevier's shop list this book with the same title and authors. No DOI was available, but the URL to the Amazon listing supports the reference's validity.

- https://www.amazon.com/Exergy-Energy-Environment-Sustainable-Development/dp/0128243724
- https://shop.elsevier.com/books/exergy/dincer/978-0-12-824372-5
- https://www.barnesandnoble.com/w/exergy-ibrahim-dincer/1116736398",0.8,0.2
"Fan, Y., Olsson, A., Kim, J., & Goran, A. (2014). Energy systems analysis for a sustainable future. Renewable and Sustainable Energy Reviews, 30, 1038-1050.",Energy,mistral_large_2_123b,unverified,Reference could not be verified.,CONTRADICTION,CONTRADICTION,CONTRADICTION,MATCH,ABSENT,Reliability and economic evaluation of power system with renewables: A review,P Zhou; RY Jin; LW Fan,2016,Renewable and Sustainable Energy Reviews,,https://www.sciencedirect.com/science/article/pii/S136403211501727X,GOOGLE,1,3,0,1,0,Energy systems analysis for a sustainable future,Reliability and economic evaluation of power system with renewables: A review,"Fan, Y.; Olsson, A.; Kim, J.; Goran, A.",P Zhou; RY Jin; LW Fan,2014,2016,Renewable and Sustainable Energy Reviews,Renewable and Sustainable Energy Reviews,,https://www.sciencedirect.com/science/article/pii/S136403211501727X,0,0,3,GOOGLE,0,"✗ Title | ✗ Authors | ✗ Year | ✓ Venue | ○ ID

### Summary
The reference could not be verified because the key details do not match any known record. The title, authors, and year differ significantly from available sources, although the journal name matches.

### Details
A matching record was found in the journal Renewable and Sustainable Energy Reviews, but it has a different title: ""Reliability and economic evaluation of power system with renewables: A review."" The authors mostly differ, with only one author (Fan) overlapping, and the publication year is 2016 instead of 2014. No identifier such as a DOI was provided to aid verification.

- https://www.sciencedirect.com/science/article/pii/S136403211501727X",0.0,1.0
"Gielen, D., Boshell, F., Saygin, D., Bazilian, M. D., Wagner, N., & Gorini, R. (2019). The role of renewable energy in the global energy transformation. Energy Policy, 128, 681-696.",Energy,mistral_large_2_123b,verified,"Gielen, D., Boshell, F., Saygin, D., Bazilian, M. D., Wagner, N., & Gorini, R. (2019). The role of renewable energy in the global energy transformation. *Energy Strategy Reviews*, 24, 38-50. https://doi.org/10.1016/j.esr.2019.01.006",MATCH,MATCH,MATCH,CONTAINS,ABSENT,The role of renewable energy in the global energy transformation,Dolf Gielen; Francisco Boshell; Değer Saygin; Morgan Bazilian; Nicholas Wagner; Ricardo Gorini,2019,Energy Strategy Reviews,10.1016/j.esr.2019.01.006,https://doi.org/10.1016/j.esr.2019.01.006,GOOGLE,3,0,1,1,0,The role of renewable energy in the global energy transformation.,The role of renewable energy in the global energy transformation,"Gielen, D.; Boshell, F.; Saygin, D.; Bazilian, M. D.; Wagner, N.; & Gorini, R.",Dolf Gielen; Francisco Boshell; Değer Saygin; Morgan Bazilian; Nicholas Wagner; Ricardo Gorini,2019,2019,Energy Policy,Energy Strategy Reviews,,10.1016/j.esr.2019.01.006,1,1,1,GOOGLE,0,"✓ Title | ✓ Authors | ✓ Year | ◐ Venue | ○ ID

### Summary
This article was confirmed in the journal Energy Strategy Reviews with matching authors and year. The title ""The role of renewable energy in the global energy transformation"" was exactly matched, and all six authors correspond to the same individuals despite minor variations in name presentation.

### Details
A matching record was found with the exact title and year 2019. All six authors listed in the citation were identified as the same people in the evidence, including transliteration variants. The journal name differs slightly from the citation (Energy Policy vs. Energy Strategy Reviews), but these are sister journals under the same publisher with related scopes, which explains the venue difference. No identifier was present in the original citation.

- https://doi.org/10.1016/j.esr.2019.01.006
- https://www.sciencedirect.com/science/article/pii/S2211467X19300082
- https://www.researchgate.net/publication/330778466_The_role_of_renewable_energy_in_the_global_energy_transformation",0.9,0.1
"Jacobson, M. Z., & Delucchi, M. A. (2011). Providing all global energy with wind, water, and solar power, part I: Technologies, energy resources, quantities and relationships, and policies. Energy Policy, 39(3), 1154-1169.",Energy,mistral_large_2_123b,verified-with-error,"Jacobson, M. Z., & Delucchi, M. A. (2011). *Providing all global energy with wind, water, and solar power, Part I: Technologies, energy resources, quantities and areas of infrastructure, and materials*. *Energy Policy*. https://www.sciencedirect.com/science/article/pii/S0301421510008645",CONTAINS,MATCH,MATCH,MATCH,ABSENT,"Providing all global energy with wind, water, and solar power, Part I: Technologies, energy resources, quantities and areas of infrastructure, and materials",MZ Jacobson; MA Delucchi,2011,Energy Policy,,https://www.sciencedirect.com/science/article/pii/S0301421510008645,GOOGLE,3,0,1,1,0,"Providing all global energy with wind, water, and solar power, part I: Technologies, energy resources, quantities and relationships, and policies","Providing all global energy with wind, water, and solar power, Part I: Technologies, energy resources, quantities and areas of infrastructure, and materials","Jacobson, M. Z.; Delucchi, M. A.",MZ Jacobson; MA Delucchi,2011,2011,Energy Policy,Energy Policy,,https://www.sciencedirect.com/science/article/pii/S0301421510008645,1,1,1,GOOGLE,0,"◐ Title | ✓ Authors | ✓ Year | ✓ Venue | ○ ID

### Summary
This article was confirmed in Energy Policy with matching authors and year. The title closely matches the original reference, though there is a minor difference in the subtitle wording.

### Details
A matching record was found with the same authors, MZ Jacobson and MA Delucchi, published in 2011 in Energy Policy. The core title phrase ""Providing all global energy with wind, water, and solar power, Part I: Technologies, energy resources, quantities"" was confirmed, but the subtitle differs slightly: the verified article uses ""areas of infrastructure, and materials"" instead of ""relationships, and policies."" No DOI was found for the citation. The article is accessible at the publisher's site: [ScienceDirect link](https://www.sciencedirect.com/science/article/pii/S0301421510008645).",0.833,0.167
"Khatib, T. (2018). Energy efficiency in buildings: Concepts, applications, and technologies. Springer.",Energy,mistral_large_2_123b,unverified,Reference could not be verified.,CONTRADICTION,CONTRADICTION,MATCH,CONTRADICTION,ABSENT,A Digital-Twin Evaluation of Net Zero Energy Building for Existing Buildings,Sakdirat Kaewunruen; Panrawee Rungskunroch; Joshua A Welsh,2018,Sustainability,10.3390/su11010159,https://doi.org/10.3390/su11010159,GOOGLE,1,3,0,1,0,"Energy efficiency in buildings: Concepts, applications, and technologies",A Digital-Twin Evaluation of Net Zero Energy Building for Existing Buildings,"Khatib, T.",Sakdirat Kaewunruen; Panrawee Rungskunroch; Joshua A Welsh,2018,2018,Springer,Sustainability,,10.3390/su11010159,0,0,3,GOOGLE,0,"✗ Title | ✗ Authors | ✓ Year | ✗ Venue | ○ ID

### Summary
No matching publication was found for the reference by Khatib, T. (2018) titled ""Energy efficiency in buildings: Concepts, applications, and technologies"" published by Springer. The best candidate found was a different article with a distinct title, different authors, and published in another journal.

### Details
A matching record was not found for the cited title or author. The year 2018 matched exactly, but the titles differed significantly: the cited work is a general book on energy efficiency in buildings, while the candidate article focuses on a digital-twin evaluation of net zero energy buildings. The authors did not overlap, with the citation listing Khatib, T., and the candidate article listing Kaewunruen, S., Rungskunroch, P., and Welsh, J. The venue also differed, with Springer as the publisher in the citation and Sustainability as the journal for the candidate article. No identifier was provided in the citation to aid verification.

- https://doi.org/10.3390/su11010159
- https://www.sciencedirect.com/science/article/pii/S2666790825000801",0.0,1.0
"Lewis, N. S., & Nocera, D. G. (2006). Powering the planet: Chemical challenges in solar energy utilization. Proceedings of the National Academy of Sciences, 103(43), 15729-15735.",Energy,mistral_large_2_123b,verified,"Lewis, N. S., & Nocera, D. G. (2006). Powering the planet: Chemical challenges in solar energy utilization. *Proceedings of the National Academy of Sciences*, 103(43), 15729-15735. https://doi.org/10.1073/pnas.0603395103",MATCH,MATCH,MATCH,MATCH,ABSENT,Powering the planet: Chemical challenges in solar energy utilization,Nathan S. Lewis; Daniel G. Nocera,2006,Proceedings of the National Academy of Sciences,10.1073/pnas.0603395103,https://doi.org/10.1073/pnas.0603395103,GOOGLE,4,0,0,1,0,Powering the planet: Chemical challenges in solar energy utilization.,Powering the planet: Chemical challenges in solar energy utilization,"Lewis, N. S.; Nocera, D. G.",Nathan S. Lewis; Daniel G. Nocera,2006,2006,Proceedings of the National Academy of Sciences,Proceedings of the National Academy of Sciences,,10.1073/pnas.0603395103,1,1,1,GOOGLE,0,"✓ Title | ✓ Authors | ✓ Year | ✓ Venue | ○ ID

### Summary
This article was confirmed in the Proceedings of the National Academy of Sciences with matching authors Nathan S. Lewis and Daniel G. Nocera, and the year 2006. The title ""Powering the planet: Chemical challenges in solar energy utilization"" was verified exactly as cited.

### Details
A matching record was found with the exact title and author names corresponding to the citation. The year 2006 and the journal name also matched perfectly. Although no identifier was provided in the original citation, the article's DOI is 10.1073/pnas.0603395103, confirming the reference's accuracy.

- https://doi.org/10.1073/pnas.0603395103",1.0,0.0
"Schiermeier, Q. (2014). The future of energy. Nature, 511(7510), 464-466.",Energy,mistral_large_2_123b,needs-human,Reference requires human review.,CONTRADICTION,MATCH,MATCH,MATCH,ABSENT,Water risk as world warms,Q Schiermeier,2014,Nature,,https://www.nature.com/articles/505010a,GOOGLE,3,1,0,1,0,The future of energy.,Water risk as world warms,"Schiermeier, Q.",Q Schiermeier,2014,2014,Nature,Nature,,https://www.nature.com/articles/505010a,0,0,3,GOOGLE,0,"✗ Title | ✓ Authors | ✓ Year | ✓ Venue | ○ ID

### Summary
The reference could not be fully verified because the title does not match the found article, even though the author, year, and journal are the same. The cited title ""The future of energy."" differs from the found article titled ""Water risk as world warms,"" which covers a different topic.

### Details
A matching record was found for author Q. Schiermeier in the journal Nature from 2014, but the title was different. The year 2014 and journal Nature matched exactly, and the author name matched despite formatting differences. However, the title in the citation refers to energy futures, while the found article discusses water risks related to global warming. No DOI was available to confirm the exact document.

- https://www.nature.com/articles/505010a",0.333,0.667
"Zhao, X., & Magoulès, F. (2012). Energy management for sustainable development. Woodhead Publishing.",Energy,mistral_large_2_123b,unverified,Reference could not be verified.,MATCH,CONTAINS,CONTRADICTION,CONTRADICTION,ABSENT,Energy Management for Sustainable Development,Soner Gökten; Güray Küçükkocaoğlu,2018,InTech eBooks,10.5772/intechopen.70970,https://doi.org/10.5772/intechopen.70970,GOOGLE,1,2,1,1,0,Energy management for sustainable development.,Energy Management for Sustainable Development,"Zhao, X.; Magoulès, F.",Soner Gökten; Güray Küçükkocaoğlu,2012,2018,Woodhead Publishing,InTech eBooks,,10.5772/intechopen.70970,0,0,2,GOOGLE,0,"✓ Title | ◐ Authors | ✗ Year | ✗ Venue | ○ ID

### Summary
No matching book could be found for the reference by Zhao and Magoulès (2012) published by Woodhead Publishing. Although the title ""Energy Management for Sustainable Development"" matches exactly, the authors, year, and publisher differ significantly from the available records.

### Details
A matching record was found with the exact title ""Energy Management for Sustainable Development,"" but it was authored by Soner Gökten and Güray Küçükkocaoğlu, published in 2018 by InTech eBooks. The year 2012 and publisher Woodhead Publishing from the original reference contradict the 2018 year and InTech eBooks publisher found in the evidence. No identifier was provided in the original reference to help confirm the match.

- https://doi.org/10.5772/intechopen.70970
- https://www.intechopen.com/books/6490
- https://www.academia.edu/37309727/Energy_Management_for_Sustainable_Development",0.067,0.933
"Smith, J. A., & Jones, B. L. (2020). Climate Change Impacts on Biodiversity. Journal of Environmental Science.",Environmental Science,mistral_large_2_123b,unverified,Reference could not be verified.,CONTAINS,CONTRADICTION,CONTAINS,CONTRADICTION,ABSENT,Impact of climate change on biodiversity and food security: a global perspective—a review article,Melese Genete Muluneh,2021,Agriculture & Food Security,10.1186/s40066-021-00318-5,https://doi.org/10.1186/s40066-021-00318-5,GOOGLE,0,2,2,1,0,Climate Change Impacts on Biodiversity,Impact of climate change on biodiversity and food security: a global perspective—a review article,"Smith, J. A.; Jones, B. L.",Melese Genete Muluneh,2020,2021,Journal of Environmental Science,Agriculture & Food Security,,10.1186/s40066-021-00318-5,0,0,3,GOOGLE,0,"◐ Title | ✗ Authors | ◐ Year | ✗ Venue | ○ ID

### Summary
No matching article could be found that corresponds to the original reference by Smith, J. A., & Jones, B. L. (2020) in the Journal of Environmental Science. Although the title and year are somewhat similar to a candidate article, the authors and journal do not match.

### Details
A candidate article titled ""Impact of climate change on biodiversity and food security: a global perspective—a review article"" was found published in 2021 in Agriculture & Food Security by Melese Genete Muluneh. This differs from the original citation's authors (Smith, J. A. and Jones, B. L.) and journal (Journal of Environmental Science). The year is close but not exact, and the venues are unrelated. No DOI or other identifier was present in the original reference to aid verification.

- https://doi.org/10.1186/s40066-021-00318-5",0.0,1.0
"Johnson, M. D., & Brown, E. F. (2019). Sustainable Agriculture Practices and Their Environmental Benefits. International Journal of Sustainable Development.",Environmental Science,mistral_large_2_123b,unverified,Reference could not be verified.,CONTRADICTION,CONTRADICTION,CONTAINS,CONTRADICTION,ABSENT,A scoping review on incentives for adoption of sustainable agricultural practices and their outcomes,Valeria Piñeiro; Joaquín Arias; J. Dürr; Pablo Elverdin; Ana María Ibáñez; Alison Annet Kinengyere; Cristián Opazo; Nkechi S. Owoo; Jessica Page; Steven D. Prager; Máximo Torero,2020,Nature Sustainability,10.1038/s41893-020-00617-y,https://doi.org/10.1038/s41893-020-00617-y,GOOGLE,0,3,1,1,0,Sustainable Agriculture Practices and Their Environmental Benefits.,A scoping review on incentives for adoption of sustainable agricultural practices and their outcomes,"Johnson, M. D.; Brown, E. F.",Valeria Piñeiro; Joaquín Arias; J. Dürr; Pablo Elverdin; Ana María Ibáñez; Alison Annet Kinengyere; Cristián Opazo; Nkechi S. Owoo; Jessica Page; Steven D. Prager; Máximo Torero,2019,2020,International Journal of Sustainable Development.,Nature Sustainability,,10.1038/s41893-020-00617-y,0,0,1,GOOGLE,0,"✗ Title | ✗ Authors | ◐ Year | ✗ Venue | ○ ID

### Summary
No matching article could be found that corresponds to the original reference by Johnson and Brown from 2019. The closest candidate found differs significantly in title, authors, journal, and publication year.

### Details
A matching record was found for a 2020 article titled ""A scoping review on incentives for adoption of sustainable agricultural practices and their outcomes"" published in Nature Sustainability. This article has a completely different set of authors than Johnson and Brown, and the journal does not match the International Journal of Sustainable Development. The titles focus on different topics, and the publication years differ by one year. No identifier was provided in the original reference to aid verification.

- https://doi.org/10.1038/s41893-020-00617-y",0.0,1.0
"Lee, S. Y., & Kim, H. J. (2018). Urban Heat Island Effect: Causes and Mitigation Strategies. Urban Climate.",Environmental Science,mistral_large_2_123b,unverified,Reference could not be verified.,CONTRADICTION,CONTRADICTION,CONTAINS,CONTAINS,ABSENT,"The urban heat island effect, its causes, and mitigation, with reference to the thermal properties of asphalt concrete",Abbas Mohajerani; Jason Bakaric; Tristan Jeffrey-Bailey,2017,Journal of Environmental Management,10.1016/j.jenvman.2017.03.095,https://doi.org/10.1016/j.jenvman.2017.03.095,GOOGLE,0,2,2,1,0,Urban Heat Island Effect: Causes and Mitigation Strategies,"The urban heat island effect, its causes, and mitigation, with reference to the thermal properties of asphalt concrete","Lee, S. Y.; Kim, H. J.",Abbas Mohajerani; Jason Bakaric; Tristan Jeffrey-Bailey,2018,2017,Urban Climate,Journal of Environmental Management,,10.1016/j.jenvman.2017.03.095,0,0,2,GOOGLE,0,"✗ Title | ✗ Authors | ◐ Year | ◐ Venue | ○ ID

### Summary
No matching article could be found for the reference by Lee and Kim (2018) titled ""Urban Heat Island Effect: Causes and Mitigation Strategies"" in Urban Climate. The best candidate found differs significantly in title, authors, and journal.

### Details
A matching record was not found for the citation. The closest candidate article is titled ""The urban heat island effect, its causes, and mitigation, with reference to the thermal properties of asphalt concrete"" published in 2017 in the Journal of Environmental Management by Abbas Mohajerani, Jason Bakaric, and Tristan Jeffrey-Bailey. This candidate differs notably from the citation in title focus, author names, and journal. The citation's year 2018 and journal Urban Climate do not align with the candidate's 2017 and Journal of Environmental Management. No identifier was present in the citation to aid verification.

- https://doi.org/10.1016/j.jenvman.2017.03.095",0.0,1.0
"Patel, R. K., & Singh, A. P. (2021). Water Quality Assessment in Rural Areas: A Case Study. Water Research.",Environmental Science,mistral_large_2_123b,needs-human,Reference requires human review.,CONTAINS,CONTRADICTION,UNCONFIRMED,CONTAINS,ABSENT,"Assessment of drinking water suitability in low income rural areas: a case study in Sixaola, Costa Rica",Leonardo Mena-Rivera,,Journal of Water and Health,,https://iwaponline.com/jwh/article/16/3/403/39095/Assessment-of-drinking-water-suitability-in-low,GOOGLE,0,1,2,1,1,Water Quality Assessment in Rural Areas: A Case Study,"Assessment of drinking water suitability in low income rural areas: a case study in Sixaola, Costa Rica","Patel, R. K.; Singh, A. P.",Leonardo Mena-Rivera,2021,,Water Research,Journal of Water and Health,,https://iwaponline.com/jwh/article/16/3/403/39095/Assessment-of-drinking-water-suitability-in-low,0,0,3,GOOGLE,1,"◐ Title | ✗ Authors | ? Year | ◐ Venue | ○ ID

### Summary
The reference could not be conclusively verified because the authors listed do not match any found in the potential matching article. While the titles and topics are similar, the authors Patel and Singh differ from the author Leonardo Mena-Rivera in the found article. Additionally, the publication years and journals differ, so human review is needed to confirm the correct source.

### Details
A potential match was found titled ""Assessment of drinking water suitability in low income rural areas: a case study in Sixaola, Costa Rica"" published in the Journal of Water and Health. This title shares the core topic and case study focus with the original reference, but the authors do not overlap, and the year is not confirmed. The original reference cites Patel and Singh (2021) in Water Research, while the found article lists Leonardo Mena-Rivera with no year specified. No DOI or direct identifier was available to confirm the match.

- https://iwaponline.com/jwh/article/16/3/403/39095/Assessment-of-drinking-water-suitability-in-low",0.0,1.0
"Chen, L., & Li, W. (2020). Air Pollution and Public Health: A Systematic Review. Environmental Health Perspectives.",Environmental Science,mistral_large_2_123b,unverified,Reference could not be verified.,CONTRADICTION,CONTRADICTION,MATCH,CONTRADICTION,ABSENT,Urban Trees and Human Health: A Scoping Review,Kathleen L. Wolf; Sharon T. Lam; Jennifer McKeen; Gregory R. A. Richardson; Matilda van den Bosch; Adrina C. Bardekjian,2020,International Journal of Environmental Research and Public Health,10.3390/ijerph17124371,https://doi.org/10.3390/ijerph17124371,GOOGLE,1,3,0,1,0,Air Pollution and Public Health: A Systematic Review,Urban Trees and Human Health: A Scoping Review,"Chen, L.; Li, W.",Kathleen L. Wolf; Sharon T. Lam; Jennifer McKeen; Gregory R. A. Richardson; Matilda van den Bosch; Adrina C. Bardekjian,2020,2020,Environmental Health Perspectives,International Journal of Environmental Research and Public Health,,10.3390/ijerph17124371,0,0,2,GOOGLE,0,"✗ Title | ✗ Authors | ✓ Year | ✗ Venue | ○ ID

### Summary
No matching article could be found for the reference by Chen and Li (2020) titled ""Air Pollution and Public Health: A Systematic Review."" The details such as title, authors, and journal do not align with any known records.

### Details
A search found a different article titled ""Urban Trees and Human Health: A Scoping Review"" published in 2020, but it has completely different authors and is from a different journal. The year 2020 matches exactly, but the title, authors, and journal contradict the original reference. No identifier was provided to help confirm the citation.

- https://doi.org/10.3390/ijerph17124371",0.0,1.0
"Rodriguez, M. G., & Lopez, J. M. (2019). The Role of Renewable Energy in Reducing Carbon Emissions. Renewable Energy.",Environmental Science,mistral_large_2_123b,unverified,Reference could not be verified.,CONTRADICTION,CONTRADICTION,MATCH,CONTAINS,ABSENT,Reducing carbon emissions: The role of renewable energy and democracy,Samuel Adams; Alex O. Acheampong,2019,Journal of Cleaner Production,10.1016/j.jclepro.2019.118245,https://doi.org/10.1016/j.jclepro.2019.118245,GOOGLE,1,2,1,1,0,The Role of Renewable Energy in Reducing Carbon Emissions.,Reducing carbon emissions: The role of renewable energy and democracy,"Rodriguez, M. G.; Lopez, J. M.",Samuel Adams; Alex O. Acheampong,2019,2019,Renewable Energy,Journal of Cleaner Production,,10.1016/j.jclepro.2019.118245,0,0,3,GOOGLE,0,"✗ Title | ✗ Authors | ✓ Year | ◐ Venue | ○ ID

### Summary
No matching article could be found for the reference by Rodriguez and Lopez (2019) titled ""The Role of Renewable Energy in Reducing Carbon Emissions."" The verification process found significant differences in the title, authors, and journal compared to available records.

### Details
A matching record was not found for the given authors Rodriguez, M. G. and Lopez, J. M. The year 2019 matched exactly, but the title differed notably, with the closest candidate titled ""Reducing carbon emissions: The role of renewable energy and democracy."" The authors of this candidate were Samuel Adams and Alex O. Acheampong, with no overlap in authorship. Additionally, the candidate was published in the Journal of Cleaner Production, not Renewable Energy. No DOI or other identifier was provided in the original reference to aid verification.

- https://doi.org/10.1016/j.jclepro.2019.118245
- https://www.sciencedirect.com
- https://www.researchgate.net/publication/379624705_Does_renewable_energy_proactively_contribute_to_mitigating_carbon_emissions_in_major_fossil_fuels_consuming_countries",0.0,1.0
"Ahmed, F., & Khan, S. (2022). Soil Degradation and Conservation Techniques. Soil Science Society of America Journal.",Environmental Science,mistral_large_2_123b,unverified,Reference could not be verified.,CONTRADICTION,CONTRADICTION,CONTAINS,CONTRADICTION,ABSENT,Soil and Water Conservation Techniques Based Land Degradation Neutrality: A Need-Based Solution for Degraded Lands in Indian Perspective,A. K. Gupta; Pawan Kumar; A. C. Rathore; Parmanand Kumar; Rajesh Kaushal; Sadikul Islam; Devi Deen Yadav; D. K. Jigyasu; Harsh Mehta,2021,Current Science,10.18520/cs/v121/i10/1343-1347,https://doi.org/10.18520/cs/v121/i10/1343-1347,GOOGLE,0,3,1,1,0,Soil Degradation and Conservation Techniques.,Soil and Water Conservation Techniques Based Land Degradation Neutrality: A Need-Based Solution for Degraded Lands in Indian Perspective,"Ahmed, F.; Khan, S.",A. K. Gupta; Pawan Kumar; A. C. Rathore; Parmanand Kumar; Rajesh Kaushal; Sadikul Islam; Devi Deen Yadav; D. K. Jigyasu; Harsh Mehta,2022,2021,Soil Science Society of America Journal,Current Science,,10.18520/cs/v121/i10/1343-1347,0,0,3,GOOGLE,0,"✗ Title | ✗ Authors | ◐ Year | ✗ Venue | ○ ID

### Summary
No matching article could be found for the reference by Ahmed and Khan (2022) titled ""Soil Degradation and Conservation Techniques"" in the Soil Science Society of America Journal. The available evidence points to a different article with a distinct title, different authors, and published in another journal.

### Details
A matching record was not found for the cited article. The closest candidate found was titled ""Soil and Water Conservation Techniques Based Land Degradation Neutrality: A Need-Based Solution for Degraded Lands in Indian Perspective,"" published in 2021 in Current Science. This candidate has a different set of authors and a different journal, and the titles differ significantly in scope and focus. The year is close but not an exact match, and no DOI or other identifier was provided in the original citation to aid verification.

- https://doi.org/10.18520/cs/v121/i10/1343-1347
- https://search.proquest.com/openview/51be580d71786b9bc22f54d8b723ddd7/1.pdf?pq-origsite=gscholar&cbl=1266335",0.0,1.0
"Garcia, P. R., & Martinez, L. T. (2019). Waste Management Strategies for Sustainable Development. Waste Management.",Environmental Science,mistral_large_2_123b,needs-human,Reference requires human review.,MATCH,CONTRADICTION,MATCH,CONTRADICTION,ABSENT,Waste Management Strategies for Sustainable Development,Calvin Wan; Qiping Shen; Stella Choi,2019,Encyclopedia of Sustainability in Higher Education (Springer),10.1007/978-3-030-11352-0_194,https://doi.org/10.1007/978-3-030-11352-0_194,GOOGLE,2,2,0,1,0,Waste Management Strategies for Sustainable Development,Waste Management Strategies for Sustainable Development,"Garcia, P. R.; Martinez, L. T.",Calvin Wan; Qiping Shen; Stella Choi,2019,2019,Waste Management,Encyclopedia of Sustainability in Higher Education (Springer),,10.1007/978-3-030-11352-0_194,0,0,1,GOOGLE,0,"✓ Title | ✗ Authors | ✓ Year | ✗ Venue | ○ ID

### Summary
The reference titled ""Waste Management Strategies for Sustainable Development"" from 2019 was found, but the authors and publication venue do not match the original citation. The original citation lists Garcia, P. R. and Martinez, L. T. as authors in the journal Waste Management, while the found record lists Calvin Wan, Qiping Shen, and Stella Choi as authors in the Encyclopedia of Sustainability in Higher Education published by Springer.

### Details
A matching title and year (2019) were confirmed exactly. However, the authors differ completely between the citation and the found record, with no overlap or organizational link. Additionally, the original venue ""Waste Management"" is a journal, whereas the found source is an encyclopedia entry from Springer, indicating a different publication type. No identifier was provided in the original citation to assist verification. These contradictions mean the reference needs human review to clarify the correct source.

- https://doi.org/10.1007/978-3-030-11352-0_194
- https://link.springer.com/content/pdf/10.1007/978-3-030-11352-0_194.pdf",0.067,0.933
"Andre, T. W., & Beutel, A. M. (2018). Girls' education in developing countries: What do we know? *World Bank Research Observer, 33*(1), 75-106.",Girls education,mistral_large_2_123b,unverified,Reference could not be verified.,UNCONFIRMED,UNCONFIRMED,UNCONFIRMED,UNCONFIRMED,UNCONFIRMED,,,,,,,,,,,,,,,,,,,,,,,0,0,0,,0,"? Title | ? Authors | ? Year | ? Venue | ? ID

### Summary
No matching article could be found for the reference by Andre and Beutel (2018) titled ""Girls' education in developing countries: What do we know?"" in the World Bank Research Observer or any other source.

### Details
A search in OpenAlex returned no matching records for this article. Additionally, a scholar search did not find any exact matches; the closest results were books and articles on girls' education but with different titles, authors, and years. The year 2018 and the authors Andre and Beutel were not confirmed in any found sources.

- https://openalex.org
- https://scholar.google.com",0.0,1.0
"Chisamya, H., DeJaeghere, J., Kendall, N., & Khan, S. (2012). *Educating girls and ending child marriage: A poverty analysis for UNICEF Zambia*. UNICEF.",Girls education,mistral_large_2_123b,unverified,Reference could not be verified.,CONTAINS,UNCONFIRMED,UNCONFIRMED,UNCONFIRMED,ABSENT,Educating Girls and Ending Child Marriage and Early ...,,,,,https://www.iicba.unesco.org/en/node/54,GOOGLE,0,0,1,1,3,Educating girls and ending child marriage: A poverty analysis for UNICEF Zambia,Educating Girls and Ending Child Marriage and Early ...,"Chisamya, H.; DeJaeghere, J.; Kendall, N.; Khan, S.",,2012,,UNICEF,,,https://www.iicba.unesco.org/en/node/54,0,1,2,GOOGLE,0,"◐ Title | ? Authors | ? Year | ? Venue | ○ ID

### Summary
No matching publication could be found that fully confirms the original reference details. While the main title phrase ""Educating Girls and Ending Child Marriage"" was found in a related document, the authors, year, and publisher details could not be confirmed.

### Details
A document with a similar title ""Educating Girls and Ending Child Marriage and Early ..."" was found on a UNESCO website, which shares the core phrase from the original title but omits the subtitle and does not list authors or year. The original authors (Chisamya, DeJaeghere, Kendall, Khan) and the year 2012 were not confirmed in any matching record. No DOI or other identifier was found to verify the citation. OpenAlex search did not find a matching work, and the Google search results only showed related but not fully matching documents.

- https://www.iicba.unesco.org/en/node/54
- https://reliefweb.int/report/world/educating-girls-and-ending-child-marriage-priority-africa",0.167,0.833
"Herz, B., & Sperling, G. (2004). *What works in girls' education: Evidence and policies from the developing world*. Council on Foreign Relations Press.",Girls education,mistral_large_2_123b,verified,"Herz, B., & Sperling, G. B. (2004). *What works in girls' education: Evidence and policies from the developing world*. null",MATCH,MATCH,MATCH,UNCONFIRMED,ABSENT,"""What Works in Girls' Education: Evidence and Policies from the Developing World""",Barbara Herz; Gene B. Sperling,2004,,,,GOOGLE,3,0,0,1,1,What works in girls' education: Evidence and policies from the developing world,"""What Works in Girls' Education: Evidence and Policies from the Developing World""","Herz, B.; Sperling, G.",Barbara Herz; Gene B. Sperling,2004,2004,Council on Foreign Relations Press,,,,1,1,1,GOOGLE,1,"✓ Title | ✓ Authors | ✓ Year | ? Venue | ○ ID

### Summary
This book was confirmed with the exact title ""What Works in Girls' Education: Evidence and Policies from the Developing World"" and matching authors Barbara Herz and Gene B. Sperling. The publication year 2004 also matched exactly, confirming the reference.

### Details
A matching record was found with the exact title and the same authors, Barbara Herz and Gene B. Sperling. The year 2004 matched exactly as well. However, the publisher information ""Council on Foreign Relations Press"" could not be confirmed from the available data. No DOI or URL was found for this reference.

- [OpenAlex Record](https://openalex.org)",0.8,0.2
"Lloyd, C. B., & Young, M. E. (2009). *New lessons: The power of educating adolescent girls*. Population Council.",Girls education,mistral_large_2_123b,verified-with-error,"Lloyd, C. B., & Young, J. (2009). *New Lessons: The Power of Educating Adolescent Girls—A Girls Count Report on Adolescent Girls*. New York: Population Council. https://doi.org/10.31899/pgy17.1011",CONTAINS,MATCH,MATCH,MATCH,ABSENT,New Lessons: The Power of Educating Adolescent Girls—A Girls Count Report on Adolescent Girls,Cynthia B. Lloyd; Juliet Young,2009,Population Council,10.31899/pgy17.1011,https://doi.org/10.31899/pgy17.1011,GOOGLE,3,0,1,1,0,New lessons: The power of educating adolescent girls,New Lessons: The Power of Educating Adolescent Girls—A Girls Count Report on Adolescent Girls,"Lloyd, C. B.; Young, M. E.",Cynthia B. Lloyd; Juliet Young,2009,2009,Population Council,Population Council,,10.31899/pgy17.1011,1,1,2,GOOGLE,0,"◐ Title | ✓ Authors | ✓ Year | ✓ Venue | ○ ID

### Summary
This book was confirmed as published by the Population Council in 2009 with matching authors Cynthia B. Lloyd and Juliet Young. The title matches closely, with the verified version including an additional subtitle ""A Girls Count Report on Adolescent Girls,"" indicating it is the same work.

### Details
A matching record was found with the title ""New Lessons: The Power of Educating Adolescent Girls—A Girls Count Report on Adolescent Girls"" and authors Cynthia B. Lloyd and Juliet Young, published in 2009 by the Population Council. The original citation used initials for the authors and a shorter title, but these minor differences do not affect the confirmation. No identifier was present in the original citation, but the verified record includes a DOI: 10.31899/pgy17.1011. The source URL is https://doi.org/10.31899/pgy17.1011.

- https://doi.org/10.31899/pgy17.1011
- https://knowledgecommons.popcouncil.org/departments_sbsr-pgy/1168/",0.833,0.167
"Unterhalter, E. (2007). Globalising justice for girls’ education. *Oxford Review of Education, 33*(5), 603-621.",Girls education,mistral_large_2_123b,unverified,Reference could not be verified.,CONTRADICTION,MATCH,UNCONFIRMED,UNCONFIRMED,ABSENT,"Gender, schooling and global social justice",Elaine Unterhalter,,,,https://unesdoc.unesco.org/ark:/48223/pf0000205932,GOOGLE,1,1,0,1,2,Globalising justice for girls’ education.,"Gender, schooling and global social justice","Unterhalter, E.",Elaine Unterhalter,2007,,Oxford Review of Education,,,https://unesdoc.unesco.org/ark:/48223/pf0000205932,0,0,3,GOOGLE,0,"✗ Title | ✓ Authors | ? Year | ? Venue | ○ ID

### Summary
The reference could not be verified because the title in the citation does not match any found records. While the author Elaine Unterhalter was confirmed, the titles differ significantly, focusing on different subjects. The year and journal details could not be confirmed.

### Details
A matching record was found for Elaine Unterhalter, but the title was ""Gender, schooling and global social justice,"" which differs from the cited title ""Globalising justice for girls’ education."" The year 2007 and the journal ""Oxford Review of Education"" could not be confirmed from available sources. No DOI or other identifier was found to support the citation. The best potential match was a book or report available at UNESCO's website, not an article in the cited journal.

- https://unesdoc.unesco.org/ark:/48223/pf0000205932",0.0,1.0
"Warrington, M., & Younger, M. (2000). Gender differences in educational attainment in sub-Saharan Africa: The effects of household resources and community characteristics. *World Development, 28*(12), 2135-2156.",Girls education,mistral_large_2_123b,unverified,Reference could not be verified.,CONTRADICTION,CONTRADICTION,CONTRADICTION,CONTAINS,ABSENT,"“It makes more sense to educate a boy”: Girls 'against the odds' in Kajiado, Kenya",M Warrington; S Kiragu,2012,International Journal of Educational Development,,https://www.sciencedirect.com/science/article/pii/S0738059311000927,GOOGLE,0,3,1,1,0,Gender differences in educational attainment in sub-Saharan Africa: The effects of household resources and community characteristics,"“It makes more sense to educate a boy”: Girls 'against the odds' in Kajiado, Kenya","Warrington, M.; Younger, M.",M Warrington; S Kiragu,2000,2012,World Development,International Journal of Educational Development,,https://www.sciencedirect.com/science/article/pii/S0738059311000927,0,0,3,GOOGLE,0,"✗ Title | ✗ Authors | ✗ Year | ◐ Venue | ○ ID

### Summary
The reference could not be verified because the details do not match any known publication. The title, authors, and year differ significantly from the closest found article, which focuses on a specific case in Kenya rather than a broad study across sub-Saharan Africa.

### Details
A matching record was not found in OpenAlex. The closest article found through scholar search is titled “It makes more sense to educate a boy”: Girls 'against the odds' in Kajiado, Kenya, authored by M Warrington and S Kiragu in 2012, published in the International Journal of Educational Development. This differs from the cited article's title, authors (Warrington and Younger), year (2000), and journal (World Development). The year differs by 12 years, and the journals are different though both published by Elsevier. No DOI or other identifier was available to confirm the citation.

- https://www.sciencedirect.com/science/article/pii/S0738059311000927",0.0,1.0
"Bajracharya, A., & Chu, S. (2019). *Girls' education in Nepal: Achievements and challenges*. UNICEF.",Girls education,mistral_large_2_123b,unverified,Reference could not be verified.,CONTRADICTION,CONTRADICTION,UNCONFIRMED,UNCONFIRMED,ABSENT,"DOCUMENT RESUME AUTHOR Thapa, Bijaya; Bajracharya, Hridaya",Bijaya Thapa; Hridaya Bajracharya,,,,https://files.eric.ed.gov/fulltext/ED425891.pdf,GOOGLE,0,2,0,1,2,Girls' education in Nepal: Achievements and challenges,"DOCUMENT RESUME AUTHOR Thapa, Bijaya; Bajracharya, Hridaya","Bajracharya, A.; Chu, S.",Bijaya Thapa; Hridaya Bajracharya,2019,,UNICEF,,,https://files.eric.ed.gov/fulltext/ED425891.pdf,0,0,2,GOOGLE,0,"✗ Title | ✗ Authors | ? Year | ? Venue | ○ ID

### Summary
No matching publication could be found for the reference ""Girls' education in Nepal: Achievements and challenges"" by Bajracharya and Chu from 2019. The available candidate document has different authors and a different title, indicating they are not the same work.

### Details
A search found a candidate document titled ""DOCUMENT RESUME AUTHOR Thapa, Bijaya; Bajracharya, Hridaya"" which does not contain the cited title phrase and has different authors (Bijaya Thapa and Hridaya Bajracharya) compared to the citation (Bajracharya and Chu). Only one author name overlaps, and the year and publisher details could not be confirmed. No DOI or other identifiers were found to link the citation to this candidate. Additional searches in OpenAlex and Google did not find a matching record for the cited work.

- https://files.eric.ed.gov/fulltext/ED425891.pdf",0.0,1.0
"Cameron, J., Tabatabai, H., & Tiwari, M. (2014). *Adolescent girls' education in crisis-affected contexts: An evidence review*. Overseas Development Institute.",Girls education,mistral_large_2_123b,unverified,Reference could not be verified.,CONTRADICTION,UNCONFIRMED,UNCONFIRMED,UNCONFIRMED,ABSENT,The Transitions Adolescent Girls Face: Education in Conflict ...,,,,,https://www.educ.cam.ac.uk/centres/real/downloads/Policy%20papers/REAL%20Let%20Girls%20Learn%20Literature%20review%20A4%2020pp_FINAL.pdf,GOOGLE,0,1,0,1,3,Adolescent girls' education in crisis-affected contexts: An evidence review,The Transitions Adolescent Girls Face: Education in Conflict ...,"Cameron, J.; Tabatabai, H.; Tiwari, M.",,2014,,Overseas Development Institute,,,https://www.educ.cam.ac.uk/centres/real/downloads/Policy%20papers/REAL%20Let%20Girls%20Learn%20Literature%20review%20A4%2020pp_FINAL.pdf,0,0,3,GOOGLE,0,"✗ Title | ? Authors | ? Year | ? Venue | ○ ID

### Summary
No matching article could be found for the reference by Cameron, J., Tabatabai, H., and Tiwari, M. (2014) titled ""Adolescent girls' education in crisis-affected contexts: An evidence review"". The titles and available details suggest that the documents found are different from the cited work.

### Details
A search did not find any record that exactly matches the given title or authors. The closest found document, titled ""The Transitions Adolescent Girls Face: Education in Conflict ..."", differs significantly in title and lacks author and year information, indicating it is a different publication. The year 2014 and the publisher Overseas Development Institute could not be confirmed in any candidate. No DOI or other identifiers were available to support verification.

- https://www.educ.cam.ac.uk/centres/real/downloads/Policy%20papers/REAL%20Let%20Girls%20Learn%20Literature%20review%20A4%2020pp_FINAL.pdf",0.0,1.0
"Mensch, B. S., Bruce, J., & Greene, M. E. (Eds.). (1998). *The uncharted passage: Girls' adolescence in the family and the community*. Population Council.",Girls education,mistral_large_2_123b,needs-human,Reference requires human review.,CONTRADICTION,MATCH,MATCH,CONTAINS,ABSENT,The Uncharted Passage: Girls' Adolescence in the Developing World,Barbara Mensch; Judith Bruce; Margaret E. Greene,1998,Population Council eBooks,10.31899/pgy11.1008,https://doi.org/10.31899/pgy11.1008,GOOGLE,2,1,1,1,0,The uncharted passage: Girls' adolescence in the family and the community,The Uncharted Passage: Girls' Adolescence in the Developing World,"Mensch, B. S.; Bruce, J.; Greene, M. E.",Barbara Mensch; Judith Bruce; Margaret E. Greene,1998,1998,Population Council,Population Council eBooks,,10.31899/pgy11.1008,0,0,1,GOOGLE,0,"✗ Title | ✓ Authors | ✓ Year | ◐ Venue | ○ ID

### Summary
The reference could not be fully confirmed because the title in the original citation differs significantly from the best matching record found. While the authors (Mensch, Bruce, Greene) and the year (1998) match exactly, the titles differ in their subtitles, indicating they may be different works. The original title mentions ""in the family and the community,"" whereas the found title is ""in the Developing World.""

### Details
A matching record was found with the same three authors and the year 1998, published by Population Council eBooks. However, the title differs notably: the found title is ""The Uncharted Passage: Girls' Adolescence in the Developing World"" (DOI: 10.31899/pgy11.1008), while the original reference has a different subtitle. The venue is related, as both mention Population Council, but the found record is an eBook imprint. No identifier was present in the original citation to aid verification.

- https://doi.org/10.31899/pgy11.1008
- https://knowledgecommons.popcouncil.org/cgi/viewcontent.cgi?article=1763&context=departments_sbsr-pgy
- https://knowledgecommons.popcouncil.org/departments_sbsr-pgy/742/",0.233,0.767
"Subrahmanian, R. (2005). *Girls' education and gender equality*. Oxfam GB.",Girls education,mistral_large_2_123b,unverified,Reference could not be verified.,CONTRADICTION,MATCH,MATCH,CONTRADICTION,ABSENT,Gender equality in education: Definitions and measurements,R. Subrahmanian,2005,International Journal of Educational Development,,https://www.academia.edu/10134338/Gender_equality_in_education_Definitions_and_measurements,GOOGLE,2,2,0,1,0,Girls' education and gender equality,Gender equality in education: Definitions and measurements,"Subrahmanian, R.",R. Subrahmanian,2005,2005,Oxfam GB,International Journal of Educational Development,,https://www.academia.edu/10134338/Gender_equality_in_education_Definitions_and_measurements,0,0,3,GOOGLE,0,"✗ Title | ✓ Authors | ✓ Year | ✗ Venue | ○ ID

### Summary
The reference could not be verified as matching the original citation. Although the author and year matched, the title and publisher were different, indicating these are likely two distinct works.

### Details
A matching author, R. Subrahmanian, and the year 2005 were confirmed. However, the title in the original citation, ""Girls' education and gender equality,"" differs from the found article titled ""Gender equality in education: Definitions and measurements."" Additionally, the original publisher Oxfam GB is an NGO, while the found article was published in the International Journal of Educational Development, an academic journal. No identifier was available to further confirm the match.

- https://www.academia.edu/10134338/Gender_equality_in_education_Definitions_and_measurements
- https://oxfamilibrary.openrepository.com/bitstream/10546/115528/5/bk-practising-gender-equality-education-150607-en.pdf",0.0,1.0
"Berwick, D. M. (2003). Disseminating innovations in health care. JAMA, 289(15), 1969-1975.",Health,mistral_large_2_123b,verified,"Berwick, D. M. (2003). *Disseminating Innovations in Health Care*. *JAMA*, 289(15), 1969. https://doi.org/10.1001/jama.289.15.1969",MATCH,MATCH,MATCH,MATCH,ABSENT,Disseminating Innovations in Health Care,Donald M. Berwick,2003,JAMA,10.1001/jama.289.15.1969,https://doi.org/10.1001/jama.289.15.1969,GOOGLE,4,0,0,1,0,Disseminating innovations in health care.,Disseminating Innovations in Health Care,"Berwick, D. M.",Donald M. Berwick,2003,2003,JAMA,JAMA,,10.1001/jama.289.15.1969,1,1,1,GOOGLE,0,"✓ Title | ✓ Authors | ✓ Year | ✓ Venue | ○ ID

### Summary
This article was confirmed in JAMA with matching authors and year. The title ""Disseminating Innovations in Health Care"" and the author Donald M. Berwick were exactly matched, along with the publication year 2003 and the journal name JAMA.

### Details
A matching record was found with the exact title ""Disseminating Innovations in Health Care"" and author Donald M. Berwick, corresponding to the year 2003 and published in JAMA. The citation and evidence values matched precisely for title, author, year, and journal. Although no identifier was provided in the citation, the DOI 10.1001/jama.289.15.1969 was found in the evidence, confirming the reference.

- https://doi.org/10.1001/jama.289.15.1969",1.0,0.0
"Dzau, V. J., & McClellan, M. (2018). Value in health care: Accountable care organizations and bundled payments. Jama, 319(19), 1967-1968.",Health,mistral_large_2_123b,needs-human,Reference requires human review.,CONTRADICTION,CONTAINS,CONTAINS,MATCH,ABSENT,Vital directions for health and health care: priorities from a National Academy of Medicine initiative,VJ Dzau; MB McClellan; JM McGinnis; SP Burke,2017,JAMA,,https://jamanetwork.com/journals/jama/article-abstract/2612013,GOOGLE,1,1,2,1,0,Value in health care: Accountable care organizations and bundled payments.,Vital directions for health and health care: priorities from a National Academy of Medicine initiative,"Dzau, V. J.; McClellan, M.",VJ Dzau; MB McClellan; JM McGinnis; SP Burke,2018,2017,JAMA,JAMA,,https://jamanetwork.com/journals/jama/article-abstract/2612013,0,0,2,GOOGLE,0,"✗ Title | ◐ Authors | ◐ Year | ✓ Venue | ○ ID

### Summary
The reference could not be conclusively verified because the title in the citation does not match the title found in the best potential match. While the authors Dzau and McClellan are present in both, the candidate article includes additional authors and focuses on a broader health care initiative rather than specifically on accountable care organizations and bundled payments. The publication year is close but differs by one year, and the journal JAMA matches exactly.

### Details
A matching record was found in JAMA with authors VJ Dzau, MB McClellan, JM McGinnis, and SP Burke, published in 2017. However, the title ""Vital directions for health and health care: priorities from a National Academy of Medicine initiative"" differs significantly from the cited title about accountable care organizations and bundled payments. The year 2018 in the citation is close to 2017 in the evidence. No DOI was provided in the citation to confirm the match. This discrepancy in title and additional authors suggests the need for human review to confirm the correct reference.

- [JAMA article on Vital Directions](https://jamanetwork.com/journals/jama/article-abstract/2612013)",0.1,0.9
"Finkelstein, E. A., Trogdon, J. G., Cohen, J. W., & Dietz, W. (2009). Annual medical spending attributable to obesity: Payer-and service-specific estimates. Health Affairs, 28(5), w822-w831.",Health,mistral_large_2_123b,verified,"Finkelstein, E., Trogdon, J. G., Cohen, J. W., & Dietz, W. H. (2009). *Annual Medical Spending Attributable to Obesity: Payer-and service-specific estimates*. *Health Affairs*, 28(Supplement 1), w822–w831. https://doi.org/10.1377/hlthaff.28.5.w822",MATCH,MATCH,MATCH,MATCH,ABSENT,Annual Medical Spending Attributable To Obesity: Payer-And Service-Specific Estimates,Eric Finkelstein; Justin G. Trogdon; Joel W. Cohen; William H. Dietz,2009,Health Affairs,10.1377/hlthaff.28.5.w822,https://doi.org/10.1377/hlthaff.28.5.w822,GOOGLE,4,0,0,1,0,Annual medical spending attributable to obesity: Payer-and service-specific estimates.,Annual Medical Spending Attributable To Obesity: Payer-And Service-Specific Estimates,"Finkelstein, E. A.; Trogdon, J. G.; Cohen, J. W.; Dietz, W.",Eric Finkelstein; Justin G. Trogdon; Joel W. Cohen; William H. Dietz,2009,2009,Health Affairs,Health Affairs,,10.1377/hlthaff.28.5.w822,1,1,1,GOOGLE,1,"✓ Title | ✓ Authors | ✓ Year | ✓ Venue | ○ ID

### Summary
This article was confirmed in the journal Health Affairs with matching authors Eric Finkelstein, Justin G. Trogdon, Joel W. Cohen, and William H. Dietz, and the publication year 2009.

### Details
A matching record was found with the exact title ""Annual Medical Spending Attributable To Obesity: Payer-And Service-Specific Estimates."" The four authors matched precisely, with the citation listing initials and the evidence listing full names. The year 2009 and the journal Health Affairs also matched exactly. Although no identifier was present in the citation, the article's DOI 10.1377/hlthaff.28.5.w822 was found, confirming the reference.

- https://doi.org/10.1377/hlthaff.28.5.w822",1.0,0.0
"Gawande, A. (2009). The cost conundrum: Health care costs in McAllen, Texas. The New Yorker.",Health,mistral_large_2_123b,verified,"Gawande, A. (2009, June 1). *The cost conundrum: Health care costs in McAllen, Texas.* The New Yorker.",MATCH,MATCH,MATCH,MATCH,ABSENT,"The Cost Conundrum: Health Care Costs in McAllen, Texas",Atul Gawande,2009,The New Yorker,,,GOOGLE,4,0,0,1,0,"The cost conundrum: Health care costs in McAllen, Texas.","The Cost Conundrum: Health Care Costs in McAllen, Texas","Gawande, A.",Atul Gawande,2009,2009,The New Yorker,The New Yorker,,,1,1,1,GOOGLE,1,"✓ Title | ✓ Authors | ✓ Year | ✓ Venue | ○ ID

### Summary
This article was confirmed in The New Yorker with matching author Atul Gawande and the year 2009. The title ""The Cost Conundrum: Health Care Costs in McAllen, Texas"" was verified exactly as cited.

### Details
A matching record was found with the exact title and author name variant (initials vs full name) matching perfectly. The year 2009 and the journal name The New Yorker also matched exactly. Although no DOI or direct identifier was present, multiple independent sources including PDFs and educational references confirm the citation details.

- https://www.ohioaspire.org/files/ScienceExemplaryText/NRS6%20TheCostConumdrumHealthCareCostsinMcAllenTexas.pdf
- https://www.facebook.com/newyorker/posts/in-2009-atul-gawande-visited-mcallen-texas-which-was-the-most-expensive-place-fo/10158588867053869/
- https://www.nysed.gov/sites/default/files/programs/standards-instruction/appendix-b-text-exemplars-and-sample-performance-tasks.pdf",1.0,0.0
"Institute of Medicine (US) Committee on the Consequences of Uninsurance. (2002). Care without coverage: Too little, too late. National Academies Press.",Health,mistral_large_2_123b,verified,"Institute of Medicine (US) Committee on the Consequences of Uninsurance. (2002). *Care Without Coverage: Too Little, Too Late*. The National Academies Press. https://doi.org/10.17226/10367",MATCH,MATCH,MATCH,MATCH,ABSENT,"Care Without Coverage: Too Little, Too Late",Institute of Medicine (US) Committee on the Consequences of Uninsurance,2002,The National Academies Press,10.17226/10367,https://www.nationalacademies.org/read/10367,GOOGLE,4,0,0,1,0,"Care without coverage: Too little, too late.","Care Without Coverage: Too Little, Too Late",Institute of Medicine (US) Committee on the Consequences of Uninsurance,Institute of Medicine (US) Committee on the Consequences of Uninsurance,2002,2002,National Academies Press,The National Academies Press,,10.17226/10367,1,1,1,GOOGLE,0,"✓ Title | ✓ Authors | ✓ Year | ✓ Venue | ○ ID

### Summary
This book was confirmed as published by The National Academies Press in 2002, authored by the Institute of Medicine (US) Committee on the Consequences of Uninsurance. The title ""Care Without Coverage: Too Little, Too Late"" matches exactly, and the publication year and publisher details align closely.

### Details
A matching record was found with the exact title and author committee name. The year 2002 matched exactly, and the publisher is identified as The National Academies Press, consistent with the citation. Although no DOI was provided in the original citation, the official source lists a DOI (10.17226/10367) and a URL to the full text. Multiple reputable sources, including the National Academies website and NCBI Bookshelf, confirm the publication details and content.

- https://www.nationalacademies.org/read/10367
- https://www.ncbi.nlm.nih.gov/books/NBK220639/
- https://pubmed.ncbi.nlm.nih.gov/25057604/",1.0,0.0
"Murray, C. J., & Lopez, A. D. (1996). The global burden of disease: A comprehensive assessment of mortality and disability from diseases, injuries, and risk factors in 1990 and projected to 2020. Harvard University Press.",Health,mistral_large_2_123b,verified-with-error,"Murray, C. J. L., & López, A. D. (1996). *The global burden of disease: a comprehensive assessment of mortality and disability from diseases injuries and risk factors in 1990 and projected to 2020.* http://bvbr.bib-bvb.de:8991/F?func=service&doc_library=BVB01&local_base=BVB01&doc_number=007515950&sequence=000002&line_number=0001&func_code=DB_RECORDS&service_type=MEDIA",MATCH,CONTAINS,MATCH,CONTRADICTION,ABSENT,The global burden of disease: a comprehensive assessment of mortality and disability from diseases injuries and risk factors in 1990 and projected to 2020.,Christopher J L Murray; Alan D López,1996,,,http://bvbr.bib-bvb.de:8991/F?func=service&doc_library=BVB01&local_base=BVB01&doc_number=007515950&sequence=000002&line_number=0001&func_code=DB_RECORDS&service_type=MEDIA,GOOGLE,2,1,1,1,0,"The global burden of disease: A comprehensive assessment of mortality and disability from diseases, injuries, and risk factors in 1990 and projected to 2020",The global burden of disease: a comprehensive assessment of mortality and disability from diseases injuries and risk factors in 1990 and projected to 2020.,C. J. Murray; A. D. Lopez,Christopher J L Murray; Alan D López,1996,1996,Harvard University Press,,,http://bvbr.bib-bvb.de:8991/F?func=service&doc_library=BVB01&local_base=BVB01&doc_number=007515950&sequence=000002&line_number=0001&func_code=DB_RECORDS&service_type=MEDIA,0,0,1,GOOGLE,0,"✓ Title | ◐ Authors | ✓ Year | ✗ Venue | ○ ID

### Summary
This book was confirmed with the exact title and matching authors Christopher J. L. Murray and Alan D. López from 1996. However, there is a minor discrepancy regarding the publisher: the original reference lists Harvard University Press, while the evidence indicates involvement of the World Health Organization.

### Details
A matching record was found with the exact title ""The global burden of disease: a comprehensive assessment of mortality and disability from diseases injuries and risk factors in 1990 and projected to 2020."" The authors Christopher J. L. Murray and Alan D. López were confirmed, matching the citation. The publication year 1996 also matched exactly. The main difference lies in the publisher: the citation states Harvard University Press, but the evidence shows the World Health Organization as the publisher or associated organization. No digital object identifier (DOI) was found for this work.

- [OpenAlex record](http://bvbr.bib-bvb.de:8991/F?func=service&doc_library=BVB01&local_base=BVB01&doc_number=007515950&sequence=000002&line_number=0001&func_code=DB_RECORDS&service_type=MEDIA)
- [WHO PDF](https://iris.who.int/bitstream/handle/10665/41864/0965546608_eng.pdf)
- [Google Scholar search results](https://scholar.google.com/scholar?q=The+global+burden+of+disease+Murray+Lopez+1996+Harvard+University+Press)",0.467,0.533
"Phelan, J. C., Link, B. G., & Tehranifar, P. (2010). Social conditions as fundamental causes of health inequalities: Theory, evidence, and policy implications. Journal of Health and Social Behavior, 51(S1), S28-S40.",Health,mistral_large_2_123b,verified,"Phelan, J. C., Link, B. G., & Tehranifar, P. (2010). Social conditions as fundamental causes of health inequalities: Theory, evidence, and policy implications. *Journal of Health and Social Behavior*, 51(S1), S28–S40. https://doi.org/10.1177/0022146510383498",MATCH,MATCH,MATCH,MATCH,ABSENT,"Social Conditions as Fundamental Causes of Health Inequalities: Theory, Evidence, and Policy Implications",Jo C. Phelan; Bruce G. Link; Parisa Tehranifar,2010,Journal of Health and Social Behavior,10.1177/0022146510383498,https://doi.org/10.1177/0022146510383498,GOOGLE,4,0,0,1,0,"Social conditions as fundamental causes of health inequalities: Theory, evidence, and policy implications","Social Conditions as Fundamental Causes of Health Inequalities: Theory, Evidence, and Policy Implications","Phelan, J. C.; Link, B. G.; Tehranifar, P.",Jo C. Phelan; Bruce G. Link; Parisa Tehranifar,2010,2010,Journal of Health and Social Behavior,Journal of Health and Social Behavior,,10.1177/0022146510383498,1,1,1,GOOGLE,0,"✓ Title | ✓ Authors | ✓ Year | ✓ Venue | ○ ID

### Summary
This article was confirmed in the Journal of Health and Social Behavior with matching authors Jo C. Phelan, Bruce G. Link, and Parisa Tehranifar, and the publication year 2010. The title ""Social Conditions as Fundamental Causes of Health Inequalities: Theory, Evidence, and Policy Implications"" was verified exactly as cited.

### Details
A matching record was found with the exact title and the same three authors in the correct order. The year 2010 matched exactly, and the journal name was confirmed as the Journal of Health and Social Behavior. Although no identifier was provided in the citation, the article's DOI is 10.1177/0022146510383498, linking to the official publication page.

- [DOI link](https://doi.org/10.1177/0022146510383498)",1.0,0.0
"Wennberg, J. E., Fisher, E. S., & Skinner, J. S. (2002). Geography and the debate over Medicare reform. Health Affairs, 21(3), 141-153.",Health,mistral_large_2_123b,verified,"Wennberg, J. E., Fisher, E. S., & Skinner, J. S. (2002). *Geography and the debate over Medicare reform*. *Health Affairs*, 21(Suppl1), W96–W112. https://doi.org/10.1377/hlthaff.w2.96",MATCH,MATCH,MATCH,MATCH,ABSENT,Geography And The Debate Over Medicare Reform,John E. Wennberg; Elliott S. Fisher; Jonathan Skinner,2002,Health Affairs,10.1377/hlthaff.w2.96,https://doi.org/10.1377/hlthaff.w2.96,GOOGLE,4,0,0,1,0,Geography and the debate over Medicare reform.,Geography And The Debate Over Medicare Reform,"Wennberg, J. E.; Fisher, E. S.; Skinner, J. S.",John E. Wennberg; Elliott S. Fisher; Jonathan Skinner,2002,2002,Health Affairs,Health Affairs,,10.1377/hlthaff.w2.96,1,1,1,GOOGLE,0,"✓ Title | ✓ Authors | ✓ Year | ✓ Venue | ○ ID

### Summary
This article was confirmed in Health Affairs with matching authors John E. Wennberg, Elliott S. Fisher, and Jonathan Skinner, and the year 2002. The title ""Geography and the debate over Medicare reform"" was verified exactly as cited.

### Details
A matching record was found with the exact title ""Geography And The Debate Over Medicare Reform"" published in Health Affairs in 2002. The three authors matched fully, with the citation listing initials and the evidence listing full names. The journal name and year matched exactly. Although no identifier was provided in the citation, the article has a DOI: 10.1377/hlthaff.w2.96, confirming the source. The article appears in volume 21, supplement 1, pages W96–W112.

- https://doi.org/10.1377/hlthaff.w2.96",1.0,0.0
"Yach, D., Stuckler, D., & Brownell, K. D. (2006). Epidemiologic and economic consequences of the global epidemics of obesity and diabetes. Nature Medicine, 12(1), 62-66.",Health,mistral_large_2_123b,verified,"Yach, D., Stückler, D., & Brownell, K. D. (2006). *Epidemiologic and economic consequences of the global epidemics of obesity and diabetes*. *Nature Medicine*, 12(1), 62-66. https://doi.org/10.1038/nm0106-62",MATCH,MATCH,MATCH,MATCH,ABSENT,Epidemiologic and economic consequences of the global epidemics of obesity and diabetes,Derek Yach; David Stückler; Kelly D. Brownell,2006,Nature Medicine,10.1038/nm0106-62,https://doi.org/10.1038/nm0106-62,GOOGLE,4,0,0,1,0,Epidemiologic and economic consequences of the global epidemics of obesity and diabetes.,Epidemiologic and economic consequences of the global epidemics of obesity and diabetes,"Yach, D.; Stuckler, D.; Brownell, K. D.",Derek Yach; David Stückler; Kelly D. Brownell,2006,2006,Nature Medicine,Nature Medicine,,10.1038/nm0106-62,1,1,1,GOOGLE,0,"✓ Title | ✓ Authors | ✓ Year | ✓ Venue | ○ ID

### Summary
This article was confirmed in Nature Medicine with matching authors and year. The title ""Epidemiologic and economic consequences of the global epidemics of obesity and diabetes"" was exactly matched, and the three authors Derek Yach, David Stückler, and Kelly D. Brownell were identified with minor variations in name spelling and initials.

### Details
A matching record was found in Nature Medicine from 2006 with the exact title and the same three authors, despite minor differences in name formatting. The year 2006 matched exactly, and the journal name was confirmed as Nature Medicine. No identifier was present in the original citation, but the DOI 10.1038/nm0106-62 was found for the article. The article details can be accessed at the DOI link below.

- [https://doi.org/10.1038/nm0106-62](https://doi.org/10.1038/nm0106-62)",1.0,0.0
"Anderson, R. M., & May, R. M. (1991). Infectious diseases of humans: Dynamics and control. Oxford University Press.",Infectious disease,mistral_large_2_123b,verified,"Anderson, R. M., & May, R. M. (1991). *Infectious diseases of humans: Dynamics and control*. Oxford University Press.",MATCH,CONTAINS,MATCH,MATCH,ABSENT,Infectious Diseases of Humans: Dynamics and Control,Roy M. Anderson; Robert M. May,1991,Oxford University Press,,https://global.oup.com/academic/product/infectious-diseases-of-humans-9780198540403,GOOGLE,3,0,1,1,0,Infectious diseases of humans: Dynamics and control,Infectious Diseases of Humans: Dynamics and Control,"Anderson, R. M.; May, R. M.",Roy M. Anderson; Robert M. May,1991,1991,Oxford University Press,Oxford University Press,,https://global.oup.com/academic/product/infectious-diseases-of-humans-9780198540403,1,1,1,GOOGLE,0,"✓ Title | ◐ Authors | ✓ Year | ✓ Venue | ○ ID

### Summary
This book titled ""Infectious Diseases of Humans: Dynamics and Control"" by Roy M. Anderson and Robert M. May was confirmed as published by Oxford University Press in 1991. The title, year, and publisher match exactly, and the authors correspond to the cited individuals.

### Details
A matching record was found with the exact title ""Infectious Diseases of Humans: Dynamics and Control"" and the year 1991. The authors Roy M. Anderson and Robert M. May were identified, matching the citation, though the presence of the publisher name in the author field caused a ""contains"" status for authors. The venue, Oxford University Press, matched exactly. No DOI was available in the citation. Multiple sources including Oxford University Press's official site and Google Books confirm these details.

- https://global.oup.com/academic/product/infectious-diseases-of-humans-9780198540403
- https://books.google.com/books/about/Infectious_Diseases_of_Humans.html?id=HT0--xXBguQC
- https://www.acpjournals.org/doi/10.7326/0003-4819-117-2-174_4",0.867,0.133
"Ferguson, N. M., Donnelly, C. A., & Anderson, R. M. (2001). The foot-and-mouth epidemic in Britain: Pattern of spread and impact of interventions. Science, 292(5519), 1155-1160.",Infectious disease,mistral_large_2_123b,verified-with-error,"Ferguson, N. M., Donnelly, C. A., & Anderson, R. M. (2001). *The Foot-and-Mouth Epidemic in Great Britain: Pattern of Spread and Impact of Interventions*. *Science*, 292(5519), 1155-1160. https://doi.org/10.1126/science.1061020",CONTAINS,MATCH,MATCH,MATCH,ABSENT,The Foot-and-Mouth Epidemic in Great Britain: Pattern of Spread and Impact of Interventions,Neil M. Ferguson; Christl A. Donnelly; Roy M. Anderson,2001,Science,10.1126/science.1061020,https://doi.org/10.1126/science.1061020,GOOGLE,3,0,1,1,0,The foot-and-mouth epidemic in Britain: Pattern of spread and impact of interventions,The Foot-and-Mouth Epidemic in Great Britain: Pattern of Spread and Impact of Interventions,"Ferguson, N. M.; Donnelly, C. A.; Anderson, R. M.",Neil M. Ferguson; Christl A. Donnelly; Roy M. Anderson,2001,2001,Science,Science,,10.1126/science.1061020,1,1,1,GOOGLE,0,"◐ Title | ✓ Authors | ✓ Year | ✓ Venue | ○ ID

### Summary
This article was confirmed in the journal Science with matching authors and year. The title closely matches the original reference, differing only in the geographic term ""Britain"" versus ""Great Britain,"" which is a minor variation.

### Details
A matching record was found with the title ""The Foot-and-Mouth Epidemic in Great Britain: Pattern of Spread and Impact of Interventions"" published in Science in 2001. The authors Neil M. Ferguson, Christl A. Donnelly, and Roy M. Anderson correspond exactly to the cited authors. The year 2001 matched exactly. The only minor discrepancy is the slight difference in the geographic term in the title. No identifier such as a DOI was present in the original citation, but the verified record includes DOI 10.1126/science.1061020.

- https://doi.org/10.1126/science.1061020",0.833,0.167
"Grenfell, B. T., Bjørnstad, O. N., & Kappey, J. (2001). Travelling waves and spatial hierarchies in measles epidemics. Nature, 414(6866), 716-723.",Infectious disease,mistral_large_2_123b,verified,"Grenfell, B. T., Bjørnstad, O. N., & Kappey, J. (2001). Travelling waves and spatial hierarchies in measles epidemics. *Nature*, 414(6865), 716-723. https://doi.org/10.1038/414716a",MATCH,MATCH,MATCH,MATCH,ABSENT,Travelling waves and spatial hierarchies in measles epidemics,Bryan T. Grenfell; Ottar N. Bjørnstad; Jens Kappey,2001,Nature,10.1038/414716a,https://doi.org/10.1038/414716a,GOOGLE,4,0,0,1,0,Travelling waves and spatial hierarchies in measles epidemics,Travelling waves and spatial hierarchies in measles epidemics,"Grenfell, B. T.; Bjørnstad, O. N.; Kappey, J.",Bryan T. Grenfell; Ottar N. Bjørnstad; Jens Kappey,2001,2001,Nature,Nature,,10.1038/414716a,1,1,1,GOOGLE,1,"✓ Title | ✓ Authors | ✓ Year | ✓ Venue | ○ ID

### Summary
This article was confirmed in the journal Nature with matching authors Bryan T. Grenfell, Ottar N. Bjørnstad, and Jens Kappey, and the year 2001. The title ""Travelling waves and spatial hierarchies in measles epidemics"" was verified exactly as cited.

### Details
A matching record was found with the exact title and author list, confirming the citation's accuracy. The year 2001 and the journal Nature also matched perfectly. Although no identifier was provided in the citation, the article's DOI is 10.1038/414716a, accessible at https://doi.org/10.1038/414716a.

- https://doi.org/10.1038/414716a",1.0,0.0
"Heesterbeek, J. A. P., & Dietz, K. (1996). The concept of R0 in epidemic theory. Statistica Neerlandica, 50(3), 279-296.",Infectious disease,mistral_large_2_123b,verified,"Dietz, K., & Heesterbeek, J. A. P. (1996). The concept of R0 in epidemic theory. *Statistica neerlandica*.",MATCH,MATCH,MATCH,MATCH,ABSENT,The concept of R0 in epidemic theory,K Dietz; JAP Heesterbeek,1996,Statistica neerlandica,,,GOOGLE,4,0,0,1,0,The concept of R0 in epidemic theory.,The concept of R0 in epidemic theory,"Heesterbeek, J. A. P.; Dietz, K.",K Dietz; JAP Heesterbeek,1996,1996,Statistica Neerlandica,Statistica neerlandica,,,1,1,1,GOOGLE,0,"✓ Title | ✓ Authors | ✓ Year | ✓ Venue | ○ ID

### Summary
This article was confirmed in Statistica Neerlandica with matching authors Heesterbeek and Dietz, the exact title ""The concept of R0 in epidemic theory,"" and the year 1996.

### Details
A matching record was found through a scholar search showing the article titled ""The concept of R0 in epidemic theory"" authored by K Dietz and JAP Heesterbeek, published in Statistica Neerlandica in 1996. The title, authors, year, and journal all matched exactly. No DOI or URL identifier was available for this reference.

- [Scholar Search Result]",1.0,0.0
"Keeling, M. J., & Rohani, P. (2008). Modeling infectious diseases in humans and animals. Princeton University Press.",Infectious disease,mistral_large_2_123b,verified-with-error,"Keeling, M. J., & Rohani, P. (2011). *Modeling Infectious Diseases in Humans and Animals*. Princeton University Press. https://doi.org/10.2307/j.ctvcm4gk0",MATCH,MATCH,CONTRADICTION,CONTAINS,ABSENT,Modeling Infectious Diseases in Humans and Animals,Matt J. Keeling; Pejman Rohani,2011,Princeton University Press eBooks,10.2307/j.ctvcm4gk0,https://doi.org/10.2307/j.ctvcm4gk0,GOOGLE,2,1,1,1,0,Modeling infectious diseases in humans and animals.,Modeling Infectious Diseases in Humans and Animals,"Keeling, M. J.; Rohani, P.",Matt J. Keeling; Pejman Rohani,2008,2011,Princeton University Press,Princeton University Press eBooks,,10.2307/j.ctvcm4gk0,0,0,1,GOOGLE,1,"✓ Title | ✓ Authors | ✗ Year | ◐ Venue | ○ ID

### Summary
This book was confirmed with the title ""Modeling Infectious Diseases in Humans and Animals"" and matching authors Matt J. Keeling and Pejman Rohani. However, there is a minor discrepancy in the publication year, which was found as 2011 instead of 2008, and the publisher is listed as Princeton University Press eBooks.

### Details
A matching record was found with the exact title and the same authors, though the authors' names appeared in full rather than initials. The year of publication differs by three years (2008 vs 2011), which is a minor inconsistency. The publisher is essentially the same, with the evidence listing ""Princeton University Press eBooks,"" indicating an electronic version under the same publisher. No identifier was provided in the original citation.

- https://doi.org/10.2307/j.ctvcm4gk0",0.5,0.5
"Kermack, W. O., & McKendrick, A. G. (1927). A contribution to the mathematical theory of epidemics. Proceedings of the Royal Society of London. Series A, 115(772), 700-721.",Infectious disease,mistral_large_2_123b,verified,"Kermack, W. O., & McKendrick, A. G. (1927). A contribution to the mathematical theory of epidemics. *Proceedings of the Royal Society of London Series A Containing Papers of a Mathematical and Physical Character*, 115(772), 700-721. https://doi.org/10.1098/rspa.1927.0118",MATCH,MATCH,MATCH,MATCH,ABSENT,A contribution to the mathematical theory of epidemics,W. O. Kermack; A. G. McKendrick,1927,Proceedings of the Royal Society of London Series A Containing Papers of a Mathematical and Physical Character,10.1098/rspa.1927.0118,https://doi.org/10.1098/rspa.1927.0118,GOOGLE,4,0,0,1,0,A contribution to the mathematical theory of epidemics.,A contribution to the mathematical theory of epidemics,"Kermack, W. O.; McKendrick, A. G.",W. O. Kermack; A. G. McKendrick,1927,1927,Proceedings of the Royal Society of London. Series A,Proceedings of the Royal Society of London Series A Containing Papers of a Mathematical and Physical Character,,10.1098/rspa.1927.0118,1,1,1,GOOGLE,0,"✓ Title | ✓ Authors | ✓ Year | ✓ Venue | ○ ID

### Summary
This article was confirmed in the Proceedings of the Royal Society of London Series A with matching authors W. O. Kermack and A. G. McKendrick, the exact title, and the year 1927.

### Details
A matching record was found with the exact title ""A contribution to the mathematical theory of epidemics"". Both authors were confirmed with consistent names despite minor formatting differences. The publication year 1927 matched exactly. The journal name matched the core venue, including the extended subtitle. No identifier was present in the original citation, but the verified record includes a DOI: 10.1098/rspa.1927.0118.

- https://doi.org/10.1098/rspa.1927.0118",1.0,0.0
"Lloyd-Smith, J. O., Schreiber, S. J., Kopp, P. E., & Getz, W. M. (2005). Superspreading and the effect of individual variation on disease emergence. Nature, 438(7066), 355-359.",Infectious disease,mistral_large_2_123b,verified,"Lloyd-Smith, J. O., Schreiber, S. J., Kopp, P. E., & Getz, W. M. (2005). Superspreading and the effect of individual variation on disease emergence. *Nature*, 438(7066), 355-359. https://doi.org/10.1038/nature04153",MATCH,MATCH,MATCH,MATCH,ABSENT,Superspreading and the effect of individual variation on disease emergence,James O. Lloyd‐Smith; Sebastian J. Schreiber; Peter Ekkehard Kopp; Wayne M. Getz,2005,Nature,10.1038/nature04153,https://doi.org/10.1038/nature04153,GOOGLE,4,0,0,1,0,Superspreading and the effect of individual variation on disease emergence,Superspreading and the effect of individual variation on disease emergence,"Lloyd-Smith, J. O.; Schreiber, S. J.; Kopp, P. E.; Getz, W. M.",James O. Lloyd‐Smith; Sebastian J. Schreiber; Peter Ekkehard Kopp; Wayne M. Getz,2005,2005,Nature,Nature,,10.1038/nature04153,1,1,1,GOOGLE,0,"✓ Title | ✓ Authors | ✓ Year | ✓ Venue | ○ ID

### Summary
This article was confirmed in Nature with matching authors and year. The title ""Superspreading and the effect of individual variation on disease emergence"" was verified exactly as cited.

### Details
A matching record was found with the DOI 10.1038/nature04153. All four authors—James O. Lloyd‐Smith, Sebastian J. Schreiber, Peter Ekkehard Kopp, and Wayne M. Getz—matched the citation, including name variants with initials. The publication year 2005 and the journal Nature also matched exactly. The article details, including volume 438 and issue 7066, correspond perfectly to the citation.

- https://doi.org/10.1038/nature04153",1.0,0.0
"May, R. M., & Anderson, R. M. (1987). Transmission dynamics of human immunodeficiency virus (HIV). Nature, 326(6110), 137-143.",Infectious disease,mistral_large_2_123b,verified-with-error,"May, R. M., & Anderson, R. M. (1987). Transmission dynamics of HIV infection. *Nature*, 326(6109), 137-142. https://doi.org/10.1038/326137a0",CONTAINS,CONTAINS,MATCH,MATCH,ABSENT,Transmission dynamics of HIV infection,R. M. May; R. M. Anderson,1987,Nature,10.1038/326137a0,https://pubmed.ncbi.nlm.nih.gov/3821890/,GOOGLE,2,0,2,1,0,Transmission dynamics of human immunodeficiency virus (HIV),Transmission dynamics of HIV infection,"May, R. M.; Anderson, R. M.",R. M. May; R. M. Anderson,1987,1987,Nature,Nature,,10.1038/326137a0,1,1,3,GOOGLE,1,"◐ Title | ◐ Authors | ✓ Year | ✓ Venue | ○ ID

### Summary
This article was confirmed in Nature with matching authors R. M. May and R. M. Anderson and the year 1987. The title closely matches, with a slight wording difference referring to ""HIV infection"" instead of ""human immunodeficiency virus (HIV)"", which is essentially the same topic.

### Details
A matching record was found with the title ""Transmission dynamics of HIV infection"" published in Nature in 1987. The authors R. M. May and R. M. Anderson were confirmed exactly. The year and journal name matched perfectly. The minor discrepancy in the title wording does not affect the identification, as both refer to the same subject. No identifier such as DOI was present in the original citation, but the verified article has DOI 10.1038/326137a0. Relevant sources include PubMed and Nature's official site.

- https://pubmed.ncbi.nlm.nih.gov/3821890/
- https://www.nature.com/articles/326137a0.pdf",0.7,0.3
"Mollison, D. (1995). Spatial contact models for ecological and epidemic spread. Journal of the Royal Statistical Society: Series B (Methodological), 57(2), 379-394.",Infectious disease,mistral_large_2_123b,verified-with-error,"Mollison, D. (1977). Spatial contact models for ecological and epidemic spread. *Journal of the Royal Statistical Society Series B (Statistical Methodology)*, 39(3), 283-313. https://doi.org/10.1111/j.2517-6161.1977.tb01627.x",MATCH,MATCH,CONTRADICTION,MATCH,ABSENT,Spatial Contact Models for Ecological and Epidemic Spread,Denis Mollison,1977,Journal of the Royal Statistical Society Series B (Statistical Methodology),10.1111/j.2517-6161.1977.tb01627.x,https://doi.org/10.1111/j.2517-6161.1977.tb01627.x,GOOGLE,3,1,0,1,0,Spatial contact models for ecological and epidemic spread.,Spatial Contact Models for Ecological and Epidemic Spread,"Mollison, D.",Denis Mollison,1995,1977,Journal of the Royal Statistical Society: Series B (Methodological),Journal of the Royal Statistical Society Series B (Statistical Methodology),,10.1111/j.2517-6161.1977.tb01627.x,0,0,1,GOOGLE,0,"✓ Title | ✓ Authors | ✗ Year | ✓ Venue | ○ ID

### Summary
This article was found with the correct title ""Spatial Contact Models for Ecological and Epidemic Spread"" and author Denis Mollison, confirming the main details. However, the publication year differs from the citation: the verified article was published in 1977, not 1995 as cited.

### Details
A matching record was found with the exact title and author Denis Mollison, confirming the article's identity. The journal matches the Journal of the Royal Statistical Society Series B, though the subtitle varies slightly due to historical changes. The year in the verified record is 1977, which contradicts the cited year 1995 by a significant margin. No DOI was provided in the original citation, but the verified article has DOI 10.1111/j.2517-6161.1977.tb01627.x.

- https://doi.org/10.1111/j.2517-6161.1977.tb01627.x
- https://www.jstor.org/stable/2985089
- https://academic.oup.com/jrsssb/article/39/3/283/7027472",0.6,0.4
"Woolhouse, M. E. J., Haydon, D. T., & Antia, R. (2001). Emerging pathogens: The epidemiology and evolution of species jumps. Trends in Ecology & Evolution, 16(12), 696-701.",Infectious disease,mistral_large_2_123b,verified-with-error,"Woolhouse, M. E. J., Haydon, D. T., & Antia, R. (2005). Emerging pathogens: the epidemiology and evolution of species jumps. *Trends in ecology & evolution*. https://www.cell.com/trends/ecology-evolution/abstract/S0169-5347(05)00038-8",MATCH,MATCH,CONTRADICTION,MATCH,ABSENT,Emerging pathogens: the epidemiology and evolution of species jumps,M. E. J. Woolhouse; D. T. Haydon; R. Antia,2005,Trends in ecology & evolution,,https://www.cell.com/trends/ecology-evolution/abstract/S0169-5347(05)00038-8,GOOGLE,3,1,0,1,0,Emerging pathogens: The epidemiology and evolution of species jumps.,Emerging pathogens: the epidemiology and evolution of species jumps,"Woolhouse, M. E. J.; Haydon, D. T.; Antia, R.",M. E. J. Woolhouse; D. T. Haydon; R. Antia,2001,2005,Trends in Ecology & Evolution,Trends in ecology & evolution,,https://www.cell.com/trends/ecology-evolution/abstract/S0169-5347(05)00038-8,0,0,1,GOOGLE,1,"✓ Title | ✓ Authors | ✗ Year | ✓ Venue | ○ ID

### Summary
This article was found in the journal Trends in Ecology & Evolution with matching title and authors. However, the publication year differs from the cited year; the verified article was published in 2005, not 2001 as cited.

### Details
A matching record was found with the exact title ""Emerging pathogens: the epidemiology and evolution of species jumps"" and the same authors Woolhouse, Haydon, and Antia in the same order. The journal name also matched exactly. The main discrepancy is the publication year: the citation states 2001, but the verified article was published in 2005. No DOI was available in the citation, and the best match was found through a scholar search with a link to the article on the publisher's website.

- https://www.cell.com/trends/ecology-evolution/abstract/S0169-5347(05)00038-8",0.6,0.4
"Bhatt, S., Weiss, D. J., Cameron, E., Bisanzio, D., Mappin, B., Dalrymple, U., ... & Gething, P. W. (2015). The effect of malaria control on Plasmodium falciparum in Africa between 2000 and 2015. *Nature*, 526(7572), 207-211.",Insecticide-treated bed nets for malaria,mistral_large_2_123b,verified,"Bhatt, S., Weiss, D. J., Cameron, E., Bisanzio, D., Mappin, B., Dalrymple, U., Battle, K. E., Moyes, C. L., Henry, A. L., Eckhoff, P. A., Wenger, E. A., Briët, O., Penny, M. A., Smith, T. A., Bennett, A., Yukich, J., Eisele, T. P., Griffin, J. T., Fergus, C., Lynch, M., Lindgren, F., Cohen, J. M., Murray, C., Smith, D. L., Hay, S. I., Cibulskis, R., & Gething, P. W. (2015). *The effect of malaria control on Plasmodium falciparum in Africa between 2000 and 2015*. *Nature, 526*(7572), 207-211. https://doi.org/10.1038/nature15535",MATCH,CONTAINS,MATCH,MATCH,ABSENT,The effect of malaria control on Plasmodium falciparum in Africa between 2000 and 2015,Samir Bhatt; D. J. Weiss; Ewan Cameron; Donal Bisanzio; Bonnie Mappin; Ursula Dalrymple; Katherine E. Battle; Catherine L. Moyes; Alasdair L. Henry; Philip A. Eckhoff; Edward A. Wenger; Olivier Briët; Melissa A. Penny; Thomas A. Smith; Adam Bennett; Joshua Yukich; Thomas P. Eisele; Jamie T. Griffin; Cristin Fergus; Michael Lynch; Finn Lindgren; Justin M. Cohen; Christopher Murray; David L. Smith; Simon I Hay; Richard Cibulskis; Peter W. Gething,2015,Nature,10.1038/nature15535,https://doi.org/10.1038/nature15535,GOOGLE,3,0,1,1,0,The effect of malaria control on Plasmodium falciparum in Africa between 2000 and 2015.,The effect of malaria control on Plasmodium falciparum in Africa between 2000 and 2015,"Bhatt, S.; Weiss, D. J.; Cameron, E.; Bisanzio, D.; Mappin, B.; Dalrymple, U.; Gething, P. W.",Samir Bhatt; D. J. Weiss; Ewan Cameron; Donal Bisanzio; Bonnie Mappin; Ursula Dalrymple; Katherine E. Battle; Catherine L. Moyes; Alasdair L. Henry; Philip A. Eckhoff; Edward A. Wenger; Olivier Briët; Melissa A. Penny; Thomas A. Smith; Adam Bennett; Joshua Yukich; Thomas P. Eisele; Jamie T. Griffin; Cristin Fergus; Michael Lynch; Finn Lindgren; Justin M. Cohen; Christopher Murray; David L. Smith; Simon I Hay; Richard Cibulskis; Peter W. Gething,2015,2015,Nature,Nature,,10.1038/nature15535,1,1,1,GOOGLE,0,"✓ Title | ◐ Authors | ✓ Year | ✓ Venue | ○ ID

### Summary
This article was confirmed in the journal Nature with matching title, authors, and year. The title ""The effect of malaria control on Plasmodium falciparum in Africa between 2000 and 2015"" was exactly matched, and all authors listed in the citation were found within a larger author list. The publication year 2015 and the journal Nature also matched exactly.

### Details
A matching record was found through a DOI search with the DOI 10.1038/nature15535. The title matched exactly, confirming the article's identity. The authors from the citation (Bhatt, Weiss, Cameron, Bisanzio, Mappin, Dalrymple, Gething) were all present in the evidence list, which included additional authors as well. The year 2015 and the journal Nature matched perfectly. No identifier was present in the original citation, but the DOI was found in the evidence. 

- [DOI link](https://doi.org/10.1038/nature15535)
- [Nature article preview](https://doi.org/10.1038/nature15535)",0.867,0.133
"Gimnig, J. E., Vulule, J. M., Kariuki, S. K., Sumba, P. O., Koech, D., & Ter Kuile, F. O. (2003). Insecticide‐treated bed nets for malaria control in Africa: who should pay? *Tropical Medicine & International Health*, 8(1), 47-55.",Insecticide-treated bed nets for malaria,mistral_large_2_123b,unverified,Reference could not be verified.,CONTAINS,CONTRADICTION,CONTRADICTION,CONTRADICTION,ABSENT,Insecticide-treated bed-nets for malaria mosquito control,C F Curtis; C A Maxwell; S M Magesa,2006,Journal of the American Mosquito Control Association,10.2987/8756-971X(2006)22[501:IBFMMC]2.0.CO;2,https://bioone.org/journals/journal-of-the-american-mosquito-control-association/volume-22/issue-3/8756-971X_2006_22_501_IBFMMC_2.0.CO_2/Insecticide-Treated-Bed-Nets-for-Malaria-Mosquito-Control/10.2987/8756-971X(2006)22[501:IBFMMC]2.0.CO;2.short,GOOGLE,0,3,1,1,0,Insecticide‐treated bed nets for malaria control in Africa: who should pay?,Insecticide-treated bed-nets for malaria mosquito control,"Gimnig, J. E.; Vulule, J. M.; Kariuki, S. K.; Sumba, P. O.; Koech, D.; Ter Kuile, F. O.",C F Curtis; C A Maxwell; S M Magesa,2003,2006,Tropical Medicine & International Health,Journal of the American Mosquito Control Association,,10.2987/8756-971X(2006)22[501:IBFMMC]2.0.CO;2,0,0,1,GOOGLE,0,"◐ Title | ✗ Authors | ✗ Year | ✗ Venue | ○ ID

### Summary
No matching article could be found for the original reference by Gimnig et al. (2003) in Tropical Medicine & International Health. The closest found article has a similar title but different authors, year, and journal, indicating it is a distinct publication.

### Details
A matching record was found titled ""Insecticide-treated bed-nets for malaria mosquito control"" published in 2006 in the Journal of the American Mosquito Control Association. However, none of the authors from the original citation (Gimnig, Vulule, Kariuki, Sumba, Koech, Ter Kuile) appear in this record, and the publication year differs by three years. The journals also do not match, confirming these are separate works.

- https://bioone.org/journals/journal-of-the-american-mosquito-control-association/volume-22/issue-3/8756-971X_2006_22_501_IBFMMC_2.0.CO_2/Insecticide-Treated-Bed-Nets-for-Malaria-Mosquito-Control/10.2987/8756-971X(2006)22[501:IBFMMC]2.0.CO;2.short",0.0,1.0
"Hill, J., Lengeler, C., & Lines, J. (2006). Insecticide-treated bed nets for the prevention of malaria in pregnancy. *Cochrane Database of Systematic Reviews*, (2).",Insecticide-treated bed nets for malaria,mistral_large_2_123b,unverified,Reference could not be verified.,CONTAINS,CONTRADICTION,CONTRADICTION,MATCH,ABSENT,Insecticide-treated nets for preventing malaria in pregnancy,Ekwaru JP; Gamble C,2002,Cochrane Database Syst Rev,10.1002/14651858.CD003755,,GOOGLE,1,2,1,1,0,Insecticide-treated bed nets for the prevention of malaria in pregnancy.,Insecticide-treated nets for preventing malaria in pregnancy,"Hill, J.; Lengeler, C.; Lines, J.",Ekwaru JP; Gamble C,2006,2002,Cochrane Database of Systematic Reviews,Cochrane Database Syst Rev,,10.1002/14651858.CD003755,0,0,3,GOOGLE,1,"◐ Title | ✗ Authors | ✗ Year | ✓ Venue | ○ ID

### Summary
The reference could not be verified because the authors and publication year do not match any known records. Although the journal name and the general topic of insecticide-treated nets for malaria prevention in pregnancy are consistent, the specific details differ significantly.

### Details
A matching record was found in the Cochrane Database of Systematic Reviews with a very similar title, ""Insecticide-treated nets for preventing malaria in pregnancy,"" but the authors listed are Ekwaru JP and Gamble C, not Hill, Lengeler, and Lines. Additionally, the publication year for the verified article is 2002, whereas the citation states 2006. The journal name matches as the Cochrane Database of Systematic Reviews, but no identifier was provided in the original citation to aid verification.

- https://doi.org/10.1002/14651858.CD003755
- https://journals.plos.org/plosmedicine/article/info:doi/10.1371/journal.pmed.0040107",0.0,1.0
"Killeen, G. F., Fillinger, U., Knols, B. G., Beier, J. C., & Okumu, F. O. (2007). A simplified mathematical framework for relating vector biting rates, transmission and population dynamics to availability of preferred hosts. *Malaria Journal*, 6(1), 1-13.",Insecticide-treated bed nets for malaria,mistral_large_2_123b,unverified,Reference could not be verified.,CONTRADICTION,CONTRADICTION,CONTRADICTION,MATCH,ABSENT,Potential causes and consequences of behavioural resilience and resistance in malaria vector populations: a mathematical modelling analysis,GF Killeen; N Chitnis,2014,Malaria Journal,,https://link.springer.com/article/10.1186/1475-2875-13-97,GOOGLE,1,3,0,1,0,"A simplified mathematical framework for relating vector biting rates, transmission and population dynamics to availability of preferred hosts",Potential causes and consequences of behavioural resilience and resistance in malaria vector populations: a mathematical modelling analysis,"Killeen, G. F.; Fillinger, U.; Knols, B. G.; Beier, J. C.; Okumu, F. O.",GF Killeen; N Chitnis,2007,2014,Malaria Journal,Malaria Journal,,https://link.springer.com/article/10.1186/1475-2875-13-97,0,0,3,GOOGLE,0,"✗ Title | ✗ Authors | ✗ Year | ✓ Venue | ○ ID

### Summary
The reference could not be verified because the details provided do not match any found records. The title, authors, and year differ significantly from available sources, although the journal name matches.

### Details
A matching record was not found for the cited article. The title in the citation focuses on a mathematical framework relating vector biting rates and host availability, while the closest found article discusses behavioural resilience and resistance in malaria vectors. Only one author (Killeen) overlaps, and the publication years differ by seven years (2007 vs. 2014). The journal name ""Malaria Journal"" matches exactly, but no DOI or other identifier was found to confirm the citation.

- https://link.springer.com/article/10.1186/1475-2875-13-97",0.0,1.0
"Kleinschmidt, I., Schapira, A., & Steketee, R. W. (2007). Insecticide-treated bed nets for malaria control in Africa. *American Journal of Tropical Medicine and Hygiene*, 77(6_Suppl), 204-211.",Insecticide-treated bed nets for malaria,mistral_large_2_123b,needs-human,Reference requires human review.,CONTAINS,CONTAINS,CONTAINS,CONTRADICTION,ABSENT,Insecticide-treated bed-nets for malaria mosquito control,C F Curtis; C A Maxwell; S M Magesa,2006,Journal of the American Mosquito Control Association,10.2987/8756-971X(2006)22[501:IBFMMC]2.0.CO;2,https://bioone.org/journals/journal-of-the-american-mosquito-control-association/volume-22/issue-3/8756-971X_2006_22_501_IBFMMC_2.0.CO_2/Insecticide-Treated-Bed-Nets-for-Malaria-Mosquito-Control/10.2987/8756-971X(2006)22[501:IBFMMC]2.0.CO;2.short,GOOGLE,0,1,3,1,0,Insecticide-treated bed nets for malaria control in Africa.,Insecticide-treated bed-nets for malaria mosquito control,"Kleinschmidt, I.; Schapira, A.; Steketee, R. W.",C F Curtis; C A Maxwell; S M Magesa,2007,2006,American Journal of Tropical Medicine and Hygiene,Journal of the American Mosquito Control Association,,10.2987/8756-971X(2006)22[501:IBFMMC]2.0.CO;2,0,0,1,GOOGLE,0,"◐ Title | ◐ Authors | ◐ Year | ✗ Venue | ○ ID

### Summary
The reference could not be conclusively verified because the journal name in the citation does not match the journal of the closest found article. While the title and year are similar, the citation lists the American Journal of Tropical Medicine and Hygiene, but the best match is from the Journal of the American Mosquito Control Association.

### Details
A matching article titled ""Insecticide-treated bed-nets for malaria mosquito control"" was found with authors Curtis, Maxwell, and Magesa, published in 2006 in the Journal of the American Mosquito Control Association. The citation's authors and year are close but do not overlap with this match, and the journal names differ significantly. No exact match was found in OpenAlex, and the citation lacks an identifier like a DOI to confirm the source.

- https://bioone.org/journals/journal-of-the-american-mosquito-control-association/volume-22/issue-3/8756-971X_2006_22_501_IBFMMC_2.0.CO_2/Insecticide-Treated-Bed-Nets-for-Malaria-Mosquito-Control/10.2987/8756-971X(2006)22[501:IBFMMC]2.0.CO;2.short",0.2,0.8
"Lindblade, K. A., Wilson, M. L., & Gimnig, J. E. (2006). Insecticide-treated bed nets for the prevention of malaria in pregnancy. *Cochrane Database of Systematic Reviews*, (2).",Insecticide-treated bed nets for malaria,mistral_large_2_123b,unverified,Reference could not be verified.,CONTRADICTION,CONTRADICTION,CONTAINS,CONTRADICTION,ABSENT,"Perceptions of the causes of malaria and of its complications, treatment and prevention among midwives and pregnant women of Eastern Sudan",Ishag Adam; El sir M. Omer; Amel Salih; Ammar H. Khamis; Elfatih M Malik,2007,Journal of Public Health,10.1007/s10389-007-0124-2,https://doi.org/10.1007/s10389-007-0124-2,GOOGLE,0,3,1,1,0,Insecticide-treated bed nets for the prevention of malaria in pregnancy,"Perceptions of the causes of malaria and of its complications, treatment and prevention among midwives and pregnant women of Eastern Sudan","Lindblade, K. A.; Wilson, M. L.; Gimnig, J. E.",Ishag Adam; El sir M. Omer; Amel Salih; Ammar H. Khamis; Elfatih M Malik,2006,2007,Cochrane Database of Systematic Reviews,Journal of Public Health,,10.1007/s10389-007-0124-2,0,0,3,GOOGLE,0,"✗ Title | ✗ Authors | ◐ Year | ✗ Venue | ○ ID

### Summary
No matching article could be found for the reference by Lindblade, Wilson, and Gimnig (2006) about insecticide-treated bed nets for malaria prevention in pregnancy. The closest candidate found was a different article published in 2007 with different authors and a distinct topic.

### Details
A matching record was found for an article titled ""Perceptions of the causes of malaria and of its complications, treatment and prevention among midwives and pregnant women of Eastern Sudan"" published in the Journal of Public Health in 2007. However, this article has no authors in common with the cited reference, and the topic differs significantly from insecticide-treated bed nets. The cited reference's journal, Cochrane Database of Systematic Reviews, also does not match the candidate's journal. No DOI or other identifier was found for the original citation to aid verification.

- https://doi.org/10.1007/s10389-007-0124-2",0.0,1.0
"Okumu, F. O., Killeen, G. F., Govella, N. J., Lynihan, C. F., Moore, S. J., & Chitnis, N. (2010). Developing metrics for malaria control and elimination. *PLoS Medicine*, 7(5), e1000280.",Insecticide-treated bed nets for malaria,mistral_large_2_123b,unverified,Reference could not be verified.,UNCONFIRMED,UNCONFIRMED,UNCONFIRMED,UNCONFIRMED,UNCONFIRMED,,,,,,,,,,,,,,,,,,,,,,,0,0,0,,0,"? Title | ? Authors | ? Year | ? Venue | ? ID

### Summary
No matching article could be found for the reference by Okumu et al. (2010) titled ""Developing metrics for malaria control and elimination"" in PLoS Medicine.

### Details
A search in OpenAlex did not find any matching record for this article. Attempts to search via Google Scholar and Google also did not return any relevant results. The year, authors, title, and journal could not be confirmed due to lack of evidence.

- [OpenAlex](https://openalex.org)
- [Google Scholar](https://scholar.google.com)
- [Google](https://www.google.com)",0.0,1.0
"Protopopoff, N., Chitnis, N., & Koella, J. C. (2007). Insecticide-treated bed nets and the control of malaria. *PLoS Medicine*, 4(6), e193.",Insecticide-treated bed nets for malaria,mistral_large_2_123b,unverified,Reference could not be verified.,UNCONFIRMED,UNCONFIRMED,UNCONFIRMED,UNCONFIRMED,UNCONFIRMED,,,,,,,,,,,,,,,,,,,,,,,0,0,0,,0,"? Title | ? Authors | ? Year | ? Venue | ? ID

### Summary
No matching article could be found for the reference by Protopopoff, Chitnis, and Koella from 2007 in PLoS Medicine titled ""Insecticide-treated bed nets and the control of malaria."" The search did not confirm the title, authors, year, or journal.

### Details
A search through multiple databases and sources found no record matching the exact title, authors, year, or journal of the cited article. Several related articles on insecticide-treated bed nets and malaria control were found, but none matched the given reference details. The year 2007 and the journal PLoS Medicine did not correspond to any found publication by these authors on this topic.

- https://doi.org/10.1371/journal.pone.0142671
- https://journals.plos.org/plosmedicine/article?id=10.1371/journal.pmed.1001630
- https://link.springer.com/article/10.1186/s12936-023-04727-8
- https://doi.org/10.2987/8756-971x(2006)22[501:ibfmmc]2.0.co;2
- https://doi.org/10.1371/journal.pone.0003182
- https://doi.org/10.1136/bmj.39356.574641.55",0.0,1.0
"White, M. T., Conteh, L., Cibulskis, R. E., & Greenwood, B. (2011). Insecticide-treated nets for preventing malaria. *Cochrane Database of Systematic Reviews*, (3).",Insecticide-treated bed nets for malaria,mistral_large_2_123b,needs-human,Reference requires human review.,MATCH,CONTRADICTION,CONTRADICTION,MATCH,ABSENT,Insecticide-treated nets for preventing malaria,Joseph Pryce; Marty Richardson; Christian Lengeler,2018,Cochrane Database of Systematic Reviews,10.1002/14651858.cd000363.pub3,https://doi.org/10.1002/14651858.cd000363.pub3,GOOGLE,2,2,0,1,0,Insecticide-treated nets for preventing malaria.,Insecticide-treated nets for preventing malaria,"White, M. T.; Conteh, L.; Cibulskis, R. E.; Greenwood, B.",Joseph Pryce; Marty Richardson; Christian Lengeler,2011,2018,Cochrane Database of Systematic Reviews,Cochrane Database of Systematic Reviews,,10.1002/14651858.cd000363.pub3,1,1,2,GOOGLE,1,"✓ Title | ✗ Authors | ✗ Year | ✓ Venue | ○ ID

### Summary
The reference could not be conclusively verified because the authors and publication year differ from the best matching record found. While the title ""Insecticide-treated nets for preventing malaria"" and the journal ""Cochrane Database of Systematic Reviews"" match exactly, the citation lists different authors and an earlier year (2011) compared to the found record from 2018.

### Details
A matching record was found with the exact title and journal, but the authors listed are Joseph Pryce, Marty Richardson, and Christian Lengeler, and the publication year is 2018. The citation's authors (White, Conteh, Cibulskis, Greenwood) and year (2011) do not overlap with this record. No identifier was present in the citation to aid verification. Given these contradictions, human review is needed to confirm the correct reference.

- https://doi.org/10.1002/14651858.cd000363.pub3
- https://www.cochranelibrary.com/cdsr/doi/10.1002/14651858.CD000363.pub3/abstract",0.067,0.933
"Aregawi, A., Mengiste, A., Teklehaimanot, A., & Kiszewski, A. E. (2015). Malaria prevention and control in Ethiopia. *Malaria Journal*, *14*(1), 1-11.",Malaria prevention,mistral_large_2_123b,needs-human,Reference requires human review.,CONTAINS,CONTAINS,UNCONFIRMED,CONTRADICTION,ABSENT,Malaria prevention and control in Ethiopia: progress and prospects,D. Jima; A. Medhin,,Federal Democratic Republic of Ethiopia Ministry of Health,,https://escholarship.org/content/qt164720np/qt164720np.pdf,GOOGLE,0,1,2,1,1,Malaria prevention and control in Ethiopia.,Malaria prevention and control in Ethiopia: progress and prospects,"Aregawi, A.; Mengiste, A.; Teklehaimanot, A.; Kiszewski, A. E.",D. Jima; A. Medhin,2015,,Malaria Journal,Federal Democratic Republic of Ethiopia Ministry of Health,,https://escholarship.org/content/qt164720np/qt164720np.pdf,0,0,3,GOOGLE,0,"◐ Title | ◐ Authors | ? Year | ✗ Venue | ○ ID

### Summary
The reference could not be fully confirmed because the publication details differ from the best available match. While the title ""Malaria prevention and control in Ethiopia"" aligns closely, the authors and publication source do not match the citation provided.

### Details
A matching document with a very similar title was found titled ""Malaria prevention and control in Ethiopia: progress and prospects,"" published by the Federal Democratic Republic of Ethiopia Ministry of Health and authored by D. Jima and A. Medhin. This differs from the cited authors (Aregawi, Mengiste, Teklehaimanot, Kiszewski) and the journal ""Malaria Journal"" listed in the citation. The year 2015 could not be confirmed as the candidate record lacks a publication year. No digital object identifier (DOI) was found for either record. These discrepancies suggest the need for human review to clarify the correct source.

- https://escholarship.org/content/qt164720np/qt164720np.pdf
- http://hdl.handle.net/10500/18799",0.1,0.9
"Choi, S. H., Chang, M. W., & Chang, K. (2010). Knowledge, attitude and practice of malaria prevention among forest-goers in South Korea. *Malaria Journal*, *9*(1), 1-8.",Malaria prevention,mistral_large_2_123b,unverified,Reference could not be verified.,UNCONFIRMED,UNCONFIRMED,UNCONFIRMED,UNCONFIRMED,UNCONFIRMED,,,,,,,,,,,,,,,,,,,,,,,0,0,0,,0,"? Title | ? Authors | ? Year | ? Venue | ? ID

### Summary
No matching article could be found for the reference by Choi, S. H., Chang, M. W., & Chang, K. (2010) on malaria prevention among forest-goers in South Korea. The search did not confirm the title, authors, year, or journal details.

### Details
A search in OpenAlex returned no matching records for this work. Additional searches found related articles on malaria prevention among forest-goers, but none matched the exact title, authors, or publication year of 2010. The closest results were from different years and authors, indicating no direct match was found.

- https://www.researchsquare.com/article/rs-516363/latest
- https://link.springer.com/article/10.1186/s12936-022-04070-4
- https://www.researchsquare.com/article/rs-1942640/latest
- https://www.frontiersin.org/journals/cellular-and-infection-microbiology/articles/10.3389/fcimb.2022.953585/full
- https://link.springer.com/article/10.1186/s12936-022-04390-5",0.0,1.0
"D'Alessandro, U., & Trape, J. F. (2004). Strategies for malaria prevention in pregnant women in Africa. *Clinical Microbiology and Infection*, *10*(3), 212-218.",Malaria prevention,mistral_large_2_123b,unverified,Reference could not be verified.,CONTRADICTION,CONTRADICTION,MATCH,CONTRADICTION,ABSENT,Use of intermittent presumptive treatment and insecticide treated bed nets by pregnant women in four Kenyan districts,Helen Guyatt; Abdisalan M. Noor; Sam A. Ochola; Robert W. Snow,2004,Tropical Medicine & International Health,10.1046/j.1365-3156.2003.01193.x,https://doi.org/10.1046/j.1365-3156.2003.01193.x,GOOGLE,1,3,0,1,0,Strategies for malaria prevention in pregnant women in Africa,Use of intermittent presumptive treatment and insecticide treated bed nets by pregnant women in four Kenyan districts,"D'Alessandro, U.; Trape, J. F.",Helen Guyatt; Abdisalan M. Noor; Sam A. Ochola; Robert W. Snow,2004,2004,Clinical Microbiology and Infection,Tropical Medicine & International Health,,10.1046/j.1365-3156.2003.01193.x,0,0,2,GOOGLE,0,"✗ Title | ✗ Authors | ✓ Year | ✗ Venue | ○ ID

### Summary
No matching article could be found for the reference by D'Alessandro and Trape (2004) titled ""Strategies for malaria prevention in pregnant women in Africa"". The available records show a different article from 2004 with distinct authors, title, and journal.

### Details
A matching record was not found for the given title and authors. The year 2004 matches exactly, but the title and authors differ significantly. The cited article is a broad overview on malaria prevention strategies in Africa by D'Alessandro and Trape, while the closest found article is a Kenya-specific study by Guyatt, Noor, Ochola, and Snow published in ""Tropical Medicine & International Health."" The journals also differ, with no overlap between ""Clinical Microbiology and Infection"" and ""Tropical Medicine & International Health."" No DOI or other identifier was available to confirm the citation.

- https://doi.org/10.1046/j.1365-3156.2003.01193.x
- https://www.thelancet.com/journals/laninf/article/PIIS1473309907700245/abstract",0.0,1.0
"Hill, J., Kasim, N. A., & Choi, A. (2007). The impact of long-lasting insecticidal nets (LLINs) on malaria infection and anaemia among children in Malawi. *Malaria Journal*, *6*(1), 1-10.",Malaria prevention,mistral_large_2_123b,unverified,Reference could not be verified.,CONTRADICTION,CONTRADICTION,CONTRADICTION,MATCH,ABSENT,The effect of holes in long-lasting insecticidal nets on malaria in Malawi: results from a case–control study,AA Minta; KZ Landman; DA Mwandama; MP Shah,2017,Malaria Journal,,https://link.springer.com/article/10.1186/s12936-017-2033-3,GOOGLE,1,3,0,1,0,The impact of long-lasting insecticidal nets (LLINs) on malaria infection and anaemia among children in Malawi.,The effect of holes in long-lasting insecticidal nets on malaria in Malawi: results from a case–control study,"Hill, J.; Kasim, N. A.; Choi, A.",AA Minta; KZ Landman; DA Mwandama; MP Shah,2007,2017,Malaria Journal,Malaria Journal,,https://link.springer.com/article/10.1186/s12936-017-2033-3,0,0,3,GOOGLE,0,"✗ Title | ✗ Authors | ✗ Year | ✓ Venue | ○ ID

### Summary
The original reference could not be verified because no matching article with the same authors, title, and year was found. Although the journal name ""Malaria Journal"" matches, the other key details differ significantly.

### Details
A matching record was found for a 2017 article titled ""The effect of holes in long-lasting insecticidal nets on malaria in Malawi: results from a case–control study"" by authors Minta, Landman, Mwandama, and Shah. This differs from the original citation's 2007 article by Hill, Kasim, and Choi titled ""The impact of long-lasting insecticidal nets (LLINs) on malaria infection and anaemia among children in Malawi."" The titles describe different study focuses, the author lists have no overlap, and the publication years differ by 10 years. The journal name ""Malaria Journal"" matches exactly, but no DOI or other identifier was found for the original citation.

- https://link.springer.com/article/10.1186/s12936-017-2033-3",0.0,1.0
"Killeen, G. F., Fillinger, U., Kiche, I., Gouagna, L. C., & Knols, B. G. (2006). Eaves as routes for host-seeking mosquitoes to enter houses: an exploration of the evidence. *Malaria Journal*, *5*(1), 1-13.",Malaria prevention,mistral_large_2_123b,unverified,Reference could not be verified.,CONTRADICTION,UNCONFIRMED,UNCONFIRMED,UNCONFIRMED,ABSENT,Visualization of house-entry behaviour of malaria mosquitoes,,,,,https://pmc.ncbi.nlm.nih.gov/articles/PMC4843208/,GOOGLE,0,1,0,1,3,Eaves as routes for host-seeking mosquitoes to enter houses: an exploration of the evidence.,Visualization of house-entry behaviour of malaria mosquitoes,"Killeen, G. F.; Fillinger, U.; Kiche, I.; Gouagna, L. C.; Knols, B. G.",,2006,,Malaria Journal,,,https://pmc.ncbi.nlm.nih.gov/articles/PMC4843208/,0,0,3,GOOGLE,0,"✗ Title | ? Authors | ? Year | ? Venue | ○ ID

### Summary
No matching article could be found for the reference by Killeen et al. (2006) in Malaria Journal. The title provided does not match any found documents, and the authors, year, and journal could not be confirmed.

### Details
A search did not find any record matching the title ""Eaves as routes for host-seeking mosquitoes to enter houses: an exploration of the evidence."" Instead, a different article titled ""Visualization of house-entry behaviour of malaria mosquitoes"" was found, which focuses on a related but distinct topic. The authors and year from the original reference could not be confirmed in available databases, and no DOI or other identifier was found to support verification.

- https://pmc.ncbi.nlm.nih.gov/articles/PMC4843208/",0.0,1.0
"Lindsay, S. W., & Gibson, G. (1997). The effect of permethrin-impregnated bednets on house-entry by mosquitoes in The Gambia. *Medical and Veterinary Entomology*, *11*(4), 369-374.",Malaria prevention,mistral_large_2_123b,unverified,Reference could not be verified.,CONTAINS,CONTRADICTION,CONTRADICTION,CONTAINS,ABSENT,The effect of permethrin-impregnated bednets on house entry by mosquitoes (Diptera: Culicidae) in The Gambia,S W Lindsay; J H Adiamah; ...,1992,Bulletin of Entomological Research,,https://www.cambridge.org/core/journals/bulletin-of-entomological-research/article/effect-of-permethrinimpregnated-bednets-on-house-entry-by-mosquitoes-diptera-culicidae-in-the-gambia/5640426BC11B5F2310668234FEF73975,GOOGLE,0,2,2,1,0,The effect of permethrin-impregnated bednets on house-entry by mosquitoes in The Gambia.,The effect of permethrin-impregnated bednets on house entry by mosquitoes (Diptera: Culicidae) in The Gambia,"Lindsay, S. W.; Gibson, G.",S W Lindsay; J H Adiamah; ...,1997,1992,Medical and Veterinary Entomology,Bulletin of Entomological Research,,https://www.cambridge.org/core/journals/bulletin-of-entomological-research/article/effect-of-permethrinimpregnated-bednets-on-house-entry-by-mosquitoes-diptera-culicidae-in-the-gambia/5640426BC11B5F2310668234FEF73975,0,0,1,GOOGLE,0,"◐ Title | ✗ Authors | ✗ Year | ◐ Venue | ○ ID

### Summary
No matching article could be found for the original reference by Lindsay and Gibson from 1997 in *Medical and Veterinary Entomology*. The closest found article has a similar title but different authors, an earlier year (1992), and was published in a different journal.

### Details
A matching record was found with a very similar title including the phrase ""The effect of permethrin-impregnated bednets on house entry by mosquitoes (Diptera: Culicidae) in The Gambia."" However, the authors differ: the found article lists Lindsay and Adiamah, not Gibson. The publication year is 1992, which is five years earlier than the cited 1997. The journal is *Bulletin of Entomological Research*, not *Medical and Veterinary Entomology*. No DOI or other identifier was available to confirm the original citation. These discrepancies indicate that the original reference could not be verified.

- https://www.cambridge.org/core/journals/bulletin-of-entomological-research/article/effect-of-permethrinimpregnated-bednets-on-house-entry-by-mosquitoes-diptera-culicidae-in-the-gambia/5640426BC11B5F2310668234FEF73975",0.0,1.0
"Lines, J., Kleinschmidt, I., Carneiro, I., & Ribeiro, I. (2001). The effectiveness of insecticide-treated bednets in preventing malaria, morbidity and mortality in endemic regions. *British Medical Bulletin*, *56*(1), 193-212.",Malaria prevention,mistral_large_2_123b,unverified,Reference could not be verified.,CONTRADICTION,CONTRADICTION,CONTRADICTION,CONTRADICTION,ABSENT,"A cohort study of the effectiveness of insecticide-treated bed nets to prevent malaria in an area of moderate pyrethroid resistance, Malawi",KA Lindblade; D Mwandama; T Mzilahowa,2015,Malaria Journal,,https://link.springer.com/article/10.1186/s12936-015-0554-1,GOOGLE,0,4,0,1,0,"The effectiveness of insecticide-treated bednets in preventing malaria, morbidity and mortality in endemic regions","A cohort study of the effectiveness of insecticide-treated bed nets to prevent malaria in an area of moderate pyrethroid resistance, Malawi","Lines, J.; Kleinschmidt, I.; Carneiro, I.; Ribeiro, I.",KA Lindblade; D Mwandama; T Mzilahowa,2001,2015,British Medical Bulletin,Malaria Journal,,https://link.springer.com/article/10.1186/s12936-015-0554-1,0,0,3,GOOGLE,0,"✗ Title | ✗ Authors | ✗ Year | ✗ Venue | ○ ID

### Summary
No matching article could be found for the original reference by Lines et al. (2001) in the British Medical Bulletin. The closest found article differs significantly in title, authors, year, and journal.

### Details
A matching record was not found for the cited article. The original reference claims a 2001 publication by Lines, Kleinschmidt, Carneiro, and Ribeiro in the British Medical Bulletin. However, the best potential match found is a 2015 article by Lindblade, Mwandama, and Mzilahowa titled ""A cohort study of the effectiveness of insecticide-treated bed nets to prevent malaria in an area of moderate pyrethroid resistance, Malawi"" published in Malaria Journal. The titles, authors, publication years, and journals do not align, indicating these are different works.

- https://link.springer.com/article/10.1186/s12936-015-0554-1",0.0,1.0
"Mboera, L. E., Kitua, A. Y., Kweka, E. J., Magesa, S. M., & Mahande, M. J. (2007). Knowledge, attitudes and practices related to malaria and use of insecticide-treated nets in communities living in rural south-eastern Tanzania. *Malaria Journal*, *6*(1), 1-10.",Malaria prevention,mistral_large_2_123b,unverified,Reference could not be verified.,UNCONFIRMED,UNCONFIRMED,UNCONFIRMED,UNCONFIRMED,UNCONFIRMED,,,,,,,,,,,,,,,,,,,,,,,0,0,0,,0,"? Title | ? Authors | ? Year | ? Venue | ? ID

### Summary
No matching article could be found for the reference provided. The search did not confirm the title, authors, year, or journal details as stated.

### Details
A search through OpenAlex and Google Scholar did not return any records matching the article titled ""Knowledge, attitudes and practices related to malaria and use of insecticide-treated nets in communities living in rural south-eastern Tanzania"" by Mboera et al. from 2007 in Malaria Journal. The year, authors, and journal were all unconfirmed, and no close matches were identified in the search results. The closest related articles found discuss malaria knowledge and interventions in Tanzania but differ significantly in title, authors, and publication year.

- https://www.researchsquare.com/article/rs-41901/latest
- https://journals.sagepub.com/doi/abs/10.1177/0272684X15592760
- https://journals.plos.org/plosone/article?id=10.1371/journal.pone.0217414",0.0,1.0
"Okumu, F. O., Killeen, G. F., Govella, N. J., Fillinger, U., & Knols, B. G. (2008). Developing novel strategies for malaria control based on targeted manipulation of mosquito behaviour. *Malaria Journal*, *7*(1), 1-14.",Malaria prevention,mistral_large_2_123b,unverified,Reference could not be verified.,CONTRADICTION,UNCONFIRMED,UNCONFIRMED,UNCONFIRMED,ABSENT,Prospects for malaria control through manipulation of mosquito larval habitats and olfactory-mediated behavioural responses using plant-derived compounds,,,,,https://pmc.ncbi.nlm.nih.gov/articles/PMC5392979/,GOOGLE,0,1,0,1,3,Developing novel strategies for malaria control based on targeted manipulation of mosquito behaviour.,Prospects for malaria control through manipulation of mosquito larval habitats and olfactory-mediated behavioural responses using plant-derived compounds,"Okumu, F. O.; Killeen, G. F.; Govella, N. J.; Fillinger, U.; Knols, B. G.",,2008,,Malaria Journal,,,https://pmc.ncbi.nlm.nih.gov/articles/PMC5392979/,0,0,1,GOOGLE,1,"✗ Title | ? Authors | ? Year | ? Venue | ○ ID

### Summary
No matching article could be found for the reference by Okumu et al. (2008) in Malaria Journal. The titles and topics differ significantly, indicating that the candidate article found is a different work.

### Details
A search did not find any record matching the exact title, authors, year, and journal of the original reference. The candidate article found focuses on manipulating mosquito larval habitats and olfactory behavior using plant compounds, which contrasts with the original article's focus on targeted manipulation of mosquito behavior more generally. The authors, year, and journal information for the candidate article were not confirmed, and no DOI or identifier was available. Relevant sources include the PMC article at https://pmc.ncbi.nlm.nih.gov/articles/PMC5392979/ and related search results from Google and Semantic Scholar.

- https://pmc.ncbi.nlm.nih.gov/articles/PMC5392979/
- https://www.researchgate.net/publication/316188569_Prospects_for_malaria_control_through_manipulation_of_mosquito_larval_habitats_and_olfactory-mediated_behavioural_responses_using_plant-derived_compounds
- https://www.semanticscholar.org/paper/Prospects-for-malaria-control-through-manipulation-Muema-Bargul/c495e28503c1e3f94076e84cad0360cb4a1b595d",0.0,1.0
"Trape, J. F., Tall, A., Diagne, N., Johnson, C. H., Cisse, B., & Sokhna, C. (1996). Malaria prevention in children living in an area of intense and perennial malaria transmission. *Lancet*, *347*(9013), 1524-1528.",Malaria prevention,mistral_large_2_123b,unverified,Reference could not be verified.,CONTRADICTION,CONTRADICTION,CONTRADICTION,CONTRADICTION,ABSENT,Assessment of the incidence and prevalence of clinical malaria in semi-immune children exposed to intense and perennial transmission,JF Trape; A Zoulani; MC Quinet,1987,American journal of …,,https://academic.oup.com/aje/article-abstract/126/2/193/87007,GOOGLE,0,4,0,1,0,Malaria prevention in children living in an area of intense and perennial malaria transmission,Assessment of the incidence and prevalence of clinical malaria in semi-immune children exposed to intense and perennial transmission,"Trape, J. F.; Tall, A.; Diagne, N.; Johnson, C. H.; Cisse, B.; & Sokhna, C.",JF Trape; A Zoulani; MC Quinet,1996,1987,Lancet,American journal of …,,https://academic.oup.com/aje/article-abstract/126/2/193/87007,0,0,3,GOOGLE,1,"✗ Title | ✗ Authors | ✗ Year | ✗ Venue | ○ ID

### Summary
No matching article could be found for the reference provided. The details such as title, authors, year, and journal do not align with any known records.

### Details
A search found a different article by J. F. Trape from 1987 in the American Journal of Epidemiology, but it has a different title focusing on incidence and prevalence of clinical malaria, different co-authors, and an earlier year than the 1996 Lancet article cited. The original reference's title about malaria prevention in children and its listed authors do not match any found records. No DOI or other identifier was available to confirm the citation.

- https://academic.oup.com/aje/article-abstract/126/2/193/87007",0.0,1.0
"Ahlin, C., & Townsend, R. M. (2007). Household risk management: Evidence from Indonesia. *Journal of Development Economics, 84*(2), 355-387.",Microfinance loan repayment,mistral_large_2_123b,unverified,Reference could not be verified.,UNCONFIRMED,UNCONFIRMED,UNCONFIRMED,UNCONFIRMED,UNCONFIRMED,,,,,,,,,,,,,,,,,,,,,,,0,0,0,,0,"? Title | ? Authors | ? Year | ? Venue | ? ID

### Summary
No matching article titled ""Household risk management: Evidence from Indonesia"" by Ahlin and Townsend from 2007 could be found in the searched databases or sources. The verification process did not find any record confirming the authors, title, year, or journal details.

### Details
A search was conducted in OpenAlex and through scholarly search tools, but no matching work was identified. The search results included other works related to Indonesia and risk management but none matched the exact title, authors, or publication year. The year 2007 and the journal ""Journal of Development Economics"" were not confirmed by any found records.

- https://openalex.org
- https://scholar.google.com",0.0,1.0
"Banerjee, A. V., & Duflo, E. (2011). Poor economics: A radical rethinking of the way to fight global poverty. *PublicAffairs*.",Microfinance loan repayment,mistral_large_2_123b,verified,"Banerjee, A. V., & Duflo, E. (2011). *Poor Economics: A Radical Rethinking of the Way to Fight Global Poverty*. PublicAffairs. https://www.publicaffairsbooks.com/titles/abhijit-v-banerjee/poor-economics/9781541706187/",MATCH,CONTAINS,MATCH,MATCH,ABSENT,Poor Economics: A Radical Rethinking of the Way to Fight Global Poverty,Abhijit V. Banerjee; Esther Duflo,2011,PublicAffairs,,https://www.publicaffairsbooks.com/titles/abhijit-v-banerjee/poor-economics/9781541706187/,GOOGLE,3,0,1,1,0,Poor economics: A radical rethinking of the way to fight global poverty.,Poor Economics: A Radical Rethinking of the Way to Fight Global Poverty,"Banerjee, A. V.; Duflo, E.",Abhijit V. Banerjee; Esther Duflo,2011,2011,PublicAffairs,PublicAffairs,,https://www.publicaffairsbooks.com/titles/abhijit-v-banerjee/poor-economics/9781541706187/,1,1,2,GOOGLE,0,"✓ Title | ◐ Authors | ✓ Year | ✓ Venue | ○ ID

### Summary
This book was confirmed as ""Poor Economics: A Radical Rethinking of the Way to Fight Global Poverty"" published by PublicAffairs in 2011. The authors Abhijit V. Banerjee and Esther Duflo were identified as the correct authors, matching the citation.

### Details
A matching record was found with the exact title ""Poor Economics: A Radical Rethinking of the Way to Fight Global Poverty"" and the year 2011 matched exactly. The authors correspond to Abhijit V. Banerjee and Esther Duflo, confirming the citation's author names. The publisher PublicAffairs was also confirmed as the venue. Although no DOI was present in the citation, multiple sources including the publisher's website and various book listings corroborate the reference details.

- https://www.publicaffairsbooks.com/titles/abhijit-v-banerjee/poor-economics/9781541706187/
- https://en.wikipedia.org/wiki/Poor_Economics
- https://www.amazon.com/Poor-Economics-Radical-Rethinking-Poverty/dp/1586487981",0.867,0.133
"Collins, D., Morduch, J., Rutherford, S., & Ruthven, O. (2009). *Portfolios of the poor: How the world's poor live on $2 a day*. Princeton University Press.",Microfinance loan repayment,mistral_large_2_123b,verified,"Collins, D., Morduch, J., Rutherford, S., & Ruthven, O. (2009). *Portfolios of the poor: How the world's poor live on $2 a day*. Princeton University Press. ",MATCH,MATCH,MATCH,MATCH,ABSENT,Portfolios of the Poor: How the World's Poor Live on $2 a Day,Daryl Collins; Jonathan Morduch; Stuart Rutherford; Orlanda Ruthven,2009,Princeton University Press,,https://press.princeton.edu/books/paperback/9780691148199/portfolios-of-the-poor?srsltid=AfmBOorikf_R47-_6tVZn9mRLm8Qt-AcW4XRCM0E3SVpgrksep3ss2Eo,GOOGLE,4,0,0,1,0,Portfolios of the poor: How the world's poor live on $2 a day,Portfolios of the Poor: How the World's Poor Live on $2 a Day,"Collins, D.; Morduch, J.; Rutherford, S.; Ruthven, O.",Daryl Collins; Jonathan Morduch; Stuart Rutherford; Orlanda Ruthven,2009,2009,Princeton University Press,Princeton University Press,,https://press.princeton.edu/books/paperback/9780691148199/portfolios-of-the-poor?srsltid=AfmBOorikf_R47-_6tVZn9mRLm8Qt-AcW4XRCM0E3SVpgrksep3ss2Eo,1,1,2,GOOGLE,1,"✓ Title | ✓ Authors | ✓ Year | ✓ Venue | ○ ID

### Summary
This book was confirmed as ""Portfolios of the Poor: How the World's Poor Live on $2 a Day"" published by Princeton University Press in 2009. The authors Daryl Collins, Jonathan Morduch, Stuart Rutherford, and Orlanda Ruthven were all matched exactly.

### Details
A matching record was found with the exact title and year 2009. The four authors listed in the citation correspond exactly to the full names found in the evidence. The publisher, Princeton University Press, also matched perfectly. Although no DOI was present in the citation, multiple sources including the publisher's website and academic references confirm this book's details.

- https://press.princeton.edu/books/paperback/9780691148199/portfolios-of-the-poor?srsltid=AfmBOorikf_R47-_6tVZn9mRLm8Qt-AcW4XRCM0E3SVpgrksep3ss2Eo
- https://psycnet.apa.org/record/2009-08515-000
- https://www.amazon.com/Portfolios-Poor-How-Worlds-Live/dp/0691148198",1.0,0.0
"Giné, X., & Yang, D. (2009). Insurance, credit, and technology adoption: Field experimental evidence from Malawi. *Journal of Development Economics, 89*(2), 1-11.",Microfinance loan repayment,mistral_large_2_123b,verified,"Giné, X., & Yang, D. (2009). Insurance, Credit, and Technology Adoption: Field Experimental Evidence from Malawi. *Journal of Development Economics*, 89(2), 1-11. https://www.povertyactionlab.org/print/pdf/node/1582",MATCH,MATCH,MATCH,MATCH,ABSENT,"Insurance, Credit, and Technology Adoption: Field Experimental Evidence from Malawi",Xavier Giné; Dean Yang,2009,Journal of Development Economics,,https://www.povertyactionlab.org/print/pdf/node/1582,GOOGLE,4,0,0,1,0,"Insurance, credit, and technology adoption: Field experimental evidence from Malawi.","Insurance, Credit, and Technology Adoption: Field Experimental Evidence from Malawi","Giné, X.; Yang, D.",Xavier Giné; Dean Yang,2009,2009,Journal of Development Economics,Journal of Development Economics,,https://www.povertyactionlab.org/print/pdf/node/1582,1,1,1,GOOGLE,0,"✓ Title | ✓ Authors | ✓ Year | ✓ Venue | ○ ID

### Summary
This article was confirmed in the Journal of Development Economics with matching authors Xavier Giné and Dean Yang, and the year 2009. The title ""Insurance, Credit, and Technology Adoption: Field Experimental Evidence from Malawi"" was verified exactly as cited.

### Details
A matching record was found with the exact title and author names, confirming the publication year 2009 and the journal name. Although no DOI was provided in the original citation, the article corresponds to a well-documented field experiment on insurance and credit in Malawi. Additional sources include a related publication on the Poverty Action Lab website and registry entries confirming the study details.

- https://www.povertyactionlab.org/print/pdf/node/1582
- https://www.sciencedirect.com/science/article/pii/S0304387808000898
- https://www.socialscienceregistry.org/trials/1327",1.0,0.0
"Karlan, D., & Zinman, J. (2010). Expanding credit access: Using randomized supply decisions to estimate the impacts. *Review of Financial Studies, 23*(1), 433-464.",Microfinance loan repayment,mistral_large_2_123b,verified,"Karlan, D., & Zinman, J. (2009). Expanding credit access: Using randomized supply decisions to estimate the impacts. *Review of Financial Studies*, 23(1), 433-464. https://doi.org/10.1093/rfs/hhp092",MATCH,MATCH,CONTAINS,MATCH,ABSENT,Expanding Credit Access: Using Randomized Supply Decisions to Estimate the Impacts,Dean Karlan; Jonathan Zinman,2009,Review of Financial Studies,10.1093/rfs/hhp092,https://doi.org/10.1093/rfs/hhp092,GOOGLE,3,0,1,1,0,Expanding credit access: Using randomized supply decisions to estimate the impacts.,Expanding Credit Access: Using Randomized Supply Decisions to Estimate the Impacts,"Karlan, D.; Zinman, J.",Dean Karlan; Jonathan Zinman,2010,2009,Review of Financial Studies,Review of Financial Studies,,10.1093/rfs/hhp092,1,1,1,GOOGLE,0,"✓ Title | ✓ Authors | ◐ Year | ✓ Venue | ○ ID

### Summary
This article was confirmed in the Review of Financial Studies with matching authors Dean Karlan and Jonathan Zinman and a closely matching year. The title ""Expanding Credit Access: Using Randomized Supply Decisions to Estimate the Impacts"" was verified exactly.

### Details
A matching record was found with the exact title and authors corresponding to the citation. The journal name ""Review of Financial Studies"" matched exactly. The year in the citation is 2010, while the evidence shows 2009, which is within an acceptable range for verification. No identifier such as a DOI was present in the citation, but the evidence includes DOI 10.1093/rfs/hhp092. Additional confirmation comes from multiple search results linking to the article in the Review of Financial Studies.

- https://doi.org/10.1093/rfs/hhp092
- https://academic.oup.com/rfs/article-abstract/23/1/433/1579262
- https://poverty-action.org/sites/default/files/publications/Expanding_Credit_Acces_Jan_08.pdf",0.9,0.1
"Morduch, J. (1999). The microfinance promise. *Journal of Economic Literature, 37*(4), 1569-1614.",Microfinance loan repayment,mistral_large_2_123b,verified,"Morduch, J. (1999). The microfinance promise. *Journal of Economic Literature*, 37(4), 1569-1614. https://doi.org/10.1257/jel.37.4.1569",MATCH,MATCH,MATCH,MATCH,ABSENT,The Microfinance Promise,Jonathan Morduch,1999,Journal of Economic Literature,10.1257/jel.37.4.1569,https://doi.org/10.1257/jel.37.4.1569,GOOGLE,4,0,0,1,0,The microfinance promise,The Microfinance Promise,"Morduch, J.",Jonathan Morduch,1999,1999,Journal of Economic Literature,Journal of Economic Literature,,10.1257/jel.37.4.1569,1,1,1,GOOGLE,1,"✓ Title | ✓ Authors | ✓ Year | ✓ Venue | ○ ID

### Summary
This article was confirmed in the Journal of Economic Literature with matching author Jonathan Morduch and the year 1999. The title ""The Microfinance Promise"" and the journal details matched exactly.

### Details
A matching record was found with the exact title ""The Microfinance Promise"" and author Jonathan Morduch, corresponding to the year 1999. The journal name ""Journal of Economic Literature"" also matched perfectly. Although no identifier was provided in the original citation, the article is associated with the DOI 10.1257/jel.37.4.1569, confirming the reference.

- [DOI link](https://doi.org/10.1257/jel.37.4.1569)",1.0,0.0
"Rosenberg, R. (2009). Microfinance repayment problems and the threat of mission drift. *World Development, 37*(9), 1455-1468.",Microfinance loan repayment,mistral_large_2_123b,needs-human,Reference requires human review.,CONTAINS,CONTRADICTION,CONTAINS,MATCH,ABSENT,Microfinance mission drift?,R Mersland; RØ Strøm,2010,World Development,,https://www.sciencedirect.com/science/article/pii/S0305750X09000990,GOOGLE,1,1,2,1,0,Microfinance repayment problems and the threat of mission drift.,Microfinance mission drift?,"Rosenberg, R.",R Mersland; RØ Strøm,2009,2010,World Development,World Development,,https://www.sciencedirect.com/science/article/pii/S0305750X09000990,0,0,3,GOOGLE,0,"◐ Title | ✗ Authors | ◐ Year | ✓ Venue | ○ ID

### Summary
The reference could not be fully confirmed because the authors listed in the citation do not match those found in the best potential match. While the title and journal ""World Development"" align closely, the authors differ and the publication year is off by one year (2009 vs. 2010). This discrepancy means human review is needed to verify the correct source.

### Details
A matching article titled ""Microfinance mission drift?"" was found in the journal ""World Development"" published in 2010, which closely relates to the cited title but is shorter. However, the authors in the citation (Rosenberg, R.) do not overlap with the authors of the found article (R Mersland and RØ Strøm). The year differs by one (2009 cited vs. 2010 found). No DOI or unique identifier was available to confirm the match definitively.

- https://www.sciencedirect.com/science/article/pii/S0305750X09000990",0.2,0.8
"Zeller, M. (1998). The determinants of loan repayment in microfinance institutions. *World Development, 26*(8), 1419-1431.",Microfinance loan repayment,mistral_large_2_123b,needs-human,Reference requires human review.,CONTRADICTION,CONTAINS,CONTAINS,MATCH,ABSENT,Repayment performance in group-based credit programs in Bangladesh: An empirical analysis,M Sharma; M Zeller,1997,World development,,https://www.sciencedirect.com/science/article/pii/S0305750X97000636,GOOGLE,1,1,2,1,0,The determinants of loan repayment in microfinance institutions.,Repayment performance in group-based credit programs in Bangladesh: An empirical analysis,"Zeller, M.",M Sharma; M Zeller,1998,1997,World Development,World development,,https://www.sciencedirect.com/science/article/pii/S0305750X97000636,0,0,3,GOOGLE,0,"✗ Title | ◐ Authors | ◐ Year | ✓ Venue | ○ ID

### Summary
The reference could not be conclusively verified because the title does not match the best available candidate. While the author M. Zeller and the journal World Development match, the titles and years differ, indicating these are likely two different articles.

### Details
A matching record was found with authors M. Sharma and M. Zeller, published in World Development in 1997, but the title ""Repayment performance in group-based credit programs in Bangladesh: An empirical analysis"" differs from the cited title about determinants of loan repayment in microfinance institutions. The year 1998 in the citation is close but not exact to 1997 in the evidence. No DOI or direct identifier was available to confirm the citation definitively.

- https://www.sciencedirect.com/science/article/pii/S0305750X97000636",0.1,0.9
"Bhattacharyya, S. C. (2013). Financing of mini-grids for rural electrification. Renewable and Sustainable Energy Reviews, 28, 669-676.",Mini-grid electrification,mistral_large_2_123b,needs-human,Reference requires human review.,CONTRADICTION,MATCH,MATCH,MATCH,ABSENT,"Financing energy access and off-grid electrification: A review of status, options and challenges",Subhes C. Bhattacharyya,2013,Renewable and Sustainable Energy Reviews,,https://ideas.repec.org/a/eee/rensus/v20y2013icp462-472.html,GOOGLE,3,1,0,1,0,Financing of mini-grids for rural electrification.,"Financing energy access and off-grid electrification: A review of status, options and challenges","Bhattacharyya, S. C.",Subhes C. Bhattacharyya,2013,2013,Renewable and Sustainable Energy Reviews,Renewable and Sustainable Energy Reviews,,https://ideas.repec.org/a/eee/rensus/v20y2013icp462-472.html,0,0,3,GOOGLE,0,"✗ Title | ✓ Authors | ✓ Year | ✓ Venue | ○ ID

### Summary
The reference could not be fully confirmed because the title in the citation does not match the title found in the best available source, even though the author, year, and journal are the same. This means the cited work and the found article appear to be different documents.

### Details
A matching record was found for an article by Subhes C. Bhattacharyya published in 2013 in Renewable and Sustainable Energy Reviews, which matches the author, year, and journal of the citation. However, the title found was ""Financing energy access and off-grid electrification: A review of status, options and challenges,"" which differs from the cited title ""Financing of mini-grids for rural electrification."" No DOI was available to confirm further. This discrepancy suggests the citation may refer to a different paper or there may be an error in the title.

- https://ideas.repec.org/a/eee/rensus/v20y2013icp462-472.html",0.333,0.667
"Szabó, S., Bodis, K., Huld, T., Moner-Girona, M., & Csala, D. (2011). A review on decentralized rural electrification based on renewable energy sources. Renewable and Sustainable Energy Reviews, 15(9), 4556-4564.",Mini-grid electrification,mistral_large_2_123b,unverified,Reference could not be verified.,CONTRADICTION,CONTAINS,MATCH,CONTRADICTION,ABSENT,Energy solutions in rural Africa: mapping electrification costs of distributed solar and diesel generation versus grid extension,S Szabó; K Bódis; T Huld,2011,Environmental Research Letters,10.1088/1748-9326/6/3/034002,,GOOGLE,1,2,1,1,0,A review on decentralized rural electrification based on renewable energy sources.,Energy solutions in rural Africa: mapping electrification costs of distributed solar and diesel generation versus grid extension,"Szabó, S.; Bodis, K.; Huld, T.; Moner-Girona, M.; Csala, D.",S Szabó; K Bódis; T Huld,2011,2011,Renewable and Sustainable Energy Reviews,Environmental Research Letters,,10.1088/1748-9326/6/3/034002,0,0,2,GOOGLE,0,"✗ Title | ◐ Authors | ✓ Year | ✗ Venue | ○ ID

### Summary
The reference could not be verified as the details do not match any known publication. Although the authors Szabó, Bodis, and Huld are present and the year 2011 matches, the title and journal differ significantly from any found records.

### Details
A matching record was found for a 2011 article by Szabó, Bodis, and Huld titled ""Energy solutions in rural Africa: mapping electrification costs of distributed solar and diesel generation versus grid extension"" published in Environmental Research Letters. This differs from the cited title and journal, which refer to a review on decentralized rural electrification in Renewable and Sustainable Energy Reviews. No DOI or other identifier was provided in the original reference, and no exact match was found in OpenAlex or other scholarly searches.

- https://iopscience.iop.org/article/10.1088/1748-9326/6/3/034002/meta",0.0,1.0
"Palit, D., & Chaurey, A. (2011). Rural electrification through renewable energy: Potential and challenges. Renewable and Sustainable Energy Reviews, 15(9), 4374-4381.",Mini-grid electrification,mistral_large_2_123b,needs-human,Reference requires human review.,CONTRADICTION,MATCH,MATCH,CONTAINS,ABSENT,Off-grid rural electrification experiences from South Asia: Status and best practices,D Palit; A Chaurey,2011,Energy for sustainable development,,https://www.sciencedirect.com/science/article/pii/S0973082611000500,GOOGLE,2,1,1,1,0,Rural electrification through renewable energy: Potential and challenges.,Off-grid rural electrification experiences from South Asia: Status and best practices,"Palit, D.; Chaurey, A.",D Palit; A Chaurey,2011,2011,Renewable and Sustainable Energy Reviews,Energy for sustainable development,,https://www.sciencedirect.com/science/article/pii/S0973082611000500,0,0,3,GOOGLE,0,"✗ Title | ✓ Authors | ✓ Year | ◐ Venue | ○ ID

### Summary
The reference could not be fully confirmed because the title does not match the best available record, even though the authors and year are the same. The original citation discusses rural electrification through renewable energy in general, while the closest found article focuses specifically on off-grid rural electrification experiences in South Asia.

### Details
A matching record was found with the same authors (D Palit and A Chaurey) and year (2011), but the title differs significantly. The original title refers to potential and challenges of rural electrification through renewable energy, whereas the found article is about off-grid rural electrification status and best practices in South Asia. Both articles are published by Elsevier but in different journals: the original cites Renewable and Sustainable Energy Reviews, while the found article is in Energy for Sustainable Development. No DOI or direct identifier was available to confirm a match.

- https://www.sciencedirect.com/science/article/pii/S0973082611000500",0.233,0.767
"Palit, D., & Bandyopadhyay, S. (2017). Renewable energy mini-grids for rural electrification: A review of the evidence on costs. Renewable and Sustainable Energy Reviews, 75, 126-137.",Mini-grid electrification,mistral_large_2_123b,unverified,Reference could not be verified.,CONTRADICTION,CONTRADICTION,CONTRADICTION,CONTAINS,ABSENT,Mini-grids for rural electrification of developing countries: analysis and case studies from South Asia,SC Bhattacharyya; D Palit,2014,Springer,,https://link.springer.com/book/10.1007/978-3-319-04816-1,GOOGLE,0,3,1,1,0,Renewable energy mini-grids for rural electrification: A review of the evidence on costs,Mini-grids for rural electrification of developing countries: analysis and case studies from South Asia,"Palit, D.; Bandyopadhyay, S.",SC Bhattacharyya; D Palit,2017,2014,Renewable and Sustainable Energy Reviews,Springer,,https://link.springer.com/book/10.1007/978-3-319-04816-1,0,0,3,GOOGLE,0,"✗ Title | ✗ Authors | ✗ Year | ◐ Venue | ○ ID

### Summary
No matching article could be found for the reference by Palit and Bandyopadhyay (2017) titled ""Renewable energy mini-grids for rural electrification: A review of the evidence on costs."" The closest found work differs significantly in title, authors, and year.

### Details
A search found a book titled ""Mini-grids for rural electrification of developing countries: analysis and case studies from South Asia"" authored by SC Bhattacharyya and D Palit, published in 2014 by Springer. This differs from the cited article in title focus, author list (only one author matches), and publication year (2014 vs. 2017). The cited journal, Renewable and Sustainable Energy Reviews, was not matched by any candidate, only the publisher Springer was found. No DOI or other identifier was available to confirm the citation. 

- https://link.springer.com/book/10.1007/978-3-319-04816-1",0.0,1.0
"Chaurey, A., & Palit, D. (2015). Rural electrification through renewable energy: A comparative analysis. Renewable and Sustainable Energy Reviews, 43, 1386-1395.",Mini-grid electrification,mistral_large_2_123b,unverified,Reference could not be verified.,CONTRADICTION,CONTRADICTION,CONTRADICTION,MATCH,ABSENT,Assessment and evaluation of PV based decentralized rural electrification: An overview,A Chaurey; T C Kandpal,2010,Renewable and Sustainable Energy Reviews,,https://www.sciencedirect.com/science/article/pii/S1364032110001164,GOOGLE,1,3,0,1,0,Rural electrification through renewable energy: A comparative analysis.,Assessment and evaluation of PV based decentralized rural electrification: An overview,"Chaurey, A.; Palit, D.",A Chaurey; T C Kandpal,2015,2010,Renewable and Sustainable Energy Reviews,Renewable and Sustainable Energy Reviews,,https://www.sciencedirect.com/science/article/pii/S1364032110001164,0,0,3,GOOGLE,0,"✗ Title | ✗ Authors | ✗ Year | ✓ Venue | ○ ID

### Summary
The reference could not be verified as matching the cited article. The title, authors, and year differ significantly from the citation, although the journal name matches.

### Details
A matching record was found in the same journal, Renewable and Sustainable Energy Reviews, but the article is titled ""Assessment and evaluation of PV based decentralized rural electrification: An overview"" from 2010 by authors A. Chaurey and T. C. Kandpal. The cited article lists different authors (Chaurey, A. and Palit, D.) and a different year (2015), and the titles focus on different subjects. No identifier was provided in the citation to aid verification.

- https://www.sciencedirect.com/science/article/pii/S1364032110001164",0.0,1.0
"Palit, D. (2013). Affordable and clean energy for the poor: The relevance of renewable energy-based mini-grids. Energy Policy, 59, 670-678.",Mini-grid electrification,mistral_large_2_123b,unverified,Reference could not be verified.,CONTRADICTION,CONTAINS,CONTAINS,CONTRADICTION,ABSENT,Renewable energy based mini-grids for enhancing electricity access: Experiences and lessons from India,D Palit; GK Sarangi,2014,… on Green Energy for Sustainable …,,https://ieeexplore.ieee.org/abstract/document/6828955/,GOOGLE,0,2,2,1,0,Affordable and clean energy for the poor: The relevance of renewable energy-based mini-grids.,Renewable energy based mini-grids for enhancing electricity access: Experiences and lessons from India,"Palit, D.",D Palit; GK Sarangi,2013,2014,Energy Policy,… on Green Energy for Sustainable …,,https://ieeexplore.ieee.org/abstract/document/6828955/,0,0,1,GOOGLE,0,"✗ Title | ◐ Authors | ◐ Year | ✗ Venue | ○ ID

### Summary
No matching article could be found for the original reference by Palit (2013) titled ""Affordable and clean energy for the poor: The relevance of renewable energy-based mini-grids"" published in Energy Policy. The best available candidate differs significantly in title, venue, and year.

### Details
A search found a related article titled ""Renewable energy based mini-grids for enhancing electricity access: Experiences and lessons from India"" by D Palit and GK Sarangi published in 2014 in a venue related to green energy for sustainability. While the author Palit is present in both, the titles and venues do not match, and the years differ by one. No exact match was found in OpenAlex or Google Scholar for the original citation.

- https://ieeexplore.ieee.org/abstract/document/6828955/",0.0,1.0
"Palit, D., & Malhotra, P. (2016). Renewable energy mini-grids for rural electrification: A study of successful business models. Renewable Energy, 97, 596-605.",Mini-grid electrification,mistral_large_2_123b,unverified,Reference could not be verified.,CONTRADICTION,CONTRADICTION,CONTRADICTION,CONTRADICTION,ABSENT,Renewable energy based mini-grids for enhancing electricity access: Experiences and lessons from India,D Palit; GK Sarangi,2014,Green Energy for Sustainable Development (conference),,https://ieeexplore.ieee.org/abstract/document/6828955/,GOOGLE,0,4,0,1,0,Renewable energy mini-grids for rural electrification: A study of successful business models.,Renewable energy based mini-grids for enhancing electricity access: Experiences and lessons from India,"Palit, D.; Malhotra, P.",D Palit; GK Sarangi,2016,2014,Renewable Energy,Green Energy for Sustainable Development (conference),,https://ieeexplore.ieee.org/abstract/document/6828955/,0,0,3,GOOGLE,0,"✗ Title | ✗ Authors | ✗ Year | ✗ Venue | ○ ID

### Summary
No matching article could be found for the reference by Palit and Malhotra (2016) titled ""Renewable energy mini-grids for rural electrification: A study of successful business models."" The details differ significantly from the closest found work.

### Details
A search found a similar work titled ""Renewable energy based mini-grids for enhancing electricity access: Experiences and lessons from India"" authored by Palit and Sarangi in 2014, presented at the Green Energy for Sustainable Development conference. This differs in title, authorship, year, and venue from the cited reference. The citation year 2016 does not match the found year 2014, and the venues are unrelated (journal vs. conference). No DOI or other identifier was available to confirm the citation. These contradictions indicate the cited reference could not be verified.

- https://ieeexplore.ieee.org/abstract/document/6828955/",0.0,1.0
"Palit, D., & Chaurey, A. (2015). Costs of rural electrification through renewable energy mini-grids: A review. Renewable and Sustainable Energy Reviews, 41, 657-663.",Mini-grid electrification,mistral_large_2_123b,unverified,Reference could not be verified.,CONTRADICTION,MATCH,CONTRADICTION,CONTAINS,ABSENT,Off-grid rural electrification experiences from South Asia: Status and best practices,D Palit; A Chaurey,2011,Energy for sustainable development,,https://www.sciencedirect.com/science/article/pii/S0973082611000500,GOOGLE,1,2,1,1,0,Costs of rural electrification through renewable energy mini-grids: A review,Off-grid rural electrification experiences from South Asia: Status and best practices,"Palit, D.; Chaurey, A.",D Palit; A Chaurey,2015,2011,Renewable and Sustainable Energy Reviews,Energy for sustainable development,,https://www.sciencedirect.com/science/article/pii/S0973082611000500,0,0,3,GOOGLE,0,"✗ Title | ✓ Authors | ✗ Year | ◐ Venue | ○ ID

### Summary
No matching article could be found for the reference by Palit and Chaurey (2015) titled ""Costs of rural electrification through renewable energy mini-grids: A review."" Although the authors match, the title and year differ significantly from available records.

### Details
A matching record was found with the same authors, Palit and Chaurey, but the title was ""Off-grid rural electrification experiences from South Asia: Status and best practices"" published in 2011 in the journal Energy for Sustainable Development. This differs from the cited title and the year 2015. The cited journal, Renewable and Sustainable Energy Reviews, is related by publisher but not the same as the evidence journal. No DOI or direct identifier was found to confirm the citation. 

- https://www.sciencedirect.com/science/article/pii/S0973082611000500",0.0,1.0
"Palit, D., & Bandyopadhyay, S. (2016). Renewable energy mini-grids for rural electrification: A review of the evidence on costs. Renewable and Sustainable Energy Reviews, 60, 126-137.",Mini-grid electrification,mistral_large_2_123b,unverified,Reference could not be verified.,CONTRADICTION,CONTRADICTION,CONTRADICTION,CONTRADICTION,ABSENT,Mini-grids for rural electrification of developing countries: analysis and case studies from South Asia,S C Bhattacharyya; D Palit,2014,Springer,10.1007/978-3-319-04816-1,https://link.springer.com/book/10.1007/978-3-319-04816-1,GOOGLE,0,4,0,1,0,Renewable energy mini-grids for rural electrification: A review of the evidence on costs,Mini-grids for rural electrification of developing countries: analysis and case studies from South Asia,"Palit, D.; Bandyopadhyay, S.",S C Bhattacharyya; D Palit,2016,2014,Renewable and Sustainable Energy Reviews,Springer,,10.1007/978-3-319-04816-1,0,0,2,GOOGLE,0,"✗ Title | ✗ Authors | ✗ Year | ✗ Venue | ○ ID

### Summary
No matching article could be found for the given reference. The closest candidate found is a different work with a distinct title, different co-author, earlier publication year, and published by a different publisher.

### Details
A search identified a book titled ""Mini-grids for rural electrification of developing countries: analysis and case studies from South Asia"" by Bhattacharyya and Palit, published in 2014 by Springer. This differs from the cited article which lists Bandyopadhyay and Palit as authors, published in 2016 in Renewable and Sustainable Energy Reviews by Elsevier. The titles, authors, year, and publisher do not match, indicating these are separate works. No DOI or other identifier was found for the cited article.

- https://link.springer.com/book/10.1007/978-3-319-04816-1",0.0,1.0
"Baurzhan, S., & Jenkins, G. P. (2016). Rural electrification through renewable energy mini-grids: A review of the evidence on costs. Renewable and Sustainable Energy Reviews, 57, 956-965.",Mini-grid electrification,mistral_large_2_123b,needs-human,Reference requires human review.,CONTRADICTION,MATCH,MATCH,MATCH,ABSENT,Off-grid solar PV: Is it an affordable or appropriate solution for rural electrification in Sub-Saharan African countries?,S Baurzhan; GP Jenkins,2016,Renewable and Sustainable Energy Reviews,,https://www.sciencedirect.com/science/article/pii/S1364032116002513,GOOGLE,3,1,0,1,0,Rural electrification through renewable energy mini-grids: A review of the evidence on costs.,Off-grid solar PV: Is it an affordable or appropriate solution for rural electrification in Sub-Saharan African countries?,"Baurzhan, S.; Jenkins, G. P.",S Baurzhan; GP Jenkins,2016,2016,Renewable and Sustainable Energy Reviews,Renewable and Sustainable Energy Reviews,,https://www.sciencedirect.com/science/article/pii/S1364032116002513,0,0,2,GOOGLE,0,"✗ Title | ✓ Authors | ✓ Year | ✓ Venue | ○ ID

### Summary
The reference could not be conclusively verified because the title in the citation does not match the title of the closest found article, despite matching authors, year, and journal. The citation claims a focus on renewable energy mini-grids and costs, while the found article discusses off-grid solar PV solutions for rural electrification in Sub-Saharan Africa.

### Details
A matching record was found with the same authors (S. Baurzhan and G. P. Jenkins), year (2016), and journal (Renewable and Sustainable Energy Reviews). However, the title differs significantly: the found article is titled ""Off-grid solar PV: Is it an affordable or appropriate solution for rural electrification in Sub-Saharan African countries?"" which contrasts with the cited title about rural electrification through renewable energy mini-grids focusing on costs. No DOI or other identifier was present to confirm a match. This discrepancy suggests the need for human review to determine if these are distinct works or a citation error.

- https://www.sciencedirect.com/science/article/pii/S1364032116002513",0.333,0.667
"Alalwan, A. A., Dwivedi, Y. K., & Rana, N. P. (2018). Factors influencing the adoption of mobile banking: An empirical investigation. *Journal of Retailing and Consumer Services*, 42, 71-83.",Mobile banking,mistral_large_2_123b,unverified,Reference could not be verified.,CONTRADICTION,MATCH,CONTAINS,CONTRADICTION,ABSENT,Factors influencing adoption of mobile banking by Jordanian bank customers: Extending UTAUT2 with trust,AA Alalwan; YK Dwivedi; NP Rana,2017,International journal of information …,,https://www.sciencedirect.com/science/article/pii/S026840121630696X,GOOGLE,1,2,1,1,0,Factors influencing the adoption of mobile banking: An empirical investigation,Factors influencing adoption of mobile banking by Jordanian bank customers: Extending UTAUT2 with trust,"Alalwan, A. A.; Dwivedi, Y. K.; Rana, N. P.",AA Alalwan; YK Dwivedi; NP Rana,2018,2017,Journal of Retailing and Consumer Services,International journal of information …,,https://www.sciencedirect.com/science/article/pii/S026840121630696X,0,0,2,GOOGLE,0,"✗ Title | ✓ Authors | ◐ Year | ✗ Venue | ○ ID

### Summary
The reference could not be verified as the details differ from the found article. Although the authors match, the title, year, and journal do not correspond to the cited reference.

### Details
A matching record was found with the same authors Alalwan, Dwivedi, and Rana, but the title is ""Factors influencing adoption of mobile banking by Jordanian bank customers: Extending UTAUT2 with trust,"" published in 2017 in the International Journal of Information Management. This differs from the cited title, year 2018, and journal ""Journal of Retailing and Consumer Services."" No identifier was provided in the citation to aid verification.

- https://www.sciencedirect.com/science/article/pii/S026840121630696X",0.0,1.0
"Brown, S., Cajee, H., Davies, T., & Vaithilingam, S. (2003). Mobile banking and financial inclusion. *Telematics and Informatics*, 20(2), 91-108.",Mobile banking,mistral_large_2_123b,unverified,Reference could not be verified.,CONTRADICTION,CONTRADICTION,CONTRADICTION,CONTRADICTION,ABSENT,Mobile Banking: An Innovative Solution for Increasing Financial Inclusion in Sub-Saharan African Countries: Evidence from Nigeria,A Siano; L Raimi; M Palazzo; MC Panait,2020,Sustainability,,https://www.mdpi.com/2071-1050/12/23/10130,GOOGLE,0,4,0,1,0,Mobile banking and financial inclusion.,Mobile Banking: An Innovative Solution for Increasing Financial Inclusion in Sub-Saharan African Countries: Evidence from Nigeria,"Brown, S.; Cajee, H.; Davies, T.; Vaithilingam, S.",A Siano; L Raimi; M Palazzo; MC Panait,2003,2020,Telematics and Informatics,Sustainability,,https://www.mdpi.com/2071-1050/12/23/10130,0,0,2,GOOGLE,0,"✗ Title | ✗ Authors | ✗ Year | ✗ Venue | ○ ID

### Summary
No matching article could be found for the reference by Brown et al. (2003) titled ""Mobile banking and financial inclusion"" in *Telematics and Informatics*. The details such as title, authors, year, and journal do not align with any available records.

### Details
A search found a different article titled ""Mobile Banking: An Innovative Solution for Increasing Financial Inclusion in Sub-Saharan African Countries: Evidence from Nigeria"" published in 2020 by Siano, Raimi, Palazzo, and Panait in *Sustainability*. This differs significantly from the cited work in title, authors, year, and journal. No identifier was provided in the original citation, and no matching record was found in OpenAlex or other databases for the 2003 article. The year 2003, authors Brown, Cajee, Davies, and Vaithilingam, and the journal *Telematics and Informatics* did not match any candidate records.

- https://www.mdpi.com/2071-1050/12/23/10130",0.0,1.0
"Chandra, S., & Choudhury, P. (2015). Understanding the challenges in the adoption of mobile banking in India. *Journal of Retailing and Consumer Services*, 28, 53-63.",Mobile banking,mistral_large_2_123b,unverified,Reference could not be verified.,CONTRADICTION,CONTRADICTION,CONTRADICTION,CONTRADICTION,ABSENT,Consumer perspectives about mobile banking adoption in India–a cluster analysis,D Chawla; H Joshi,2017,International Journal of Bank Marketing,,https://www.emerald.com/ijbm/article/35/4/616/128659,GOOGLE,0,4,0,1,0,Understanding the challenges in the adoption of mobile banking in India.,Consumer perspectives about mobile banking adoption in India–a cluster analysis,"Chandra, S.; Choudhury, P.",D Chawla; H Joshi,2015,2017,Journal of Retailing and Consumer Services,International Journal of Bank Marketing,,https://www.emerald.com/ijbm/article/35/4/616/128659,0,0,3,GOOGLE,0,"✗ Title | ✗ Authors | ✗ Year | ✗ Venue | ○ ID

### Summary
No matching article could be found for the reference by Chandra and Choudhury (2015) titled ""Understanding the challenges in the adoption of mobile banking in India"". The details such as title, authors, year, and journal do not align with any found records.

### Details
A search found a different article titled ""Consumer perspectives about mobile banking adoption in India–a cluster analysis"" by Chawla and Joshi published in 2017 in the International Journal of Bank Marketing. This differs significantly from the original reference in title focus, author names, publication year, and journal. No identifier was provided in the original citation, and no matching record was found in OpenAlex or other scholarly databases for the original details.

- https://www.emerald.com/ijbm/article/35/4/616/128659",0.0,1.0
"Dahlberg, T., Mallat, N., & Ondrus, J. (2008). Mobile banking services: Definitions, categorisation and market potential. *International Journal of Services Technology and Management*, 9(3), 245-261.",Mobile banking,mistral_large_2_123b,unverified,Reference could not be verified.,CONTRADICTION,CONTAINS,MATCH,CONTRADICTION,ABSENT,"Past, present and future of mobile payments research: A literature review",T. Dahlberg; N. Mallat; J. Ondrus; A. Zmijewska,2008,Electronic Commerce Research and Applications,,https://www.sciencedirect.com/science/article/pii/S1567422307000075,GOOGLE,1,2,1,1,0,"Mobile banking services: Definitions, categorisation and market potential","Past, present and future of mobile payments research: A literature review","Dahlberg, T.; Mallat, N.; Ondrus, J.",T. Dahlberg; N. Mallat; J. Ondrus; A. Zmijewska,2008,2008,International Journal of Services Technology and Management,Electronic Commerce Research and Applications,,https://www.sciencedirect.com/science/article/pii/S1567422307000075,0,0,3,GOOGLE,0,"✗ Title | ◐ Authors | ✓ Year | ✗ Venue | ○ ID

### Summary
No matching article could be found for the cited reference. The citation's title and journal do not correspond to any known article by the same authors in 2008.

### Details
A matching record was found for a 2008 article by Dahlberg, Mallat, Ondrus, and Zmijewska, but it has a different title and is published in a different journal. The cited article's title about mobile banking services and its journal do not match the found article, which is a literature review on mobile payments published in Electronic Commerce Research and Applications. The authors partially overlap, but the presence of an additional author and the differing titles and journals indicate these are distinct works.

- https://www.sciencedirect.com/science/article/pii/S1567422307000075",0.0,1.0
"Hanafizadeh, P., Behboudi, M., Koshksaray, A. A., & Tabar, S. M. (2014). An empirical investigation of factors influencing the adoption of mobile banking in Iran. *Telematics and Informatics*, 31(4), 675-688.",Mobile banking,mistral_large_2_123b,needs-human,Reference requires human review.,CONTRADICTION,MATCH,MATCH,MATCH,ABSENT,Mobile-banking adoption by Iranian bank clients,P Hanafizadeh; M Behboudi; AA Koshksaray; SM Tabar,2014,Telematics and Informatics,,https://www.sciencedirect.com/science/article/pii/S0736585312001074,GOOGLE,3,1,0,1,0,An empirical investigation of factors influencing the adoption of mobile banking in Iran,Mobile-banking adoption by Iranian bank clients,"Hanafizadeh, P.; Behboudi, M.; Koshksaray, A. A.; Tabar, S. M.",P Hanafizadeh; M Behboudi; AA Koshksaray; SM Tabar,2014,2014,Telematics and Informatics,Telematics and Informatics,,https://www.sciencedirect.com/science/article/pii/S0736585312001074,0,0,1,GOOGLE,0,"✗ Title | ✓ Authors | ✓ Year | ✓ Venue | ○ ID

### Summary
The reference could not be conclusively verified because the title in the citation differs from the best matching article found. While the authors, year, and journal match exactly, the titles suggest different focuses, indicating they may be different documents.

### Details
A matching record was found with the same four authors, publication year 2014, and journal ""Telematics and Informatics."" However, the title in the citation is ""An empirical investigation of factors influencing the adoption of mobile banking in Iran,"" whereas the found article's title is ""Mobile-banking adoption by Iranian bank clients."" This difference in title wording suggests a different scope or study focus. No DOI was available to confirm the match, and the URL check was unsuccessful due to access restrictions. OpenAlex did not find a matching record, and the search results showed related but distinct articles.

- https://www.sciencedirect.com/science/article/pii/S0736585312001074",0.333,0.667
"Pousttchi, K., & Schurig, S. (2004). Mobile banking: A multiple criteria decision aid model for the evaluation of mobile banking services. *Electronic Commerce Research*, 5(1), 59-76.",Mobile banking,mistral_large_2_123b,unverified,Reference could not be verified.,CONTRADICTION,MATCH,MATCH,CONTRADICTION,ABSENT,Assessment of today's mobile banking applications from the view of customer requirements,K Pousttchi; M Schurig,2004,37th Annual Hawaii International Conference on System Sciences,,https://ieeexplore.ieee.org/abstract/document/1265440/,GOOGLE,2,2,0,1,0,Mobile banking: A multiple criteria decision aid model for the evaluation of mobile banking services,Assessment of today's mobile banking applications from the view of customer requirements,"Pousttchi, K.; Schurig, S.",K Pousttchi; M Schurig,2004,2004,Electronic Commerce Research,37th Annual Hawaii International Conference on System Sciences,,https://ieeexplore.ieee.org/abstract/document/1265440/,0,0,1,GOOGLE,0,"✗ Title | ✓ Authors | ✓ Year | ✗ Venue | ○ ID

### Summary
The reference could not be verified because the title and publication venue do not match any found records. Although the authors and year are consistent, the title in the citation differs significantly from the closest found work, and the venues are completely different.

### Details
A matching record was found with the same authors (K. Pousttchi and M. Schurig) and year (2004), but the title was ""Assessment of today's mobile banking applications from the view of customer requirements,"" which differs from the cited title about a multiple criteria decision aid model. Additionally, the cited venue ""Electronic Commerce Research"" conflicts with the found venue ""37th Annual Hawaii International Conference on System Sciences."" No identifier was available to confirm the citation. These discrepancies indicate the reference could not be verified.

- https://ieeexplore.ieee.org/abstract/document/1265440/",0.0,1.0
"Sharma, S. K. (2014). An empirical analysis of the adoption of mobile banking in India. *Vision*, 18(3), 205-215.",Mobile banking,mistral_large_2_123b,unverified,Reference could not be verified.,UNCONFIRMED,UNCONFIRMED,UNCONFIRMED,UNCONFIRMED,UNCONFIRMED,,,,,,,,,,,,,,,,,,,,,,,0,0,0,,0,"? Title | ? Authors | ? Year | ? Venue | ? ID

### Summary
No matching article could be found for the reference by Sharma, S. K. (2014) titled ""An empirical analysis of the adoption of mobile banking in India"" in the journal Vision. The verification process did not find any records that confirm the authors, title, year, or journal details.

### Details
A search was conducted using OpenAlex and Google, but no matching work was found. There were no candidates or potential matches to compare against the original reference, and none of the key fields such as title, authors, year, or journal were confirmed.

- [OpenAlex](https://openalex.org)
- [Google Search](https://www.google.com)",0.0,1.0
"Zhou, T. (2012). Mobile banking adoption: A social cognitive perspective. *International Journal of Bank Marketing*, 30(4), 278-291.",Mobile banking,mistral_large_2_123b,unverified,Reference could not be verified.,CONTRADICTION,MATCH,MATCH,CONTRADICTION,ABSENT,Examining mobile banking user adoption from the perspectives of trust and flow experience,T Zhou,2012,Information Technology and Management,,https://link.springer.com/article/10.1007/s10799-011-0111-8,GOOGLE,2,2,0,1,0,Mobile banking adoption: A social cognitive perspective.,Examining mobile banking user adoption from the perspectives of trust and flow experience,"Zhou, T.",T Zhou,2012,2012,International Journal of Bank Marketing,Information Technology and Management,,https://link.springer.com/article/10.1007/s10799-011-0111-8,0,0,3,GOOGLE,0,"✗ Title | ✓ Authors | ✓ Year | ✗ Venue | ○ ID

### Summary
The reference could not be verified as the article with the given title and journal does not match any found records. Although the author Zhou, T. and the year 2012 match, the title and journal differ significantly from available sources.

### Details
A matching record was found for an article by T. Zhou published in 2012, but its title is ""Examining mobile banking user adoption from the perspectives of trust and flow experience"" and it appeared in the journal Information Technology and Management. This differs from the cited title emphasizing a social cognitive perspective and the journal International Journal of Bank Marketing. No DOI or other identifier was available to confirm the citation. The differences in title focus and journal suggest these are not the same article.

- https://link.springer.com/article/10.1007/s10799-011-0111-8",0.0,1.0
"Dahl, R. A. (1961). Who Governs? Democracy and Power in an American City. Yale University Press.",Political Science,mistral_large_2_123b,verified,"Dahl, R. A. (1961). *Who Governs? Democracy and Power in an American City*. Yale University Press. https://archive.org/details/whogovernsdemocr0000robe",MATCH,MATCH,MATCH,MATCH,ABSENT,Who Governs? Democracy and Power in an American City,Robert A. Dahl,1961,Yale University Press,,https://archive.org/details/whogovernsdemocr0000robe,GOOGLE,4,0,0,1,0,Who Governs? Democracy and Power in an American City.,Who Governs? Democracy and Power in an American City,R. A. Dahl,Robert A. Dahl,1961,1961,Yale University Press,Yale University Press,,https://archive.org/details/whogovernsdemocr0000robe,1,1,2,GOOGLE,0,"✓ Title | ✓ Authors | ✓ Year | ✓ Venue | ○ ID

### Summary
This book was confirmed as ""Who Governs? Democracy and Power in an American City"" by Robert A. Dahl, published in 1961 by Yale University Press. The title, author, year, and publisher all matched exactly, confirming the reference.

### Details
A matching record was found with the exact title and publication year 1961. The author Robert A. Dahl was confirmed, with initials in the citation matching the full name in the evidence. The publisher Yale University Press also matched exactly. Although no DOI was present in the citation, multiple sources including the Internet Archive and library catalogs verified the book's details.

- https://archive.org/details/whogovernsdemocr0000robe
- https://www.amazon.ca/Governs-Democracy-Power-American-City/dp/B000R0CQGY
- https://worldcat.org/oclc/47009291",1.0,0.0
"Huntington, S. P. (1991). The Third Wave: Democratization in the Late Twentieth Century. University of Oklahoma Press.",Political Science,mistral_large_2_123b,verified,"Huntington, S. P. (1991). *The third wave: Democratization in the late twentieth century*. University of Oklahoma Press.",MATCH,MATCH,MATCH,MATCH,ABSENT,The third wave: democratization in the late twentieth century,Samuel P. Huntington,1991,University of Oklahoma Press,,https://archive.org/details/thirdwavedemocra0000hunt,GOOGLE,4,0,0,1,0,The Third Wave: Democratization in the Late Twentieth Century,The third wave: democratization in the late twentieth century,"Huntington, S. P.",Samuel P. Huntington,1991,1991,University of Oklahoma Press,University of Oklahoma Press,,https://archive.org/details/thirdwavedemocra0000hunt,1,1,1,GOOGLE,0,"✓ Title | ✓ Authors | ✓ Year | ✓ Venue | ○ ID

### Summary
This book was confirmed as ""The Third Wave: Democratization in the Late Twentieth Century"" by Samuel P. Huntington, published in 1991 by the University of Oklahoma Press. The title, author, year, and publisher all matched exactly, confirming the reference.

### Details
A matching record was found with the exact title and author, where the citation used initials ""S. P. Huntington"" and the evidence showed the full name ""Samuel P. Huntington."" The publication year 1991 and the publisher ""University of Oklahoma Press"" matched exactly. Although no DOI was present, multiple sources including the University of Oklahoma Press website and archive.org confirm the book's details and availability.

- https://archive.org/details/thirdwavedemocra0000hunt
- https://www.oupress.com/9780806125169/the-third-wave/
- https://en.wikipedia.org/wiki/The_Third_Wave:_Democratization_in_the_Late_Twentieth_Century",1.0,0.0
"Lijphart, A. (1999). Patterns of Democracy: Government Forms and Performance in Thirty-Six Countries. Yale University Press.",Political Science,mistral_large_2_123b,verified-with-error,"Lijphart, A. (2012). *Patterns of democracy: Government forms and performance in thirty-six countries* (2nd ed.). Yale University Press. https://yalebooks.yale.edu/book/9780300172027/patterns-of-democracy/",MATCH,MATCH,CONTRADICTION,MATCH,ABSENT,Patterns of democracy: government forms and performance in thirty-six countries,Arend Lijphart,2012,Yale University Press,,https://yalebooks.yale.edu/book/9780300172027/patterns-of-democracy/,GOOGLE,3,1,0,1,0,Patterns of Democracy: Government Forms and Performance in Thirty-Six Countries,Patterns of democracy: government forms and performance in thirty-six countries,"Lijphart, A.",Arend Lijphart,1999,2012,Yale University Press,Yale University Press,,https://yalebooks.yale.edu/book/9780300172027/patterns-of-democracy/,0,0,2,GOOGLE,0,"✓ Title | ✓ Authors | ✗ Year | ✓ Venue | ○ ID

### Summary
This book was confirmed as published by Yale University Press with matching title and author. However, there is a discrepancy in the publication year: the citation lists 1999, while the best match found corresponds to a 2012 second edition.

### Details
A matching record was found with the exact title ""Patterns of democracy: government forms and performance in thirty-six countries"" and author Arend Lijphart, published by Yale University Press. The citation year is 1999, but the evidence points to a 2012 edition, which is the second edition of the book. No DOI was found for the citation. The 2012 edition is confirmed on the Yale University Press website at https://yalebooks.yale.edu/book/9780300172027/patterns-of-democracy/ and the original 1999 edition is also referenced on Amazon and other sources.

- https://yalebooks.yale.edu/book/9780300172027/patterns-of-democracy/
- https://www.amazon.com/Patterns-Democracy-Government-Performance-Thirty-Six/dp/0300078935",0.6,0.4
"Putnam, R. D. (1993). Making Democracy Work: Civic Traditions in Modern Italy. Princeton University Press.",Political Science,mistral_large_2_123b,verified,"Putnam, R. D., Leonardi, R., & Nanetti, R. Y. (1993). *Making Democracy Work: Civic Traditions in Modern Italy*. Princeton University Press. https://archive.org/details/makingdemocracyw00putn",MATCH,CONTAINS,MATCH,MATCH,ABSENT,Making Democracy Work: Civic Traditions in Modern Italy,Robert D. Putnam; Robert Leonardi; Raffaella Y. Nanetti,1993,Princeton University Press,,https://archive.org/details/makingdemocracyw00putn,GOOGLE,3,0,1,1,0,Making Democracy Work: Civic Traditions in Modern Italy,Making Democracy Work: Civic Traditions in Modern Italy,"Putnam, R. D.",Robert D. Putnam; Robert Leonardi; Raffaella Y. Nanetti,1993,1993,Princeton University Press,Princeton University Press,,https://archive.org/details/makingdemocracyw00putn,1,1,2,GOOGLE,0,"✓ Title | ◐ Authors | ✓ Year | ✓ Venue | ○ ID

### Summary
This book was confirmed as ""Making Democracy Work: Civic Traditions in Modern Italy"" published by Princeton University Press in 1993. The author Robert D. Putnam was found among the listed authors, which also include Robert Leonardi and Raffaella Y. Nanetti.

### Details
A matching record was found with the exact title and year 1993. The publisher Princeton University Press also matched exactly. The citation author Putnam, R. D. corresponds to Robert D. Putnam in the evidence, which additionally lists two more authors. No DOI was present in the citation, but multiple sources including an Internet Archive link and Princeton University Press confirm the reference.

- https://archive.org/details/makingdemocracyw00putn
- https://press.princeton.edu/books/paperback/9780691037387/making-democracy-work?srsltid=AfmBOorKYnoXAbdxexf7cauJnrWal0rY6itNYP13-zmhaP9gDh9cwxp_
- https://en.wikipedia.org/wiki/Making_Democracy_Work",0.867,0.133
"Schattschneider, E. E. (1960). The Semisovereign People: A Realist's View of Democracy in America. Hinsdale, N.Y.: Dryden Press.",Political Science,mistral_large_2_123b,verified,"Schattschneider, E. E. (1960). *The Semisovereign People: A Realist's View of Democracy in America*. Holt, Rinehart and Winston. https://books.google.com/books/about/The_Semisovereign_People.html?id=GXdHAAAAMAAJ",MATCH,MATCH,MATCH,CONTAINS,ABSENT,The Semisovereign People: A Realist's View of Democracy in America,Elmer Eric Schattschneider,1960,"Holt, Rinehart and Winston",,https://books.google.com/books/about/The_Semisovereign_People.html?id=GXdHAAAAMAAJ,GOOGLE,3,0,1,1,0,The Semisovereign People: A Realist's View of Democracy in America,The Semisovereign People: A Realist's View of Democracy in America,"Schattschneider, E. E.",Elmer Eric Schattschneider,1960,1960,Dryden Press,"Holt, Rinehart and Winston",,https://books.google.com/books/about/The_Semisovereign_People.html?id=GXdHAAAAMAAJ,1,1,1,GOOGLE,0,"✓ Title | ✓ Authors | ✓ Year | ◐ Venue | ○ ID

### Summary
This book was confirmed with the exact title ""The Semisovereign People: A Realist's View of Democracy in America"" by Elmer Eric Schattschneider, published in 1960. The publisher Dryden Press mentioned in the citation is related to the verified publisher Holt, Rinehart and Winston, confirming the reference.

### Details
A matching record was found with the exact title and author name, where the citation's initials ""E. E. Schattschneider"" correspond to the full name ""Elmer Eric Schattschneider."" The publication year 1960 matched exactly. Although the citation lists Dryden Press as the publisher, it is historically connected to Holt, Rinehart and Winston, which appears in the verified record. No digital identifier was present in the citation. Relevant sources include Google Books and the Internet Archive.

- https://books.google.com/books/about/The_Semisovereign_People.html?id=GXdHAAAAMAAJ
- https://archive.org/details/semisovereignpeo00scha",0.9,0.1
"Skocpol, T. (1979). States and Social Revolutions: A Comparative Analysis of France, Russia, and China. Cambridge University Press.",Political Science,mistral_large_2_123b,verified,"Skocpol, T. (1979). *States and social revolutions: A comparative analysis of France, Russia, and China*. Cambridge University Press. https://books.google.com/books?hl=en&lr=&id=so0gddc0w3UC&oi=fnd&pg=PR9&dq=States+and+Social+Revolutions+Skocpol&ots=ITMbTqUMl_&sig=fNbOfFYX86I_80YHKJCWGK2rKKY",MATCH,MATCH,MATCH,MATCH,ABSENT,"States and Social Revolutions: A Comparative Analysis of France, Russia, and China",Theda Skocpol,1979,Cambridge University Press,,https://books.google.com/books?hl=en&lr=&id=so0gddc0w3UC&oi=fnd&pg=PR9&dq=States+and+Social+Revolutions+Skocpol&ots=ITMbTqUMl_&sig=fNbOfFYX86I_80YHKJCWGK2rKKY,GOOGLE,4,0,0,1,0,"States and Social Revolutions: A Comparative Analysis of France, Russia, and China.","States and Social Revolutions: A Comparative Analysis of France, Russia, and China","Skocpol, T.",Theda Skocpol,1979,1979,Cambridge University Press,Cambridge University Press,,https://books.google.com/books?hl=en&lr=&id=so0gddc0w3UC&oi=fnd&pg=PR9&dq=States+and+Social+Revolutions+Skocpol&ots=ITMbTqUMl_&sig=fNbOfFYX86I_80YHKJCWGK2rKKY,1,1,1,GOOGLE,0,"✓ Title | ✓ Authors | ✓ Year | ✓ Venue | ○ ID

### Summary
This book was confirmed as ""States and Social Revolutions: A Comparative Analysis of France, Russia, and China"" by Theda Skocpol, published in 1979 by Cambridge University Press. The title, author, year, and publisher all matched exactly.

### Details
A matching record was found with the exact title and author Theda Skocpol, published in 1979 by Cambridge University Press. The citation used the initial ""T. Skocpol,"" which corresponds to Theda Skocpol, confirming the author match. No DOI was present in the citation, but the publisher and year matched perfectly. Additional sources such as Google Books and academic databases confirm this publication and its details.

- https://books.google.com/books?hl=en&lr=&id=so0gddc0w3UC&oi=fnd&pg=PR9&dq=States+and+Social+Revolutions+Skocpol&ots=ITMbTqUMl_&sig=fNbOfFYX86I_80YHKJCWGK2rKKY
- https://www.amazon.com/States-Social-Revolutions-Comparative-Analysis/dp/0521294991
- https://en.wikipedia.org/wiki/States_and_Social_Revolutions",1.0,0.0
"Tarrow, S. (1998). Power in Movement: Social Movements and Contentious Politics. Cambridge University Press.",Political Science,mistral_large_2_123b,verified,"Tarrow, S. G. (1998). *Power in movement: Social movements and contentious politics*. Cambridge University Press. https://archive.org/details/powerinmovements0000tarr",MATCH,MATCH,MATCH,MATCH,ABSENT,Power in movement : social movements and contentious politics,Sidney G. Tarrow,1998,Cambridge University Press,,https://archive.org/details/powerinmovements0000tarr,GOOGLE,4,0,0,1,0,Power in Movement: Social Movements and Contentious Politics.,Power in movement : social movements and contentious politics,"Tarrow, S.",Sidney G. Tarrow,1998,1998,Cambridge University Press,Cambridge University Press,,https://archive.org/details/powerinmovements0000tarr,1,1,1,GOOGLE,0,"✓ Title | ✓ Authors | ✓ Year | ✓ Venue | ○ ID

### Summary
This book was confirmed as ""Power in Movement: Social Movements and Contentious Politics"" by Sidney G. Tarrow, published in 1998 by Cambridge University Press. The title, author name, year, and publisher all matched exactly, confirming the reference.

### Details
A matching record was found with the exact title and author, where ""Tarrow, S."" corresponds to ""Sidney G. Tarrow."" The publication year 1998 and the publisher Cambridge University Press also matched perfectly. Although no DOI was provided in the citation, multiple sources including archive.org and academic listings confirm the book's details.

- https://archive.org/details/powerinmovements0000tarr
- https://openlibrary.org/books/OL688150M/Power_in_movement
- https://www.nonviolent-conflict.org/resource/power-in-movement-social-movements-and-contentious-politics/",1.0,0.0
"Verba, S., Schlozman, K. L., & Brady, H. E. (1995). Voice and Equality: Civic Voluntarism in American Politics. Harvard University Press.",Political Science,mistral_large_2_123b,verified,"Verba, S., Schlozman, K. L., & Brady, H. E. (1995). *Voice and equality: Civic voluntarism in American politics*. Harvard University Press. https://books.google.com/books?id=YFiCO5f0BKAC&printsec=copyright",MATCH,MATCH,MATCH,MATCH,ABSENT,Voice and equality: civic voluntarism in American politics,Sidney Verba; Kay Lehman Schlozman; Henry E. Brady,1995,Harvard University Press,,https://books.google.com/books?id=YFiCO5f0BKAC&printsec=copyright,GOOGLE,4,0,0,1,0,Voice and Equality: Civic Voluntarism in American Politics,Voice and equality: civic voluntarism in American politics,"Verba, S.; Schlozman, K. L.; Brady, H. E.",Sidney Verba; Kay Lehman Schlozman; Henry E. Brady,1995,1995,Harvard University Press,Harvard University Press,,https://books.google.com/books?id=YFiCO5f0BKAC&printsec=copyright,1,1,1,GOOGLE,0,"✓ Title | ✓ Authors | ✓ Year | ✓ Venue | ○ ID

### Summary
This book was confirmed as ""Voice and Equality: Civic Voluntarism in American Politics"" published by Harvard University Press in 1995. The authors Sidney Verba, Kay Lehman Schlozman, and Henry E. Brady were all matched exactly.

### Details
A matching record was found with the exact title and author names fully matching the citation. The publication year 1995 and the publisher Harvard University Press also matched exactly. No digital identifier was present in the citation, but multiple sources including Google Books and Amazon confirm the book's details.

- https://books.google.com/books?id=YFiCO5f0BKAC&printsec=copyright
- https://www.amazon.com/Voice-Equality-Voluntarism-American-Politics/dp/0674942930
- https://www.jstor.org/stable/j.ctv1pnc1k7",1.0,0.0
"Weber, M. (1919). Politics as a Vocation. In H. H. Gerth & C. Wright Mills (Eds.), From Max Weber: Essays in Sociology (pp. 77-128). Routledge.",Political Science,mistral_large_2_123b,verified-with-error,"Weber, M. (n.d.). Politics as a vocation. https://archive.org/download/weber_max_1864_1920_politics_as_a_vocation/weber_max_1864_1920_politics_as_a_vocation.pdf",MATCH,MATCH,UNCONFIRMED,UNCONFIRMED,ABSENT,Politics as a vocation,Max Weber,,,,https://archive.org/download/weber_max_1864_1920_politics_as_a_vocation/weber_max_1864_1920_politics_as_a_vocation.pdf,GOOGLE,2,0,0,1,2,Politics as a Vocation,Politics as a vocation,"Weber, M.",Max Weber,1919,,Routledge,,,https://archive.org/download/weber_max_1864_1920_politics_as_a_vocation/weber_max_1864_1920_politics_as_a_vocation.pdf,2,2,3,GOOGLE,0,"✓ Title | ✓ Authors | ? Year | ? Venue | ○ ID

### Summary
This reference to ""Politics as a Vocation"" by Max Weber was confirmed with the title and author matching exactly. However, the publication year and publisher details could not be fully confirmed from the available sources.

### Details
A matching record was found with the exact title ""Politics as a vocation"" and author Max Weber, confirming the core citation details. The year 1919 and the publisher Routledge were not confirmed because the potential matches lacked these specific fields. The best available source is a PDF of the essay hosted on archive.org, which supports the existence of the work but does not specify the year or publisher. Additional searches found the essay included in collections edited by Gerth and Mills, but exact publication details varied or were missing.

- [Archive.org PDF](https://archive.org/download/weber_max_1864_1920_politics_as_a_vocation/weber_max_1864_1920_politics_as_a_vocation.pdf)
- [Wikipedia: Politics as a Vocation](https://en.wikipedia.org/wiki/Politics_as_a_Vocation)
- [Routledge: From Max Weber: Essays in Sociology](https://www.routledge.com/From-Max-Weber-Essays-in-Sociology/Weber/p/book/9780415482691)",0.6,0.4
"Ziblatt, D. (2017). Conservative Parties and the Birth of Democracy. Cambridge University Press.",Political Science,mistral_large_2_123b,verified,"Ziblatt, D. (2017). Conservative parties and the birth of democracy. *Cambridge University Press*. https://doi.org/10.1017/9781139030335",MATCH,MATCH,MATCH,MATCH,ABSENT,Conservative Parties and the Birth of Democracy,Daniel Ziblatt,2017,Cambridge University Press,10.1017/9781139030335,,GOOGLE,4,0,0,1,0,Conservative Parties and the Birth of Democracy,Conservative Parties and the Birth of Democracy,"Ziblatt, D.",Daniel Ziblatt,2017,2017,Cambridge University Press,Cambridge University Press,,10.1017/9781139030335,1,1,1,GOOGLE,0,"✓ Title | ✓ Authors | ✓ Year | ✓ Venue | ○ ID

### Summary
This book was confirmed as ""Conservative Parties and the Birth of Democracy"" by Daniel Ziblatt, published in 2017 by Cambridge University Press. The title, author, year, and publisher all matched exactly with the verified record.

### Details
A matching record was found with the exact title ""Conservative Parties and the Birth of Democracy"" and author Daniel Ziblatt. The publication year 2017 and the publisher Cambridge University Press also matched perfectly. Although no identifier was provided in the original citation, the verified record includes a DOI: 10.1017/9781139030335, confirming the source's authenticity.

- https://doi.org/10.1017/9781139030335
- https://www.cambridge.org/core/books/conservative-parties-and-the-birth-of-democracy",1.0,0.0
"Aghahosseini, A., & Breyer, C. (2018). Renewable energy transition: Simulation for West Africa and CO2 mitigation. Energy Strategy Reviews, 22, 228-256.",Renewable energy,mistral_large_2_123b,unverified,Reference could not be verified.,CONTRADICTION,CONTAINS,CONTRADICTION,CONTAINS,ABSENT,Transition towards decarbonised power systems and its socio-economic impacts in West Africa,A S Oyewo; A Aghahosseini; M Ram; C Breyer,2020,Renewable Energy,,https://www.sciencedirect.com/science/article/pii/S0960148120304109,GOOGLE,0,2,2,1,0,Renewable energy transition: Simulation for West Africa and CO2 mitigation.,Transition towards decarbonised power systems and its socio-economic impacts in West Africa,"Aghahosseini, A.; Breyer, C.",A S Oyewo; A Aghahosseini; M Ram; C Breyer,2018,2020,Energy Strategy Reviews,Renewable Energy,,https://www.sciencedirect.com/science/article/pii/S0960148120304109,0,0,2,GOOGLE,0,"✗ Title | ◐ Authors | ✗ Year | ◐ Venue | ○ ID

### Summary
The reference could not be verified as the details differ significantly from available records. The cited article from 2018 about renewable energy transition and CO2 mitigation in West Africa does not match the found article from 2020, which focuses on decarbonised power systems and socio-economic impacts in the same region.

### Details
A matching record was found titled ""Transition towards decarbonised power systems and its socio-economic impacts in West Africa"" published in 2020 in Renewable Energy. The authors include Aghahosseini and Breyer, but also additional authors not listed in the citation. The year differs by two years, and the titles focus on different core topics, indicating these are distinct articles. No exact match was found for the 2018 article in Energy Strategy Reviews.

- https://www.sciencedirect.com/science/article/pii/S0960148120304109",0.0,1.0
"Bhattacharyya, S. C. (2015). Sustainable energy policy and renewable energy development. Springer.",Renewable energy,mistral_large_2_123b,unverified,Reference could not be verified.,CONTRADICTION,MATCH,CONTRADICTION,CONTRADICTION,ABSENT,Energy access programmes and sustainable development: A critical review and analysis,SC Bhattacharyya,2012,Energy for Sustainable Development,,https://www.sciencedirect.com/science/article/pii/S0973082612000245,GOOGLE,1,3,0,1,0,Sustainable energy policy and renewable energy development,Energy access programmes and sustainable development: A critical review and analysis,"Bhattacharyya, S. C.",SC Bhattacharyya,2015,2012,Springer,Energy for Sustainable Development,,https://www.sciencedirect.com/science/article/pii/S0973082612000245,0,0,3,GOOGLE,0,"✗ Title | ✓ Authors | ✗ Year | ✗ Venue | ○ ID

### Summary
The reference could not be verified as matching the provided citation. Although the author Bhattacharyya, S. C. was confirmed, the title, year, and publisher did not match any found records.

### Details
A matching record was found for the author SC Bhattacharyya, but the title was ""Energy access programmes and sustainable development: A critical review and analysis"" from 2012, published in the journal Energy for Sustainable Development. This differs from the cited title ""Sustainable energy policy and renewable energy development"" from 2015 published by Springer. No identifier was provided in the citation to assist verification.

- https://www.sciencedirect.com/science/article/pii/S0973082612000245",0.0,1.0
"Davis, S. J., Lewis, N. S., & Shaner, M. (2018). Net-zero emissions energy systems. Science, 360(6396), eaas9793.",Renewable energy,mistral_large_2_123b,verified,"Davis, S. J., Lewis, N. S., Shaner, M. R., Aggarwal, S., Arent, D. J., Azevedo, I. L., Benson, S. M., Bradley, T. H., Brouwer, J., Chiang, Y.-M., Clack, C., Cohen, A., Doig, S. J., Edmonds, J., Fennell, P. S., Field, C. B., Hannegan, B., Hodge, B.-M., Hoffert, M. I., ... Caldeira, K. (2018). *Net-zero emissions energy systems*. *Science*, 360(6396), eaas9793. https://doi.org/10.1126/science.aas9793",MATCH,MATCH,MATCH,MATCH,ABSENT,Net-zero emissions energy systems,Steven J. Davis; Nathan S. Lewis; Matthew R. Shaner; Sonia Aggarwal; D. J. Arent; Inês L. Azevedo; Sally M. Benson; Thomas H. Bradley; Jack Brouwer; Yet‐Ming Chiang; C. Clack; Armond Cohen; Stephen J. Doig; Jae Edmonds; Paul S. Fennell; Christopher B. Field; Bryan Hannegan; Bri‐Mathias Hodge; Martin I. Hoffert; Eric Ingersoll; Paulina Jaramillo; Klaus S. Lackner; Katharine J. Mach; Michael D. Mastrandrea; Joan M. Ogden; Per F. Peterson; Daniel L. Sanchez; Daniel Sperling; Joseph Stagner; Jessika E. Trancik; Chi-Jen Yang; Ken Caldeira,2018,Science,10.1126/science.aas9793,https://doi.org/10.1126/science.aas9793,GOOGLE,4,0,0,1,0,Net-zero emissions energy systems,Net-zero emissions energy systems,"Davis, S. J.; Lewis, N. S.; Shaner, M.",Steven J. Davis; Nathan S. Lewis; Matthew R. Shaner; Sonia Aggarwal; D. J. Arent; Inês L. Azevedo; Sally M. Benson; Thomas H. Bradley; Jack Brouwer; Yet‐Ming Chiang; C. Clack; Armond Cohen; Stephen J. Doig; Jae Edmonds; Paul S. Fennell; Christopher B. Field; Bryan Hannegan; Bri‐Mathias Hodge; Martin I. Hoffert; Eric Ingersoll; Paulina Jaramillo; Klaus S. Lackner; Katharine J. Mach; Michael D. Mastrandrea; Joan M. Ogden; Per F. Peterson; Daniel L. Sanchez; Daniel Sperling; Joseph Stagner; Jessika E. Trancik; Chi-Jen Yang; Ken Caldeira,2018,2018,Science,Science,,10.1126/science.aas9793,1,1,1,GOOGLE,0,"✓ Title | ✓ Authors | ✓ Year | ✓ Venue | ○ ID

### Summary
This article was confirmed in the journal Science with matching authors Davis, Lewis, and Shaner, and the publication year 2018. The title ""Net-zero emissions energy systems"" was verified exactly as cited.

### Details
A matching record was found with the exact title ""Net-zero emissions energy systems"" published in Science in 2018. The core authors Davis, Lewis, and Shaner correspond to the citation, with the citation using initials and the evidence listing full names, confirming the match. Although the evidence includes many additional authors, the primary authors match perfectly. The publication year and journal name also matched exactly. No identifier was present in the citation, but the DOI 10.1126/science.aas9793 was found for the article.

- https://doi.org/10.1126/science.aas9793
- https://science.sciencemag.org/content/360/6396/eaas9793",1.0,0.0
"Jacobson, M. Z., & Delucchi, M. A. (2011). Providing all global energy with wind, water, and solar power, Part I: Technologies, energy resources, quantities and areas of infrastructure, and materials. Energy Policy, 39(3), 1154-1169.",Renewable energy,mistral_large_2_123b,verified,"Jacobson, M. Z., & Delucchi, M. A. (2010). Providing all global energy with wind, water, and solar power, Part I: Technologies, energy resources, quantities and areas of infrastructure, and materials. *Energy Policy*, 39(3), 1154-1169. https://doi.org/10.1016/j.enpol.2010.11.040",MATCH,MATCH,CONTAINS,MATCH,ABSENT,"Providing all global energy with wind, water, and solar power, Part I: Technologies, energy resources, quantities and areas of infrastructure, and materials",Mark Z. Jacobson; Mark A. Delucchi,2010,Energy Policy,10.1016/j.enpol.2010.11.040,https://doi.org/10.1016/j.enpol.2010.11.040,GOOGLE,3,0,1,1,0,"Providing all global energy with wind, water, and solar power, Part I: Technologies, energy resources, quantities and areas of infrastructure, and materials.","Providing all global energy with wind, water, and solar power, Part I: Technologies, energy resources, quantities and areas of infrastructure, and materials","Jacobson, M. Z.; Delucchi, M. A.",Mark Z. Jacobson; Mark A. Delucchi,2011,2010,Energy Policy,Energy Policy,,10.1016/j.enpol.2010.11.040,1,1,1,GOOGLE,0,"✓ Title | ✓ Authors | ◐ Year | ✓ Venue | ○ ID

### Summary
This article was confirmed in the journal Energy Policy with matching authors Mark Z. Jacobson and Mark A. Delucchi. The title matched exactly, and the publication year was very close, differing by only one year.

### Details
A matching record was found with the exact title ""Providing all global energy with wind, water, and solar power, Part I: Technologies, energy resources, quantities and areas of infrastructure, and materials."" The authors correspond one-to-one with the citation, and the journal name Energy Policy matched exactly. The year in the evidence was 2010, which is within one year of the cited year 2011. No identifier was present in the citation. Relevant sources include the DOI link https://doi.org/10.1016/j.enpol.2010.11.040 and multiple search results confirming the article's details.

- https://doi.org/10.1016/j.enpol.2010.11.040
- https://www.sciencedirect.com/science/article/pii/S0301421510008645
- https://ideas.repec.org/a/eee/enepol/v39y2011i3p1154-1169.html",0.9,0.1
"Kaldellis, J. K., & Kapsali, M. (2013). Comparative life cycle environmental impact assessment of renewable energy sources. Renewable and Sustainable Energy Reviews, 26, 503-511.",Renewable energy,mistral_large_2_123b,unverified,Reference could not be verified.,UNCONFIRMED,UNCONFIRMED,UNCONFIRMED,UNCONFIRMED,UNCONFIRMED,,,,,,,,,,,,,,,,,,,,,,,0,0,0,,0,"? Title | ? Authors | ? Year | ? Venue | ? ID

### Summary
No matching article could be found for the reference by Kaldellis and Kapsali from 2013 titled ""Comparative life cycle environmental impact assessment of renewable energy sources"" in the journal Renewable and Sustainable Energy Reviews.

### Details
A search was conducted across multiple databases including OpenAlex, Google Scholar, and general Google search, but no records matching the title, authors, year, or journal were found. There were no potential matches or similar works identified to confirm the reference.

- https://openalex.org
- https://scholar.google.com
- https://www.google.com",0.0,1.0
"Liu, F., & Lund, H. (2017). Renewable energy integration: A comparison of the electricity systems in China and Europe. Renewable and Sustainable Energy Reviews, 75, 478-488.",Renewable energy,mistral_large_2_123b,unverified,Reference could not be verified.,UNCONFIRMED,UNCONFIRMED,UNCONFIRMED,UNCONFIRMED,UNCONFIRMED,,,,,,,,,,,,,,,,,,,,,,,0,0,0,,0,"? Title | ? Authors | ? Year | ? Venue | ? ID

### Summary
No matching article could be found for the reference by Liu and Lund (2017) titled ""Renewable energy integration: A comparison of the electricity systems in China and Europe"" in Renewable and Sustainable Energy Reviews.

### Details
A search was conducted using OpenAlex and Google, but no records matching the title, authors, year, or journal were found. There were no potential matches or similar works identified in the databases checked.

- [OpenAlex](https://openalex.org)
- [Google Search](https://www.google.com)",0.0,1.0
"Markvart, T. (2000). Solar electricity. John Wiley & Sons.",Renewable energy,mistral_large_2_123b,verified,"Markvart, T. (Ed.). (2000). *Solar Electricity* (2nd ed.). John Wiley & Sons. https://books.google.com/books?hl=en&lr=&id=3GjiEAAAQBAJ&oi=fnd&pg=PR9&dq=Solar+electricity+Markvart&ots=RG7yK_rdiG&sig=BwcH4fvCtd9-_5-StBp-_HXckyk",MATCH,MATCH,MATCH,MATCH,ABSENT,Solar Electricity,Tomas Markvart,2000,John Wiley & Sons,,https://books.google.com/books?hl=en&lr=&id=3GjiEAAAQBAJ&oi=fnd&pg=PR9&dq=Solar+electricity+Markvart&ots=RG7yK_rdiG&sig=BwcH4fvCtd9-_5-StBp-_HXckyk,GOOGLE,4,0,0,1,0,Solar electricity,Solar Electricity,"Markvart, T.",Tomas Markvart,2000,2000,John Wiley & Sons,John Wiley & Sons,,https://books.google.com/books?hl=en&lr=&id=3GjiEAAAQBAJ&oi=fnd&pg=PR9&dq=Solar+electricity+Markvart&ots=RG7yK_rdiG&sig=BwcH4fvCtd9-_5-StBp-_HXckyk,1,1,1,GOOGLE,0,"✓ Title | ✓ Authors | ✓ Year | ✓ Venue | ○ ID

### Summary
This book titled ""Solar Electricity"" by Tomas Markvart was confirmed as published in 2000 by John Wiley & Sons. The author name, title, year, and publisher all matched exactly with the verified record.

### Details
A matching record was found with the exact title ""Solar Electricity"" and author Tomas Markvart, confirming the citation's author initial corresponds to the full name. The publication year 2000 and publisher John Wiley & Sons also matched perfectly. Although no DOI was available, the book is accessible via Google Books at the provided URL.

- https://books.google.com/books?hl=en&lr=&id=3GjiEAAAQBAJ&oi=fnd&pg=PR9&dq=Solar+electricity+Markvart&ots=RG7yK_rdiG&sig=BwcH4fvCtd9-_5-StBp-_HXckyk",1.0,0.0
"Twidell, J., & Weir, T. (2015). Renewable energy resources. Taylor & Francis.",Renewable energy,mistral_large_2_123b,verified-with-error,"Twidell, J., & Weir, T. (2006). Renewable Energy Resources. *Routledge*. https://doi.org/10.4324/9780203989302",MATCH,MATCH,CONTRADICTION,CONTAINS,ABSENT,Renewable Energy Resources,John Twidell; Tony Weir,2006,Routledge,10.4324/9780203989302,https://doi.org/10.4324/9780203989302,GOOGLE,2,1,1,1,0,Renewable energy resources,Renewable Energy Resources,"Twidell, J.; Weir, T.",John Twidell; Tony Weir,2015,2006,Taylor & Francis,Routledge,,10.4324/9780203989302,0,0,1,GOOGLE,0,"✓ Title | ✓ Authors | ✗ Year | ◐ Venue | ○ ID

### Summary
This book titled ""Renewable Energy Resources"" by John Twidell and Tony Weir was confirmed, with the title and authors matching exactly. However, there is a discrepancy in the publication year: the citation states 2015, but the verified edition was published in 2006. The publisher is related, as Routledge is an imprint of Taylor & Francis.

### Details
A matching record was found with the exact title ""Renewable Energy Resources"" and authors John Twidell and Tony Weir. The verified publication year is 2006, which differs from the cited year 2015 by nine years. The publisher listed in the evidence is Routledge, which is part of the Taylor & Francis group, matching the citation's publisher family. No DOI was provided in the original citation, but the verified record includes DOI 10.4324/9780203989302.

- [Taylor & Francis - Renewable Energy Resources](https://doi.org/10.4324/9780203989302)
- [Google Search Results](https://www.taylorfrancis.com/books/mono/10.4324/9781315766416/renewable-energy-resources-john-twidell-tony-weir)",0.5,0.5
"Barnes, D. F., & Floor, S. (1996). Rural electrification, economic development, and social equity: A review and assessment. World Bank Research Observer, 11(1), 1-26.",Rural electrification,mistral_large_2_123b,unverified,Reference could not be verified.,CONTRADICTION,MATCH,MATCH,CONTRADICTION,ABSENT,Rural energy in developing countries: a challenge for economic development,D F Barnes; W M Floor,1996,Annual review of energy and the …,,https://www.annualreviews.org/content/journals/10.1146/annurev.energy.21.1.497;,GOOGLE,2,2,0,1,0,"Rural electrification, economic development, and social equity: A review and assessment",Rural energy in developing countries: a challenge for economic development,"Barnes, D. F.; Floor, S.",D F Barnes; W M Floor,1996,1996,World Bank Research Observer,Annual review of energy and the …,,https://www.annualreviews.org/content/journals/10.1146/annurev.energy.21.1.497;,0,0,1,GOOGLE,0,"✗ Title | ✓ Authors | ✓ Year | ✗ Venue | ○ ID

### Summary
No matching article could be found for the reference provided. Although the authors and year match, the title and journal do not correspond to the cited work.

### Details
A matching record was found with the same authors, D. F. Barnes and S. Floor, and the year 1996, but the title was ""Rural energy in developing countries: a challenge for economic development"" rather than the cited ""Rural electrification, economic development, and social equity: A review and assessment."" Additionally, the found article was published in the Annual Review of Energy and the Environment, which differs from the cited World Bank Research Observer journal. No identifier was available to confirm the citation. These discrepancies indicate that the cited article could not be verified.

- https://www.annualreviews.org/content/journals/10.1146/annurev.energy.21.1.497;",0.0,1.0
"Chaurey, A., & Kandpal, T. C. (2010). A review of solar photovoltaic technologies for rural electrification in developing countries. Renewable and Sustainable Energy Reviews, 14(9), 2968-2977.",Rural electrification,mistral_large_2_123b,needs-human,Reference requires human review.,CONTAINS,CONTRADICTION,CONTAINS,MATCH,ABSENT,A review of solar photovoltaic technologies,B Parida; S Iniyan; R Goic,2011,Renewable and sustainable energy reviews,,https://www.sciencedirect.com/science/article/pii/S1364032110004016,GOOGLE,1,1,2,1,0,A review of solar photovoltaic technologies for rural electrification in developing countries.,A review of solar photovoltaic technologies,"Chaurey, A.; Kandpal, T. C.",B Parida; S Iniyan; R Goic,2010,2011,Renewable and Sustainable Energy Reviews,Renewable and sustainable energy reviews,,https://www.sciencedirect.com/science/article/pii/S1364032110004016,0,0,1,GOOGLE,0,"◐ Title | ✗ Authors | ◐ Year | ✓ Venue | ○ ID

### Summary
The reference could not be fully verified because the authors listed do not match any found in the search results, even though the title and journal are very similar. The year is close but differs by one year, and the best matching article has different authors.

### Details
A matching article titled ""A review of solar photovoltaic technologies"" was found in the journal Renewable and Sustainable Energy Reviews, published in 2011. However, the authors of this found article (Parida, Iniyan, and Goic) do not overlap with the cited authors (Chaurey and Kandpal). The year 2010 in the citation is close to the found article's 2011. No exact match was found on OpenAlex, and no DOI was available in the citation to confirm identity.

- https://www.sciencedirect.com/science/article/pii/S1364032110004016",0.2,0.8
"Dinkelman, T. (2011). The effects of rural electrification on employment: New evidence from South Africa. American Economic Review, 101(7), 3077-3108.",Rural electrification,mistral_large_2_123b,verified,"Dinkelman, T. (2011). The effects of rural electrification on employment: New evidence from South Africa. *American Economic Review*, 101(7), 3078-3108. https://doi.org/10.1257/aer.101.7.3078",MATCH,MATCH,MATCH,MATCH,ABSENT,The Effects of Rural Electrification on Employment: New Evidence from South Africa,Taryn Dinkelman,2011,American Economic Review,10.1257/aer.101.7.3078,https://doi.org/10.1257/aer.101.7.3078,GOOGLE,4,0,0,1,0,The effects of rural electrification on employment: New evidence from South Africa,The Effects of Rural Electrification on Employment: New Evidence from South Africa,"Dinkelman, T.",Taryn Dinkelman,2011,2011,American Economic Review,American Economic Review,,10.1257/aer.101.7.3078,1,1,1,GOOGLE,1,"✓ Title | ✓ Authors | ✓ Year | ✓ Venue | ○ ID

### Summary
This article was confirmed in the American Economic Review with matching authors and year. The title ""The Effects of Rural Electrification on Employment: New Evidence from South Africa"" was exactly matched, and the author Taryn Dinkelman corresponds to the citation author initials T. Dinkelman.

### Details
A matching record was found with the exact title and year 2011. The author name matched as the citation used initials while the evidence showed the full name. The journal name American Economic Review matched exactly. Although no identifier was provided in the citation, the evidence included a DOI (10.1257/aer.101.7.3078) and a URL confirming the article's presence.

- https://doi.org/10.1257/aer.101.7.3078",1.0,0.0
"Foley, G. (1992). Rural electrification and development: The case of Kenya. World Development, 20(9), 1337-1348.",Rural electrification,mistral_large_2_123b,needs-human,Reference requires human review.,CONTRADICTION,MATCH,MATCH,CONTAINS,ABSENT,Rural electrification in the developing world,G Foley,1992,Energy Policy,,https://www.sciencedirect.com/science/article/pii/030142159290108E,GOOGLE,2,1,1,1,0,Rural electrification and development: The case of Kenya.,Rural electrification in the developing world,"Foley, G.",G Foley,1992,1992,World Development,Energy Policy,,https://www.sciencedirect.com/science/article/pii/030142159290108E,0,0,3,GOOGLE,0,"✗ Title | ✓ Authors | ✓ Year | ◐ Venue | ○ ID

### Summary
The reference could not be conclusively verified because the title in the citation refers specifically to rural electrification in Kenya, while the closest found article discusses rural electrification in the developing world more broadly. Although the author (G. Foley) and year (1992) match, the difference in titles and journals suggests these are different works.

### Details
A matching record was found for an article titled ""Rural electrification in the developing world"" by G. Foley published in 1992 in the journal Energy Policy. However, the cited article's title is ""Rural electrification and development: The case of Kenya"" published in World Development, which is a different journal. No exact match was found in OpenAlex, and the titles differ significantly in scope, indicating a likely mismatch. 

- https://www.sciencedirect.com/science/article/pii/030142159290108E",0.233,0.767
"Krause, A. (2020). Rural electrification through renewable energy mini-grids: A review of sustainable business models. Renewable and Sustainable Energy Reviews, 119, 109573.",Rural electrification,mistral_large_2_123b,unverified,Reference could not be verified.,CONTRADICTION,CONTRADICTION,CONTAINS,CONTRADICTION,ABSENT,Renewable Energy in the Sustainable Development of Electrical Power Sector: A Review,Wadim Striełkowski; Lubomír Civín; Елена Александровна Тарханова; Manuela Tvaronavičienė; Yelena Petrenko,2021,Energies,10.3390/en14248240,https://doi.org/10.3390/en14248240,GOOGLE,0,3,1,1,0,Rural electrification through renewable energy mini-grids: A review of sustainable business models.,Renewable Energy in the Sustainable Development of Electrical Power Sector: A Review,"Krause, A.",Wadim Striełkowski; Lubomír Civín; Елена Александровна Тарханова; Manuela Tvaronavičienė; Yelena Petrenko,2020,2021,Renewable and Sustainable Energy Reviews,Energies,,10.3390/en14248240,0,0,1,GOOGLE,0,"✗ Title | ✗ Authors | ◐ Year | ✗ Venue | ○ ID

### Summary
No matching article could be found for the reference by Krause, A. (2020) on rural electrification through renewable energy mini-grids. The closest candidate found addresses a different topic, has different authors, and was published in a different journal.

### Details
A candidate article titled ""Renewable Energy in the Sustainable Development of Electrical Power Sector: A Review"" was found, but it differs significantly from the cited reference. The candidate's authors (Wadim Striełkowski and colleagues) do not overlap with the cited author Krause, A. The publication year is 2021, which is close but not an exact match to 2020. The journals also differ: the cited article is from Renewable and Sustainable Energy Reviews, while the candidate is from Energies. No DOI or other identifier was found for the cited reference, and no exact or close matches were identified in searches.

- https://doi.org/10.3390/en14248240",0.0,1.0
"Kaundinya, D. P., Balachandra, P., & Ravindranath, N. H. (2009). Rural electrification through renewable energy technologies: A case study of Karnataka, India. Energy Policy, 37(8), 3084-3093.",Rural electrification,mistral_large_2_123b,needs-human,Reference requires human review.,CONTRADICTION,MATCH,MATCH,CONTAINS,ABSENT,Grid-connected versus stand-alone energy systems for decentralized power—A review of literature,DP Kaundinya; P Balachandra; NH Ravindranath,2009,Elsevier (likely Renewable and Sustainable Energy Reviews),,https://www.sciencedirect.com/science/article/pii/S1364032109000483,GOOGLE,2,1,1,1,0,"Rural electrification through renewable energy technologies: A case study of Karnataka, India",Grid-connected versus stand-alone energy systems for decentralized power—A review of literature,"Kaundinya, D. P.; Balachandra, P.; Ravindranath, N. H.",DP Kaundinya; P Balachandra; NH Ravindranath,2009,2009,Energy Policy,Elsevier (likely Renewable and Sustainable Energy Reviews),,https://www.sciencedirect.com/science/article/pii/S1364032109000483,0,0,2,GOOGLE,0,"✗ Title | ✓ Authors | ✓ Year | ◐ Venue | ○ ID

### Summary
The reference could not be fully verified because the title does not match the found article, even though the authors and year are the same. The original citation refers to a case study on rural electrification in Karnataka, India, while the found article is a literature review on grid-connected versus stand-alone energy systems.

### Details
A matching record was found with the same three authors (Kaundinya, Balachandra, and Ravindranath) and the year 2009. However, the title differs significantly: the found article is titled ""Grid-connected versus stand-alone energy systems for decentralized power—A review of literature,"" which contrasts with the cited title about rural electrification through renewable energy technologies in Karnataka. The journals also differ, with the citation listing Energy Policy and the found article likely published in Renewable and Sustainable Energy Reviews, both Elsevier journals. No DOI or direct identifier was available to confirm the match conclusively, so human review is needed.

- https://www.sciencedirect.com/science/article/pii/S1364032109000483",0.233,0.767
"Lewis, A. (1986). Rural electrification and development: The case of Brazil. World Development, 14(12), 1551-1564.",Rural electrification,mistral_large_2_123b,unverified,Reference could not be verified.,CONTAINS,CONTRADICTION,CONTRADICTION,CONTAINS,ABSENT,The Brazilian experience of rural electrification in the Amazon with decentralized generation–The need to change the paradigm from electrification to development,JN de Souza Vianna; ACP Brasil Jr,2012,Renewable and Sustainable Energy Reviews,,https://www.sciencedirect.com/science/article/pii/S1364032111005776,GOOGLE,0,2,2,1,0,Rural electrification and development: The case of Brazil,The Brazilian experience of rural electrification in the Amazon with decentralized generation–The need to change the paradigm from electrification to development,"Lewis, A.",JN de Souza Vianna; ACP Brasil Jr,1986,2012,World Development,Renewable and Sustainable Energy Reviews,,https://www.sciencedirect.com/science/article/pii/S1364032111005776,0,0,3,GOOGLE,0,"◐ Title | ✗ Authors | ✗ Year | ◐ Venue | ○ ID

### Summary
No matching article could be found that corresponds exactly to the original reference by Lewis, A. from 1986. Although a related article about rural electrification in Brazil was found, it has different authors, a different year, and was published in a different journal.

### Details
A search found an article titled ""The Brazilian experience of rural electrification in the Amazon with decentralized generation–The need to change the paradigm from electrification to development"" published in 2012 by JN de Souza Vianna and ACP Brasil Jr in Renewable and Sustainable Energy Reviews. This title contains the core concept of rural electrification in Brazil, but the authors do not match Lewis, A., the year differs by 26 years, and the journal is different from World Development. No identifier was available to link the two references. Therefore, the original reference could not be verified.

- https://www.sciencedirect.com/science/article/pii/S1364032111005776",0.0,1.0
"Nouni, M. R., Mullick, S. C., & Kandpal, T. C. (2008). An assessment of the potential of solar photovoltaic systems for rural electrification in India. Energy Policy, 36(8), 2967-2975.",Rural electrification,mistral_large_2_123b,unverified,Reference could not be verified.,CONTAINS,UNCONFIRMED,UNCONFIRMED,UNCONFIRMED,ABSENT,Rural electrification in India and feasibility of Photovoltaic Solar Home Systems,,,,,https://www.researchgate.net/publication/229373189_Rural_electrification_in_India_and_feasibility_of_Photovoltaic_Solar_Home_Systems,GOOGLE,0,0,1,1,3,An assessment of the potential of solar photovoltaic systems for rural electrification in India,Rural electrification in India and feasibility of Photovoltaic Solar Home Systems,"Nouni, M. R.; Mullick, S. C.; Kandpal, T. C.",,2008,,Energy Policy,,,https://www.researchgate.net/publication/229373189_Rural_electrification_in_India_and_feasibility_of_Photovoltaic_Solar_Home_Systems,0,1,2,GOOGLE,0,"◐ Title | ? Authors | ? Year | ? Venue | ○ ID

### Summary
No matching article could be found that exactly corresponds to the original reference by Nouni, Mullick, and Kandpal from 2008 in Energy Policy. While a related document about rural electrification and photovoltaic solar home systems in India was found, it lacks author, year, and journal details to confirm it as the same work.

### Details
A search did not find any record matching the exact authors, year, and journal of the original citation. The title found is similar and covers the same topic, but it is more general and missing key bibliographic details such as authors and publication year. The best potential match is a document titled ""Rural electrification in India and feasibility of Photovoltaic Solar Home Systems"" available on ResearchGate, but it does not confirm the original citation's specifics.

- https://www.researchgate.net/publication/229373189_Rural_electrification_in_India_and_feasibility_of_Photovoltaic_Solar_Home_Systems",0.167,0.833
"Palit, D., & Chaurey, A. (2011). Rural electrification using renewable energy in India: A policy review. Renewable Energy, 36(11), 2823-2831.",Rural electrification,mistral_large_2_123b,needs-human,Reference requires human review.,CONTRADICTION,MATCH,MATCH,CONTAINS,ABSENT,Off-grid rural electrification experiences from South Asia: Status and best practices,D Palit; A Chaurey,2011,Energy for Sustainable Development,,https://www.sciencedirect.com/science/article/pii/S0973082611000500,GOOGLE,2,1,1,1,0,Rural electrification using renewable energy in India: A policy review,Off-grid rural electrification experiences from South Asia: Status and best practices,"Palit, D.; Chaurey, A.",D Palit; A Chaurey,2011,2011,Renewable Energy,Energy for Sustainable Development,,https://www.sciencedirect.com/science/article/pii/S0973082611000500,0,0,2,GOOGLE,1,"✗ Title | ✓ Authors | ✓ Year | ◐ Venue | ○ ID

### Summary
The reference could not be conclusively verified because the title does not match the found article, even though the authors and year are the same. The citation refers to a policy review on rural electrification in India, while the found article discusses off-grid rural electrification experiences across South Asia.

### Details
A matching record was found with the same authors (D Palit and A Chaurey) and year (2011), but the title differs significantly: ""Off-grid rural electrification experiences from South Asia: Status and best practices"" versus the cited ""Rural electrification using renewable energy in India: A policy review."" The journals are related but not the same, with the citation in ""Renewable Energy"" and the found article in ""Energy for Sustainable Development."" No identifier was available to confirm a match. This discrepancy suggests these are two distinct publications.

- https://www.sciencedirect.com/science/article/pii/S0973082611000500",0.233,0.767
"Ulsrud, K., Ryghaug, M., & Nygaard, I. (2011). Rural electrification through renewable energy: A case study of Tanzania. Renewable and Sustainable Energy Reviews, 15(6), 2898-2904.",Rural electrification,mistral_large_2_123b,needs-human,Reference requires human review.,CONTAINS,CONTRADICTION,CONTAINS,UNCONFIRMED,ABSENT,Renewable energy in rural areas: the best path to sustainable development? a case study in rural Tanzania,M Dauda,2012,,,https://search.proquest.com/openview/5d19b08ca5e7a4b8c9a8b355ddb80db7/1?pq-origsite=gscholar&cbl=51922&diss=y,GOOGLE,0,1,2,1,1,Rural electrification through renewable energy: A case study of Tanzania,Renewable energy in rural areas: the best path to sustainable development? a case study in rural Tanzania,"Ulsrud, K.; Ryghaug, M.; Nygaard, I.",M Dauda,2011,2012,Renewable and Sustainable Energy Reviews,,,https://search.proquest.com/openview/5d19b08ca5e7a4b8c9a8b355ddb80db7/1?pq-origsite=gscholar&cbl=51922&diss=y,0,0,2,GOOGLE,0,"◐ Title | ✗ Authors | ◐ Year | ? Venue | ○ ID

### Summary
The reference could not be fully verified because the authors listed in the original citation do not match those found in the closest related work. While the titles and years are similar, the author names differ, indicating these are likely different documents.

### Details
A matching record was found with a very similar title focusing on renewable energy in rural Tanzania, published in 2012. However, the authors of this record (M Dauda) do not overlap with the original citation's authors (Ulsrud, Ryghaug, Nygaard). The original citation's year 2011 and the found record's year 2012 are close but not identical. The journal name from the original citation could not be confirmed in the found record. No DOI or other identifier was available to confirm a match.

- https://search.proquest.com/openview/5d19b08ca5e7a4b8c9a8b355ddb80db7/1?pq-origsite=gscholar&cbl=51922&diss=y",0.0,1.0
"Alexander, K. L., Entwisle, D. R., & Horsey, C. S. (1997). From first grade forward: Early foundations of high school dropout. Sociology of Education, 70(2), 87-107.",School dropout,mistral_large_2_123b,verified,"Alexander, K. L., Entwisle, D. R., & Horsey, C. S. (1997). From first grade forward: Early foundations of high school dropout. *Sociology of Education*, 70(2), 87-107. https://doi.org/10.2307/2673158",MATCH,MATCH,MATCH,MATCH,ABSENT,From First Grade Forward: Early Foundations of High School Dropout,Karl L. Alexander; Doris R. Entwisle; Carrie S. Horsey,1997,Sociology of Education,10.2307/2673158,https://doi.org/10.2307/2673158,GOOGLE,4,0,0,1,0,From first grade forward: Early foundations of high school dropout,From First Grade Forward: Early Foundations of High School Dropout,"Alexander, K. L.; Entwisle, D. R.; Horsey, C. S.",Karl L. Alexander; Doris R. Entwisle; Carrie S. Horsey,1997,1997,Sociology of Education,Sociology of Education,,10.2307/2673158,1,1,1,GOOGLE,0,"✓ Title | ✓ Authors | ✓ Year | ✓ Venue | ○ ID

### Summary
This article was confirmed in the journal Sociology of Education with matching authors Karl L. Alexander, Doris R. Entwisle, and Carrie S. Horsey, and the publication year 1997. The title ""From First Grade Forward: Early Foundations of High School Dropout"" was verified exactly as cited.

### Details
A matching record was found with the exact title and all three authors corresponding fully to the citation. The year 1997 and the journal Sociology of Education matched exactly. Although no identifier was provided in the citation, the article is associated with the DOI 10.2307/2673158, confirming its authenticity. The article details and publisher information were verified through the DOI link and OpenAlex database.

- https://doi.org/10.2307/2673158
- https://www.jstor.org/stable/2673158",1.0,0.0
"Battin-Pearson, S., Newcomb, M. D., Abbott, R. D., Hill, K. G., Catalano, R. F., & Hawkins, J. D. (2000). Predictors of early high school dropout: A test of five theories. Journal of Educational Psychology, 92(3), 568–582.",School dropout,mistral_large_2_123b,verified,"Battin-Pearson, S., Newcomb, M. D., Abbott, R. D., Hemphill, S. A., Catalano, R. F., & Hawkins, J. D. (2000). *Predictors of early high school dropout: A test of five theories.* *Journal of Educational Psychology*, 92(3), 568-582. https://doi.org/10.1037/0022-0663.92.3.568",MATCH,MATCH,MATCH,MATCH,ABSENT,Predictors of early high school dropout: A test of five theories.,Sara Battin-Pearson; Michael D. Newcomb; Robert D. Abbott; Sheryl A. Hemphill; Richard F. Catalano; J. David Hawkins,2000,Journal of Educational Psychology,10.1037/0022-0663.92.3.568,https://doi.org/10.1037/0022-0663.92.3.568,GOOGLE,4,0,0,1,0,Predictors of early high school dropout: A test of five theories.,Predictors of early high school dropout: A test of five theories.,"Battin-Pearson, S.; Newcomb, M. D.; Abbott, R. D.; Hill, K. G.; Catalano, R. F.; & Hawkins, J. D.",Sara Battin-Pearson; Michael D. Newcomb; Robert D. Abbott; Sheryl A. Hemphill; Richard F. Catalano; J. David Hawkins,2000,2000,Journal of Educational Psychology,Journal of Educational Psychology,,10.1037/0022-0663.92.3.568,1,1,1,GOOGLE,0,"✓ Title | ✓ Authors | ✓ Year | ✓ Venue | ○ ID

### Summary
This article was confirmed in the Journal of Educational Psychology with matching title, most authors, and year. The title ""Predictors of early high school dropout: A test of five theories"" and the publication year 2000 were verified exactly, and the journal name matched perfectly.

### Details
A matching record was found with the exact title and year 2000 in the Journal of Educational Psychology. Five of the six authors listed in the citation matched the evidence exactly, with one author differing slightly (Hill, K. G. vs. Sheryl A. Hemphill). The DOI 10.1037/0022-0663.92.3.568 confirms the publication details. Multiple sources including OpenAlex and APA PsycNet support this match.

- https://doi.org/10.1037/0022-0663.92.3.568
- https://psycnet.apa.org/record/2000-12129-015
- https://www.researchgate.net/publication/232497188_Predictors_of_early_high_school_dropout_A_test_of_five_theories",1.0,0.0
"Bowers, A. J., Sprott, R. A., & Taff, J. (2013). Predicting high school dropout among low-income, urban youth: A comparison of event history and discrete-time survival analysis. Journal of Youth and Adolescence, 42(1), 157-169.",School dropout,mistral_large_2_123b,unverified,Reference could not be verified.,UNCONFIRMED,UNCONFIRMED,UNCONFIRMED,UNCONFIRMED,UNCONFIRMED,,,,,,,,,,,,,,,,,,,,,,,0,0,0,,0,"? Title | ? Authors | ? Year | ? Venue | ? ID

### Summary
No matching article could be found for the reference by Bowers, Sprott, and Taff (2013) titled ""Predicting high school dropout among low-income, urban youth: A comparison of event history and discrete-time survival analysis"" in the Journal of Youth and Adolescence. The verification process did not find any records that confirm the title, authors, year, or journal.

### Details
A search in OpenAlex returned no matching work. Additionally, a scholar search did not find any article matching the exact title, authors, or publication year 2013. The search results included related works on student dropout and discrete-time survival analysis but none matched the specific reference details. No DOI or other identifiers were found to support verification.

- https://openalex.org
- https://scholar.google.com",0.0,1.0
"DeLuca, S., & Dayton, C. (2009). Switching social fields: High school dropouts' transitions to alternative educational settings. Sociology of Education, 82(2), 127-150.",School dropout,mistral_large_2_123b,unverified,Reference could not be verified.,CONTRADICTION,MATCH,MATCH,CONTRADICTION,ABSENT,Switching social contexts: The effects of housing mobility and school choice programs on youth outcomes,S DeLuca; E Dayton,2009,Annual Review of Sociology,10.1146/annurev-soc-070308-120032,https://www.annualreviews.org/content/journals/10.1146/annurev-soc-070308-120032,GOOGLE,2,2,0,1,0,Switching social fields: High school dropouts' transitions to alternative educational settings,Switching social contexts: The effects of housing mobility and school choice programs on youth outcomes,"DeLuca, S.; Dayton, C.",S DeLuca; E Dayton,2009,2009,Sociology of Education,Annual Review of Sociology,,10.1146/annurev-soc-070308-120032,0,0,2,GOOGLE,0,"✗ Title | ✓ Authors | ✓ Year | ✗ Venue | ○ ID

### Summary
The reference could not be verified because the title and journal do not match any found records. Although the authors DeLuca and Dayton and the year 2009 match, the title about high school dropouts transitioning to alternative educational settings differs significantly from the found article on housing mobility and school choice effects. The journals ""Sociology of Education"" and ""Annual Review of Sociology"" are also different.

### Details
A matching record was not found for the given title and journal. The authors DeLuca and Dayton were confirmed, and the year 2009 matched exactly. However, the title in the citation differs substantially from the best potential match found, which discusses housing mobility and school choice rather than dropout transitions. The venues also differ, with no indication they are the same journal. No DOI or other identifier was present to aid verification.

- https://www.annualreviews.org/content/journals/10.1146/annurev-soc-070308-120032
- https://journals.sagepub.com/doi/abs/10.3102/0002831211415250",0.0,1.0
"Ekström, M., Goertz, M. E., Pollack, J. M., & Rock, D. A. (1986). Who drops out of high school and why? Findings from a national study. Teachers College Record, 87(3), 356-373.",School dropout,mistral_large_2_123b,verified,"Ekstrom, R. B., Goertz, M. E., Pollack, J. M., & Rock, D. A. (1986). *Who drops out of high school and why? Findings from a national study*. *Teachers College Record The Voice of Scholarship in Education*, 87(3), 356-373. https://doi.org/10.1177/016146818608700308",MATCH,MATCH,MATCH,MATCH,ABSENT,Who Drops Out of High School and Why? Findings from a National Study,Ruth B. Ekstrom; Margaret E. Goertz; Judith M. Pollack; Donald A. Rock,1986,Teachers College Record The Voice of Scholarship in Education,10.1177/016146818608700308,https://doi.org/10.1177/016146818608700308,GOOGLE,4,0,0,1,0,Who drops out of high school and why? Findings from a national study.,Who Drops Out of High School and Why? Findings from a National Study,"Ekström, M.; Goertz, M. E.; Pollack, J. M.; Rock, D. A.",Ruth B. Ekstrom; Margaret E. Goertz; Judith M. Pollack; Donald A. Rock,1986,1986,Teachers College Record,Teachers College Record The Voice of Scholarship in Education,,10.1177/016146818608700308,1,1,1,GOOGLE,0,"✓ Title | ✓ Authors | ✓ Year | ✓ Venue | ○ ID

### Summary
This article was confirmed in Teachers College Record with matching authors and year. The title ""Who Drops Out of High School and Why? Findings from a National Study"" was verified exactly, and the author list corresponds closely despite minor name abbreviation differences.

### Details
A matching record was found with the exact title and year 1986. The authors Ruth B. Ekstrom, Margaret E. Goertz, Judith M. Pollack, and Donald A. Rock align well with the citation authors, accounting for typical abbreviation variants. The journal name matches the core title ""Teachers College Record,"" with an extended subtitle present in the evidence. No identifier was provided in the original citation, but the DOI 10.1177/016146818608700308 was found for the article.

- https://doi.org/10.1177/016146818608700308",1.0,0.0
"Finn, J. D. (1989). Withdrawing from school. Review of Educational Research, 59(2), 117-142.",School dropout,mistral_large_2_123b,verified,"Finn, J. D. (1989). *Withdrawing From School*. *Review of Educational Research*, 59(2), 117-142. https://doi.org/10.3102/00346543059002117",MATCH,MATCH,MATCH,MATCH,ABSENT,Withdrawing From School,Jeremy D. Finn,1989,Review of Educational Research,10.3102/00346543059002117,https://doi.org/10.3102/00346543059002117,GOOGLE,4,0,0,1,0,Withdrawing from school.,Withdrawing From School,"Finn, J. D.",Jeremy D. Finn,1989,1989,Review of Educational Research,Review of Educational Research,,10.3102/00346543059002117,1,1,1,GOOGLE,0,"✓ Title | ✓ Authors | ✓ Year | ✓ Venue | ○ ID

### Summary
This article was confirmed in the Review of Educational Research with matching authors and year. The title ""Withdrawing From School"" and the author Jeremy D. Finn were exactly matched, along with the publication year 1989 and the journal name.

### Details
A matching record was found with the exact title ""Withdrawing From School"" and author Jeremy D. Finn, published in 1989 in the Review of Educational Research. The citation details including volume 59, issue 2, and pages 117-142 also align perfectly. Although no identifier was provided in the original citation, the article's DOI is 10.3102/00346543059002117. The URL check indicated access restrictions, likely due to paywall protection.

- https://doi.org/10.3102/00346543059002117",1.0,0.0
"Rumberger, R. W. (1995). Dropping out of middle school: A multilevel analysis of students and schools. American Educational Research Journal, 32(3), 583-625.",School dropout,mistral_large_2_123b,verified,"Rumberger, R. W. (1995). *Dropping out of middle school: A multilevel analysis of students and schools*. *American Educational Research Journal*, 32(3), 583-625. https://doi.org/10.3102/00028312032003583",MATCH,MATCH,MATCH,MATCH,ABSENT,Dropping Out of Middle School: A Multilevel Analysis of Students and Schools,Russell W. Rumberger,1995,American Educational Research Journal,10.3102/00028312032003583,https://doi.org/10.3102/00028312032003583,GOOGLE,4,0,0,1,0,Dropping out of middle school: A multilevel analysis of students and schools,Dropping Out of Middle School: A Multilevel Analysis of Students and Schools,"Rumberger, R. W.",Russell W. Rumberger,1995,1995,American Educational Research Journal,American Educational Research Journal,,10.3102/00028312032003583,1,1,1,GOOGLE,0,"✓ Title | ✓ Authors | ✓ Year | ✓ Venue | ○ ID

### Summary
This article was confirmed in the American Educational Research Journal with matching authors and year. The title ""Dropping Out of Middle School: A Multilevel Analysis of Students and Schools"" was exactly matched, and the author Russell W. Rumberger corresponds to the cited R. W. Rumberger.

### Details
A matching record was found with the exact title and year 1995. The author name matched with the citation using initials versus full name, which is consistent. The journal name also matched exactly. No identifier was provided in the citation, but the DOI 10.3102/00028312032003583 was found in the evidence, confirming the reference.

- https://doi.org/10.3102/00028312032003583",1.0,0.0
"Rumberger, R. W. (2011). Dropping out: Why students drop out of high school and what can be done about it. Harvard University Press.",School dropout,mistral_large_2_123b,verified,Reference requires human review.,MATCH,MATCH,MATCH,CONTAINS,ABSENT,Dropping out: why students drop out of high school and what can be done about it,,2012,Choice Reviews Online,10.5860/choice.49-4595,https://doi.org/10.5860/choice.49-4595,GOOGLE,1,1,1,1,1,Dropping out: Why students drop out of high school and what can be done about it,Dropping out: why students drop out of high school and what can be done about it,"Rumberger, R. W.",,2011,2012,Harvard University Press,Choice Reviews Online,,10.5860/choice.49-4595,0,0,1,GOOGLE,1,"✓ Title | ? Authors | ◐ Year | ✗ Venue | ○ ID

### Summary
The title ""Dropping out: why students drop out of high school and what can be done about it"" was confirmed exactly. However, the authorship could not be confirmed because the potential match lacks author information. The publication year differs slightly, with the citation stating 2011 and the evidence showing 2012. Additionally, the cited publisher, Harvard University Press, conflicts with the evidence source, which is a book review platform called Choice Reviews Online.

### Details
A matching record was found with the exact title and a publication year close to the citation (2012 vs. 2011). However, the evidence does not list any authors, making author confirmation impossible. The venue differs significantly: the citation lists Harvard University Press as the publisher, while the evidence is from Choice Reviews Online, a review platform, not a publisher. No identifier was present in the citation to aid verification.

- [DOI link to Choice Reviews Online record](https://doi.org/10.5860/choice.49-4595)",0.900,0.100
"Swanson, J. D., & Schneider, B. L. (1999). Pathways to high school dropout: A social network approach. Sociology of Education, 72(1), 23-39.",School dropout,mistral_large_2_123b,unverified,Reference could not be verified.,CONTRADICTION,CONTRADICTION,CONTRADICTION,CONTRADICTION,ABSENT,Student mobility and school dropout,SJ South; DL Haynie; S Bose,2007,Social Science Research,,https://www.sciencedirect.com/science/article/pii/S0049089X05000700,GOOGLE,0,4,0,1,0,Pathways to high school dropout: A social network approach,Student mobility and school dropout,"Swanson, J. D.; Schneider, B. L.",SJ South; DL Haynie; S Bose,1999,2007,Sociology of Education,Social Science Research,,https://www.sciencedirect.com/science/article/pii/S0049089X05000700,0,0,3,GOOGLE,0,"✗ Title | ✗ Authors | ✗ Year | ✗ Venue | ○ ID

### Summary
No matching article could be found for the reference by Swanson and Schneider from 1999. The best available candidate article differs significantly in title, authors, year, and journal, indicating they are not the same work.

### Details
A search found an article titled ""Student mobility and school dropout"" published in 2007 by South, Haynie, and Bose in the journal Social Science Research, which differs from the cited article's title, authors (Swanson and Schneider), year (1999), and journal (Sociology of Education). There was no identifier to assist verification, and the differences in key fields confirm the citation could not be verified.

- https://www.sciencedirect.com/science/article/pii/S0049089X05000700",0.0,1.0
"Archambault, I., Janosz, M., Fallu, J. S., & Pagani, L. S. (2013). Toward a better understanding of school dropout: A systematic review of the literature on the factors associated with school dropout. *Journal of School Psychology, 51*(2), 135-159.",School dropout prevention programs in rural areas,mistral_large_2_123b,unverified,Reference could not be verified.,CONTRADICTION,MATCH,CONTRADICTION,CONTRADICTION,ABSENT,Student engagement and its relationship with early high school dropout,I Archambault; M Janosz; JS Fallu; LS Pagani,2009,Journal of adolescence,,https://www.sciencedirect.com/science/article/pii/S0140197108000651,GOOGLE,1,3,0,1,0,Toward a better understanding of school dropout: A systematic review of the literature on the factors associated with school dropout,Student engagement and its relationship with early high school dropout,"Archambault, I.; Janosz, M.; Fallu, J. S.; Pagani, L. S.",I Archambault; M Janosz; JS Fallu; LS Pagani,2013,2009,Journal of School Psychology,Journal of adolescence,,https://www.sciencedirect.com/science/article/pii/S0140197108000651,0,0,3,GOOGLE,0,"✗ Title | ✓ Authors | ✗ Year | ✗ Venue | ○ ID

### Summary
The reference could not be verified because the title, year, and journal do not match any found records. Although the authors are the same, the cited article and the best matching article found are different works.

### Details
A matching record was found with the same four authors: Archambault, I., Janosz, M., Fallu, J. S., and Pagani, L. S. However, the title ""Toward a better understanding of school dropout: A systematic review of the literature on the factors associated with school dropout"" does not match the found article titled ""Student engagement and its relationship with early high school dropout."" The years differ by four years (2013 vs. 2009), and the journals are different: ""Journal of School Psychology"" versus ""Journal of Adolescence."" No DOI or other identifier was available to confirm the citation.

- https://www.sciencedirect.com/science/article/pii/S0140197108000651",0.0,1.0
"Battin-Pearson, S. R., Newcomb, M. D., Abbott, R. D., Hill, K. G., Catalano, R. F., & Hawkins, J. D. (2000). Predictors of early high school dropout: A test of five theories. *Journal of Educational Psychology, 92*(3), 568-582.",School dropout prevention programs in rural areas,mistral_large_2_123b,verified,"Battin-Pearson, S., Newcomb, M. D., Abbott, R. D., Hemphill, S. A., Catalano, R. F., & Hawkins, J. D. (2000). Predictors of early high school dropout: A test of five theories. *Journal of Educational Psychology, 92*(3), 568-582. https://doi.org/10.1037/0022-0663.92.3.568",MATCH,MATCH,MATCH,MATCH,ABSENT,Predictors of early high school dropout: A test of five theories.,Sara Battin-Pearson; Michael D. Newcomb; Robert D. Abbott; Sheryl A. Hemphill; Richard F. Catalano; J. David Hawkins,2000,Journal of Educational Psychology,10.1037/0022-0663.92.3.568,https://doi.org/10.1037/0022-0663.92.3.568,GOOGLE,4,0,0,1,0,Predictors of early high school dropout: A test of five theories,Predictors of early high school dropout: A test of five theories.,"Battin-Pearson, S. R.; Newcomb, M. D.; Abbott, R. D.; Hill, K. G.; Catalano, R. F.; Hawkins, J. D.",Sara Battin-Pearson; Michael D. Newcomb; Robert D. Abbott; Sheryl A. Hemphill; Richard F. Catalano; J. David Hawkins,2000,2000,Journal of Educational Psychology,Journal of Educational Psychology,,10.1037/0022-0663.92.3.568,1,1,1,GOOGLE,0,"✓ Title | ✓ Authors | ✓ Year | ✓ Venue | ○ ID

### Summary
This article was confirmed in the Journal of Educational Psychology with matching title, authors, year, and journal name. The title ""Predictors of early high school dropout: A test of five theories."" was exactly matched, and the author list closely corresponds with a minor variation in one author's name.

### Details
A matching record was found with the exact title and year 2000. The journal name also matched perfectly. Most authors aligned between the citation and evidence, with one author differing slightly (Hill vs Hemphill), likely due to name variants or abbreviations. The DOI 10.1037/0022-0663.92.3.568 confirms the article's identity. Relevant sources include the official DOI landing page and multiple academic databases confirming the publication details.

- [DOI Link](https://doi.org/10.1037/0022-0663.92.3.568)
- [APA PsycNet](https://psycnet.apa.org/journals/edu/92/3/568/)
- [ResearchGate](https://www.researchgate.net/publication/232497188_Predictors_of_early_high_school_dropout_A_test_of_five_theories)",1.0,0.0
"Christle, C. A., Jolivette, K., & Nelson, C. M. (2007). *School characteristics related to high school dropout rates*. REL 2007-No. 035. U.S. Department of Education, Institute of Education Sciences, National Center for Education Evaluation and Regional Assistance, Regional Educational Laboratory Southeast.",School dropout prevention programs in rural areas,mistral_large_2_123b,verified-with-error,"Christle, C. A., Jolivette, K., & Nelson, C. M. (2007). School characteristics related to high school dropout rates. *Remedial and Special Education*, 28(6), 325-339. https://doi.org/10.1177/07419325070280060201",MATCH,MATCH,MATCH,CONTRADICTION,ABSENT,School Characteristics Related to High School Dropout Rates,Christine A. Christle; Kristine Jolivette; C. Michael Nelson,2007,Remedial and Special Education,10.1177/07419325070280060201,https://doi.org/10.1177/07419325070280060201,GOOGLE,3,1,0,1,0,School characteristics related to high school dropout rates,School Characteristics Related to High School Dropout Rates,"Christle, C. A.; Jolivette, K.; Nelson, C. M.",Christine A. Christle; Kristine Jolivette; C. Michael Nelson,2007,2007,"U.S. Department of Education, Institute of Education Sciences, National Center for Education Evaluation and Regional Assistance, Regional Educational Laboratory Southeast",Remedial and Special Education,,10.1177/07419325070280060201,0,0,2,GOOGLE,0,"✓ Title | ✓ Authors | ✓ Year | ✗ Venue | ○ ID

### Summary
This reference was confirmed with matching title, authors, and year. However, there is a discrepancy in the venue: the citation lists a government research lab as the source, while the verified record is from the academic journal ""Remedial and Special Education.""

### Details
A matching record was found with the exact title ""School Characteristics Related to High School Dropout Rates"" and the same three authors: Christine A. Christle, Kristine Jolivette, and C. Michael Nelson. The year 2007 matched exactly. The citation venue refers to a U.S. Department of Education research lab, but the verified source is a peer-reviewed journal published by SAGE Publishing. No identifier was present in the citation. Relevant sources include:

- [DOI link to journal article](https://doi.org/10.1177/07419325070280060201)
- [Google search results](https://journals.sagepub.com/doi/10.1177/07419325070280060201)",0.6,0.4
"Doll, B., Eslami, Z., & Walters, K. (2013). Rural school dropout prevention: A synthesis of the literature. *Journal of Research in Rural Education, 28*(3), 1-13.",School dropout prevention programs in rural areas,mistral_large_2_123b,unverified,Reference could not be verified.,UNCONFIRMED,UNCONFIRMED,UNCONFIRMED,UNCONFIRMED,UNCONFIRMED,,,,,,,,,,,,,,,,,,,,,,,0,0,0,,0,"? Title | ? Authors | ? Year | ? Venue | ? ID

### Summary
No matching article could be found for the reference by Doll, Eslami, and Walters (2013) titled ""Rural school dropout prevention: A synthesis of the literature"" in the Journal of Research in Rural Education. The verification process did not find any records that confirm the authors, title, year, or journal.

### Details
A search in OpenAlex returned no matching work for this reference. Additionally, multiple Google searches did not reveal any article matching the exact title, authors, or publication details. The year 2013 and the journal name could not be confirmed through available sources, and no DOI or other identifier was found to support the reference.

- https://www.frontiersin.org/journals/education/articles/10.3389/feduc.2023.1156725/xml/nlm?isPublishedV2=False
- https://dropoutprevention.org/wp-content/uploads/2015/05/13_Rural_School_Dropout_Issues_Report.pdf
- https://www.researchgate.net/publication/354446252_Dropout_in_Rural_Higher_Education_A_Systematic_Review
- https://pmc.ncbi.nlm.nih.gov/articles/PMC10580204/
- https://iiari.org/wp-content/uploads/ijemds.v5.2.1930.pdf",0.0,1.0
"Finn, J. D. (1989). School engagement and students at risk. *National Center for Education Statistics*.",School dropout prevention programs in rural areas,mistral_large_2_123b,verified-with-error,"Finn, J. D. (1993). School engagement & students at risk. *National Center for Education Statistics. Research and Development Reports (NCES-93-470)*. http://files.eric.ed.gov/fulltext/ED362322.pdf",MATCH,MATCH,CONTRADICTION,CONTAINS,ABSENT,School Engagement & Students at Risk.,Jeremy D. Finn,1993,National Center for Education Statistics. Research and Development Reports (NCES-93-470),,http://files.eric.ed.gov/fulltext/ED362322.pdf,GOOGLE,2,1,1,1,0,School engagement and students at risk,School Engagement & Students at Risk.,"Finn, J. D.",Jeremy D. Finn,1989,1993,National Center for Education Statistics,National Center for Education Statistics. Research and Development Reports (NCES-93-470),,http://files.eric.ed.gov/fulltext/ED362322.pdf,0,0,3,GOOGLE,0,"✓ Title | ✓ Authors | ✗ Year | ◐ Venue | ○ ID

### Summary
This reference was confirmed as a report authored by Jeremy D. Finn titled ""School Engagement & Students at Risk,"" published by the National Center for Education Statistics. However, there is a discrepancy in the publication year: the original citation states 1989, while the verified source shows 1993. The venue is consistent, referring to the National Center for Education Statistics and its Research and Development Reports series.

### Details
A matching record was found for the title ""School Engagement & Students at Risk"" with author Jeremy D. Finn, confirming the authorship despite differences in name formatting (initials vs full name). The year of publication differs, with the verified source indicating 1993 instead of 1989. The venue is more specific in the verified source, including the Research and Development Reports series (NCES-93-470) under the National Center for Education Statistics. No digital object identifier (DOI) was found, but the report is accessible via the URL http://files.eric.ed.gov/fulltext/ED362322.pdf.

- [ERIC Full Text PDF](http://files.eric.ed.gov/fulltext/ED362322.pdf)
- [NCES Publication PDF](https://nces.ed.gov/pubs93/93470a.pdf)
- [ERIC Record](https://eric.ed.gov/?id=ED362322)",0.5,0.5
"Hartley, R. J., & Hodgkinson, S. (2014). *Dropout prevention in rural high schools: A review of the literature*. University of New England, Australia.",School dropout prevention programs in rural areas,mistral_large_2_123b,unverified,Reference could not be verified.,CONTRADICTION,UNCONFIRMED,UNCONFIRMED,UNCONFIRMED,ABSENT,Circumstances Preceding Dropout Among Rural High School Students,,,,,https://pmc.ncbi.nlm.nih.gov/articles/PMC10372782/,GOOGLE,0,1,0,1,3,Dropout prevention in rural high schools: A review of the literature,Circumstances Preceding Dropout Among Rural High School Students,"Hartley, R. J.; Hodgkinson, S.",,2014,,"University of New England, Australia",,,https://pmc.ncbi.nlm.nih.gov/articles/PMC10372782/,0,0,3,GOOGLE,0,"✗ Title | ? Authors | ? Year | ? Venue | ○ ID

### Summary
No matching article titled ""Dropout prevention in rural high schools: A review of the literature"" by Hartley and Hodgkinson from 2014 at the University of New England, Australia, could be found. The closest found article has a different title and focus, indicating that the original reference could not be verified.

### Details
A search did not find any record matching the exact title or authorship. The closest potential match was an article titled ""Circumstances Preceding Dropout Among Rural High School Students,"" which differs in topic and scope from the cited literature review. There was no confirmation of the year, authors, or publisher for the original reference, and no identifier was available to assist verification.

- https://pmc.ncbi.nlm.nih.gov/articles/PMC10372782/",0.0,1.0
"Jimerson, S. R., Egeland, B., & Pianta, R. C. (2000). Promoting school completion: A review of school dropout prevention strategies. *School Psychology Review, 29*(3), 387-402.",School dropout prevention programs in rural areas,mistral_large_2_123b,needs-human,Reference requires human review.,CONTAINS,UNCONFIRMED,UNCONFIRMED,CONTAINS,ABSENT,School Completion.,,,APA PsycNet,,https://psycnet.apa.org/record/2006-03571-008,GOOGLE,0,0,2,1,2,Promoting school completion: A review of school dropout prevention strategies,School Completion.,"Jimerson, S. R.; Egeland, B.; Pianta, R. C.",,2000,,School Psychology Review,APA PsycNet,,https://psycnet.apa.org/record/2006-03571-008,0,1,3,GOOGLE,0,"◐ Title | ? Authors | ? Year | ◐ Venue | ○ ID

### Summary
The verification of this reference requires human review because the available information only partially matches the original citation. The title and journal name are similar but shortened or presented differently, and the authors and year could not be confirmed.

### Details
A matching record titled ""School Completion."" was found on APA PsycNet, which is related to the journal School Psychology Review but does not provide author or year details. The title in the candidate is a shortened form of the original, preserving the core phrase. The journal name matches through the publisher's platform, but no direct author or year confirmation was available. No DOI or other unique identifier was found to conclusively verify the reference.

- [APA PsycNet Record](https://psycnet.apa.org/record/2006-03571-008)",0.267,0.733
"Kortering, L. J., & Braziel, W. M. (2012). *Dropout prevention and intervention in rural areas: A review of the literature*. University of Northern Iowa.",School dropout prevention programs in rural areas,mistral_large_2_123b,unverified,Reference could not be verified.,CONTRADICTION,UNCONFIRMED,UNCONFIRMED,CONTRADICTION,ABSENT,Rural School Dropout Issues,,,dropoutprevention.org,,https://dropoutprevention.org/wp-content/uploads/2015/05/13_Rural_School_Dropout_Issues_Report.pdf,GOOGLE,0,2,0,1,2,Dropout prevention and intervention in rural areas: A review of the literature,Rural School Dropout Issues,"Kortering, L. J.; Braziel, W. M.",,2012,,University of Northern Iowa,dropoutprevention.org,,https://dropoutprevention.org/wp-content/uploads/2015/05/13_Rural_School_Dropout_Issues_Report.pdf,0,0,3,GOOGLE,0,"✗ Title | ? Authors | ? Year | ✗ Venue | ○ ID

### Summary
No matching document could be found that confirms the reference by Kortering and Braziel (2012) titled ""Dropout prevention and intervention in rural areas: A review of the literature"" from the University of Northern Iowa. The closest found document has a different title, venue, and lacks author and year confirmation.

### Details
A search did not find any record matching the exact title or authors. The closest potential match is a report titled ""Rural School Dropout Issues"" hosted on dropoutprevention.org, which differs significantly in title scope and is from a different source than the University of Northern Iowa. The year 2012 and author names could not be confirmed in any found records. No DOI or other identifiers were available to support verification.

- https://dropoutprevention.org/wp-content/uploads/2015/05/13_Rural_School_Dropout_Issues_Report.pdf",0.0,1.0
"Rumberger, R. W. (2011). *Dropping out: Why students drop out of high school and what can be done about it*. Harvard University Press.",School dropout prevention programs in rural areas,mistral_large_2_123b,verified,"Rumberger, R. W. (2011). *Dropping out: Why students drop out of high school and what can be done about it*. Harvard University Press. https://doi.org/10.4159/harvard.9780674063167",MATCH,MATCH,MATCH,MATCH,ABSENT,Dropping out: why students drop out of high school and what can be done about it,R. W. Rumberger,2011,Harvard University Press,10.4159/harvard.9780674063167,https://books.google.com/books?hl=en&lr=&id=xc7qzKoMCCMC&oi=fnd&pg=PR7&dq=Dropping+Out:+Why+Students+Drop+Out+of+High+School+and+What+Can+Be+Done+About+It+Rumberger&ots=oXahFCmKHy&sig=GYE6H4QO_AqWzAtm7tS0bZCQ178,GOOGLE,4,0,0,1,0,Dropping out: Why students drop out of high school and what can be done about it,Dropping out: why students drop out of high school and what can be done about it,"Rumberger, R. W.",R. W. Rumberger,2011,2011,Harvard University Press,Harvard University Press,,10.4159/harvard.9780674063167,1,1,1,GOOGLE,0,"✓ Title | ✓ Authors | ✓ Year | ✓ Venue | ○ ID

### Summary
This book was confirmed as published by Harvard University Press in 2011 with the author R. W. Rumberger and the exact matching title ""Dropping out: Why students drop out of high school and what can be done about it."" The details align perfectly with the original reference.

### Details
A matching record was found with the exact title and author name, though formatted differently (Rumberger, R. W. vs R. W. Rumberger). The publication year 2011 and publisher Harvard University Press matched exactly. No identifier was provided in the original citation, but a DOI (10.4159/harvard.9780674063167) was found for the book. Additional evidence from Google Scholar and other sources confirmed the book's existence and details.

- https://books.google.com/books?hl=en&lr=&id=xc7qzKoMCCMC&oi=fnd&pg=PR7&dq=Dropping+Out:+Why+Students+Drop+Out+of+High+School+and+What+Can+Be+Done+About+It+Rumberger&ots=oXahFCmKHy&sig=GYE6H4QO_AqWzAtm7tS0bZCQ178
- https://doi.org/10.4159/harvard.9780674063167
- https://psycnet.apa.org/record/2012-13463-000",1.0,0.0
"Swanson, J. L., & Schneider, B. L. (1999). Dropout rates in rural, suburban, and urban school districts: Effects of family background and school context. *American Educational Research Journal, 36*(3), 539-568.",School dropout prevention programs in rural areas,mistral_large_2_123b,unverified,Reference could not be verified.,CONTRADICTION,CONTRADICTION,MATCH,CONTRADICTION,ABSENT,Do neighborhood conditions affect high school dropout and college graduation rates?,T. P. Vartanian; P. M. Gleason,1999,The Journal of Socio-Economics,,https://www.sciencedirect.com/science/article/pii/S1053535799000116,GOOGLE,1,3,0,1,0,"Dropout rates in rural, suburban, and urban school districts: Effects of family background and school context",Do neighborhood conditions affect high school dropout and college graduation rates?,"Swanson, J. L.; Schneider, B. L.",T. P. Vartanian; P. M. Gleason,1999,1999,American Educational Research Journal,The Journal of Socio-Economics,,https://www.sciencedirect.com/science/article/pii/S1053535799000116,0,0,3,GOOGLE,0,"✗ Title | ✗ Authors | ✓ Year | ✗ Venue | ○ ID

### Summary
No matching article could be found for the reference by Swanson and Schneider (1999) titled ""Dropout rates in rural, suburban, and urban school districts: Effects of family background and school context."" The verification process found significant differences in title, authors, and journal compared to available records.

### Details
A matching record was not found in OpenAlex or other scholarly databases for the cited article. The closest found article from 1999 is by Vartanian and Gleason titled ""Do neighborhood conditions affect high school dropout and college graduation rates?"" published in The Journal of Socio-Economics, which differs in title focus, authorship, and journal from the original reference. The year 1999 matches exactly, but the other key details contradict the citation, indicating the original reference could not be verified.

- https://www.sciencedirect.com/science/article/pii/S1053535799000116",0.0,1.0
"Geys, B. (2006). Explaining voter turnout: A review of aggregate-level research. Electoral Studies, 25(4), 637-663.",Voter turnout,mistral_large_2_123b,verified,"Geys, B. (2005). Explaining voter turnout: A review of aggregate-level research. *Electoral Studies*, 25(4), 637-663. https://doi.org/10.1016/j.electstud.2005.09.002",MATCH,MATCH,CONTAINS,MATCH,ABSENT,Explaining voter turnout: A review of aggregate-level research,Benny Geys,2005,Electoral Studies,10.1016/j.electstud.2005.09.002,https://doi.org/10.1016/j.electstud.2005.09.002,GOOGLE,3,0,1,1,0,Explaining voter turnout: A review of aggregate-level research.,Explaining voter turnout: A review of aggregate-level research,"Geys, B.",Benny Geys,2006,2005,Electoral Studies,Electoral Studies,,10.1016/j.electstud.2005.09.002,1,1,1,GOOGLE,1,"✓ Title | ✓ Authors | ◐ Year | ✓ Venue | ○ ID

### Summary
This article was confirmed in the journal Electoral Studies with matching title and author. The publication year differs slightly, with the citation listing 2006 and the evidence showing 2005, but this minor discrepancy does not affect the overall verification.

### Details
A matching record was found with the exact title ""Explaining voter turnout: A review of aggregate-level research"" and author Benny Geys. The journal Electoral Studies matched exactly. The year in the citation is 2006, while the evidence shows 2005, which is within an acceptable range. No identifier was provided in the citation. Relevant sources include the DOI link and multiple search results confirming the article's details.

- https://doi.org/10.1016/j.electstud.2005.09.002
- https://www.sciencedirect.com/science/article/pii/S0261379405000910
- https://researchgate.net/publication/222585931_Explaining_Voter_Turnout_A_Review_of_Aggregate-Level_Research",0.9,0.1
"Gosling, S. D., Craig, M. A., & John, R. S. (2006). The faces of politicians: Inferences from facial appearance predict election outcomes. Science, 313(5794), 1687-1690.",Voter turnout,mistral_large_2_123b,needs-human,Reference requires human review.,CONTAINS,CONTRADICTION,CONTAINS,MATCH,ABSENT,Inferences of competence from faces predict election outcomes,A Todorov; AN Mandisodza; A Goren; CC Hall,2005,Science,,https://www.science.org/doi/abs/10.1126/science.1110589,GOOGLE,1,1,2,1,0,The faces of politicians: Inferences from facial appearance predict election outcomes,Inferences of competence from faces predict election outcomes,"Gosling, S. D.; Craig, M. A.; John, R. S.",A Todorov; AN Mandisodza; A Goren; CC Hall,2006,2005,Science,Science,,https://www.science.org/doi/abs/10.1126/science.1110589,0,0,3,GOOGLE,1,"◐ Title | ✗ Authors | ◐ Year | ✓ Venue | ○ ID

### Summary
The reference could not be conclusively verified because the authors listed in the citation do not match those found in the best potential match, despite the title and journal being very similar. The article appears to be about the same topic and published in the same journal, but the author names differ significantly.

### Details
A matching article was found titled ""Inferences of competence from faces predict election outcomes"" published in Science, which closely resembles the cited title ""The faces of politicians: Inferences from facial appearance predict election outcomes."" However, the authors differ completely: the citation lists Gosling, Craig, and John, while the found article lists Todorov, Mandisodza, Goren, and Hall. The publication years are close (2006 vs. 2005), and the journal matches exactly. No DOI was available in the citation to confirm further. This discrepancy in authorship means human review is needed to determine if these are indeed the same work or different articles on a similar topic.

- https://www.science.org/doi/abs/10.1126/science.1110589",0.2,0.8
"Grönlund, K., & Milner, H. (2006). Turnout in elections to the European Parliament: The role of resources, mobilization and attitudes. European Journal of Political Research, 45(3), 383-408.",Voter turnout,mistral_large_2_123b,unverified,Reference could not be verified.,CONTRADICTION,CONTRADICTION,CONTAINS,CONTRADICTION,ABSENT,"Political trust, satisfaction and voter turnout",K Grönlund; M Setälä,2007,Comparative European Politics,,https://link.springer.com/article/10.1057/palgrave.cep.6110113,GOOGLE,0,3,1,1,0,"Turnout in elections to the European Parliament: The role of resources, mobilization and attitudes.","Political trust, satisfaction and voter turnout","Grönlund, K.; Milner, H.",K Grönlund; M Setälä,2006,2007,European Journal of Political Research,Comparative European Politics,,https://link.springer.com/article/10.1057/palgrave.cep.6110113,0,0,3,GOOGLE,0,"✗ Title | ✗ Authors | ◐ Year | ✗ Venue | ○ ID

### Summary
The reference could not be verified as matching the original citation. The found article differs in title, authors, journal, and year, indicating it is a different publication.

### Details
A matching record was found titled ""Political trust, satisfaction and voter turnout"" authored by K. Grönlund and M. Setälä, published in 2007 in Comparative European Politics. This differs from the original citation which lists Milner as the co-author, a 2006 publication year, and the European Journal of Political Research as the journal. The titles focus on different topics, and only one author matches exactly. No DOI was available for the original citation to aid verification.

- https://link.springer.com/article/10.1057/palgrave.cep.6110113",0.0,1.0
"Highton, B., & Wolfinger, R. E. (2001). Estimating the effects of the National Voter Registration Act of 1993. Political Behavior, 23(1), 59-76.",Voter turnout,mistral_large_2_123b,verified-with-error,"Highton, B., & Wolfinger, R. E. (1998). Estimating the effects of the National Voter Registration Act of 1993. *Political Behavior*, 20(2), 79-104. https://doi.org/10.1023/A:1024851912336",MATCH,MATCH,CONTRADICTION,MATCH,ABSENT,Estimating the Effects of the National Voter Registration Act of 1993,Benjamin Highton; Raymond E. Wolfinger,1998,Political Behavior,10.1023/A:1024851912336,https://doi.org/10.1023/A:1024851912336,GOOGLE,3,1,0,1,0,Estimating the effects of the National Voter Registration Act of 1993,Estimating the Effects of the National Voter Registration Act of 1993,"Highton, B.; Wolfinger, R. E.",Benjamin Highton; Raymond E. Wolfinger,2001,1998,Political Behavior,Political Behavior,,10.1023/A:1024851912336,0,0,1,GOOGLE,0,"✓ Title | ✓ Authors | ✗ Year | ✓ Venue | ○ ID

### Summary
This article was found in the journal Political Behavior with matching authors and title. However, the publication year in the citation (2001) differs from the verified year (1998), indicating a minor discrepancy.

### Details
A matching record was found with the exact title ""Estimating the Effects of the National Voter Registration Act of 1993"" and authors Benjamin Highton and Raymond E. Wolfinger. The journal name Political Behavior also matched exactly. The main difference is the publication year: the citation lists 2001, but the verified source shows 1998. No DOI was provided in the original citation, but the verified article has DOI 10.1023/A:1024851912336.

- https://doi.org/10.1023/A:1024851912336
- https://link.springer.com/article/10.1023/A:1024851912336
- https://www.ovid.com/journals/pobeh/pdf/00011691-199820020-00001~estimating-the-effects-of-the-national-voter-registration
- https://scholar.google.com/scholar?q=Estimating+the+Effects+of+the+National+Voter+Registration+Act+of+1993",0.6,0.4
"Jackman, S. (1987). Political institutions and voter turnout in the industrial democracies. American Political Science Review, 81(2), 405-423.",Voter turnout,mistral_large_2_123b,verified-with-error,"Jackman, R. W. (1987). Political institutions and voter turnout in the industrial democracies. *American Political Science Review*, 81(2), 405-423. https://doi.org/10.2307/1961959",MATCH,CONTRADICTION,MATCH,MATCH,ABSENT,Political Institutions and Voter Turnout in the Industrial Democracies,Robert W. Jackman,1987,American Political Science Review,10.2307/1961959,https://doi.org/10.2307/1961959,GOOGLE,3,1,0,1,0,Political institutions and voter turnout in the industrial democracies.,Political Institutions and Voter Turnout in the Industrial Democracies,"Jackman, S.",Robert W. Jackman,1987,1987,American Political Science Review,American Political Science Review,,10.2307/1961959,0,0,1,GOOGLE,0,"✓ Title | ✗ Authors | ✓ Year | ✓ Venue | ○ ID

### Summary
This article was found in the American Political Science Review with the correct title and year, confirming its publication details. However, there is a minor discrepancy in the author's name: the citation lists ""Jackman, S."", while the verified record shows the author as ""Robert W. Jackman."" This suggests a small error in the author's initials or name in the citation.

### Details
A matching record was found with the exact title ""Political Institutions and Voter Turnout in the Industrial Democracies"" published in 1987 in the American Political Science Review. The year and journal matched perfectly. The author name differed, with the citation showing ""Jackman, S."" and the verified record listing ""Robert W. Jackman."" No identifier was provided in the citation. The verified article is accessible via DOI https://doi.org/10.2307/1961959.

- https://doi.org/10.2307/1961959",0.467,0.533
"Powell, G. B. (1980). Voting turnout in thirty democracies: Partisan, legal, and socio-economic influences. In Controversies in voting behavior (pp. 5-35). Sage.",Voter turnout,mistral_large_2_123b,unverified,Reference could not be verified.,CONTRADICTION,MATCH,CONTRADICTION,CONTRADICTION,ABSENT,American Voter Turnout in Comparative Perspective,G. Bingham Powell,1986,American Political Science Review,10.2307/1957082,https://www.cambridge.org/core/journals/american-political-science-review/article/american-voter-turnout-in-comparative-perspective/5A8E10796141C4C4AF5B204984E5322E,GOOGLE,1,3,0,1,0,"Voting turnout in thirty democracies: Partisan, legal, and socio-economic influences",American Voter Turnout in Comparative Perspective,"Powell, G. B.",G. Bingham Powell,1980,1986,Sage,American Political Science Review,,10.2307/1957082,0,0,1,GOOGLE,0,"✗ Title | ✓ Authors | ✗ Year | ✗ Venue | ○ ID

### Summary
The reference could not be verified because the details do not match any known publication. Although the author G. B. Powell is correct, the title, year, and publisher differ significantly from available records.

### Details
A matching record was not found for the title ""Voting turnout in thirty democracies: Partisan, legal, and socio-economic influences"" published by Sage in 1980. Instead, the closest found work is titled ""American Voter Turnout in Comparative Perspective,"" authored by G. Bingham Powell, published in 1986 in the American Political Science Review. The differences in title, year, and venue indicate these are distinct works.

- https://www.cambridge.org/core/journals/american-political-science-review/article/american-voter-turnout-in-comparative-perspective/5A8E10796141C4C4AF5B204984E5322E",0.0,1.0
OECD (2018). Digital Financial Services: Opportunities and Challenges. OECD Publishing.,Digital financial services,mistral_large_2_123b,needs-human,Reference requires human review.,CONTRADICTION,MATCH,MATCH,MATCH,ABSENT,"Financial Markets, Insurance and Pensions 2018 (EN)",OECD,2018,OECD Publishing,,https://www.oecd.org/content/dam/oecd/en/publications/reports/2018/01/financial-markets-insurance-and-pensions-2018_9225d1bb/0021e92e-en.pdf,GOOGLE,3,1,0,1,0,Digital Financial Services: Opportunities and Challenges,"Financial Markets, Insurance and Pensions 2018 (EN)",OECD,OECD,2018,2018,OECD Publishing,OECD Publishing,,https://www.oecd.org/content/dam/oecd/en/publications/reports/2018/01/financial-markets-insurance-and-pensions-2018_9225d1bb/0021e92e-en.pdf,0,0,3,GOOGLE,0,"✗ Title | ✓ Authors | ✓ Year | ✓ Venue | ○ ID

### Summary
The reference to ""Digital Financial Services: Opportunities and Challenges"" by OECD in 2018 could not be conclusively verified because the title does not match any found documents. While the author, year, and publisher match, the titles describe different reports.

### Details
A matching record was found for a 2018 OECD publication titled ""Financial Markets, Insurance and Pensions 2018 (EN)"" published by OECD Publishing, with the same author and year. However, this title differs significantly from the cited one about digital financial services opportunities and challenges. No identifier was available to confirm a direct match. The evidence suggests these are distinct works, so human review is needed to clarify the correct reference.

- https://www.oecd.org/content/dam/oecd/en/publications/reports/2018/01/financial-markets-insurance-and-pensions-2018_9225d1bb/0021e92e-en.pdf",0.333,0.667
"Sahay, R., Čihák, M., N'Diaye, P., Barajas, A., Bi, R., Ayala, D., ... & Zhang, L. (2015). Rethinking Financial Deepening: Stability and Growth in Emerging Markets. International Monetary Fund.",Digital financial services,mistral_large_2_123b,verified,"Sahay, R., Čihák, M., N’Diaye, P., Barajas, A., Ayala Pena, D., Bi, R., Gao, Y., Kyobe, A. J., Nguyen, L., Saborowski, C., Svirydzenka, K., & Yousefi, R. (2015). Rethinking financial deepening: Stability and growth in emerging markets. *IMF Staff Discussion Note* (Vol. 15, Issue 8). https://doi.org/10.5089/9781498312615.006",MATCH,MATCH,MATCH,MATCH,ABSENT,Rethinking Financial Deepening: Stability and Growth in Emerging Markets,Ratna Sahay; Martin Čihák; Papa N’Diaye; Adolfo Barajas; Diana Ayala Pena; Ran Bi; Yuan Gao; Annette Kyobe; Lam Nguyen; Christian Saborowski; Katsiaryna Svirydzenka; Reza Yousefi,2015,IMF staff discussion note,10.5089/9781498312615.006,https://doi.org/10.5089/9781498312615.006,GOOGLE,4,0,0,1,0,Rethinking Financial Deepening: Stability and Growth in Emerging Markets,Rethinking Financial Deepening: Stability and Growth in Emerging Markets,"Sahay, R.; Čihák, M.; N'Diaye, P.; Barajas, A.; Bi, R.; Ayala, D.; Zhang, L.",Ratna Sahay; Martin Čihák; Papa N’Diaye; Adolfo Barajas; Diana Ayala Pena; Ran Bi; Yuan Gao; Annette Kyobe; Lam Nguyen; Christian Saborowski; Katsiaryna Svirydzenka; Reza Yousefi,2015,2015,International Monetary Fund,IMF staff discussion note,,10.5089/9781498312615.006,1,1,1,GOOGLE,0,"✓ Title | ✓ Authors | ✓ Year | ✓ Venue | ○ ID

### Summary
This reference was confirmed as a publication by the International Monetary Fund in 2015 with the exact title ""Rethinking Financial Deepening: Stability and Growth in Emerging Markets."" The core group of authors including Sahay, Čihák, N'Diaye, Barajas, Ayala, and Bi was verified, and the publication is listed as an IMF staff discussion note.

### Details
A matching record was found with the exact title and year 2015. The authors in the citation correspond closely to those in the verified record, with some additional co-authors present in the official publication. The venue matches as the International Monetary Fund, represented by the IMF staff discussion note series. The DOI 10.5089/9781498312615.006 and URL https://doi.org/10.5089/9781498312615.006 provide direct access to the official document.

- https://doi.org/10.5089/9781498312615.006
- https://www.elibrary.imf.org/view/journals/006/2015/008/006.2015.issue-008-en.xml",1.0,0.0
"Gardner, H. (1983). Frames of mind: The theory of multiple intelligences. Basic Books.",Education,mistral_large_2_123b,verified,"Gardner, H. (1983). *Frames of Mind: The Theory of Multiple Intelligences*. Basic Books. https://books.google.com/books/about/Frames_of_Mind.html?id=ObgOAAAAQAAJ",MATCH,MATCH,MATCH,MATCH,ABSENT,Frames of Mind: The Theory of Multiple Intelligences,Howard Gardner,1983,Basic Books,,https://books.google.com/books/about/Frames_of_Mind.html?id=ObgOAAAAQAAJ,GOOGLE,4,0,0,1,0,Frames of mind: The theory of multiple intelligences.,Frames of Mind: The Theory of Multiple Intelligences,"Gardner, H.",Howard Gardner,1983,1983,Basic Books,Basic Books,,https://books.google.com/books/about/Frames_of_Mind.html?id=ObgOAAAAQAAJ,1,1,1,GOOGLE,1,"✓ Title | ✓ Authors | ✓ Year | ✓ Venue | ○ ID

### Summary
This book was confirmed as ""Frames of Mind: The Theory of Multiple Intelligences"" by Howard Gardner, published in 1983 by Basic Books. The title, author, year, and publisher all matched exactly, verifying the reference.

### Details
A matching record was found with the exact title ""Frames of Mind: The Theory of Multiple Intelligences"" and author Howard Gardner, confirming the citation's accuracy. The year 1983 and publisher Basic Books also matched perfectly. Although no DOI was present in the citation, multiple sources including Google Books and publisher websites support this information.

- https://books.google.com/books/about/Frames_of_Mind.html?id=ObgOAAAAQAAJ
- https://www.basicbooks.com/titles/howard-gardner/frames-of-mind/9780465024339/
- https://www.amazon.com/Frames-Mind-Theory-Multiple-Intelligences/dp/0465024335",1.0,0.0
"Wang, Y., & Zhang, X. (2021). The Impact of Deforestation on Local Climate. Forest Ecology and Management.",Environmental Science,mistral_large_2_123b,unverified,Reference could not be verified.,CONTAINS,CONTRADICTION,CONTAINS,CONTRADICTION,ABSENT,The Unseen Effects of Deforestation: Biophysical Effects on Climate,Deborah Lawrence; Michael T. Coe; Wayne Walker; Louis Verchot; Karen L. Vandecar,2022,Frontiers in Forests and Global Change,10.3389/ffgc.2022.756115,https://doi.org/10.3389/ffgc.2022.756115,GOOGLE,0,2,2,1,0,The Impact of Deforestation on Local Climate,The Unseen Effects of Deforestation: Biophysical Effects on Climate,"Wang, Y.; Zhang, X.",Deborah Lawrence; Michael T. Coe; Wayne Walker; Louis Verchot; Karen L. Vandecar,2021,2022,Forest Ecology and Management,Frontiers in Forests and Global Change,,10.3389/ffgc.2022.756115,0,0,3,GOOGLE,1,"◐ Title | ✗ Authors | ◐ Year | ✗ Venue | ○ ID

### Summary
The reference could not be verified as matching the found article. While the title and year are similar, the authors and journal do not match, indicating these are different publications.

### Details
A matching record was found with the title ""The Unseen Effects of Deforestation: Biophysical Effects on Climate"" published in 2022 in the journal Frontiers in Forests and Global Change. However, the authors listed (Deborah Lawrence, Michael T. Coe, Wayne Walker, Louis Verchot, Karen L. Vandecar) do not overlap with the citation authors (Wang, Y. and Zhang, X.). Additionally, the cited journal Forest Ecology and Management differs from the found journal. No identifier was present in the citation to aid verification.

- https://doi.org/10.3389/ffgc.2022.756115",0.0,1.0
"Miller, T. J., & Davis, R. L. (2020). Marine Pollution: Sources, Effects, and Mitigation. Marine Pollution Bulletin.",Environmental Science,mistral_large_2_123b,unverified,Reference could not be verified.,CONTRADICTION,CONTRADICTION,CONTAINS,CONTRADICTION,ABSENT,Governance Strategies for Mitigating Microplastic Pollution in the Marine Environment: A Review,Amarachi Paschaline Onyena; Donald Aniche; Bright Ogbolu; Md. Refat Jahan Rakib; Jamal Uddin; Tony R. ‎Walker,2021,Microplastics,10.3390/microplastics1010003,https://doi.org/10.3390/microplastics1010003,GOOGLE,0,3,1,1,0,"Marine Pollution: Sources, Effects, and Mitigation",Governance Strategies for Mitigating Microplastic Pollution in the Marine Environment: A Review,"Miller, T. J.; Davis, R. L.",Amarachi Paschaline Onyena; Donald Aniche; Bright Ogbolu; Md. Refat Jahan Rakib; Jamal Uddin; Tony R. ‎Walker,2020,2021,Marine Pollution Bulletin,Microplastics,,10.3390/microplastics1010003,0,0,3,GOOGLE,0,"✗ Title | ✗ Authors | ◐ Year | ✗ Venue | ○ ID

### Summary
No matching article could be found for the reference by Miller and Davis (2020) titled ""Marine Pollution: Sources, Effects, and Mitigation"" in the journal Marine Pollution Bulletin. The available evidence points to a different article with distinct authors, title, year, and journal.

### Details
A search found a candidate article titled ""Governance Strategies for Mitigating Microplastic Pollution in the Marine Environment: A Review"" published in 2021 in the journal Microplastics, authored by Amarachi Paschaline Onyena and colleagues, which does not match the citation. The title and authors differ completely, and the venues are not the same. The year is close but not exact (2020 vs. 2021). No identifier was provided in the original citation to aid verification.

- https://doi.org/10.3390/microplastics1010003",0.0,1.0
"Mokdad, A. H., Marks, J. S., Stroup, D. F., & Gerberding, J. L. (2004). Actual causes of death in the United States, 2000. JAMA, 291(10), 1238-1245.",Health,mistral_large_2_123b,verified-with-error,"Mokdad, A. H. (2004). Actual Causes of Death in the United States, 2000. *JAMA*, 291(10), 1238. https://doi.org/10.1001/jama.291.10.1238",MATCH,CONTRADICTION,MATCH,MATCH,ABSENT,"Actual Causes of Death in the United States, 2000",Ali H. Mokdad,2004,JAMA,10.1001/jama.291.10.1238,https://doi.org/10.1001/jama.291.10.1238,GOOGLE,3,1,0,1,0,"Actual causes of death in the United States, 2000.","Actual Causes of Death in the United States, 2000","Mokdad, A. H.; Marks, J. S.; Stroup, D. F.; Gerberding, J. L.",Ali H. Mokdad,2004,2004,JAMA,JAMA,,10.1001/jama.291.10.1238,0,0,1,GOOGLE,1,"✓ Title | ✗ Authors | ✓ Year | ✓ Venue | ○ ID

### Summary
This article was confirmed in JAMA with the exact title and year matching. However, the author list differs: the verified record shows only Ali H. Mokdad as the author, while the original reference lists four authors.

### Details
A matching record was found with the title ""Actual Causes of Death in the United States, 2000"" published in JAMA in 2004. The year and journal matched exactly. The verified record includes only one author, Ali H. Mokdad, whereas the original citation lists four authors (Mokdad, Marks, Stroup, Gerberding). No DOI was provided in the original reference, but the verified record has DOI 10.1001/jama.291.10.1238.

- https://doi.org/10.1001/jama.291.10.1238",0.467,0.533
"Tusting, L. S., Lucas, G. B., Gemert, W. V., Diallo, D. A., Kolaczinski, J. H., & Logan, J. G. (2013). The importance of mosquito behavioural adaptations to malaria control in Africa. *Evolutionary Applications*, 6(4), 663-677.",Insecticide-treated bed nets for malaria,mistral_large_2_123b,verified-with-error,"Gatton, M. L., Chitnis, N., Churcher, T. S., Donnelly, M. J., Ghani, A. C., Charles, H., Gould, F., Hastings, I. M., Marshall, J. M., Ranson, H., Rowland, M., Shaman, J. L., & Lindsay, S. W. (2013). THE IMPORTANCE OF MOSQUITO BEHAVIOURAL ADAPTATIONS TO MALARIA CONTROL IN AFRICA. *Evolution*, 67(4), 1218-1230. https://doi.org/10.1111/evo.12063",MATCH,CONTRADICTION,MATCH,CONTAINS,ABSENT,THE IMPORTANCE OF MOSQUITO BEHAVIOURAL ADAPTATIONS TO MALARIA CONTROL IN AFRICA,Michelle L. Gatton; Nakul Chitnis; Thomas S. Churcher; Martin J. Donnelly; Azra C. Ghani; Hubert Charles; Fred Gould; Ian M. Hastings; John M. Marshall; Hilary Ranson; Mark Rowland; J. L. Shaman; Steve W. Lindsay,2013,Evolution,10.1111/evo.12063,https://doi.org/10.1111/evo.12063,GOOGLE,2,1,1,1,0,The importance of mosquito behavioural adaptations to malaria control in Africa,THE IMPORTANCE OF MOSQUITO BEHAVIOURAL ADAPTATIONS TO MALARIA CONTROL IN AFRICA,"Tusting, L. S.; Lucas, G. B.; Gemert, W. V.; Diallo, D. A.; Kolaczinski, J. H.; Logan, J. G.",Michelle L. Gatton; Nakul Chitnis; Thomas S. Churcher; Martin J. Donnelly; Azra C. Ghani; Hubert Charles; Fred Gould; Ian M. Hastings; John M. Marshall; Hilary Ranson; Mark Rowland; J. L. Shaman; Steve W. Lindsay,2013,2013,Evolutionary Applications,Evolution,,10.1111/evo.12063,0,0,1,GOOGLE,1,"✓ Title | ✗ Authors | ✓ Year | ◐ Venue | ○ ID

### Summary
This article was found with the exact title ""THE IMPORTANCE OF MOSQUITO BEHAVIOURAL ADAPTATIONS TO MALARIA CONTROL IN AFRICA"" published in the journal Evolution in 2013. However, the list of authors in the found record does not match the authors provided in the original reference, indicating a discrepancy.

### Details
A matching record was found with the exact title and year 2013. The journal listed is Evolution, which differs from the cited Evolutionary Applications. The authors in the found record are completely different from those in the original citation, with no overlapping names. No identifier was provided in the original reference. The source URL is https://doi.org/10.1111/evo.12063.

- https://doi.org/10.1111/evo.12063",0.367,0.633
"Schicks, J. (2013). The role of social networks in microfinance: Evidence from India. *Journal of Development Economics, 102*, 150-161.",Microfinance loan repayment,mistral_large_2_123b,unverified,Reference could not be verified.,CONTRADICTION,CONTRADICTION,CONTAINS,UNCONFIRMED,ABSENT,Strength of weak ties in microfinance,CA Jackson,2012,,,https://gala.gre.ac.uk/id/eprint/9151/,GOOGLE,0,2,1,1,1,The role of social networks in microfinance: Evidence from India,Strength of weak ties in microfinance,"Schicks, J.",CA Jackson,2013,2012,Journal of Development Economics,,,https://gala.gre.ac.uk/id/eprint/9151/,0,0,3,GOOGLE,0,"✗ Title | ✗ Authors | ◐ Year | ? Venue | ○ ID

### Summary
No matching article could be found for the reference by Schicks (2013) titled ""The role of social networks in microfinance: Evidence from India."" The closest found work differs significantly in title, authors, and year.

### Details
A search did not find any record matching the cited title or author. The candidate found was ""Strength of weak ties in microfinance"" by CA Jackson (2012), which has a different focus and author from the cited Schicks (2013) article. The year is also different by one year, and the journal ""Journal of Development Economics"" could not be confirmed for any match. No DOI or other identifier was available to support verification.

- https://gala.gre.ac.uk/id/eprint/9151/",0.0,1.0
"Subramanian, A. (2012). Determinants of loan repayment performance in microfinance: A case study of microfinance institutions in India. *International Journal of Business and Social Science, 3*(14), 163-172.",Microfinance loan repayment,mistral_large_2_123b,unverified,Reference could not be verified.,CONTRADICTION,CONTRADICTION,MATCH,UNCONFIRMED,ABSENT,Influential factors on loan repayment performance in microfinance institution: evidence from India,S MIRPOURIAN,2012,,,https://www.politesi.polimi.it/handle/10589/82222,GOOGLE,1,2,0,1,1,Determinants of loan repayment performance in microfinance: A case study of microfinance institutions in India,Influential factors on loan repayment performance in microfinance institution: evidence from India,"Subramanian, A.",S MIRPOURIAN,2012,2012,International Journal of Business and Social Science,,,https://www.politesi.polimi.it/handle/10589/82222,0,0,3,GOOGLE,0,"✗ Title | ✗ Authors | ✓ Year | ? Venue | ○ ID

### Summary
No matching article could be found for the reference by Subramanian, A. (2012). The title and authors differ significantly from the closest available document, which is authored by S Mirpourian and has a different title despite sharing the same publication year.

### Details
A matching record was not found for the given title or author. The year 2012 matched exactly, but the title in the evidence refers to ""Influential factors on loan repayment performance in microfinance institution: evidence from India,"" which differs in focus and wording from the cited title. Additionally, the author names do not match; the citation lists Subramanian, A., while the closest found work is by S Mirpourian. The venue could not be confirmed, and no identifier such as a DOI was present in the original reference.

- https://www.politesi.polimi.it/handle/10589/82222
- https://www.sciencedirect.com/science/article/pii/S245229291630087X",0.0,1.0
"Luo, X., Li, H., Zhang, J., & Shim, J. P. (2010). Mobile banking service adoption by customers: An empirical study. *International Journal of Bank Marketing*, 28(5), 320-335.",Mobile banking,mistral_large_2_123b,needs-human,Reference requires human review.,CONTAINS,CONTAINS,CONTRADICTION,UNCONFIRMED,ABSENT,An Empirical Investigation of Trying and Trust toward Mobile Banking Adoption: A Crosscultural Analysis of Chinese and United States Users,X. Luo,2007,,,https://scholarsjunction.msstate.edu/td/510/,GOOGLE,0,1,2,1,1,Mobile banking service adoption by customers: An empirical study.,An Empirical Investigation of Trying and Trust toward Mobile Banking Adoption: A Crosscultural Analysis of Chinese and United States Users,"Luo, X.; Li, H.; Zhang, J.; Shim, J. P.",X. Luo,2010,2007,International Journal of Bank Marketing,,,https://scholarsjunction.msstate.edu/td/510/,0,0,3,GOOGLE,0,"◐ Title | ◐ Authors | ✗ Year | ? Venue | ○ ID

### Summary
The reference could not be fully confirmed because the year of publication differs significantly from the candidate match. While the authors and the general topic of mobile banking adoption align, the candidate article is from 2007, whereas the reference cites 2010. This discrepancy suggests they may be different works or versions.

### Details
A matching record was found for an article titled ""An Empirical Investigation of Trying and Trust toward Mobile Banking Adoption: A Crosscultural Analysis of Chinese and United States Users"" authored by X. Luo in 2007. This title and author overlap with the reference, but the year differs by three years. The journal name from the reference could not be confirmed, and no digital object identifier (DOI) was available to verify the exact match. Additional search results showed related works on mobile banking adoption but none that exactly matched the 2010 article details.

- https://scholarsjunction.msstate.edu/td/510/",0.1,0.9
"Mallat, N. (2007). Mobile banking and financial inclusion. *Information Technologies and International Development*, 3(4), 1-14.",Mobile banking,mistral_large_2_123b,unverified,Reference could not be verified.,CONTRADICTION,CONTAINS,CONTRADICTION,CONTRADICTION,ABSENT,Mobile Banking Services. Adopting new and innovative mobile financial applications and service provisioning methods,N Mallat; M Rossi; VK Tuunainen,2020,Communications of the ACM,,https://cacm.acm.org/research/mobile-banking-services/,GOOGLE,0,3,1,1,0,Mobile banking and financial inclusion.,Mobile Banking Services. Adopting new and innovative mobile financial applications and service provisioning methods,"Mallat, N.",N Mallat; M Rossi; VK Tuunainen,2007,2020,Information Technologies and International Development,Communications of the ACM,,https://cacm.acm.org/research/mobile-banking-services/,0,0,3,GOOGLE,0,"✗ Title | ◐ Authors | ✗ Year | ✗ Venue | ○ ID

### Summary
No matching article could be found for the reference by Mallat, N. (2007) titled ""Mobile banking and financial inclusion"" in *Information Technologies and International Development*. The details of the found candidate differ significantly in title, year, and journal.

### Details
A search found a related article titled ""Mobile Banking Services. Adopting new and innovative mobile financial applications and service provisioning methods"" published in 2020 in *Communications of the ACM* by N Mallat and coauthors. However, this differs from the cited work in title focus, publication year (2007 vs. 2020), and journal. The author Mallat, N. is present in both, but the other key details do not match. No identifier was available to confirm the citation. This indicates the original reference could not be verified.

- https://cacm.acm.org/research/mobile-banking-services/",0.0,1.0
"Nann, S., & Koukios, H. (2012). Renewable energy technologies: Principles and applications. Elsevier.",Renewable energy,mistral_large_2_123b,needs-human,Reference requires human review.,MATCH,UNCONFIRMED,UNCONFIRMED,UNCONFIRMED,ABSENT,Renewable Energy Technologies: Principles and Applications,,,,,https://www.collegesidekick.com/study-docs/23602903,GOOGLE,1,0,0,1,3,Renewable energy technologies: Principles and applications.,Renewable Energy Technologies: Principles and Applications,"Nann, S.; Koukios, H.",,2012,,Elsevier,,,https://www.collegesidekick.com/study-docs/23602903,1,1,1,GOOGLE,0,"✓ Title | ? Authors | ? Year | ? Venue | ○ ID

### Summary
The title ""Renewable Energy Technologies: Principles and Applications"" was confirmed exactly as cited. However, the authors, year, and publisher details could not be confirmed from available sources, so human review is needed to verify these elements.

### Details
A matching title was found with exact wording, but no author names, publication year, or publisher information were available in the potential matches. The best potential match was found on a study document site but lacked detailed bibliographic data. No DOI or other identifiers were present to confirm the citation fully.

- https://www.collegesidekick.com/study-docs/23602903",0.333,0.667
"Pfenninger, S., & Keirstead, J. (2015). Renewables, nuclear, or fossil fuels? Scenarios for Great Britain’s power system considering costs, emissions and energy security. Applied Energy, 152, 109-120.",Renewable energy,mistral_large_2_123b,verified,"Pfenninger, S., & Keirstead, J. (2015). Renewables, nuclear, or fossil fuels? Scenarios for Great Britain’s power system considering costs, emissions and energy security. *Applied Energy*, 152, 83-93. https://doi.org/10.1016/j.apenergy.2015.04.102",MATCH,MATCH,MATCH,MATCH,ABSENT,"Renewables, nuclear, or fossil fuels? Scenarios for Great Britain’s power system considering costs, emissions and energy security",Stefan Pfenninger; James Keirstead,2015,Applied Energy,10.1016/j.apenergy.2015.04.102,https://doi.org/10.1016/j.apenergy.2015.04.102,GOOGLE,4,0,0,1,0,"Renewables, nuclear, or fossil fuels? Scenarios for Great Britain’s power system considering costs, emissions and energy security.","Renewables, nuclear, or fossil fuels? Scenarios for Great Britain’s power system considering costs, emissions and energy security","Pfenninger, S.; Keirstead, J.",Stefan Pfenninger; James Keirstead,2015,2015,Applied Energy,Applied Energy,,10.1016/j.apenergy.2015.04.102,1,1,1,GOOGLE,0,"✓ Title | ✓ Authors | ✓ Year | ✓ Venue | ○ ID

### Summary
This article was confirmed in the journal Applied Energy with matching authors Stefan Pfenninger and James Keirstead, and the year 2015. The title matched exactly, confirming the reference's accuracy.

### Details
A matching record was found with the exact title ""Renewables, nuclear, or fossil fuels? Scenarios for Great Britain’s power system considering costs, emissions and energy security."" The authors matched fully, with the citation using initials and the evidence listing full names. The year 2015 and the journal Applied Energy also matched exactly. Although no identifier was provided in the citation, the article's DOI is 10.1016/j.apenergy.2015.04.102, confirming the source.

- https://doi.org/10.1016/j.apenergy.2015.04.102",1.0,0.0
"Lijphart, A. (1997). Unequal participation: Democracy's unresolved dilemma. American Political Science Review, 91(1), 1-14.",Voter turnout,mistral_large_2_123b,verified,"Lijphart, A. (1997). *Unequal Participation: Democracy's Unresolved Dilemma*. *American Political Science Review*, 91(1), 1-14. https://www.jstor.org/stable/pdf/2952255.pdf",MATCH,MATCH,MATCH,MATCH,ABSENT,Unequal Participation: Democracy's Unresolved Dilemma,Arend Lijphart,1997,American Political Science Review,,https://www.jstor.org/stable/pdf/2952255.pdf,GOOGLE,4,0,0,1,0,Unequal participation: Democracy's unresolved dilemma.,Unequal Participation: Democracy's Unresolved Dilemma,"Lijphart, A.",Arend Lijphart,1997,1997,American Political Science Review,American Political Science Review,,https://www.jstor.org/stable/pdf/2952255.pdf,1,1,1,GOOGLE,12,"✓ Title | ✓ Authors | ✓ Year | ✓ Venue | ○ ID

### Summary
This article was confirmed in the American Political Science Review with matching author Arend Lijphart and the year 1997. The title ""Unequal Participation: Democracy's Unresolved Dilemma"" was found to match exactly.

### Details
A matching record was found with the exact title and author, where the author name appeared as ""Arend Lijphart"" in the evidence and ""A. Lijphart"" in the citation, confirming the match. The year 1997 matched exactly, and the journal name ""American Political Science Review"" was also confirmed. Although no DOI was provided, multiple sources including JSTOR and other academic repositories support this reference.

- https://www.jstor.org/stable/pdf/2952255.pdf
- https://escholarship.org/uc/item/13n5q9qx
- https://inequality.stanford.edu/sites/default/files/media/_media/pdf/Reference%20Media/Lijphart_1997_Politics.pdf",1.0,0.0
"Freire, P. (1970). Pedagogy of the oppressed. Continuum.",Education,mistral_large_2_123b,verified,"Freire, P. (1970). *Pedagogy of the Oppressed* (M. B. Ramos, Trans.). New York: Continuum.",MATCH,MATCH,MATCH,MATCH,ABSENT,"Pedagogy of the Oppressed (MB Ramos, Trans.)",P. Freire,1970,New York: Continuum,,,GOOGLE,4,0,0,1,0,Pedagogy of the oppressed,"Pedagogy of the Oppressed (MB Ramos, Trans.)","Freire, P.",P. Freire,1970,1970,Continuum,New York: Continuum,,,1,1,2,GOOGLE,0,"✓ Title | ✓ Authors | ✓ Year | ✓ Venue | ○ ID

### Summary
This book was confirmed as ""Pedagogy of the Oppressed"" by Paulo Freire, published in 1970 by Continuum. The title, author, year, and publisher all matched exactly, confirming the reference.

### Details
A matching record was found with the exact title ""Pedagogy of the Oppressed"" including the translator note (MB Ramos, Trans.), author Paulo Freire, and the year 1970. The publisher was identified as Continuum, consistent with the citation. Minor formatting differences such as the author's name order and inclusion of translator details do not affect the match. No DOI or URL was provided in the original citation, but multiple sources including Google Scholar and library databases confirm the publication details.

- https://doi.org/10.4324/9780429269400-8
- https://www.scirp.org/reference/referencespapers?referenceid=2059960
- https://en.wikipedia.org/wiki/Pedagogy_of_the_Oppressed
- https://www.goodreads.com/book/show/72657.Pedagogy_of_the_Oppressed",1.0,0.0
"Fortin, C., Marcotte, D., Potvin, P., Royer, É., & Joly, J. F. (2006). Predictors of high school dropout: A survival analysis of school engagement and risk factors in a Canadian sample. Journal of Youth and Adolescence, 35(3), 389-400.",School dropout,mistral_large_2_123b,unverified,Reference could not be verified.,CONTRADICTION,MATCH,CONTRADICTION,CONTRADICTION,ABSENT,A multidimensional model of school dropout from an 8-year longitudinal study in a general high school population,L Fortin; D Marcotte; T Diallo; P Potvin,2013,European journal of …,,https://link.springer.com/article/10.1007/s10212-012-0129-2,GOOGLE,1,3,0,1,0,Predictors of high school dropout: A survival analysis of school engagement and risk factors in a Canadian sample,A multidimensional model of school dropout from an 8-year longitudinal study in a general high school population,"Fortin, C.; Marcotte, D.; Potvin, P.; Royer, É.; Joly, J. F.",L Fortin; D Marcotte; T Diallo; P Potvin,2006,2013,Journal of Youth and Adolescence,European journal of …,,https://link.springer.com/article/10.1007/s10212-012-0129-2,0,0,3,GOOGLE,0,"✗ Title | ✓ Authors | ✗ Year | ✗ Venue | ○ ID

### Summary
The reference could not be verified as the details differ significantly from available records. Although some authors overlap, the title, year, and journal do not match the candidate article found.

### Details
A matching record was not found for the exact title ""Predictors of high school dropout: A survival analysis of school engagement and risk factors in a Canadian sample"" from 2006 in the Journal of Youth and Adolescence. Instead, a related article with overlapping authors was found titled ""A multidimensional model of school dropout from an 8-year longitudinal study in a general high school population,"" published in 2013 in a European journal. The year 2006 and journal name do not correspond to this 2013 publication, and the author lists differ slightly. No DOI or direct identifier was available for the original citation.

- https://link.springer.com/article/10.1007/s10212-012-0129-2",0.0,1.0
