reference,topic,model,svris_status,svris_reference,field_title,field_authors,field_year,field_venue,field_id,candidate_title,candidate_authors,candidate_year,candidate_venue,candidate_doi,candidate_url,candidate_source,candidate_matches,candidate_contradictions,candidate_contains,candidate_absent,candidate_unconfirmed,cmp_title_citation,cmp_title_candidate,cmp_authors_citation,cmp_authors_candidate,cmp_year_citation,cmp_year_candidate,cmp_venue_citation,cmp_venue_candidate,cmp_id_citation,cmp_id_candidate,match_set_size,contained_set_size,total_candidates,sources_queried,processing_time_ms,svris_message,score,error_distance
"Rao, H. P. R., & Reddy, M. H. G. S. (2015). Biometric voter registration: A case study of India. *Journal of Information Technology & Policy*, 12(3), 45-60.",Biometric voter registration,qwen3_8b_think,unverified,Reference could not be verified.,UNCONFIRMED,UNCONFIRMED,UNCONFIRMED,UNCONFIRMED,UNCONFIRMED,,,,,,,,,,,,,,,,,,,,,,,0,0,0,,0,"? Title | ? Authors | ? Year | ? Venue | ? ID

### Summary
No matching article titled ""Biometric voter registration: A case study of India"" by authors Rao and Reddy from 2015 in the Journal of Information Technology & Policy could be found. The reference could not be confirmed based on the available sources.

### Details
A thorough search through OpenAlex and academic search engines found no record matching the title, authors, year, or journal for this article. Attempts to locate the article via direct search queries also returned no relevant results. The specific journal and publication could not be verified by any of the consulted databases.

- https://openalex.org
- Google Scholar
- Google Search",0.0,1.0
"World Bank. (2017). *Biometric identification systems for electoral processes*. Washington, DC: World Bank Publications.",Biometric voter registration,qwen3_8b_think,needs-human,Reference requires human review.,CONTRADICTION,MATCH,MATCH,CONTAINS,ABSENT,"Global ID Coverage, Barriers, and Use by the Numbers: An In-Depth Look at the 2017 ID4D-Findex Survey",World Bank Group,2017,World Bank,,https://documents1.worldbank.org/curated/en/727021583506631652/pdf/Global-ID-Coverage-Barriers-and-Use-by-the-Numbers-An-In-Depth-Look-at-the-2017-ID4D-Findex-Survey.pdf,GOOGLE,2,1,1,1,0,Biometric identification systems for electoral processes,"Global ID Coverage, Barriers, and Use by the Numbers: An In-Depth Look at the 2017 ID4D-Findex Survey",World Bank,World Bank Group,2017,2017,World Bank Publications,World Bank,,https://documents1.worldbank.org/curated/en/727021583506631652/pdf/Global-ID-Coverage-Barriers-and-Use-by-the-Numbers-An-In-Depth-Look-at-the-2017-ID4D-Findex-Survey.pdf,0,0,3,GOOGLE,0,"✗ Title | ✓ Authors | ✓ Year | ◐ Venue | ○ ID

### Summary
The cited book by the World Bank titled ""Biometric identification systems for electoral processes"" from 2017 could not be confirmed as the exact publication. The information found shows a different 2017 World Bank publication focusing on global ID coverage and barriers, which is unrelated to the cited title despite matching the author and year.

### Details
A potential match was found with a World Bank Group 2017 report called ""Global ID Coverage, Barriers, and Use by the Numbers: An In-Depth Look at the 2017 ID4D-Findex Survey."" The authorship is aligned, and the year matches perfectly. However, the document title and content differ significantly from the citation referencing biometric identification for elections, indicating these are distinct works. The venue relates as both are published under the World Bank umbrella, but no exact record or identifier links to the cited title. This discrepancy suggests further human review is needed.

- [World Bank 2017 Global ID Coverage Report PDF](https://documents1.worldbank.org/curated/en/727021583506631652/pdf/Global-ID-Coverage-Barriers-and-Use-by-the-Numbers-An-In-Depth-Look-at-the-2017-ID4D-Findex-Survey.pdf)",0.233,0.767
"Smith, J., & Lee, K. (2018). Enhancing voter integrity through biometric authentication. *IEEE Transactions on Information Forensics and Security*, 13(4), 1122-1135.",Biometric voter registration,qwen3_8b_think,unverified,Reference could not be verified.,CONTRADICTION,CONTRADICTION,CONTAINS,CONTRADICTION,ABSENT,Development of A Fingerprint Biometric Authentication System For Secure Electronic Voting Machines,Buhari Ugbede Umar; Olayemi Mikail Olaniyi; Lukman Adewale Ajao; D. Maliki; I C Okeke,2019,Kinetik Game Technology Information System Computer Network Computing Electronics and Control,10.22219/kinetik.v4i2.734,https://doi.org/10.22219/kinetik.v4i2.734,GOOGLE,0,3,1,1,0,Enhancing voter integrity through biometric authentication,Development of A Fingerprint Biometric Authentication System For Secure Electronic Voting Machines,"Smith, J.; Lee, K.",Buhari Ugbede Umar; Olayemi Mikail Olaniyi; Lukman Adewale Ajao; D. Maliki; I C Okeke,2018,2019,IEEE Transactions on Information Forensics and Security,Kinetik Game Technology Information System Computer Network Computing Electronics and Control,,10.22219/kinetik.v4i2.734,0,0,1,GOOGLE,1,"✗ Title | ✗ Authors | ◐ Year | ✗ Venue | ○ ID

### Summary
No matching article could be found that corresponds to the reference by Smith and Lee (2018) on ""Enhancing voter integrity through biometric authentication"". The available candidate publications differed notably in title, authors, journal, and publication year.

### Details
A matching record was not found for the specified authors or title. The closest candidate found was a 2019 article titled ""Development of A Fingerprint Biometric Authentication System For Secure Electronic Voting Machines"" authored by Buhari Ugbede Umar and colleagues, published in an unrelated venue named ""Kinetik Game Technology Information System Computer Network Computing Electronics and Control."" This candidate's title, authors, journal, and year do not align with the original citation, resulting in contradictions for key fields. The year differed by one year but that alone did not validate the match. No DOI or identifier was available for the cited article, and extensive searches via scholarly databases and web queries returned no evidence for the existence of the cited source.

Sources:
- [Candidate article DOI](https://doi.org/10.22219/kinetik.v4i2.734)
- [Google search results for citation](https://www.google.com/search?q=Smith+J.+Lee+K.+Enhancing+voter+integrity+through+biometric+authentication+IEEE+Transactions+on+Information+Forensics+and+Security+2018)
- [Scholar search results](https://scholar.google.com/scholar?q=Enhancing+voter+integrity+through+biometric+authentication+Smith+Lee+2018+IEEE+Transactions+on+Information+Forensics+and+Security)",0.0,1.0
"Johnson, A., & Thompson, R. (2019). Technical challenges in biometric voter registration systems. *Journal of Electronic Government*, 11(2), 89-105.",Biometric voter registration,qwen3_8b_think,unverified,Reference could not be verified.,UNCONFIRMED,UNCONFIRMED,UNCONFIRMED,UNCONFIRMED,UNCONFIRMED,,,,,,,,,,,,,,,,,,,,,,,0,0,0,,1,"? Title | ? Authors | ? Year | ? Venue | ? ID

### Summary
No matching article could be found for the reference by Johnson and Thompson from 2019 titled ""Technical challenges in biometric voter registration systems"" in the Journal of Electronic Government or any similar sources.

### Details
A search was conducted in OpenAlex and through a scholarly search engine using the full citation details including the title, author names, publication year, journal name, volume, and issue. No records matched this exact article or similar works by these authors in this journal or year. The year, authors, title, and journal all remain unconfirmed due to the absence of any supporting evidence.

- https://openalex.org
- https://scholar.google.com",0.0,1.0
"Brown, L., & Davis, M. (2020). Biometric voter registration: A comparative analysis of global implementations. *International Journal of Election Studies*, 18(1), 1-20.",Biometric voter registration,qwen3_8b_think,unverified,Reference could not be verified.,UNCONFIRMED,UNCONFIRMED,UNCONFIRMED,UNCONFIRMED,UNCONFIRMED,,,,,,,,,,,,,,,,,,,,,,,0,0,0,,1,"? Title | ? Authors | ? Year | ? Venue | ? ID

### Summary
No matching article could be found for the provided reference. Despite searching with the title, authors, year, and journal details, no record confirmation was possible.

### Details
A comprehensive search using OpenAlex and scholarly search engines returned no matches for the article titled ""Biometric voter registration: A comparative analysis of global implementations"" by Brown, L. and Davis, M. from 2020 in the International Journal of Election Studies. None of the metadata fields such as title, authors, year, or journal matched any known sources, and no DOI or other identifiers were discovered. Other related works discussing biometric voter registration or electoral technologies were found, but they did not correspond to the cited article.

- [OpenAlex search](https://openalex.org)
- [Scholar search](https://scholar.google.com)",0.0,1.0
"Gupta, S., & Patel, R. (2016). Biometric authentication in electoral systems: A review. *Journal of Cybersecurity and Privacy*, 9(4), 221-235.",Biometric voter registration,qwen3_8b_think,unverified,Reference could not be verified.,CONTRADICTION,UNCONFIRMED,UNCONFIRMED,CONTAINS,ABSENT,Fingerprint Voting System,,,ResearchGate,,https://www.researchgate.net/publication/390243571_Fingerprint_Voting_System,GOOGLE,0,1,1,1,2,Biometric authentication in electoral systems: A review,Fingerprint Voting System,"Gupta, S.; Patel, R.",,2016,,Journal of Cybersecurity and Privacy,ResearchGate,,https://www.researchgate.net/publication/390243571_Fingerprint_Voting_System,0,0,3,GOOGLE,1,"✗ Title | ? Authors | ? Year | ◐ Venue | ○ ID

### Summary
No matching article was found that fully corresponds to the reference ""Biometric authentication in electoral systems: A review"" by Gupta and Patel from 2016 in the Journal of Cybersecurity and Privacy. The available sources show a related but different document titled ""Fingerprint Voting System"" with no author or year information matching the original citation.

### Details
A search in OpenAlex yielded no works matching the title and author names provided. Google search results included a paper called ""Fingerprint Voting System"" hosted on ResearchGate, which differs significantly in subject and scope from the original citation. The journal and conference details could not be confirmed as matching, and the year and authors could not be corroborated. The lack of a DOI or other identifiers further complicates verification.

- https://www.researchgate.net/publication/390243571_Fingerprint_Voting_System",0.0,1.0
United Nations Development Programme. (2018). *Biometric voter registration and electoral integrity*. New York: UNDP Publications.,Biometric voter registration,qwen3_8b_think,needs-human,Reference requires human review.,CONTRADICTION,CONTAINS,MATCH,CONTAINS,ABSENT,UNDP Support for the Biometric Voter Registration,Moses Saitala,2018,UNDP Pacific Office in Fiji,,https://info.undp.org/docs/pdc/Documents/SLB/No.%2022-2018%20UNDP%20Support%20for%20the%20Biometric%20Voter%20Registration.pdf,GOOGLE,1,1,2,1,0,Biometric voter registration and electoral integrity,UNDP Support for the Biometric Voter Registration,United Nations Development Programme,Moses Saitala,2018,2018,UNDP Publications,UNDP Pacific Office in Fiji,,https://info.undp.org/docs/pdc/Documents/SLB/No.%2022-2018%20UNDP%20Support%20for%20the%20Biometric%20Voter%20Registration.pdf,0,0,3,GOOGLE,1,"✗ Title | ◐ Authors | ✓ Year | ◐ Venue | ○ ID

### Summary
The reference could not be directly confirmed as the exact titled work ""Biometric voter registration and electoral integrity"" by the United Nations Development Programme in 2018. Although the organizational author and year matched, there were differences in title and publisher details, indicating possible different documents.

### Details
A candidate record titled ""UNDP Support for the Biometric Voter Registration"" by Moses Saitala, published by the UNDP Pacific Office in Fiji in 2018, was found. While the organizational author ""United Nations Development Programme"" aligns broadly with the citation, the title and publisher details differ. The citation's venue is listed as ""UNDP Publications,"" whereas the candidate is from a regional office of UNDP. There is no unique identifier to confirm they are the same document. These discrepancies suggest the need for human review to verify if these are indeed the same source or distinct works.

- https://info.undp.org/docs/pdc/Documents/SLB/No.%2022-2018%20UNDP%20Support%20for%20the%20Biometric%20Voter%20Registration.pdf",0.1,0.9
"Lee, H., & Kim, J. (2021). Security and privacy implications of biometric voter registration. *Computers & Security*, 105, 102012.",Biometric voter registration,qwen3_8b_think,unverified,Reference could not be verified.,UNCONFIRMED,UNCONFIRMED,UNCONFIRMED,UNCONFIRMED,UNCONFIRMED,,,,,,,,,,,,,,,,,,,,,,,0,0,0,,0,"? Title | ? Authors | ? Year | ? Venue | ? ID

### Summary
No matching article titled ""Security and privacy implications of biometric voter registration"" by Lee, H., and Kim, J. from 2021 in the journal *Computers & Security* was found. The search did not find any records confirming the existence of this reference.

### Details
A thorough search was conducted using multiple academic databases including OpenAlex and Google Scholar. No papers matching the title, authors, year, or journal were located. The year 2021, author names Lee and Kim, and the journal *Computers & Security* did not appear together in any results. No DOI or other identifiers matched this reference.

- [OpenAlex search result](https://openalex.org)
- [Google Scholar search](https://scholar.google.com)",0.0,1.0
"National Institute of Standards and Technology. (2019). *Biometric standards for voter registration systems*. Gaithersburg, MD: NIST.",Biometric voter registration,qwen3_8b_think,unverified,Reference could not be verified.,CONTRADICTION,MATCH,UNCONFIRMED,MATCH,ABSENT,Implementation Guidance for the VVSG 2.0,National Institute of Standards and Technology,,NIST Voting Technology Series (VTS) NIST VTS 200-2,,https://nvlpubs.nist.gov/nistpubs/vts/NIST.VTS.200-2.ipd.pdf,GOOGLE,2,1,0,1,1,Biometric standards for voter registration systems,Implementation Guidance for the VVSG 2.0,National Institute of Standards and Technology,National Institute of Standards and Technology,2019,,National Institute of Standards and Technology,NIST Voting Technology Series (VTS) NIST VTS 200-2,,https://nvlpubs.nist.gov/nistpubs/vts/NIST.VTS.200-2.ipd.pdf,0,0,3,GOOGLE,0,"✗ Title | ✓ Authors | ? Year | ✓ Venue | ○ ID

### Summary
No matching record was found for the document titled ""Biometric standards for voter registration systems"" by the National Institute of Standards and Technology (NIST) from 2019. Although the authors and publisher matched, the title differed significantly from the available documents found in NIST collections.

### Details
The National Institute of Standards and Technology was confirmed as the author and publisher, matching the citation exactly. However, the title in the evidence differed and was found as ""Implementation Guidance for the VVSG 2.0,"" which relates to voting system guidelines rather than biometric standards for voter registration. The year 2019 could not be confirmed due to lack of corresponding date information in the retrieved documents. Extensive searches including title and keyword variations yielded no matches for the cited title or a document specifically named ""Biometric standards for voter registration systems"" from NIST in 2019. Available documents on related topics focus on other election technology and voting system standards. 

- https://nvlpubs.nist.gov/nistpubs/vts/NIST.VTS.200-2.ipd.pdf
- https://www.nist.gov/programs-projects/biometric-standards-program-and-resource-center
- https://nvlpubs.nist.gov/nistpubs/SpecialPublications/NIST.SP.1500-102.pdf",0.133,0.867
"Chen, Y., & Wang, Z. (2022). Evaluating the effectiveness of biometric voter registration in reducing electoral fraud. *Election Law Journal*, 21(3), 245-260.",Biometric voter registration,qwen3_8b_think,unverified,Reference could not be verified.,CONTRADICTION,CONTRADICTION,CONTRADICTION,CONTRADICTION,ABSENT,"Transforming online voting: a novel system utilizing blockchain and biometric verification for enhanced security, privacy, and transparency",MJ Hossain Faruk; F Alam; M Islam; A Rahman,2024,Cluster Computing,10.1007/s10586-023-04261-x,https://link.springer.com/article/10.1007/s10586-023-04261-x,GOOGLE,0,4,0,1,0,Evaluating the effectiveness of biometric voter registration in reducing electoral fraud.,"Transforming online voting: a novel system utilizing blockchain and biometric verification for enhanced security, privacy, and transparency","Chen, Y.; Wang, Z.",MJ Hossain Faruk; F Alam; M Islam; A Rahman,2022,2024,Election Law Journal,Cluster Computing,,10.1007/s10586-023-04261-x,0,0,3,GOOGLE,0,"✗ Title | ✗ Authors | ✗ Year | ✗ Venue | ○ ID

### Summary
No matching article could be found for the cited reference by Chen and Wang (2022) titled ""Evaluating the effectiveness of biometric voter registration in reducing electoral fraud."" The information provided points to a completely different publication with distinct authors, year, title, and journal.

### Details
A thorough search did not locate any record matching the citation in the Election Law Journal or elsewhere for 2022 under the given authors. The best potential match found is a 2024 article on blockchain and biometric verification for online voting with different authors and published in the journal Cluster Computing. There is no overlap in authorship (Chen, Y. & Wang, Z. vs. MJ Hossain Faruk et al.), the publication years differ by two years, the titles focus on different subjects, and the venues belong to unrelated academic fields.

- [Cluster Computing article (DOI 10.1007/s10586-023-04261-x)](https://link.springer.com/article/10.1007/s10586-023-04261-x)",0.0,1.0
Intergovernmental Panel on Climate Change (IPCC). (2021). *Climate change 2021: The physical science basis. Contribution of Working Group I to the Sixth Assessment Report of the Intergovernmental Panel on Climate Change*. Cambridge University Press.,Climate change,qwen3_8b_think,verified-with-error,Intergovernmental Panel on Climate Change. (2021). *Climate Change 2021 – The Physical Science Basis: Working Group I contribution to the Sixth Assessment Report of the Intergovernmental Panel on Climate Change*. Cambridge University Press. https://www.cambridge.org/core/books/climate-change-2021-the-physical-science-basis/415F29233B8BD19FB55F65E3DC67272B,CONTAINS,MATCH,MATCH,MATCH,ABSENT,Climate Change 2021 – The Physical Science Basis Working Group I Contribution to the Sixth Assessment Report of the Intergovernmental Panel on Climate Change,Intergovernmental Panel on Climate Change,2021,Cambridge University Press,,https://www.cambridge.org/core/books/climate-change-2021-the-physical-science-basis/415F29233B8BD19FB55F65E3DC67272B,GOOGLE,3,0,1,1,0,Climate change 2021: The physical science basis. Contribution of Working Group I to the Sixth Assessment Report of the Intergovernmental Panel on Climate Change,Climate Change 2021 – The Physical Science Basis Working Group I Contribution to the Sixth Assessment Report of the Intergovernmental Panel on Climate Change,Intergovernmental Panel on Climate Change (IPCC),Intergovernmental Panel on Climate Change,2021,2021,Cambridge University Press,Cambridge University Press,,https://www.cambridge.org/core/books/climate-change-2021-the-physical-science-basis/415F29233B8BD19FB55F65E3DC67272B,1,1,3,GOOGLE,0,"◐ Title | ✓ Authors | ✓ Year | ✓ Venue | ○ ID

### Summary
This book was confirmed as published by Cambridge University Press in 2021 and authored by the Intergovernmental Panel on Climate Change (IPCC). The core title and key identifying phrases were matched despite minor formatting differences.

### Details
A matching record was found with the title essentially the same despite minor punctuation and capitalization differences, confirming the core identifying phrase ""Climate Change 2021: The Physical Science Basis"" and association with Working Group I. The author match was confirmed as the same organization, expressed with and without the acronym IPCC. The publication year 2021 and publisher Cambridge University Press matched exactly. No digital identifier such as a DOI was found in the citation, but a relevant URL to the publisher's page was provided.

- https://www.cambridge.org/core/books/climate-change-2021-the-physical-science-basis/415F29233B8BD19FB55F65E3DC67272B
- https://www.ipcc.ch/report/ar6/wg1/",0.833,0.167
"Hansen, J., Sato, M., & Ruedy, R. (2006). Go to the source: A 300,000-year climate record from a Greenland ice core. *Quaternary Research, 65*(3), 135–146. https://doi.org/10.1016/j.yqres.2006.03.002",Climate change,qwen3_8b_think,needs-human,Reference requires human review.,CONTRADICTION,CONTRADICTION,MATCH,MATCH,MATCH,"U/Th age constraints on the absence of ice in the central Inn Valley (eastern Alps, Austria) during Marine Isotope Stages 5c to 5a",Christoph Spötl; Augusto Mangini,2006,Quaternary Research,10.1016/j.yqres.2006.03.002,https://doi.org/10.1016/j.yqres.2006.03.002,GOOGLE,3,2,0,0,0,"Go to the source: A 300,000-year climate record from a Greenland ice core","U/Th age constraints on the absence of ice in the central Inn Valley (eastern Alps, Austria) during Marine Isotope Stages 5c to 5a","Hansen, J.; Sato, M.; Ruedy, R.",Christoph Spötl; Augusto Mangini,2006,2006,Quaternary Research,Quaternary Research,10.1016/j.yqres.2006.03.002,10.1016/j.yqres.2006.03.002,0,0,1,GOOGLE,0,"✗ Title | ✗ Authors | ✓ Year | ✓ Venue | ✓ DOI | ✓ URL

### Summary
The reference could not be definitively verified because the DOI provided points to a different article than the one cited. The publication year 2006 and the journal ""Quaternary Research"" match, but the title and authors do not. This discrepancy means the citation needs human review to confirm the correct details.

### Details
The DOI ""10.1016/j.yqres.2006.03.002"" is associated with an article titled ""U/Th age constraints on the absence of ice in the central Inn Valley (eastern Alps, Austria) during Marine Isotope Stages 5c to 5a,"" authored by Christoph Spötl and Augusto Mangini. This differs from the cited article titled ""Go to the source: A 300,000-year climate record from a Greenland ice core"" by Hansen, J., Sato, M., and Ruedy, R. Both records share the same publication year (2006) and journal (Quaternary Research), but the title and authors show contradictions. The evidence suggests the DOI in the reference might be incorrect or mismatched.

- https://doi.org/10.1016/j.yqres.2006.03.002",0.1,0.9
"Cook, J., Nuccitelli, D., Green, S. A., et al. (2013). Retraction of the 2013 paper “The global climate change research program: A critical review of the science and policy interface.” *Environmental Research Letters, 8*(4), 044013. https://doi.org/10.1088/1748-9326/8/4/044013",Climate change,qwen3_8b_think,needs-human,Reference requires human review.,CONTRADICTION,UNCONFIRMED,MATCH,MATCH,MATCH,Herbivores regulate the sensitivity of soil organic carbon decomposition to warming,,2013,Environmental Research Letters,10.1088/1748-9326/8/4/044013,https://doi.org/10.1088/1748-9326/8/4/044013,GOOGLE,3,1,0,0,1,Retraction of the 2013 paper “The global climate change research program: A critical review of the science and policy interface.”,Herbivores regulate the sensitivity of soil organic carbon decomposition to warming,"Cook, J.; Nuccitelli, D.; Green, S. A.; et al.",,2013,2013,Environmental Research Letters,Environmental Research Letters,10.1088/1748-9326/8/4/044013,10.1088/1748-9326/8/4/044013,0,0,1,GOOGLE,0,"✗ Title | ? Authors | ✓ Year | ✓ Venue | ✓ DOI | ✓ URL

### Summary
This reference requires human review because the details found do not match the given citation. The DOI, year, and journal match the provided reference, but the title linked to that DOI is about soil organic carbon decomposition, which contradicts the claimed retraction article title.

### Details
A record was found at the DOI 10.1088/1748-9326/8/4/044013 which corresponds to a 2013 article in Environmental Research Letters. However, the title for that DOI is ""Herbivores regulate the sensitivity of soil organic carbon decomposition to warming,"" not a retraction notice for a climate change science and policy interface paper. The authorship could not be confirmed. A Google search did not yield a clear match for the claimed retraction article title. This discrepancy suggests that the given reference might be incorrect or misattributed and needs a human to verify its accuracy.

- https://doi.org/10.1088/1748-9326/8/4/044013",0.3,0.7
World Bank. (2020). *Groundswell part 2: Acting on internal climate migration*. World Bank Publications. https://doi.org/10.1596/978-1-4648-1539-9,Climate change,qwen3_8b_think,verified-with-error,World Bank. (2020). *Groundswell Part II: Acting on internal climate migration*. World Bank Publications. https://documents.worldbank.org/en/publication/documents-reports/documentdetail/540941631203608570,CONTAINS,MATCH,MATCH,MATCH,UNCONFIRMED,Groundswell Part II: Acting on Internal Climate Migration,World Bank,2020,World Bank Publications,,https://documents.worldbank.org/en/publication/documents-reports/documentdetail/540941631203608570,GOOGLE,3,0,1,0,1,Groundswell part 2: Acting on internal climate migration,Groundswell Part II: Acting on Internal Climate Migration,World Bank,World Bank,2020,2020,World Bank Publications,World Bank Publications,10.1596/978-1-4648-1539-9,,1,1,1,GOOGLE,0,"◐ Title | ✓ Authors | ✓ Year | ✓ Venue | ? DOI | ? URL

### Summary
This reference was confirmed as a World Bank publication from 2020 titled ""Groundswell Part II: Acting on Internal Climate Migration."" The authors, year, and publisher all matched exactly, though the DOI was not verified.

### Details
A matching record was found with the title containing the core phrase ""Groundswell Part II: Acting on Internal Climate Migration,"" differing only by capitalization and numeral style from the original citation. The author ""World Bank"" and the year 2020 matched exactly. The publisher was also confirmed as World Bank Publications. However, the provided DOI could not be confirmed because it does not resolve and is not present in the DOI system. Several official World Bank documents and trustworthy websites reference this publication, supporting its existence independently of the unconfirmed DOI.

- https://documents.worldbank.org/en/publication/documents-reports/documentdetail/540941631203608570
- https://documents1.worldbank.org/curated/en/837771631204427139/pdf/Groundswell-Part-II-Acting-on-Internal-Climate-Migration.pdf
- https://openknowledge.worldbank.org/entities/publication/2c9150df-52c3-58ed-9075-d78ea56c3267",0.625,0.375
American Geophysical Union. (2015). *Advances in climate change research*. American Geophysical Union. https://doi.org/10.1029/15AGU.1,Climate change,qwen3_8b_think,unverified,Reference could not be verified.,UNCONFIRMED,UNCONFIRMED,UNCONFIRMED,UNCONFIRMED,UNCONFIRMED,,,,,,,,,,,,,,,,,,,,,,,0,0,0,,0,"? Title | ? Authors | ? Year | ? Venue | ? ID

### Summary
No matching record could be found for the reference ""American Geophysical Union. (2015). Advances in climate change research."" The DOI provided did not lead to an active or valid page, and no relevant documents matching this title and year were found.

### Details
A search with the DOI https://doi.org/10.1029/15AGU.1 returned a 404 error indicating the DOI could not be found in the official system. Additionally, querying OpenAlex with the DOI and metadata yielded no matches. General web searches for the title and author in combination with the year 2015 failed to find relevant publications confirming this reference. The combined evidence shows this reference could not be confirmed from available sources.

- https://doi.org/10.1029/15AGU.1
- https://news.agu.org/
- https://agupubs.onlinelibrary.wiley.com/",0.0,1.0
"Schaefer, D. M., & Rehfeld, K. (2018). The Paris Agreement and the global carbon budget. *Global Change Biology, 24*(1), 1–12. https://doi.org/10.1111/gcb.13965",Climate change,qwen3_8b_think,needs-human,Reference requires human review.,CONTRADICTION,CONTRADICTION,CONTAINS,MATCH,MATCH,Assessing uncertainties in crop and pasture ensemble model simulations of productivity and N2O emissions,Fiona Ehrhardt; Jean‐François Soussana; Gianni Bellocchi; Peter Grace; Russel McAuliffe; Sylvie Recous; Renáta Sándor; Pete Smith; Val Snow; Massimiliano De Antoni Migliorati; Bruno Basso; Arti Bhatia; Lorenzo Brilli; Jordi Doltra; Christopher D. Dorich; Luca Doro; Nuala Fitton; Sandro José Giacomini; Brian Grant; Matthew Tom Harrison; Stephanie Jones; Miko U. F. Kirschbaum; Katja Klumpp; Patricia Laville; Joël Léonard; Mark A. Liebig; Mark Lieffering; Raphaël Martin; Raia Silvia Massad; Elizabeth A. Meier; Lutz Merbold; Andrew D. Moore; Vasileios Myrgiotis; Paul C. D. Newton; Elizabeth Pattey; Susanne Rolinski; Joanna Sharp; Ward Smith; Lianhai Wu; Qing Zhang,2017,Global Change Biology,10.1111/gcb.13965,https://doi.org/10.1111/gcb.13965,GOOGLE,2,2,1,0,0,The Paris Agreement and the global carbon budget.,Assessing uncertainties in crop and pasture ensemble model simulations of productivity and N2O emissions,"Schaefer, D. M.; Rehfeld, K.",Fiona Ehrhardt; Jean‐François Soussana; Gianni Bellocchi; Peter Grace; Russel McAuliffe; Sylvie Recous; Renáta Sándor; Pete Smith; Val Snow; Massimiliano De Antoni Migliorati; Bruno Basso; Arti Bhatia; Lorenzo Brilli; Jordi Doltra; Christopher D. Dorich; Luca Doro; Nuala Fitton; Sandro José Giacomini; Brian Grant; Matthew Tom Harrison; Stephanie Jones; Miko U. F. Kirschbaum; Katja Klumpp; Patricia Laville; Joël Léonard; Mark A. Liebig; Mark Lieffering; Raphaël Martin; Raia Silvia Massad; Elizabeth A. Meier; Lutz Merbold; Andrew D. Moore; Vasileios Myrgiotis; Paul C. D. Newton; Elizabeth Pattey; Susanne Rolinski; Joanna Sharp; Ward Smith; Lianhai Wu; Qing Zhang,2018,2017,Global Change Biology,Global Change Biology,10.1111/gcb.13965,10.1111/gcb.13965,0,1,3,GOOGLE,0,"✗ Title | ✗ Authors | ◐ Year | ✓ Venue | ✓ DOI | ✓ URL

### Summary
The reference shows conflicting information with a different paper found under the same DOI. The article titled ""The Paris Agreement and the global carbon budget"" by Schaefer and Rehfeld (2018) could not be clearly confirmed because the DOI points to a 2017 paper on crop and pasture productivity with different authors. Thus, this case needs human review to clarify the correct source.

### Details
A matching record was found with the DOI 10.1111/gcb.13965, but it corresponds to a 2017 article titled ""Assessing uncertainties in crop and pasture ensemble model simulations of productivity and N2O emissions"" published in the same journal, Global Change Biology, with many authors distinct from Schaefer and Rehfeld. The year differs by one, which is within the acceptable range, but the title and authors do not match. Multiple searches for the original title and authors yielded no direct matches. The DOI currently appears to be linked to the other paper, indicating a possible citation error.

- https://doi.org/10.1111/gcb.13965
- https://core.ac.uk/download/pdf/286455704.pdf
- https://essd.copernicus.org/articles/10/2141/2018/essd-10-2141-2018.pdf",0.025,0.975
IPCC. (2018). *Global warming of 1.5°C. An IPCC special report on the impacts of global warming of 1.5°C above pre-industrial levels*. Intergovernmental Panel on Climate Change. https://doi.org/10.1017/9781009157833,Climate change,qwen3_8b_think,verified-with-error,Intergovernmental Panel on Climate Change. (2018). *Global warming of 1.5°C: An IPCC special report on the impacts of global warming of 1.5°C above pre-industrial levels*. Intergovernmental Panel on Climate Change. https://www.ipcc.ch/sr15/,CONTAINS,MATCH,MATCH,MATCH,UNCONFIRMED,Global warming of 1.5°C,Intergovernmental Panel on Climate Change,2018,Intergovernmental Panel on Climate Change,,https://www.ipcc.ch/sr15/,GOOGLE,3,0,1,0,1,Global warming of 1.5°C. An IPCC special report on the impacts of global warming of 1.5°C above pre-industrial levels,Global warming of 1.5°C,IPCC,Intergovernmental Panel on Climate Change,2018,2018,Intergovernmental Panel on Climate Change,Intergovernmental Panel on Climate Change,10.1017/9781009157833,,1,1,1,GOOGLE,0,"◐ Title | ✓ Authors | ✓ Year | ✓ Venue | ? DOI | ? URL

### Summary
This report was confirmed to be authored by the Intergovernmental Panel on Climate Change (IPCC) in 2018 with matching title and publisher details. However, the DOI provided (10.1017/9781009157833) could not be verified since it leads to a dead link.

### Details
A matching record was found with the title ""Global warming of 1.5°C"" and the author as Intergovernmental Panel on Climate Change from 2018, published by the same organization. The title in the citation is a longer form, but includes the main title of the report, indicating they are the same document. The publisher matches exactly. The DOI in the citation is not confirmed as it returned a 404 error suggesting the DOI is either incorrect or not activated. Alternative official links to the report are available directly from the IPCC website.

- https://www.ipcc.ch/sr15/
- https://doi.org/10.1017/9781009157833 (not found)",0.625,0.375
"Mann, M. E., & Kump, L. A. (2008). *The Earth through time*. Wiley. https://doi.org/10.1002/9780470244616",Climate change,qwen3_8b_think,needs-human,Reference requires human review.,MATCH,CONTRADICTION,CONTRADICTION,MATCH,UNCONFIRMED,The Earth Through Time,Harold L. Levin,2013,Wiley,,https://www.amazon.com/Earth-Through-Time-Harold-Levin/dp/1118254678,GOOGLE,2,2,0,0,1,The Earth through time,The Earth Through Time,"Mann, M. E.; Kump, L. A.",Harold L. Levin,2008,2013,Wiley,Wiley,10.1002/9780470244616,,0,0,2,GOOGLE,0,"✓ Title | ✗ Authors | ✗ Year | ✓ Venue | ? DOI | ? URL

### Summary
The reference could not be fully verified due to conflicting author and publication year information. The book title and publisher matched, but the listed authors and year differed from the best available data.

### Details
A matching title, ""The Earth Through Time,"" and publisher, Wiley, were found exactly as cited. However, the citation lists authors Mann, M. E., and Kump, L. A. with a publication year of 2008, while the closest found match shows the author as Harold L. Levin with a year of 2013. The DOI provided in the citation returned a 404 error and was not found in external databases, indicating it may be incorrect or outdated. Search results revealed editions of the book under Harold L. Levin's authorship published by Wiley around 2013, supporting this discrepancy.

- https://doi.org/10.1002/9780470244616
- https://www.amazon.com/Earth-Through-Time-Harold-Levin/dp/1118254678
- https://www.wiley.com/en-us/The+Earth+Through+Time%2C+11th+Edition-p-9781119117063",0.05,0.95
"National Academy of Sciences. (2019). *Limiting global warming to 1.5°C: Impacts, adaptation and vulnerability*. National Academies Press. https://doi.org/10.17226/25259",Climate change,qwen3_8b_think,needs-human,Reference requires human review.,CONTRADICTION,MATCH,CONTAINS,CONTAINS,MATCH,Negative Emissions Technologies and Reliable Sequestration: A Research Agenda,"Board on Atmospheric Sciences and Climate; Board on Energy and Environmental Systems; Board on Agriculture and Natural Resources; Board on Earth Sciences and Resources; Board on Chemical Sciences and Technology; Ocean Studies Board; Division on Earth and Life Studies; National Academies of Sciences, Engineering, and Medicine",2018,National Academies Press eBooks,10.17226/25259,https://doi.org/10.17226/25259,GOOGLE,2,1,2,0,0,"Limiting global warming to 1.5°C: Impacts, adaptation and vulnerability",Negative Emissions Technologies and Reliable Sequestration: A Research Agenda,National Academy of Sciences,"Board on Atmospheric Sciences and Climate; Board on Energy and Environmental Systems; Board on Agriculture and Natural Resources; Board on Earth Sciences and Resources; Board on Chemical Sciences and Technology; Ocean Studies Board; Division on Earth and Life Studies; National Academies of Sciences, Engineering, and Medicine",2019,2018,National Academies Press,National Academies Press eBooks,10.17226/25259,10.17226/25259,0,0,1,GOOGLE,0,"✗ Title | ✓ Authors | ◐ Year | ◐ Venue | ✓ DOI | ✓ URL

### Summary
The reference could not be fully verified because the title does not match the document found at the given DOI. While the authorship and publisher details align closely, the title cited refers to a document about limiting global warming to 1.5°C, but the DOI points to a different publication on negative emissions technologies.

### Details
A matching record was found through the DOI 10.17226/25259, but it corresponds to a 2018 publication titled ""Negative Emissions Technologies and Reliable Sequestration: A Research Agenda."" The authorship lists various National Academies boards, which is consistent with the cited organization's broader name. The publisher is also closely related, being a division of National Academies Press. The year differs slightly, with 2018 in the evidence versus 2019 in the citation, which is within one year. However, the key issue is the title mismatch, indicating these are two different works, so human review is recommended.

- https://doi.org/10.17226/25259",0.35,0.65
"IPCC. (2014). *Climate change 2014: Synthesis report. Contribution of Working Groups I, II and III to the Fifth Assessment Report of the Intergovernmental Panel on Climate Change*. IPCC. https://doi.org/10.1017/9781009157833",Climate change,qwen3_8b_think,verified,"Core Writing Team, Pachauri, R. K., & Meyer, L. A. (Eds.). (2014). *Climate Change 2014: Synthesis Report. Contribution of Working Groups I, II and III to the Fifth Assessment Report of the Intergovernmental Panel on Climate Change*. IPCC, Geneva, Switzerland. https://www.ipcc.ch/site/assets/uploads/2018/02/SYR_AR5_FINAL_full.pdf",MATCH,CONTAINS,MATCH,MATCH,UNCONFIRMED,"Climate Change 2014: Synthesis Report. Contribution of Working Groups I, II and III to the Fifth Assessment Report of the Intergovernmental Panel on Climate Change",Core Writing Team; R. K. Pachauri; L. A. Meyer (eds.),2014,"IPCC, Geneva, Switzerland",,https://www.ipcc.ch/site/assets/uploads/2018/02/SYR_AR5_FINAL_full.pdf,GOOGLE,3,0,1,0,1,"Climate change 2014: Synthesis report. Contribution of Working Groups I, II and III to the Fifth Assessment Report of the Intergovernmental Panel on Climate Change","Climate Change 2014: Synthesis Report. Contribution of Working Groups I, II and III to the Fifth Assessment Report of the Intergovernmental Panel on Climate Change",IPCC,Core Writing Team; R. K. Pachauri; L. A. Meyer (eds.),2014,2014,IPCC,"IPCC, Geneva, Switzerland",10.1017/9781009157833,,1,1,1,GOOGLE,0,"✓ Title | ◐ Authors | ✓ Year | ✓ Venue | ? DOI | ? URL

### Summary
This report by the IPCC titled ""Climate Change 2014: Synthesis Report"" was confirmed with matching title, authorship by the IPCC as an organization, year 2014, and publisher (IPCC, Geneva, Switzerland). Although the DOI could not be confirmed in registration systems, the official IPCC website hosts the exact report matching this citation.

### Details
A matching record was found with the exact title ""Climate Change 2014: Synthesis Report. Contribution of Working Groups I, II and III to the Fifth Assessment Report of the Intergovernmental Panel on Climate Change."" The organizational author IPCC is confirmed within the candidate context. The year 2014 matched exactly and the publisher name IPCC with location Geneva, Switzerland aligns with the citation. The DOI 10.1017/9781009157833 was not found in DOI registries, producing a 404 error; however, the report is available directly from the official IPCC website, confirming the source and content.

Relevant source URLs:
- [IPCC Report Homepage](https://www.ipcc.ch/report/ar5/syr/)
- [Full PDF Report](https://www.ipcc.ch/site/assets/uploads/2018/02/SYR_AR5_FINAL_full.pdf)
- [DOI URL with error](https://doi.org/10.1017/9781009157833)",0.65,0.35
"Smith, J., Johnson, R., & Lee, K. (2020). Climate change adaptation strategies for crop production in arid regions. *Journal of Environmental Management*, 265, 110543. https://doi.org/10.1016/j.jenvman.2020.110543",Climate change adaptation in agriculture,qwen3_8b_think,needs-human,Reference requires human review.,CONTRADICTION,CONTRADICTION,MATCH,MATCH,MATCH,Two-step treatment of brewery wastewater using electrocoagulation and cyanobacteria-based cultivation,Konstantinos P. Papadopoulos; Christina Ν. Economou; Athanasia G. Tekerlekopoulou; Dimitris V. Vayenas,2020,Journal of Environmental Management,10.1016/j.jenvman.2020.110543,https://doi.org/10.1016/j.jenvman.2020.110543,GOOGLE,3,2,0,0,0,Climate change adaptation strategies for crop production in arid regions,Two-step treatment of brewery wastewater using electrocoagulation and cyanobacteria-based cultivation,"Smith, J.; Johnson, R.; Lee, K.",Konstantinos P. Papadopoulos; Christina Ν. Economou; Athanasia G. Tekerlekopoulou; Dimitris V. Vayenas,2020,2020,Journal of Environmental Management,Journal of Environmental Management,10.1016/j.jenvman.2020.110543,10.1016/j.jenvman.2020.110543,0,0,1,GOOGLE,0,"✗ Title | ✗ Authors | ✓ Year | ✓ Venue | ✓ DOI | ✓ URL

### Summary
This reference needs human review because while the DOI and journal match the cited information, the title and authors found for that DOI are completely different. The article linked to the provided DOI discusses wastewater treatment, not climate change adaptation, and lists different authors.

### Details
A matching record was found for the DOI 10.1016/j.jenvman.2020.110543 in the Journal of Environmental Management for the year 2020. However, the title associated with this DOI is ""Two-step treatment of brewery wastewater using electrocoagulation and cyanobacteria-based cultivation"" which contradicts the cited title about climate change adaptation in arid regions. The authors linked to this DOI are Papadopoulos, Economou, Tekerlekopoulou, and Vayenas, none of whom match the cited authors Smith, Johnson, and Lee. These conflicting details indicate the DOI might be incorrect or mismatched, requiring manual verification to clarify the reference.

- [DOI Link](https://doi.org/10.1016/j.jenvman.2020.110543)",0.1,0.9
"Jones, A., & Williams, T. (2019). Adaptation of agricultural systems to climate variability: A global analysis. *Agricultural Systems*, 173, 102845. https://doi.org/10.1016/j.agrsy.2019.102845",Climate change adaptation in agriculture,qwen3_8b_think,unverified,Reference could not be verified.,UNCONFIRMED,UNCONFIRMED,UNCONFIRMED,UNCONFIRMED,UNCONFIRMED,,,,,,,,,,,,,,,,,,,,,,,0,0,0,,0,"? Title | ? Authors | ? Year | ? Venue | ? ID

### Summary
No matching article could be found for the provided reference. The DOI does not exist in the DOI system, and no corresponding record was found in major scholarly databases.

### Details
A search for the DOI ""10.1016/j.agrsy.2019.102845"" returned a 404 error indicating the DOI cannot be found. The same DOI was also not found in the OpenAlex database. A general web search using title, authors, and journal information did not reveal any matching article either. These findings suggest the reference details or DOI may be incorrect or the article is not publicly indexed.

- https://doi.org/10.1016/j.agrsy.2019.102845
- https://openalex.org
- Google search results",0.0,1.0
"Garcia, M., Rodriguez, L., & Fernandez, P. (2018). Climate change and agricultural adaptation: Lessons from smallholder farming in sub-Saharan Africa. *Global Environmental Change*, 50, 136–146. https://doi.org/10.1016/j.gloenvcha.2018.03.006",Climate change adaptation in agriculture,qwen3_8b_think,needs-human,Reference requires human review.,CONTRADICTION,CONTRADICTION,MATCH,MATCH,MATCH,"A cultural theory of drinking water risks, values and institutional change",Johanna Koehler; Steve Rayner; Jacob Katuva; Patrick Thomson; Rob Hope,2018,Global Environmental Change,10.1016/j.gloenvcha.2018.03.006,https://doi.org/10.1016/j.gloenvcha.2018.03.006,GOOGLE,3,2,0,0,0,Climate change and agricultural adaptation: Lessons from smallholder farming in sub-Saharan Africa.,"A cultural theory of drinking water risks, values and institutional change","Garcia, M.; Rodriguez, L.; Fernandez, P.",Johanna Koehler; Steve Rayner; Jacob Katuva; Patrick Thomson; Rob Hope,2018,2018,Global Environmental Change,Global Environmental Change,10.1016/j.gloenvcha.2018.03.006,10.1016/j.gloenvcha.2018.03.006,0,0,1,GOOGLE,0,"✗ Title | ✗ Authors | ✓ Year | ✓ Venue | ✓ DOI | ✓ URL

### Summary
The reference could not be confirmed as matching the provided DOI. Although the year 2018 and the journal Global Environmental Change match, both the title and authors differ significantly. The DOI points to a different article about drinking water risks, not climate change and agricultural adaptation in sub-Saharan Africa.

### Details
A matching record was found with the DOI 10.1016/j.gloenvcha.2018.03.006, but it corresponds to an article titled ""A cultural theory of drinking water risks, values and institutional change"" by Koehler, Rayner, Katuva, Thomson, and Hope. This conflicts with the citation's claimed title and authors (Garcia, Rodriguez, Fernandez). The year 2018 and the journal Global Environmental Change align exactly. The URL check was inconclusive due to access restrictions. Search results further failed to find the cited article under the specified authors and title.

- https://doi.org/10.1016/j.gloenvcha.2018.03.006
- https://www.sciencedirect.com
- https://www.researchgate.net/publication/388211123_Climate_change_impacts_and_adaptation_in_smallholder_farming_systems_in_sub-Saharan_Africa",0.1,0.9
"Patel, N. (2020). Climate change adaptation in agriculture: A case study of rice farming in Southeast Asia. *Dissertation, University of California, Davis*.",Climate change adaptation in agriculture,qwen3_8b_think,unverified,Reference could not be verified.,UNCONFIRMED,UNCONFIRMED,UNCONFIRMED,UNCONFIRMED,UNCONFIRMED,,,,,,,,,,,,,,,,,,,,,,,0,0,0,,0,"? Title | ? Authors | ? Year | ? Venue | ? ID

### Summary
No matching dissertation or related publication by N. Patel from 2020 with the specified title at University of California, Davis could be found. The reference could not be confirmed from available academic and research databases.

### Details
A comprehensive search through OpenAlex and scholarly search tools yielded no matching work with the exact title, author, year, or university combination. Despite multiple related documents on climate change adaptation and rice farming, none corresponded to the given dissertation from UC Davis. This lack of evidence indicates the reference is unverified.

- https://openalex.org
- https://scholar.google.com",0.0,1.0
"Thompson, S., & Brown, D. (2017). Soil management practices for climate resilience in temperate agriculture. *Soil and Tillage Research*, 168, 112–121. https://doi.org/10.1016/j.still.2017.01.008",Climate change adaptation in agriculture,qwen3_8b_think,needs-human,Reference requires human review.,CONTRADICTION,CONTRADICTION,MATCH,MATCH,MATCH,Significant residual effects of wheat fertilization on greenhouse gas emissions in succeeding soybean growing season,Xin Zhang; Jun Zhang; Chengyan Zheng; Dahai Guan; Shengming Li; Fangjing Xie; Jingfen Chen; Xiaoning Hang; Yu Jiang; Aixing Deng; Daniel Ntiamoah Afreh; Weijian Zhang,2017,Soil and Tillage Research,10.1016/j.still.2017.01.008,https://doi.org/10.1016/j.still.2017.01.008,GOOGLE,3,2,0,0,0,Soil management practices for climate resilience in temperate agriculture.,Significant residual effects of wheat fertilization on greenhouse gas emissions in succeeding soybean growing season,"Thompson, S.; Brown, D.",Xin Zhang; Jun Zhang; Chengyan Zheng; Dahai Guan; Shengming Li; Fangjing Xie; Jingfen Chen; Xiaoning Hang; Yu Jiang; Aixing Deng; Daniel Ntiamoah Afreh; Weijian Zhang,2017,2017,Soil and Tillage Research,Soil and Tillage Research,10.1016/j.still.2017.01.008,10.1016/j.still.2017.01.008,0,0,1,GOOGLE,0,"✗ Title | ✗ Authors | ✓ Year | ✓ Venue | ✓ DOI | ✓ URL

### Summary
The reference could not be confirmed as it appears to have conflicting information compared to the identified article with the same DOI. The listed authors and title do not match, even though the publication year and journal are the same.

### Details
The provided DOI (10.1016/j.still.2017.01.008) matches a 2017 article in Soil and Tillage Research, but the title found is ""Significant residual effects of wheat fertilization on greenhouse gas emissions in succeeding soybean growing season,"" which is very different from the cited title about soil management for climate resilience. Also, none of the authors in the citation (Thompson, S. and Brown, D.) appear in the matched article, which lists a completely different group of authors. Multiple searches found no evidence supporting the existence of the article as cited. Additionally, attempts to access the DOI link result in access restrictions, preventing direct verification.

- [DOI Link](https://doi.org/10.1016/j.still.2017.01.008)",0.1,0.9
"Kim, H., & Lee, J. (2015). Livestock adaptation to climate change: Impacts and mitigation strategies. *Journal of Animal Science and Biotechnology*, 6(1), 1–12. https://doi.org/10.1186/s13028-015-0087-0",Climate change adaptation in agriculture,qwen3_8b_think,unverified,Reference could not be verified.,UNCONFIRMED,UNCONFIRMED,UNCONFIRMED,UNCONFIRMED,UNCONFIRMED,,,,,,,,,,,,,,,,,,,,,,,0,0,0,,0,"? Title | ? Authors | ? Year | ? Venue | ? ID

### Summary
No matching article could be found for the given reference including the DOI, authors, title, and year. The information provided does not appear in common scientific databases or through direct DOI lookup.

### Details
A search for the DOI ""10.1186/s13028-015-0087-0"" resulted in a ""DOI not found"" error with a 404 response from the DOI system. No matching record was identified on the OpenAlex database for this DOI or the combination of title, author names ""Kim"" and ""Lee"", and the year 2015. A general search using the article title and author names also returned no matches to the specified article or journal. Several related articles on climate change and livestock by authors named Kim and Lee from nearby years were found, but none correspond to this precise reference.

- https://doi.org/10.1186/s13028-015-0087-0 (DOI lookup)
- OpenAlex database
- Google Scholar search results",0.0,1.0
FAO. (2021). *Climate-smart agriculture: Building resilience to climate change*. Food and Agriculture Organization of the United Nations.,Climate change adaptation in agriculture,qwen3_8b_think,unverified,Reference could not be verified.,MATCH,CONTRADICTION,CONTRADICTION,CONTRADICTION,ABSENT,Climate Smart Agriculture: Building Resilience to Climate Change,Leslie Lipper; Nancy McCarthy; David Zilberman; Solomon Asfaw; Giacomo Branca,2017,OAPEN (The OAPEN Foundation),,http://www.oapen.org/search?identifier=1001817,GOOGLE,1,3,0,1,0,Climate-smart agriculture: Building resilience to climate change,Climate Smart Agriculture: Building Resilience to Climate Change,FAO,Leslie Lipper; Nancy McCarthy; David Zilberman; Solomon Asfaw; Giacomo Branca,2021,2017,Food and Agriculture Organization of the United Nations,OAPEN (The OAPEN Foundation),,http://www.oapen.org/search?identifier=1001817,1,1,2,GOOGLE,0,"✓ Title | ✗ Authors | ✗ Year | ✗ Venue | ○ ID

### Summary
No matching publication by the Food and Agriculture Organization of the United Nations from 2021 could be found with the exact title ""Climate-smart agriculture: Building resilience to climate change."" The closest match is a 2017 book with the same title but different authors and a different publisher.

### Details
A matching record was found for a 2017 book titled ""Climate Smart Agriculture: Building Resilience to Climate Change,"" authored by Leslie Lipper, Nancy McCarthy, David Zilberman, Solomon Asfaw, and Giacomo Branca, published by the OAPEN Foundation. However, this differs from the citation which attributes the work to the FAO (Food and Agriculture Organization of the United Nations) with a publication year of 2021. The titles matched exactly, but there were contradictions in authorship, publication year, and publisher. Additionally, no digital object identifier (DOI) was present to confirm the citation. 

- [FAO Climate-Smart Agriculture Page](https://www.fao.org/climate-smart-agriculture/en/)
- [OAPEN Record for 2017 Book](http://www.oapen.org/search?identifier=1001817)
- [Springer Link to 2017 Book](https://link.springer.com/book/10.1007/978-3-319-61194-5)",0.0,1.0
World Bank. (2019). *Adapting agriculture to climate change: A global perspective*. World Bank Publications.,Climate change adaptation in agriculture,qwen3_8b_think,unverified,Reference could not be verified.,CONTRADICTION,MATCH,UNCONFIRMED,UNCONFIRMED,ABSENT,Climate change and agriculture : a review of impacts and adaptations,World Bank,,,,http://documents.worldbank.org/curated/en/757601468332407727/Climate-change-and-agriculture-a-review-of-impacts-and-adaptations,GOOGLE,1,1,0,1,2,*Adapting agriculture to climate change: A global perspective*,Climate change and agriculture : a review of impacts and adaptations,World Bank,World Bank,2019,,World Bank Publications,,,http://documents.worldbank.org/curated/en/757601468332407727/Climate-change-and-agriculture-a-review-of-impacts-and-adaptations,0,1,3,GOOGLE,1,"✗ Title | ✓ Authors | ? Year | ? Venue | ○ ID

### Summary
The reference to the World Bank's 2019 publication titled *Adapting agriculture to climate change: A global perspective* could not be confirmed. While the author matches exactly as World Bank, the title found in the records differs significantly, indicating they are not the same document.

### Details
A matching record was sought for a 2019 World Bank publication with the exact title provided, but no exact match was found. The candidate record identified was titled *Climate change and agriculture: a review of impacts and adaptations*, which has a different focus and framing from the cited title. The publication year and venue details are also unconfirmed due to incomplete metadata in the candidate record. There was no DOI or other identifiers to assist in matching. 

- [Open Knowledge Repository - Candidate Record](http://documents.worldbank.org/curated/en/757601468332407727/Climate-change-and-agriculture-a-review-of-impacts-and-adaptations)
- [World Bank Climate-Smart Agriculture Topic](https://www.worldbank.org/en/topic/climate-smart-agriculture)",0.0,1.0
"Liu, Y., & Chen, X. (2022). Irrigation efficiency and climate change adaptation in water-scarce regions. *Water Resources Research*, 58(3), e2021WR029876. https://doi.org/10.1029/2021WR029876",Climate change adaptation in agriculture,qwen3_8b_think,unverified,Reference could not be verified.,UNCONFIRMED,UNCONFIRMED,UNCONFIRMED,UNCONFIRMED,UNCONFIRMED,,,,,,,,,,,,,,,,,,,,,,,0,0,0,,0,"? Title | ? Authors | ? Year | ? Venue | ? ID

### Summary
No matching article was found for the provided reference by Liu and Chen (2022) titled ""Irrigation efficiency and climate change adaptation in water-scarce regions"" in *Water Resources Research*. The search did not confirm the DOI, title, authors, year, or journal.

### Details
A search using the DOI 10.1029/2021WR029876 returned a 404 error indicating the DOI does not exist or is inactive. Searches in OpenAlex, Google, and Google Scholar did not retrieve any record matching the reference details. The year 2022, authors Liu and Chen, the article title, and the journal name could not be confirmed by any database or search engine.

- https://doi.org/10.1029/2021WR029876
- OpenAlex database
- Google search
- Google Scholar search",0.0,1.0
"Hansen, T., & Nielsen, A. (2016). Climate change adaptation in agricultural supply chains: A systems approach. *Sustainable Production and Consumption*, 8, 112–123. https://doi.org/10.1016/j.spc.2016.08.002",Climate change adaptation in agriculture,qwen3_8b_think,needs-human,Reference requires human review.,CONTRADICTION,CONTRADICTION,MATCH,MATCH,MATCH,Port sustainable services innovation: Ningbo port users’ expectation,Zun Wang; Nachiappan Subramanian; Muhammad D. Abdulrahman; Hong Cui; Lin Wu; Chang Liu,2016,Sustainable Production and Consumption,10.1016/j.spc.2016.08.002,https://doi.org/10.1016/j.spc.2016.08.002,GOOGLE,3,2,0,0,0,Climate change adaptation in agricultural supply chains: A systems approach,Port sustainable services innovation: Ningbo port users’ expectation,"Hansen, T.; Nielsen, A.",Zun Wang; Nachiappan Subramanian; Muhammad D. Abdulrahman; Hong Cui; Lin Wu; Chang Liu,2016,2016,Sustainable Production and Consumption,Sustainable Production and Consumption,10.1016/j.spc.2016.08.002,10.1016/j.spc.2016.08.002,0,0,1,GOOGLE,1,"✗ Title | ✗ Authors | ✓ Year | ✓ Venue | ✓ DOI | ✓ URL

### Summary
This reference could not be confirmed as accurate because the DOI leads to a different article than the one cited. Although the year, journal name, and DOI match, the title and authors do not correspond with the citation provided.

### Details
A matching record was found for the DOI 10.1016/j.spc.2016.08.002 in the journal Sustainable Production and Consumption for the year 2016. However, the title in the record is ""Port sustainable services innovation: Ningbo port users’ expectation,"" which differs substantially from the cited title about climate change adaptation in agricultural supply chains. Additionally, the authors listed in the record do not include Hansen or Nielsen, who are named in the citation. These contradictions indicate that the citation's DOI may be incorrect or linked to a different paper. Attempts to verify via the URL returned an access restriction error, preventing further confirmation.

- [DOI link to article](https://doi.org/10.1016/j.spc.2016.08.002)",0.1,0.9
"Alegana, V. A., Mbow, C., & Rios, J. (2015). Climate-smart agriculture: A pathway to sustainable development. *Journal of Agricultural and Environmental Ethics, 28*(5), 863–875. https://doi.org/10.1007/s10862-015-9489-8",Climate-smart agriculture for smallholder farmers,qwen3_8b_think,unverified,Reference could not be verified.,UNCONFIRMED,UNCONFIRMED,UNCONFIRMED,UNCONFIRMED,UNCONFIRMED,,,,,,,,,,,,,,,,,,,,,,,0,0,0,,0,"? Title | ? Authors | ? Year | ? Venue | ? ID

### Summary
No matching article could be found for the reference to ""Climate-smart agriculture: A pathway to sustainable development"" by Alegana, Mbow, and Rios from 2015 in the Journal of Agricultural and Environmental Ethics.

### Details
A search using the provided DOI (10.1007/s10862-015-9489-8) returned a 404 error, indicating the DOI does not exist or is incorrect. Attempts to find the article through metadata searches, including author names and title in OpenAlex and Google Scholar, did not produce any results. No evidence was found to confirm the existence or correct details of this reference.

- https://doi.org/10.1007/s10862-015-9489-8
- OpenAlex search results
- Google Scholar search results",0.0,1.0
"Lobell, D. B., & Schlenker, W. (2014). Climate change effects on agriculture: Trends, impacts, and responses. *Science, 341*(6145), 508–513. https://doi.org/10.1126/science.1241710",Climate-smart agriculture for smallholder farmers,qwen3_8b_think,unverified,Reference could not be verified.,UNCONFIRMED,UNCONFIRMED,UNCONFIRMED,UNCONFIRMED,UNCONFIRMED,,,,,,,,,,,,,,,,,,,,,,,0,0,0,,0,"? Title | ? Authors | ? Year | ? Venue | ? ID

### Summary
No matching article or publication could be found for the reference by Lobell and Schlenker (2014) titled ""Climate change effects on agriculture: Trends, impacts, and responses"" in the *Science* journal. The DOI provided in the reference does not lead to a valid document.

### Details
A search using the DOI 10.1126/science.1241710 showed that this DOI returns a 404 error, meaning the document does not exist or is not accessible through this link. Further attempts to find the article in scholarly databases and search engines also found no exact match for the title, authors, year, or journal. The searches returned other related works on climate change and agriculture, but none corresponded exactly to the provided reference.

- https://doi.org/10.1126/science.1241710 (DOI link returns error 404)
- Multiple scholar search results found no exact matching records for the article
- OpenAlex database did not have a record of this DOI or article",0.0,1.0
"Kassam, A., Friedrich, T., & Friedrich, T. (2019). Climate-smart agriculture: A review of the concept. *International Journal of Agricultural Sustainability, 17*(1), 1–13. https://doi.org/10.1080/14735903.2018.1546648",Climate-smart agriculture for smallholder farmers,qwen3_8b_think,unverified,Reference could not be verified.,CONTRADICTION,CONTAINS,MATCH,CONTRADICTION,UNCONFIRMED,Global spread of conservation agriculture,A Kassam; T Friedrich; R Derpsch,2019,Journal of Environmental …,,https://www.tandfonline.com/doi/abs/10.1080/00207233.2018.1494927,GOOGLE,1,2,1,0,1,Climate-smart agriculture: A review of the concept.,Global spread of conservation agriculture,"Kassam, A.; Friedrich, T.; Friedrich, T.",A Kassam; T Friedrich; R Derpsch,2019,2019,International Journal of Agricultural Sustainability,Journal of Environmental …,10.1080/14735903.2018.1546648,,0,0,3,GOOGLE,0,"✗ Title | ◐ Authors | ✓ Year | ✗ Venue | ? DOI | ? URL

### Summary
The reference could not be verified because no matching article with the given title and journal was found. While the authors Kassam and Friedrich were present in a related article from 2019, the title and journal did not match the citation provided.

### Details
A search for the DOI 10.1080/14735903.2018.1546648 led to a 404 error, and no matching entry was found in the OpenAlex database. The title in the citation, ""Climate-smart agriculture: A review of the concept,"" differs significantly from the candidate article titled ""Global spread of conservation agriculture."" Additionally, the citation's journal, International Journal of Agricultural Sustainability, does not match the journal of the candidate article, which is from the Journal of Environmental [something]. The authors Kassam and Friedrich were both found in the candidate article, but the presence of different authors and the discrepancies in title and journal indicate this is not the same work.

- https://doi.org/10.1080/14735903.2018.1546648
- https://www.tandfonline.com/doi/abs/10.1080/00207233.2018.1494927",0.0,1.0
"Rosenzweig, C., & Parry, M. L. (2001). Climate change and the global food system. *Global Environmental Change, 11*(2), 147–160. https://doi.org/10.1016/S0959-3780(01)00009-1",Climate-smart agriculture for smallholder farmers,qwen3_8b_think,needs-human,Reference requires human review.,CONTRADICTION,CONTAINS,MATCH,CONTAINS,UNCONFIRMED,Millions at risk: defining critical climate change threats and targets,R Nicholls; M Parry; C Rosenzweig,2001,… environmental …,,https://cris.maastrichtuniversity.nl/files/72908830/martens_2001_millions_at_risk_defining_critical.pdf,GOOGLE,1,1,2,0,1,Climate change and the global food system,Millions at risk: defining critical climate change threats and targets,"Rosenzweig, C.; Parry, M. L.",R Nicholls; M Parry; C Rosenzweig,2001,2001,Global Environmental Change,… environmental …,10.1016/S0959-3780(01)00009-1,,0,0,1,GOOGLE,0,"✗ Title | ◐ Authors | ✓ Year | ◐ Venue | ? DOI | ? URL

### Summary
The reference could not be conclusively verified because the title in the found record differs significantly from the given citation. The publication year 2001 and some author names match, but the titles cover different topics, and the DOI could not be confirmed.

### Details
A matching record was found with the authors Rosenzweig, Parry, and an additional author, Nicholls, all from the year 2001, and related to ""environmental"" as part of the venue name. However, the title in the found record, ""Millions at risk: defining critical climate change threats and targets,"" does not match the expected title ""Climate change and the global food system."" The DOI provided in the original reference does not resolve correctly and appeared not found in databases. This discrepancy means human review is necessary to confirm the correct reference.

- https://cris.maastrichtuniversity.nl/files/72908830/martens_2001_millions_at_risk_defining_critical.pdf
- https://doi.org/10.1016/S0959-3780(01)00009-1",0.075,0.925
World Bank. (2013). *Climate-smart agriculture: A call to action*. World Bank Publications. https://doi.org/10.1596/978-1-4648-0224-4,Climate-smart agriculture for smallholder farmers,qwen3_8b_think,verified,World Bank. (2013). Climate-smart agriculture: A call to action. *World Bank Publications*. https://documents.worldbank.org/en/publication/documents-reports/documentdetail/992021468197391264,MATCH,MATCH,MATCH,MATCH,UNCONFIRMED,Climate-smart agriculture : a call to action,World Bank,2013,World Bank Publications,,https://documents.worldbank.org/en/publication/documents-reports/documentdetail/992021468197391264,GOOGLE,4,0,0,0,1,Climate-smart agriculture: A call to action,Climate-smart agriculture : a call to action,World Bank,World Bank,2013,2013,World Bank Publications,World Bank Publications,10.1596/978-1-4648-0224-4,,1,1,1,GOOGLE,0,"✓ Title | ✓ Authors | ✓ Year | ✓ Venue | ? DOI | ? URL

### Summary
This book titled ""Climate-smart agriculture: A call to action"" by the World Bank was confirmed as published in 2013 by World Bank Publications. The title, author, year, and publisher information matched exactly the citation provided. 

### Details
A matching record was found with the same title, author, year, and publisher details as the citation. Although the DOI listed in the citation could not be confirmed in the DOI system, a search found the publication is available directly from the World Bank website under a similar title and metadata. The year 2013 matched exactly, and the World Bank was confirmed as the author. The publisher ""World Bank Publications"" was also verified. The original DOI given returned a 404 error, indicating it may be incorrect or inactive, but the publication itself is verifiable through World Bank's official documents repository.

- https://documents.worldbank.org/en/publication/documents-reports/documentdetail/992021468197391264
- https://doi.org/10.1596/978-1-4648-0224-4 (DOI not found)",0.75,0.25
"Otsuka, K., Kanai, T., & Kato, T. (2010). Smallholder farming in Africa: A review of the literature. *Journal of Development Studies, 46*(7), 1056–1078. https://doi.org/10.1080/00220380903567431",Climate-smart agriculture for smallholder farmers,qwen3_8b_think,unverified,Reference could not be verified.,UNCONFIRMED,UNCONFIRMED,UNCONFIRMED,UNCONFIRMED,UNCONFIRMED,,,,,,,,,,,,,,,,,,,,,,,0,0,0,,0,"? Title | ? Authors | ? Year | ? Venue | ? ID

### Summary
No matching article titled ""Smallholder farming in Africa: A review of the literature"" by Otsuka, Kanai, and Kato from 2010 in the Journal of Development Studies was found. The provided DOI does not exist in the DOI system, and no records matching the authors, title, or journal were located.

### Details
The DOI 10.1080/00220380903567431 was checked and returned a 404 error, indicating it is not active or correct. Searches through OpenAlex and broader academic searches yielded no matching records for the article or authors for the year 2010 in the specified journal. General web searches found related works on smallholder farming in Africa but none matching the cited reference precisely.

- https://doi.org/10.1080/00220380903567431
- https://ideas.repec.org/p/wbk/wbrwps/7710.html
- https://www.researchgate.net/publication/330826572_The_Relevance_of_Smallholder_Farming_to_African_Agricultural_Growth_and_Development",0.0,1.0
Food and Agriculture Organization of the United Nations (FAO). (2013). *Climate-smart agriculture: Sourcebook*. FAO. https://doi.org/10.1596/978-92-5-108126-9,Climate-smart agriculture for smallholder farmers,qwen3_8b_think,verified,Food and Agriculture Organization of the United Nations. (2013). *Climate-smart agriculture: Sourcebook*. FAO. https://www.fao.org/climate-smart-agriculture-sourcebook/en/,MATCH,MATCH,MATCH,MATCH,UNCONFIRMED,Climate Smart Agriculture Sourcebook,Food and Agriculture Organization of the United Nations,2013,FAO,,https://www.fao.org/climate-smart-agriculture-sourcebook/en/,GOOGLE,4,0,0,0,1,Climate-smart agriculture: Sourcebook,Climate Smart Agriculture Sourcebook,Food and Agriculture Organization of the United Nations,Food and Agriculture Organization of the United Nations,2013,2013,FAO,FAO,10.1596/978-92-5-108126-9,,1,1,1,GOOGLE,0,"✓ Title | ✓ Authors | ✓ Year | ✓ Venue | ? DOI | ? URL

### Summary
This sourcebook titled ""Climate-smart agriculture: Sourcebook"" by the Food and Agriculture Organization of the United Nations was confirmed as published in 2013 by FAO. The title, authoring organization, publication year, and publisher all match exactly with the referenced citation.

### Details
A matching record was found with the exact title ""Climate Smart Agriculture Sourcebook"" and authorship attributed to the Food and Agriculture Organization of the United Nations. The publication year 2013 and publisher FAO also correspond perfectly. Although the provided DOI was not found, the official FAO website hosts the full sourcebook at https://www.fao.org/climate-smart-agriculture-sourcebook/en/, confirming the reference's validity and accessibility.

- https://www.fao.org/climate-smart-agriculture-sourcebook/en/",0.75,0.25
"Smith, P., & Lobell, D. B. (2017). Climate-smart agriculture: A new approach to agricultural development. *Annual Review of Environment and Resources, 42*, 321–344. https://doi.org/10.1146/annurev-environ-102016-061244",Climate-smart agriculture for smallholder farmers,qwen3_8b_think,unverified,Reference could not be verified.,CONTRADICTION,CONTRADICTION,MATCH,CONTRADICTION,CONTRADICTION,Economics of climate smart agriculture: An overview,N McCarthy; L Lipper; D Zilberman,2017,Climate smart agriculture: Building …,10.1007/978-3-319-61194-5_3,https://link.springer.com/chapter/10.1007/978-3-319-61194-5_3,GOOGLE,1,4,0,0,0,Climate-smart agriculture: A new approach to agricultural development.,Economics of climate smart agriculture: An overview,"Smith, P.; Lobell, D. B.",N McCarthy; L Lipper; D Zilberman,2017,2017,Annual Review of Environment and Resources,Climate smart agriculture: Building …,10.1146/annurev-environ-102016-061244,10.1007/978-3-319-61194-5_3,0,0,3,GOOGLE,0,"✗ Title | ✗ Authors | ✓ Year | ✗ Venue | ✗ DOI | ? URL

### Summary
The reference could not be verified because no matching article was found with the specified authors, title, venue, or DOI. Although the publication year 2017 matches, other key details differ significantly.

### Details
A matching record was not found for the DOI 10.1146/annurev-environ-102016-061244 or the authors P. Smith and D. B. Lobell in the given journal 'Annual Review of Environment and Resources'. The title in the original reference focuses on ""Climate-smart agriculture: A new approach to agricultural development,"" which contrasts with another 2017 work found emphasizing ""Economics of climate smart agriculture."" Authors differ completely between sources, with no shared names. The publication venue also does not match, and the DOI identifiers are different, one leading to a 404 error.

- https://doi.org/10.1146/annurev-environ-102016-061244
- https://link.springer.com/chapter/10.1007/978-3-319-61194-5_3",0.0,1.0
International Food Policy Research Institute (IFPRI). (2015). *Climate-smart agriculture: A review of the literature*. IFPRI. https://doi.org/10.2499/7645,Climate-smart agriculture for smallholder farmers,qwen3_8b_think,unverified,Reference could not be verified.,CONTRADICTION,UNCONFIRMED,UNCONFIRMED,MATCH,UNCONFIRMED,Publications and Datasets - IFPRI,,,International Food Policy Research Institute (IFPRI),,https://www.ifpri.org/publications/,GOOGLE,1,1,0,0,3,Climate-smart agriculture: A review of the literature,Publications and Datasets - IFPRI,International Food Policy Research Institute (IFPRI),,2015,,International Food Policy Research Institute (IFPRI),International Food Policy Research Institute (IFPRI),10.2499/7645,,0,0,3,GOOGLE,0,"✗ Title | ? Authors | ? Year | ✓ Venue | ? DOI | ? URL

### Summary
No matching literature review titled ""Climate-smart agriculture: A review of the literature"" by the International Food Policy Research Institute (IFPRI) from 2015 could be found. The only related source identified was a general IFPRI publications page rather than the specific document referenced.

### Details
A search for the DOI 10.2499/7645 revealed that it does not exist in the DOI system and leads to a 404 error when accessed. Attempts to find this 2015 IFPRI literature review in OpenAlex and through general web searches returned no exact matches. Instead, the closest relevant link was an IFPRI publications overview page without this specific title or year. The title provided differs significantly from any reachable content, affirming that the reference cannot be confirmed.

- https://doi.org/10.2499/7645 (DOI link returns 404 error)
- https://www.ifpri.org/publications/
- OpenAlex database
- General web search results for IFPRI 2015 climate-smart agriculture literature",0.0,1.0
"Smith, J. U., & Gliessman, S. R. (2018). *Climate-smart agriculture and smallholder farming: A dissertation*. University of California Press. https://doi.org/10.1525/9780520968845",Climate-smart agriculture for smallholder farmers,qwen3_8b_think,unverified,Reference could not be verified.,CONTRADICTION,CONTRADICTION,MATCH,CONTRADICTION,UNCONFIRMED,The impact of agroecology training on the adaptability of smallholder communities to climate change in the Mopani district of Limpopo,AT Giliam,2018,scholar.sun.ac.za,,https://scholar.sun.ac.za/handle/10019.1/103862,GOOGLE,1,3,0,0,1,Climate-smart agriculture and smallholder farming: A dissertation,The impact of agroecology training on the adaptability of smallholder communities to climate change in the Mopani district of Limpopo,"Smith, J. U.; Gliessman, S. R.",AT Giliam,2018,2018,University of California Press,scholar.sun.ac.za,10.1525/9780520968845,,0,0,3,GOOGLE,0,"✗ Title | ✗ Authors | ✓ Year | ✗ Venue | ? DOI | ? URL

### Summary
This reference could not be verified because the available evidence points to a different work with distinct authors, title, and publication source despite having the same publication year 2018.

### Details
A thorough search found no record matching the DOI 10.1525/9780520968845 or the claimed title and authors. The provided DOI leads to a dead link. The closest related work found is a 2018 thesis by AT Giliam about agroecology training's impact on smallholder farmers in a specific district in Limpopo, which does not match the cited title or authors Smith and Gliessman. Additionally, the venue listed (University of California Press) does not correspond with the institutional repository identified for the closest match (scholar.sun.ac.za).

- [DOI registration check](https://doi.org/10.1525/9780520968845)
- [Scholarly repository: Mopani district thesis](https://scholar.sun.ac.za/handle/10019.1/103862)",0.0,1.0
"Smith, J. (2018). *The impact of electoral systems on democratic outcomes*. Journal of Political Science, 45(3), 112-130.",Democratic elections,qwen3_8b_think,unverified,Reference could not be verified.,CONTRADICTION,CONTRADICTION,MATCH,CONTRADICTION,ABSENT,“It's largely a rigged system”: voter confidence and the winner effect in 2016,B Sinclair; SS Smith; PD Tucker,2018,Political Research,,https://journals.sagepub.com/doi/abs/10.1177/1065912918768006,GOOGLE,1,3,0,1,0,The impact of electoral systems on democratic outcomes,“It's largely a rigged system”: voter confidence and the winner effect in 2016,"Smith, J.",B Sinclair; SS Smith; PD Tucker,2018,2018,Journal of Political Science,Political Research,,https://journals.sagepub.com/doi/abs/10.1177/1065912918768006,0,0,3,GOOGLE,0,"✗ Title | ✗ Authors | ✓ Year | ✗ Venue | ○ ID

### Summary
No matching article could be found for the reference by Smith, J. (2018) titled ""The impact of electoral systems on democratic outcomes"". The verification attempt found a different article from 2018 but with different authors, title, and journal.

### Details
A matching record matching the exact title or authors was not found. The cited title about electoral systems' impact differs from the found article titled “It's largely a rigged system”: voter confidence and the winner effect in 2016. The cited author J. Smith does not align with the candidate authors B Sinclair, SS Smith, and PD Tucker. Although the year 2018 matches exactly, the journal titles differ, with the cited journal as Journal of Political Science and the found one as Political Research. No DOI or identifier was available to assist identification.

- https://journals.sagepub.com/doi/abs/10.1177/1065912918768006
- https://bristoluniversitypressdigital.com/abstract/book/9781529200942/ch006.xml",0.0,1.0
"Brown, T., & Lee, K. (2019). Electoral integrity and voter trust: A comparative analysis. *Comparative Political Studies, 52*(4), 456-482.",Democratic elections,qwen3_8b_think,unverified,Reference could not be verified.,CONTRADICTION,CONTRADICTION,MATCH,CONTRADICTION,ABSENT,"Comparative electoral management: Performance, networks and instruments",T S James,2019,Taylor & Francis,10.4324/9781315545172,https://api.taylorfrancis.com/content/books/mono/download?identifierName=doi&identifierValue=10.4324/9781315545172&type=googlepdf,GOOGLE,1,3,0,1,0,Electoral integrity and voter trust: A comparative analysis.,"Comparative electoral management: Performance, networks and instruments","Brown, T.; Lee, K.",T S James,2019,2019,Comparative Political Studies,Taylor & Francis,,10.4324/9781315545172,0,0,3,GOOGLE,0,"✗ Title | ✗ Authors | ✓ Year | ✗ Venue | ○ ID

### Summary
No matching article could be found for the reference provided. The key details such as the title ""Electoral integrity and voter trust: A comparative analysis,"" authors Brown, T. and Lee, K., and the journal ""Comparative Political Studies"" do not align with any records found.

### Details
A comprehensive search found no article matching the cited title and authors in 2019, despite the year being correct. The titles differ notably in subject matter, indicating they refer to different works. Additionally, the authors Brown, T. and Lee, K. were not found alongside the matching title; instead, a related work by T.S. James on electoral management was found under a different title and publisher (Taylor & Francis). The cited journal and the publisher found also differ, suggesting no direct match exists.

- https://api.taylorfrancis.com/content/books/mono/download?identifierName=doi&identifierValue=10.4324/9781315545172&type=googlepdf
- https://journals.sagepub.com/doi/abs/10.1177/0032321720914645?mi=ehikzz
- https://academic.oup.com/poq/article-abstract/88/SI/451/7718782",0.0,1.0
"Garcia, M. (2020). *Democratization through electoral reform: A global perspective*. Cambridge University Press.",Democratic elections,qwen3_8b_think,unverified,Reference could not be verified.,UNCONFIRMED,UNCONFIRMED,UNCONFIRMED,UNCONFIRMED,UNCONFIRMED,,,,,,,,,,,,,,,,,,,,,,,0,0,0,,1,"? Title | ? Authors | ? Year | ? Venue | ? ID

### Summary
No matching book titled ""Democratization through electoral reform: A global perspective"" by M. Garcia published in 2020 by Cambridge University Press could be found. The verification process did not locate any record that confirms this reference.

### Details
A search in OpenAlex did not find any works matching this title, author, or year. Additionally, a web search using the full citation string returned no relevant results that confirm the existence of this book. No DOI or other identifier was found to support this reference.

- [OpenAlex](https://openalex.org)
- Web search results (Google organic search)",0.0,1.0
"Johnson, R. (2017). The role of media in shaping democratic elections. *Political Communication, 34*(2), 201-218.",Democratic elections,qwen3_8b_think,unverified,Reference could not be verified.,CONTRADICTION,CONTRADICTION,CONTRADICTION,CONTAINS,ABSENT,The dynamics of political communication: Media and politics in a digital age,RM Perloff,2021,Taylor & Francis,,https://www.taylorfrancis.com/books/mono/10.4324/9780429298851/dynamics-political-communication-richard-perloff,GOOGLE,0,3,1,1,0,The role of media in shaping democratic elections.,The dynamics of political communication: Media and politics in a digital age,"Johnson, R.",RM Perloff,2017,2021,Political Communication,Taylor & Francis,,https://www.taylorfrancis.com/books/mono/10.4324/9780429298851/dynamics-political-communication-richard-perloff,0,0,3,GOOGLE,0,"✗ Title | ✗ Authors | ✗ Year | ◐ Venue | ○ ID

### Summary
The reference by Johnson, R. from 2017 titled ""The role of media in shaping democratic elections"" could not be verified. The search did not find any matching record with the same author, title, and year.

### Details
A potential match was found for a book titled ""The dynamics of political communication: Media and politics in a digital age"" by RM Perloff published in 2021 by Taylor & Francis, which differs significantly in author, title, and year from the cited reference. No works matching the exact author Johnson, title, and year 2017 were found in the Political Communication journal or other sources searched. The journal name is consistent but this alone is insufficient for verification. 

- https://www.taylorfrancis.com/books/mono/10.4324/9780429298851/dynamics-political-communication-richard-perloff",0.0,1.0
"Liu, Y. (2021). Electoral volatility and democratic stability. *Electoral Studies, 68*, 102-115.",Democratic elections,qwen3_8b_think,needs-human,Reference requires human review.,CONTRADICTION,MATCH,MATCH,CONTAINS,ABSENT,Commitment Institutions and Electoral and Political Instability: A Reduced-Form Approach,I Liu,2021,SSRN,,https://papers.ssrn.com/sol3/papers.cfm?abstract_id=3992067,GOOGLE,2,1,1,1,0,Electoral volatility and democratic stability.,Commitment Institutions and Electoral and Political Instability: A Reduced-Form Approach,"Liu, Y.",I Liu,2021,2021,Electoral Studies,SSRN,,https://papers.ssrn.com/sol3/papers.cfm?abstract_id=3992067,0,0,1,GOOGLE,0,"✗ Title | ✓ Authors | ✓ Year | ◐ Venue | ○ ID

### Summary
The citation could not be conclusively verified due to significant differences in the title despite matching authors and year. The cited work and the found candidate address different topics, and the venue information corresponds to different publication types.

### Details
A matching author ""Liu"" with the same year 2021 was found, but the titles differ notably: the citation mentions ""Electoral volatility and democratic stability,"" whereas the available document is ""Commitment Institutions and Electoral and Political Instability: A Reduced-Form Approach."" Also, the citation refers to a journal (Electoral Studies), while the evidence is from a preprint server (SSRN). No digital object identifier (DOI) was available to corroborate the reference. Given these contradictions, human review is recommended to confirm the accuracy.

- https://papers.ssrn.com/sol3/papers.cfm?abstract_id=3992067",0.233,0.767
"Nguyen, P. (2016). *Voter behavior in multi-party systems*. Oxford University Press.",Democratic elections,qwen3_8b_think,unverified,Reference could not be verified.,UNCONFIRMED,UNCONFIRMED,UNCONFIRMED,UNCONFIRMED,UNCONFIRMED,,,,,,,,,,,,,,,,,,,,,,,0,0,0,,0,"? Title | ? Authors | ? Year | ? Venue | ? ID

### Summary
No matching book titled ""Voter behavior in multi-party systems"" by Nguyen from 2016 could be found. There is no evidence confirming the authorship, title, year, or the publisher Oxford University Press for this reference.

### Details
A search in OpenAlex found no matching work related to the title or author. A Google search using the full citation yielded related political science documents and research but none matched the specific book or author in question. The 2016 year, author Nguyen, and Oxford University Press publisher were not confirmed through any sources.

- [OpenAlex Search Result](https://openalex.org)
- [Google Search Snippets](https://www.google.com/search?q=Nguyen+2016+Voter+behavior+in+multi-party+systems+Oxford+University+Press)",0.0,1.0
"Perez, A. (2015). *Institutional design and electoral competition*. Palgrave Macmillan.",Democratic elections,qwen3_8b_think,unverified,Reference could not be verified.,UNCONFIRMED,UNCONFIRMED,UNCONFIRMED,UNCONFIRMED,UNCONFIRMED,,,,,,,,,,,,,,,,,,,,,,,0,0,0,,0,"? Title | ? Authors | ? Year | ? Venue | ? ID

### Summary
No matching book titled ""Institutional design and electoral competition"" by A. Perez from 2015 was found in available bibliographic databases or through online searches. The reference could not be confirmed based on the information provided.

### Details
A search in OpenAlex did not find any work matching the title, author, and year. Additionally, a Google search using the title, author, year, and publisher name Palgrave Macmillan returned no relevant results corresponding to this specific book. The year 2015, author A. Perez, title, and publisher Palgrave Macmillan did not have any confirmed matches in the sources checked.

- [OpenAlex](https://openalex.org)
- Google Search Results (not directly linking to the book)",0.0,1.0
"Raj, S. (2022). The effects of gerrymandering on democratic representation. *Political Research Quarterly, 75*(1), 89-105.",Democratic elections,qwen3_8b_think,unverified,Reference could not be verified.,CONTRADICTION,CONTRADICTION,MATCH,CONTRADICTION,ABSENT,The Counterdemocratic Difficulty,AZ Huq,2022,Nw. UL Rev.,,https://heinonline.org/hol-cgi-bin/get_pdf.cgi?handle=hein.journals/illlr117&section=34,GOOGLE,1,3,0,1,0,The effects of gerrymandering on democratic representation,The Counterdemocratic Difficulty,"Raj, S.",AZ Huq,2022,2022,Political Research Quarterly,Nw. UL Rev.,,https://heinonline.org/hol-cgi-bin/get_pdf.cgi?handle=hein.journals/illlr117&section=34,0,0,3,GOOGLE,1,"✗ Title | ✗ Authors | ✓ Year | ✗ Venue | ○ ID

### Summary
No matching article by S. Raj titled ""The effects of gerrymandering on democratic representation"" could be found for the year 2022 in the Political Research Quarterly or related databases.

### Details
A search for the article with the exact title, author S. Raj, and year 2022 did not locate any record. The proposed best match was a different article titled ""The Counterdemocratic Difficulty"" by AZ Huq, published in 2022 in the Northwestern University Law Review, which has a different title, author, and journal. These differences indicate that the original reference could not be verified.

- [HeinOnline: The Counterdemocratic Difficulty](https://heinonline.org/hol-cgi-bin/get_pdf.cgi?handle=hein.journals/illlr117&section=34)
- [OpenAlex search result](https://openalex.org) (no match)",0.0,1.0
"Taylor, L. (2014). *Electoral systems and party systems: A global study*. Cambridge University Press.",Democratic elections,qwen3_8b_think,unverified,Reference could not be verified.,UNCONFIRMED,UNCONFIRMED,UNCONFIRMED,UNCONFIRMED,UNCONFIRMED,,,,,,,,,,,,,,,,,,,,,,,0,0,0,,0,"? Title | ? Authors | ? Year | ? Venue | ? ID

### Summary
No matching record was found for the book titled ""Electoral systems and party systems: A global study"" by Taylor published in 2014 by Cambridge University Press. The reference could not be confirmed by available academic databases or search tools.

### Details
Searches in OpenAlex and other scholarly search tools did not turn up any records matching the title, author, year, or publisher for this work. There was no evidence found to confirm any of the key details of this book.

- [OpenAlex](https://openalex.org)
- [Google Scholar](https://scholar.google.com)",0.0,1.0
"Wilson, D. (2013). *Democracy and the challenge of voter turnout*. Routledge.",Democratic elections,qwen3_8b_think,unverified,Reference could not be verified.,UNCONFIRMED,UNCONFIRMED,UNCONFIRMED,UNCONFIRMED,UNCONFIRMED,,,,,,,,,,,,,,,,,,,,,,,0,0,0,,0,"? Title | ? Authors | ? Year | ? Venue | ? ID

### Summary
No matching book titled ""Democracy and the challenge of voter turnout"" by D. Wilson from 2013 could be found. The search did not confirm any author, title, year, or publisher information for this reference.

### Details
A search in OpenAlex did not find any record matching the given title, author, or year. Additionally, a web search using the full citation returned no direct matches to a book by D. Wilson published by Routledge in 2013. The results included various materials related to voter turnout and democracy but none that confirmed this exact reference.

- [Routledge Politics Textbook Catalogue Fall 2025](https://www.routledge.com/rsc/downloads/Politics_Fall_2025_HE.pdf)
- [The Routledge Handbook of Elections, Voting Behavior](https://repositorio.ulisboa.pt/bitstream/10451/33686/1/ICS_PCMagalhaes_Regime%20support_CLI.pdf)
- [Wilson Center - Populism and Democracy](https://www.wilsoncenter.org/publication/populism-really-problem-for-democracy)
- [Cambridge - Voter Turnout](https://www.cambridge.org/core/books/voter-turnout/D2370362FD870CDFFDE8FBEB7D685FDE)",0.0,1.0
"Bourguignon, F., & Fournier, M. (2016). Digital financial services and financial inclusion: A review of the literature. *World Development, 88*, 1-15. https://doi.org/10.1016/j.worlddev.2016.05.023",Digital financial services,qwen3_8b_think,unverified,Reference could not be verified.,UNCONFIRMED,UNCONFIRMED,UNCONFIRMED,UNCONFIRMED,UNCONFIRMED,,,,,,,,,,,,,,,,,,,,,,,0,0,0,,0,"? Title | ? Authors | ? Year | ? Venue | ? ID

### Summary
No matching article with the given DOI, authors, title, or publication year was found. The reference could not be verified as no evidence was located supporting its existence in the specified journal or year.

### Details
A search for the DOI 10.1016/j.worlddev.2016.05.023 returned a 404 error indicating the DOI is not found in the DOI system. A search in the OpenAlex database also did not identify any matching records. Additionally, a general web search did not produce a credible match for this exact reference combination. This suggests the reference might be incorrect or the source is not indexed in usual academic databases.

- [DOI lookup on doi.org](https://doi.org/10.1016/j.worlddev.2016.05.023)
- [OpenAlex search](https://openalex.org/10.1016/j.worlddev.2016.05.023)
- [Google search results](https://www.google.com/search?q=Bourguignon+Fournier+2016+Digital+financial+services+and+financial+inclusion+World+Development+88+1-15)",0.0,1.0
"Jack, W., & Suri, T. (2014). Mobile money: The first ten years. *Journal of Economic Perspectives, 28*(4), 161-184. https://doi.org/10.1257/jep.28.4.161",Digital financial services,qwen3_8b_think,needs-human,Reference requires human review.,CONTRADICTION,MATCH,MATCH,CONTAINS,CONTRADICTION,Risk sharing and transactions costs: Evidence from Kenya's mobile money revolution,W Jack; T Suri,2014,American Economic Review,10.1257/aer.104.1.183,https://www.aeaweb.org/articles?id=10.1257/aer.104.1.183,GOOGLE,2,2,1,0,0,Mobile money: The first ten years,Risk sharing and transactions costs: Evidence from Kenya's mobile money revolution,"Jack, W.; Suri, T.",W Jack; T Suri,2014,2014,Journal of Economic Perspectives,American Economic Review,10.1257/jep.28.4.161,10.1257/aer.104.1.183,0,0,3,GOOGLE,0,"✗ Title | ✓ Authors | ✓ Year | ◐ Venue | ✗ DOI | ? URL

### Summary
The verification result is unclear because the information given does not match a single known publication. While the authors and year 2014 match, the title and DOI refer to different articles, both authored by Jack and Suri but published in different journals.

### Details
A record was not found for the DOI ""10.1257/jep.28.4.161"" and the title ""Mobile money: The first ten years"" in the DOI system or in OpenAlex. The best matching article found is titled ""Risk sharing and transactions costs: Evidence from Kenya's mobile money revolution,"" also from 2014 and authored by Jack and Suri, but published in the American Economic Review with a different DOI. The journals involved are related but distinct, and the titles address different aspects of mobile money. This conflict in key fields means human review is necessary.

- https://doi.org/10.1257/jep.28.4.161 (DOI check)
- https://www.aeaweb.org/articles?id=10.1257/aer.104.1.183 (related article)
- https://www.annualreviews.org/content/journals/10.1146/annurev-economics-063016-103638 (search snippet)",0.0,1.0
"Kumbhakar, S. C., & Sharma, A. (2017). The impact of digital financial services on financial inclusion in developing countries. *Journal of Economic Surveys, 31*(3), 632-651. https://doi.org/10.1111/joes.12221",Digital financial services,qwen3_8b_think,needs-human,Reference requires human review.,CONTRADICTION,CONTRADICTION,MATCH,MATCH,MATCH,STOCK‐FLOW CONSISTENT MACROECONOMIC MODELS: A SURVEY,Michalis Nikiforos; Gennaro Zezza,2017,Journal of Economic Surveys,10.1111/joes.12221,https://doi.org/10.1111/joes.12221,GOOGLE,3,2,0,0,0,The impact of digital financial services on financial inclusion in developing countries.,STOCK‐FLOW CONSISTENT MACROECONOMIC MODELS: A SURVEY,"Kumbhakar, S. C.; Sharma, A.",Michalis Nikiforos; Gennaro Zezza,2017,2017,Journal of Economic Surveys,Journal of Economic Surveys,10.1111/joes.12221,10.1111/joes.12221,0,0,1,GOOGLE,1,"✗ Title | ✗ Authors | ✓ Year | ✓ Venue | ✓ DOI | ✓ URL

### Summary
The reference supplied could not be confirmed as accurate because the key details differ from the content associated with the provided DOI. Specifically, the authors and the title do not match the source found at the DOI link, although the year and journal name do match.

### Details
The DOI 10.1111/joes.12221 directs to an article titled ""STOCK‐FLOW CONSISTENT MACROECONOMIC MODELS: A SURVEY"" by Michalis Nikiforos and Gennaro Zezza, published in the Journal of Economic Surveys in 2017. This is different from the cited work attributed to Kumbhakar and Sharma on digital financial services. The title and authors listed in the original reference do not correspond with the article linked to this DOI, indicating a mismatch. The year 2017 and the journal name ""Journal of Economic Surveys"" match exactly, but the rest of the citation details contradict this. Attempts to verify the original title and authorship via search did not find a matching record with this DOI.

- [DOI link resolution](https://doi.org/10.1111/joes.12221)",0.1,0.9
"Mishra, A. K., & Suri, T. (2017). The role of mobile money in financial inclusion. *Journal of Development Economics, 125*, 125-138. https://doi.org/10.1016/j.jdeveco.2016.12.006",Digital financial services,qwen3_8b_think,needs-human,Reference requires human review.,CONTRADICTION,CONTRADICTION,CONTAINS,MATCH,MATCH,"Colonial legacy, polarization and linguistic disenfranchisement: The case of the Sri Lankan War",Paul Castañeda Dower; Victor Ginsburgh; Shlomo Weber,2016,Journal of Development Economics,10.1016/j.jdeveco.2016.12.006,https://doi.org/10.1016/j.jdeveco.2016.12.006,GOOGLE,2,2,1,0,0,The role of mobile money in financial inclusion.,"Colonial legacy, polarization and linguistic disenfranchisement: The case of the Sri Lankan War","Mishra, A. K.; Suri, T.",Paul Castañeda Dower; Victor Ginsburgh; Shlomo Weber,2017,2016,Journal of Development Economics,Journal of Development Economics,10.1016/j.jdeveco.2016.12.006,10.1016/j.jdeveco.2016.12.006,0,0,1,GOOGLE,0,"✗ Title | ✗ Authors | ◐ Year | ✓ Venue | ✓ DOI | ✓ URL

### Summary
This reference is ambiguous and requires human review because the digital object identifier (DOI) matches a different article. The cited article about mobile money and financial inclusion does not align with the article found under the same DOI, which discusses colonial legacy and linguistic disenfranchisement.

### Details
A matching record was found by DOI that leads to a different article titled ""Colonial legacy, polarization and linguistic disenfranchisement: The case of the Sri Lankan War"" published in 2016, whereas the citation claims a 2017 article about mobile money. Additionally, there are no overlapping authors between the citation (Mishra, A. K. and Suri, T.) and the article found (Paul Castañeda Dower, Victor Ginsburgh, Shlomo Weber). The journal name matches as ""Journal of Development Economics"" in both, but the mismatch in DOI content and authorship raises doubts about the accuracy of this citation.

- https://doi.org/10.1016/j.jdeveco.2016.12.006",0.025,0.975
"Van Der Weijde, T. H. J., & Molyneux, P. (2014). Financial inclusion through mobile money: The case of Kenya. *Journal of Financial Transformation, 37*, 15-32. https://doi.org/10.2753/JFT1083-4362370103",Digital financial services,qwen3_8b_think,unverified,Reference could not be verified.,UNCONFIRMED,UNCONFIRMED,UNCONFIRMED,UNCONFIRMED,UNCONFIRMED,,,,,,,,,,,,,,,,,,,,,,,0,0,0,,0,"? Title | ? Authors | ? Year | ? Venue | ? ID

### Summary
No matching article was found for the reference provided. The DOI does not lead to any record, and searches for the article title and authors did not produce any relevant results.

### Details
A lookup for the DOI 10.2753/JFT1083-4362370103 returned a 404 error indicating it is not found in the DOI system. Searches in OpenAlex also did not locate any article with this DOI, title, or author combination. A further search for the article by title and authors yielded no results, suggesting this reference could not be verified from available databases.

- https://doi.org/10.2753/JFT1083-4362370103",0.0,1.0
World Bank. (2018). *Digital dividends*. World Bank Publications. https://doi.org/10.1596/978-1-4648-1421-5,Digital financial services,qwen3_8b_think,needs-human,Reference requires human review.,CONTAINS,MATCH,CONTRADICTION,MATCH,UNCONFIRMED,World Development Report 2016: Digital Dividends,World Bank,2016,World Bank Publications,,https://documents.worldbank.org/en/publication/documents-reports/documentdetail/896971468194972881/world-development-report-2016-digital-dividends,GOOGLE,2,1,1,0,1,Digital dividends,World Development Report 2016: Digital Dividends,World Bank,World Bank,2018,2016,World Bank Publications,World Bank Publications,10.1596/978-1-4648-1421-5,,0,0,1,GOOGLE,0,"◐ Title | ✓ Authors | ✗ Year | ✓ Venue | ? DOI | ? URL

### Summary
The reference could not be conclusively verified due to a mismatch in publication year. While the authorship and publisher details match, the cited year 2018 conflicts with the 2016 year found in the candidate record titled ""World Development Report 2016: Digital Dividends.""

### Details
A matching record was found titled ""World Development Report 2016: Digital Dividends"" published by World Bank Publications with matching authorship credited to the World Bank. However, the citation year 2018 does not align with the 2016 publication year in the candidate. Additionally, the DOI provided in the original reference (10.1596/978-1-4648-1421-5) could not be confirmed in OpenAlex or resolved via the DOI system, resulting in a 404 error. Web searches further support that the key identifiable work is from 2016, adding to the ambiguity.

- https://documents.worldbank.org/en/publication/documents-reports/documentdetail/896971468194972881/world-development-report-2016-digital-dividends
- https://doi.org/10.1596/978-1-4648-1421-5 (error 404)",0.325,0.675
World Bank. (2019). *Digital payments in developing economies*. World Bank Publications. https://doi.org/10.1596/978-1-4648-1422-2,Digital financial services,qwen3_8b_think,needs-human,Reference requires human review.,CONTRADICTION,MATCH,MATCH,CONTAINS,UNCONFIRMED,Digital-Development-Partnership-Annual-Review-2019-Making-Sure-That-No-One-Is-Left-Behind-in-the-Digital-Age,World Bank,2019,World Bank,,https://documents1.worldbank.org/curated/en/848061587152231518/pdf/Digital-Development-Partnership-Annual-Review-2019-Making-Sure-That-No-One-Is-Left-Behind-in-the-Digital-Age.pdf,GOOGLE,2,1,1,0,1,Digital payments in developing economies,Digital-Development-Partnership-Annual-Review-2019-Making-Sure-That-No-One-Is-Left-Behind-in-the-Digital-Age,World Bank,World Bank,2019,2019,World Bank Publications,World Bank,10.1596/978-1-4648-1422-2,,0,0,3,GOOGLE,0,"✗ Title | ✓ Authors | ✓ Year | ◐ Venue | ? DOI | ? URL

### Summary
The reference could not be conclusively verified because the title provided does not match any exact records found. Although the authors (World Bank) and the year (2019) match, the title ""Digital payments in developing economies"" differs from found documents, which include an annual review from the World Bank with a broader title.

### Details
A potential match was found for a 2019 World Bank publication authored by the World Bank organization; however, the titles do not align. The given DOI leads to a 404 error and is not found in DOI databases. The venue is consistent as World Bank Publications are part of the World Bank. Web searches returned related World Bank digital finance reports but not the specific titled report. Due to the mismatch in the title and the unresolved DOI, this reference requires further human review.

Sources:
- https://documents1.worldbank.org/curated/en/848061587152231518/pdf/Digital-Development-Partnership-Annual-Review-2019-Making-Sure-That-No-One-Is-Left-Behind-in-the-Digital-Age.pdf
- https://doi.org/10.1596/978-1-4648-1422-2",0.175,0.825
"Aker, J. C., & Mbiti, E. W. (2010). Mobile money in Kenya: The effect of mobile money on household welfare. *The Economic Journal, 120*(546), 1-30. https://doi.org/10.1111/j.1468-0297.2010.02387.x",Digital financial services,qwen3_8b_think,needs-human,Reference requires human review.,CONTRADICTION,CONTRADICTION,MATCH,MATCH,MATCH,Active Labour Market Policy Evaluations: A Meta‐Analysis,David Card; Jochen Kluve; Andrea Weber,2010,The Economic Journal,10.1111/j.1468-0297.2010.02387.x,https://doi.org/10.1111/j.1468-0297.2010.02387.x,GOOGLE,3,2,0,0,0,Mobile money in Kenya: The effect of mobile money on household welfare.,Active Labour Market Policy Evaluations: A Meta‐Analysis,"Aker, J. C.; Mbiti, E. W.",David Card; Jochen Kluve; Andrea Weber,2010,2010,The Economic Journal,The Economic Journal,10.1111/j.1468-0297.2010.02387.x,10.1111/j.1468-0297.2010.02387.x,0,0,1,GOOGLE,0,"✗ Title | ✗ Authors | ✓ Year | ✓ Venue | ✓ DOI | ✓ URL

### Summary
The verification result is unclear and requires human review because the provided details do not match consistently. The year, journal name, and DOI correspond to a 2010 article titled ""Active Labour Market Policy Evaluations: A Meta‐Analysis"" by Card, Kluve, and Weber, but these details contradict the original reference's authors and title about mobile money in Kenya by Aker and Mbiti.

### Details
A matching record was found for the DOI 10.1111/j.1468-0297.2010.02387.x, but it corresponds to a different article titled ""Active Labour Market Policy Evaluations: A Meta‐Analysis"" published in The Economic Journal in 2010. The original reference claims authors Aker and Mbiti and a title about mobile money, which do not match the found authors Card, Kluve, and Weber nor the article topic. The journal and year matched perfectly, but the contradictory author names and title subjects make it ambiguous. Additionally, access to the DOI url returned a 403 Forbidden error, preventing further automated verification.

- [DOI link to article found](https://doi.org/10.1111/j.1468-0297.2010.02387.x)",0.1,0.9
"Gupta, A., & Suri, T. (2017). The impact of digital financial services on financial inclusion in India. *Journal of Financial Transformation, 46*, 1-18. https://doi.org/10.2753/JFT1083-4362460101",Digital financial services,qwen3_8b_think,needs-human,Reference requires human review.,CONTRADICTION,UNCONFIRMED,MATCH,UNCONFIRMED,MATCH,Error: DOI Not Found,,2017,,,https://doi.org/10.2753/JFT1083-4362460101,GOOGLE,2,1,0,0,2,The impact of digital financial services on financial inclusion in India.,Error: DOI Not Found,"Gupta, A.; Suri, T.",,2017,2017,Journal of Financial Transformation,,10.2753/JFT1083-4362460101,,0,0,1,GOOGLE,0,"✗ Title | ? Authors | ✓ Year | ? Venue | ? DOI | ✓ URL

### Summary
The verification result for this reference is unclear and needs human review. While the year 2017 and the DOI string matched exactly, the DOI led to an error message and no matching record was found for the article title or authors in the database.

### Details
A matching DOI string ""10.2753/JFT1083-4362460101"" was found, which matches the reference. The year 2017 was confirmed as well. However, the title given by the DOI system returned an error message ""Error: DOI Not Found,"" indicating the DOI does not currently link to a valid record. Searches in OpenAlex and scholarly databases found no matching article for the given title ""The impact of digital financial services on financial inclusion in India"" by Gupta and Suri. The author names and journal name could not be confirmed either. This mismatch suggests the DOI might be incorrect or inactive.

- https://doi.org/10.2753/JFT1083-4362460101
- OpenAlex database
- Scholarly search results",0.15,0.85
"Hsieh, C. T., & Lai, Y. C. (2019). The role of digital financial services in promoting financial inclusion: A meta-analysis. *International Journal of Financial Studies, 7*(2), 45. https://doi.org/10.3390/ijfs7020045",Digital financial services,qwen3_8b_think,unverified,Reference could not be verified.,UNCONFIRMED,UNCONFIRMED,UNCONFIRMED,UNCONFIRMED,UNCONFIRMED,,,,,,,,,,,,,,,,,,,,,,,0,0,0,,0,"? Title | ? Authors | ? Year | ? Venue | ? ID

### Summary
No matching article was found for the reference to Hsieh and Lai (2019) titled ""The role of digital financial services in promoting financial inclusion: A meta-analysis"" in the International Journal of Financial Studies. The provided DOI could not be located, and searches yielded no confirmed matches for the authors, title, or publication year.

### Details
The DOI 10.3390/ijfs7020045 returned a 404 error and was not found in the DOI system. A search in OpenAlex and scholarly databases did not find any records matching the article's title, authorship, or publication year. Multiple alternative relevant articles were found in related fields but none matched this specific reference.

- https://doi.org/10.3390/ijfs7020045
- https://openalex.org/
- Scholar search results",0.0,1.0
"Smith, J. (2018). *The impact of fiscal policy on economic growth*. Journal of Economic Perspectives.",Economics,qwen3_8b_think,unverified,Reference could not be verified.,MATCH,CONTRADICTION,CONTRADICTION,UNCONFIRMED,ABSENT,The impact of fiscal policy on economic growth,Ulrich Thießen,2007,,,https://openlibrary.org/books/OL17979760M/The_impact_of_fiscal_policy_on_economic_growth,GOOGLE,1,2,0,1,1,The impact of fiscal policy on economic growth,The impact of fiscal policy on economic growth,"Smith, J.",Ulrich Thießen,2018,2007,Journal of Economic Perspectives,,,https://openlibrary.org/books/OL17979760M/The_impact_of_fiscal_policy_on_economic_growth,0,0,1,GOOGLE,0,"✓ Title | ✗ Authors | ✗ Year | ? Venue | ○ ID

### Summary
No matching article could be found for the reference by Smith, J. (2018) titled ""The impact of fiscal policy on economic growth"" in the Journal of Economic Perspectives. Although the title matched exactly, the author and year did not correspond to any known record.

### Details
A matching record was found with the exact title, but the author was Ulrich Thießen, not Smith, J., and the year was 2007 instead of 2018. There was no information confirming the journal name. Multiple searches including Google and scholarly databases failed to retrieve a source matching both the author and publication year from the citation.

- https://openlibrary.org/books/OL17979760M/The_impact_of_fiscal_policy_on_economic_growth
- https://www.researchgate.net/publication/391839728_The_impact_of_fiscal_policy_on_economic_growth_and_development_in_South_Africa
- https://www.abacademies.org/articles/the-impact-of-fiscal-policy-on-economic-growth-a-macroeconomic-perspective-16918.html",0.0,1.0
"Brown, L., & Davis, R. (2019). *Monetary policy and inflation targeting*. Federal Reserve Bank of St. Louis Review.",Economics,qwen3_8b_think,unverified,Reference could not be verified.,MATCH,CONTRADICTION,CONTRADICTION,CONTRADICTION,ABSENT,Monetary Policy and Inflation Targeting,Lars E.O. Svensson,1997,NBER Reporter,,https://www.questia.com/library/journal/1G1-20465815/monetary-policy-and-inflation-targeting,GOOGLE,1,3,0,1,0,Monetary policy and inflation targeting,Monetary Policy and Inflation Targeting,"Brown, L.; Davis, R.",Lars E.O. Svensson,2019,1997,Federal Reserve Bank of St. Louis Review,NBER Reporter,,https://www.questia.com/library/journal/1G1-20465815/monetary-policy-and-inflation-targeting,0,0,3,GOOGLE,0,"✓ Title | ✗ Authors | ✗ Year | ✗ Venue | ○ ID

### Summary
The article titled ""Monetary policy and inflation targeting"" could not be verified as authored by Brown, L., and Davis, R. in 2019 for the Federal Reserve Bank of St. Louis Review. Although the title matches exactly, the authors, year, and journal do not correspond to any found records.

### Details
A matching record was found for the same title but authored by Lars E.O. Svensson in 1997, published in the NBER Reporter, which differs significantly from the citation information. The citation authors Brown and Davis do not appear in any identified records with that title and year 2019. The venue Federal Reserve Bank of St. Louis Review was not found to be associated with that article title or those authors. Relevant sources link to the NBER and Federal Reserve St. Louis publications but do not confirm the cited reference.

- https://www.questia.com/library/journal/1G1-20465815/monetary-policy-and-inflation-targeting
- https://www.stlouisfed.org/publications/regional-economist/third-quarter-2019/bullard-discusses-monetary-policy-framework-review
- https://scispace.com/journals/federal-reserve-bank-of-st-louis-review-3fxkx58d",0.0,1.0
"Garcia, M., & Lee, K. (2020). *Globalization and labor market dynamics*. World Economic Forum.",Economics,qwen3_8b_think,unverified,Reference could not be verified.,MATCH,CONTRADICTION,CONTRADICTION,CONTRADICTION,ABSENT,Globalization and Labor Market Dynamics,John McLaren,2017,Annual Review of Economics,10.1146/annurev-economics-063016-103720,https://doi.org/10.1146/annurev-economics-063016-103720,GOOGLE,1,3,0,1,0,Globalization and labor market dynamics,Globalization and Labor Market Dynamics,"Garcia, M.; Lee, K.",John McLaren,2020,2017,World Economic Forum,Annual Review of Economics,,10.1146/annurev-economics-063016-103720,0,0,1,GOOGLE,0,"✓ Title | ✗ Authors | ✗ Year | ✗ Venue | ○ ID

### Summary
No matching article by Garcia, M. and Lee, K. from 2020 at the World Economic Forum could be found. The title ""Globalization and Labor Market Dynamics"" was confirmed, but the authors, year, and publisher did not match any existing record.

### Details
A matching record with the exact title ""Globalization and Labor Market Dynamics"" was found, authored by John McLaren in 2017 and published in the Annual Review of Economics. There is no overlap with the cited authors Garcia, M. and Lee, K., and the venue World Economic Forum differs from the scholarly journal found. The year 2020 in the citation conflicts with 2017 in the record, and no identifier was provided in the original citation to clarify further.

- https://doi.org/10.1146/annurev-economics-063016-103720
- https://www.researchgate.net/publication/318878915_Globalization_and_Labor_Market_Dynamics",0.0,1.0
"Thaler, R. H., & Sunstein, C. R. (2008). *Libertarian paternalism*. Journal of Economic Perspectives.",Economics,qwen3_8b_think,verified-with-error,"Thaler, R. H., & Sunstein, C. R. (2003). Libertarian paternalism. *American Economic Review*, 93(2), 175-179. https://doi.org/10.1257/000282803321947001",MATCH,MATCH,CONTRADICTION,CONTAINS,ABSENT,Libertarian Paternalism,Richard H. Thaler; Cass R. Sunstein,2003,American Economic Review,10.1257/000282803321947001,https://doi.org/10.1257/000282803321947001,GOOGLE,2,1,1,1,0,Libertarian paternalism,Libertarian Paternalism,"Thaler, R. H.; Sunstein, C. R.",Richard H. Thaler; Cass R. Sunstein,2008,2003,Journal of Economic Perspectives,American Economic Review,,10.1257/000282803321947001,0,0,1,GOOGLE,0,"✓ Title | ✓ Authors | ✗ Year | ◐ Venue | ○ ID

### Summary
This article was confirmed as ""Libertarian Paternalism"" by Richard H. Thaler and Cass R. Sunstein. The title and authors were a perfect match; however, the publication year was found to be 2003 rather than the cited 2008. It was published in the American Economic Review rather than the Journal of Economic Perspectives.

### Details
A matching record was found with the exact title ""Libertarian Paternalism"" and the same authors, Richard H. Thaler and Cass R. Sunstein. The year of publication differs, with the confirmed year being 2003 instead of 2008. The work appeared in the American Economic Review, a different journal than cited, but still related through the same publisher, the American Economic Association. No DOI was provided in the original citation, but the correct article has DOI 10.1257/000282803321947001.

- https://doi.org/10.1257/000282803321947001
- https://www.aeaweb.org/articles?id=10.1257/000282803321947001",0.5,0.5
"Acemoglu, D., & Robinson, J. A. (2005). *Institutions as a fundamental cause of long-run economic growth*. American Economic Review.",Economics,qwen3_8b_think,unverified,Reference could not be verified.,CONTRADICTION,MATCH,CONTRADICTION,UNCONFIRMED,ABSENT,The role of institutions in growth and development,Daron Acemoglu; James A. Robinson,2008,,,https://books.google.com/books?hl=en&lr=&id=Cwi3EQAAQBAJ&oi=fnd&pg=PA135&dq=Institutions+as+a+fundamental+cause+of+long-run+economic+growth+Acemoglu+Johnson+Robinson+2005&ots=DdInU8WoQ5&sig=8u4rIz7r7IyvpykeiK4y7H7rogI,GOOGLE,1,2,0,1,1,Institutions as a fundamental cause of long-run economic growth,The role of institutions in growth and development,"Acemoglu, D.; Robinson, J. A.",Daron Acemoglu; James A. Robinson,2005,2008,American Economic Review,,,https://books.google.com/books?hl=en&lr=&id=Cwi3EQAAQBAJ&oi=fnd&pg=PA135&dq=Institutions+as+a+fundamental+cause+of+long-run+economic+growth+Acemoglu+Johnson+Robinson+2005&ots=DdInU8WoQ5&sig=8u4rIz7r7IyvpykeiK4y7H7rogI,0,0,3,GOOGLE,0,"✗ Title | ✓ Authors | ✗ Year | ? Venue | ○ ID

### Summary
The reference could not be verified as the given title and year do not match any confirmed records. Although the authors Daron Acemoglu and James A. Robinson were correctly identified, the title and publication year differ from available sources.

### Details
A matching record was not found with the title ""Institutions as a fundamental cause of long-run economic growth"" from 2005. Instead, a related work titled ""The role of institutions in growth and development"" by the same authors was found from 2008. The title and year differ significantly, and no exact match for the cited journal article was retrieved. The journal ""American Economic Review"" was not confirmed as the venue, and no identifier such as a DOI was available.

- https://books.google.com/books?hl=en&lr=&id=Cwi3EQAAQBAJ&oi=fnd&pg=PA135&dq=Institutions+as+a+fundamental+cause+of+long-run+economic+growth+Acemoglu+Johnson+Robinson+2005&ots=DdInU8WoQ5&sig=8u4rIz7r7IyvpykeiK4y7H7rogI
- https://openalex.org
- https://scholar.google.com",0.0,1.0
"Sachs, J. D., et al. (2000). *Economic development and the spread of the HIV/AIDS epidemic*. Economic Journal.",Economics,qwen3_8b_think,unverified,Reference could not be verified.,UNCONFIRMED,UNCONFIRMED,UNCONFIRMED,UNCONFIRMED,UNCONFIRMED,,,,,,,,,,,,,,,,,,,,,,,0,0,0,,0,"? Title | ? Authors | ? Year | ? Venue | ? ID

### Summary
No matching article titled ""Economic development and the spread of the HIV/AIDS epidemic"" by Sachs or with the given year 2000 in the Economic Journal was found. The reference could not be confirmed by searching authoritative databases or general search.

### Details
A search using the title, author's name Jeffrey D. Sachs, and year 2000 on OpenAlex yielded no matching records. Additionally, a Google search with the full citation string did not return relevant results or an article matching the details provided.

- [OpenAlex](https://openalex.org)
- General web search results (Google)",0.0,1.0
"Obstfeld, M., & Rogoff, K. (2009). *Global imbalances and the financial crisis: An empirical analysis*. Journal of International Economics.",Economics,qwen3_8b_think,needs-human,Reference requires human review.,CONTAINS,MATCH,MATCH,CONTRADICTION,ABSENT,Global Imbalances and the Financial Crisis: Products of Common Causes,Maurice Obstfeld; Kenneth Rogoff,2009,"Paper prepared for the Federal Reserve Bank of San Francisco Asia Economic Policy Conference, Santa Barbara, CA (also circulated Nov 2009)",,https://www.imf.org/external/np/res/seminars/2010/paris/pdf/obstfeld.pdf,GOOGLE,2,1,1,1,0,Global imbalances and the financial crisis: An empirical analysis,Global Imbalances and the Financial Crisis: Products of Common Causes,"Obstfeld, M.; Rogoff, K.",Maurice Obstfeld; Kenneth Rogoff,2009,2009,Journal of International Economics,"Paper prepared for the Federal Reserve Bank of San Francisco Asia Economic Policy Conference, Santa Barbara, CA (also circulated Nov 2009)",,https://www.imf.org/external/np/res/seminars/2010/paris/pdf/obstfeld.pdf,0,0,2,GOOGLE,0,"◐ Title | ✓ Authors | ✓ Year | ✗ Venue | ○ ID

### Summary
This reference needs human review because while the authors Obstfeld and Rogoff and the year 2009 match well, the source venue does not. The cited work is from the Journal of International Economics, but the best known match found is a paper prepared for the Federal Reserve Bank of San Francisco Asia Economic Policy Conference with a very similar title but a different subtitle.

### Details
A matching record was found with the same authors and year, titled ""Global Imbalances and the Financial Crisis: Products of Common Causes"" prepared for the Asia Economic Policy Conference in 2009. This differs from the citation's version subtitled ""An empirical analysis"" and claimed to be from the Journal of International Economics. No direct match was found in OpenAlex or other indexes for the journal article title and subtitle combination. The difference in venue indicates they are distinct publications, possibly related but not identical. URLs to the conference paper include https://www.imf.org/external/np/res/seminars/2010/paris/pdf/obstfeld.pdf which shows the conference version clearly.

- https://www.imf.org/external/np/res/seminars/2010/paris/pdf/obstfeld.pdf
- https://www.bankofengland.co.uk/-/media/boe/files/quarterly-bulletin/2009/global-imbalances-and-the-financial-crisis.pdf
- https://www.researchgate.net/publication/46453208_Global_Imbalances_and_the_Financial_Crisis",0.433,0.567
"Alesina, A., & Summers, L. H. (1993). *Fiscal policy in a changing world*. Brookings Papers on Economic Activity.",Economics,qwen3_8b_think,unverified,Reference could not be verified.,CONTRADICTION,CONTRADICTION,CONTRADICTION,MATCH,ABSENT,"Brookings Papers on Economic Activity, 1998",A Alesina; JD Sachs; D Bloom; GL Perry; WC Brainard,1998,Brookings Papers on Economic Activity,,https://books.google.com/books?hl=en&lr=&id=2mb6NbnrZGAC&oi=fnd&pg=PR9&dq=Alesina+Summers+1993+Fiscal+policy+in+a+changing+world+Brookings+Papers+on+Economic+Activity&ots=FT-VjMr-9T&sig=dh9PcW17ampgaEjs-FGPJvStwnc,GOOGLE,1,3,0,1,0,Fiscal policy in a changing world,"Brookings Papers on Economic Activity, 1998","Alesina, A.; Summers, L. H.",A Alesina; JD Sachs; D Bloom; GL Perry; WC Brainard,1993,1998,Brookings Papers on Economic Activity,Brookings Papers on Economic Activity,,https://books.google.com/books?hl=en&lr=&id=2mb6NbnrZGAC&oi=fnd&pg=PR9&dq=Alesina+Summers+1993+Fiscal+policy+in+a+changing+world+Brookings+Papers+on+Economic+Activity&ots=FT-VjMr-9T&sig=dh9PcW17ampgaEjs-FGPJvStwnc,0,0,1,GOOGLE,1,"✗ Title | ✗ Authors | ✗ Year | ✓ Venue | ○ ID

### Summary
No matching article could be found for the reference ""Alesina, A., & Summers, L. H. (1993). Fiscal policy in a changing world."" Although the journal name ""Brookings Papers on Economic Activity"" matches, the title, authors, and year do not correspond with any verified records.

### Details
A matching record was found titled ""Brookings Papers on Economic Activity, 1998"" with authors including A. Alesina but not Summers, published five years later in 1998. The cited article title ""Fiscal policy in a changing world"" does not match the candidate title, and the author list differs significantly. The year 1993 in the citation conflicts with the 1998 publication year found. No DOI or other identifier was available in the citation for precise matching.

- [Google Books: Brookings Papers on Economic Activity, 1998](https://books.google.com/books?hl=en&lr=&id=2mb6NbnrZGAC&oi=fnd&pg=PR9&dq=Alesina+Summers+1993+Fiscal+policy+in+a+changing+world+Brookings+Papers+on+Economic+Activity&ots=FT-VjMr-9T&sig=dh9PcW17ampgaEjs-FGPJvStwnc)",0.0,1.0
"Nordhaus, W. D. (2007). *A review of the Stern review on the economics of climate change*. Journal of Economic Perspectives.",Economics,qwen3_8b_think,verified,"Nordhaus, W. D. (2007). A Review of the Stern Review on the Economics of Climate Change. *Journal of Economic Literature, 45*(3), 686-702. https://doi.org/10.1257/jel.45.3.686",MATCH,MATCH,MATCH,CONTAINS,ABSENT,A Review of the Stern Review on the Economics of Climate Change,William D. Nordhaus,2007,Journal of Economic Literature,10.1257/jel.45.3.686,https://doi.org/10.1257/jel.45.3.686,GOOGLE,3,0,1,1,0,A review of the Stern review on the economics of climate change,A Review of the Stern Review on the Economics of Climate Change,"Nordhaus, W. D.",William D. Nordhaus,2007,2007,Journal of Economic Perspectives,Journal of Economic Literature,,10.1257/jel.45.3.686,1,1,1,GOOGLE,0,"✓ Title | ✓ Authors | ✓ Year | ◐ Venue | ○ ID

### Summary
This article by William D. Nordhaus titled ""A Review of the Stern Review on the Economics of Climate Change"" was confirmed as published in the *Journal of Economic Literature* in 2007. The author's name, title, and year matched precisely, confirming the reference.

### Details
A matching record was found with the exact title and author (William D. Nordhaus) listed for 2007. While the citation named the *Journal of Economic Perspectives*, the actual journal is the closely related *Journal of Economic Literature*, both published by the American Economic Association. No digital identifier was included in the citation, but the DOI 10.1257/jel.45.3.686 corresponds to the article, confirming its authenticity.

- [DOI link](https://doi.org/10.1257/jel.45.3.686)",0.9,0.1
"Shiller, R. J. (2000). *Irrational exuberance*. Princeton University Press.",Economics,qwen3_8b_think,verified,"Shiller, R. J. (2000). *Irrational Exuberance*. Princeton University Press. https://press.princeton.edu/books/paperback/9780691173122/irrational-exuberance?srsltid=AfmBOooFwU9V7hoi7ucBxK9h3DCaK_MlrvcSUvwK_CN0DHeplicrsM8G",MATCH,MATCH,MATCH,MATCH,ABSENT,Irrational Exuberance,Robert J. Shiller,2000,Princeton University Press,,https://press.princeton.edu/books/paperback/9780691173122/irrational-exuberance?srsltid=AfmBOooFwU9V7hoi7ucBxK9h3DCaK_MlrvcSUvwK_CN0DHeplicrsM8G,GOOGLE,4,0,0,1,0,Irrational exuberance,Irrational Exuberance,"Shiller, R. J.",Robert J. Shiller,2000,2000,Princeton University Press,Princeton University Press,,https://press.princeton.edu/books/paperback/9780691173122/irrational-exuberance?srsltid=AfmBOooFwU9V7hoi7ucBxK9h3DCaK_MlrvcSUvwK_CN0DHeplicrsM8G,1,1,2,GOOGLE,0,"✓ Title | ✓ Authors | ✓ Year | ✓ Venue | ○ ID

### Summary
This book was confirmed as ""Irrational Exuberance"" by Robert J. Shiller, published in the year 2000 by Princeton University Press. The title, author name, year, and publisher all match exactly.

### Details
A matching record was found with the exact title ""Irrational Exuberance"" and author Robert J. Shiller from the year 2000. The publisher is Princeton University Press, which matches precisely the citation information. The author's name shows a typical abbreviation difference (R. J. Shiller vs. Robert J. Shiller) but is recognized as the same person. No digital identifier like a DOI was provided in the citation, but multiple sources including Princeton University Press's official page and major booksellers confirm the existence and details of this book.

- https://press.princeton.edu/books/paperback/9780691173122/irrational-exuberance?srsltid=AfmBOooFwU9V7hoi7ucBxK9h3DCaK_MlrvcSUvwK_CN0DHeplicrsM8G
- https://www.amazon.com/Irrational-Exuberance-Robert-J-Shiller/dp/0691050627",1.0,0.0
"Smith, J. (2020). *The impact of technology on student engagement*. Educational Researcher, 49(3), 123–135. https://doi.org/10.1177/0013189X20912345",Education,qwen3_8b_think,unverified,Reference could not be verified.,CONTRADICTION,CONTRADICTION,MATCH,CONTRADICTION,CONTRADICTION,Mapping research in student engagement and educational technology in higher education: A systematic evidence map,M Bond; K Buntins; S Bedenlier,2020,Springer,10.1186/s41239-019-0176-8,https://link.springer.com/article/10.1186/s41239-019-0176-8,GOOGLE,1,4,0,0,0,The impact of technology on student engagement,Mapping research in student engagement and educational technology in higher education: A systematic evidence map,"Smith, J.",M Bond; K Buntins; S Bedenlier,2020,2020,Educational Researcher,Springer,10.1177/0013189X20912345,10.1186/s41239-019-0176-8,0,0,3,GOOGLE,0,"✗ Title | ✗ Authors | ✓ Year | ✗ Venue | ✗ DOI | ? URL

### Summary
No matching article could be found for the reference by Smith, J. (2020) titled ""The impact of technology on student engagement"" published in Educational Researcher. Despite sharing the same publication year, the source and authors differ significantly from the best available candidate.

### Details
The verification process found a publication year match in 2020, but all other key fields contradict. The title reference discusses the impact of technology on student engagement, whereas the closest candidate is a systematic evidence map of research in student engagement and educational technology, a different topic scope. The cited author, Smith, J., does not appear in the candidate's author list (M Bond, K Buntins, S Bedenlier). The cited journal, Educational Researcher, does not correspond with the candidate's publisher, Springer. Finally, the DOI from the citation (10.1177/0013189X20912345) was not found in the DOI system and differs from the candidate's DOI (10.1186/s41239-019-0176-8). These inconsistencies led to an unverified status.

- https://doi.org/10.1186/s41239-019-0176-8
- https://doi.org/10.1177/0013189X20912345 (not found)",0.0,1.0
"Brown, A., & Lee, K. (2019). *Inclusive education practices in diverse classrooms*. Journal of Special Education, 53(2), 89–102. https://doi.org/10.1177/0022466918805678",Education,qwen3_8b_think,needs-human,Reference requires human review.,CONTRADICTION,CONTAINS,CONTAINS,CONTAINS,UNCONFIRMED,Inclusive and adaptive teaching: Meeting the challenge of diversity in the classroom,P. Westwood,2018,Taylor & Francis,,https://api.taylorfrancis.com/content/books/mono/download?identifierName=doi&identifierValue=10.4324/9781351061261&type=googlepdf,GOOGLE,0,1,3,0,1,Inclusive education practices in diverse classrooms,Inclusive and adaptive teaching: Meeting the challenge of diversity in the classroom,"Brown, A.; Lee, K.",P. Westwood,2019,2018,Journal of Special Education,Taylor & Francis,10.1177/0022466918805678,,0,0,3,GOOGLE,0,"✗ Title | ◐ Authors | ◐ Year | ◐ Venue | ? DOI | ? URL

### Summary
The verification of this reference requires human review due to conflicting details. The cited article lists authors Brown and Lee from 2019 in the Journal of Special Education, but the best potential match found is a 2018 book by Westwood published by Taylor & Francis with a different title.

### Details
A search for the citation's DOI (10.1177/0022466918805678) returned a 404 error, indicating the DOI cannot be found. The titles are notably different, with the cited article discussing ""Inclusive education practices in diverse classrooms"" and the found record focusing on ""Inclusive and adaptive teaching: Meeting the challenge of diversity in the classroom."" Authors and publication years differ as well (2019 vs 2018), though the years are close. The venue comparison shows the cited journal is published by Taylor & Francis, which appears as the publisher in the candidate record. Due to these differences and the DOI's unconfirmed status, human judgment is needed to verify this reference accurately.

- https://doi.org/10.1177/0022466918805678
- https://api.taylorfrancis.com/content/books/mono/download?identifierName=doi&identifierValue=10.4324/9781351061261&type=googlepdf",0.0,1.0
"Garcia, M. (2018). *Teacher training programs and student outcomes*. Educational Psychology Review, 30(4), 567–589. https://doi.org/10.1007/s10648-018-9432-1",Education,qwen3_8b_think,unverified,Reference could not be verified.,UNCONFIRMED,UNCONFIRMED,UNCONFIRMED,UNCONFIRMED,UNCONFIRMED,,,,,,,,,,,,,,,,,,,,,,,0,0,0,,0,"? Title | ? Authors | ? Year | ? Venue | ? ID

### Summary
No matching article could be found for the reference by Garcia, M. titled ""Teacher training programs and student outcomes"" from 2018. The DOI provided does not exist in the DOI system, and searches did not find any corresponding record.

### Details
A search using the DOI 10.1007/s10648-018-9432-1 returned an error 404, indicating the DOI is not registered or incorrect. The title, author, year, and journal were all unconfirmed through OpenAlex and online searches. The Google search for the article or similar items did not reveal any matching results. This suggests the reference may contain errors or the article does not exist at the stated source.

- [DOI check result](https://doi.org/10.1007/s10648-018-9432-1)",0.0,1.0
"Johnson, R., & Thompson, L. (2021). *Flipped classrooms: A meta-analysis of effectiveness*. Computers & Education, 165, 104112. https://doi.org/10.1016/j.compedu.2021.104112",Education,qwen3_8b_think,unverified,Reference could not be verified.,UNCONFIRMED,UNCONFIRMED,UNCONFIRMED,UNCONFIRMED,UNCONFIRMED,,,,,,,,,,,,,,,,,,,,,,,0,0,0,,0,"? Title | ? Authors | ? Year | ? Venue | ? ID

### Summary
No matching article could be found for the reference by Johnson and Thompson on ""Flipped classrooms: A meta-analysis of effectiveness"" in Computers & Education from 2021.

### Details
A search for the DOI 10.1016/j.compedu.2021.104112 returned a 404 error indicating the DOI does not exist or is incorrect. Attempts to find the article by title and authors in OpenAlex and general web search also did not yield any results. This suggests that the reference is either incorrect, not yet registered, or does not exist.

- [DOI Check](https://doi.org/10.1016/j.compedu.2021.104112)
- [OpenAlex Search Attempts]
- [Google Search Results]",0.0,1.0
OECD. (2017). *Education at a glance 2017: OECD indicators*. OECD Publishing. https://doi.org/10.1787/education-2017-en,Education,qwen3_8b_think,verified,OECD. (2017). *Education at a glance 2017: OECD indicators*. OECD Publishing. https://www.oecd.org/en/publications/2017/09/education-at-a-glance-2017_g1g7f6b6.html,MATCH,MATCH,MATCH,MATCH,UNCONFIRMED,Education at a Glance 2017: OECD Indicators,OECD,2017,OECD Publishing,,https://www.oecd.org/en/publications/2017/09/education-at-a-glance-2017_g1g7f6b6.html,GOOGLE,4,0,0,0,1,Education at a glance 2017: OECD indicators,Education at a Glance 2017: OECD Indicators,OECD,OECD,2017,2017,OECD Publishing,OECD Publishing,10.1787/education-2017-en,,1,1,1,GOOGLE,1,"✓ Title | ✓ Authors | ✓ Year | ✓ Venue | ? DOI | ? URL

### Summary
This publication by the OECD titled ""Education at a Glance 2017: OECD Indicators"" was confirmed as a valid reference. The author, year 2017, and publisher OECD Publishing all matched exactly with the verified information.

### Details
A matching record was found with the exact title and author name OECD, published in 2017 by OECD Publishing. Although the DOI ""10.1787/education-2017-en"" could not be confirmed from official DOI registries and led to a 404 error, the document is verified through the publisher's official webpage and multiple credible sources found via web search. The URL https://www.oecd.org/en/publications/2017/09/education-at-a-glance-2017_g1g7f6b6.html provides direct access to the publication.

- https://www.oecd.org/en/publications/2017/09/education-at-a-glance-2017_g1g7f6b6.html
- https://doi.org/10.1787/education-2017-en (not found)",0.75,0.25
"Lave, J., & Wenger, E. (1991). *Cultures of learning*. Cambridge University Press.",Education,qwen3_8b_think,needs-human,Reference requires human review.,CONTRADICTION,MATCH,MATCH,MATCH,ABSENT,Situated Learning: Legitimate Peripheral Participation,Jean Lave; Etienne Wenger,1991,Cambridge University Press,,https://www.cambridge.org/highereducation/books/situated-learning/6915ABD21C8E4619F750A4D4ACA616CD,GOOGLE,3,1,0,1,0,Cultures of learning,Situated Learning: Legitimate Peripheral Participation,"Lave, J.; Wenger, E.",Jean Lave; Etienne Wenger,1991,1991,Cambridge University Press,Cambridge University Press,,https://www.cambridge.org/highereducation/books/situated-learning/6915ABD21C8E4619F750A4D4ACA616CD,0,0,2,GOOGLE,0,"✗ Title | ✓ Authors | ✓ Year | ✓ Venue | ○ ID

### Summary
This reference needs human review because the title given, ""Cultures of learning,"" does not match the confirmed and formally recognized title ""Situated Learning: Legitimate Peripheral Participation"" by the same authors and from the same year and publisher. The authors, year, and publisher details match, but the titles refer to different works, and no identifier was provided to clarify this discrepancy.

### Details
A matching record was found for a 1991 book by Jean Lave and Etienne Wenger published by Cambridge University Press, titled ""Situated Learning: Legitimate Peripheral Participation."" The authors and year correspond exactly to the citation, and the publisher is the same. However, the submitted title ""Cultures of learning"" does not correspond to this work or any other found in the search databases. Therefore, the title provided contradicts the confirmed record, suggesting a need for human review to clarify the correct citation.

- https://www.cambridge.org/highereducation/books/situated-learning/6915ABD21C8E4619F750A4D4ACA616CD
- https://s3.amazonaws.com/arena-attachments/1301652/cb419d882cd5bb5286069675b449da38.pdf?1506793465",0.333,0.667
"Hattie, J. (2009). *Visible learning: A synthesis of over 800 meta-analyses relating to achievement*. Routledge.",Education,qwen3_8b_think,verified,"Hattie, J. (2008). *Visible Learning: A Synthesis of Over 800 Meta-Analyses Relating to Achievement*. Routledge. https://doi.org/10.4324/9780203887332",MATCH,MATCH,CONTAINS,MATCH,ABSENT,Visible Learning: A Synthesis of Over 800 Meta-Analyses Relating to Achievement,John Hattie,2008,Routledge,10.4324/9780203887332,https://doi.org/10.4324/9780203887332,GOOGLE,3,0,1,1,0,Visible learning: A synthesis of over 800 meta-analyses relating to achievement,Visible Learning: A Synthesis of Over 800 Meta-Analyses Relating to Achievement,"Hattie, J.",John Hattie,2009,2008,Routledge,Routledge,,10.4324/9780203887332,1,1,1,GOOGLE,0,"✓ Title | ✓ Authors | ◐ Year | ✓ Venue | ○ ID

### Summary
This book ""Visible Learning: A Synthesis of Over 800 Meta-Analyses Relating to Achievement"" by John Hattie was confirmed as published by Routledge, with the author and title matching exactly. Although the cited publication year is 2009, the evidence shows the original publication year as 2008, which is within a one-year acceptable difference.

### Details
A matching record was found with the exact title and author John Hattie. The publisher is Routledge, matching the citation. The year differs slightly, with the citation showing 2009 and the evidence showing 2008, which is considered an acceptable discrepancy. No DOI was provided in the citation, but the book is available online with DOI 10.4324/9780203887332.

- https://doi.org/10.4324/9780203887332
- https://www.taylorfrancis.com/books/mono/10.4324/9780203887332/visible-learning-john-hattie
- https://inspirasifoundation.org/wp-content/uploads/2020/05/John-Hattie-Visible-Learning_-A-synthesis-of-over-800-meta-analyses-relating-to-achievement-2008.pdf",0.9,0.1
"Selwyn, N. (2019). *Education and technology: Key issues and debates*. Polity Press.",Education,qwen3_8b_think,verified,"Selwyn, N. (2011). *Education and Technology: Key Issues and Debates*. http://bvbr.bib-bvb.de:8991/F?func=service&doc_library=BVB01&local_base=BVB01&doc_number=022642505&sequence=000001&line_number=0001&func_code=DB_RECORDS&service_type=MEDIA",MATCH,MATCH,MATCH,CONTAINS,ABSENT,Education and Technology: Key Issues and Debates,Neil Selwyn,2011,,,http://bvbr.bib-bvb.de:8991/F?func=service&doc_library=BVB01&local_base=BVB01&doc_number=022642505&sequence=000001&line_number=0001&func_code=DB_RECORDS&service_type=MEDIA,GOOGLE,3,0,1,1,0,Education and technology: Key issues and debates,Education and Technology: Key Issues and Debates,"Selwyn, N.",Neil Selwyn,2019,2011,Polity Press,,,http://bvbr.bib-bvb.de:8991/F?func=service&doc_library=BVB01&local_base=BVB01&doc_number=022642505&sequence=000001&line_number=0001&func_code=DB_RECORDS&service_type=MEDIA,1,1,1,GOOGLE,0,"✓ Title | ✓ Authors | ✓ Year | ◐ Venue | ○ ID

### Summary
This book was confirmed as ""Education and Technology: Key Issues and Debates"" by Neil Selwyn published in 2019. The title, author, and year all matched exactly, and it is associated with Polity Press which is related to Bloomsbury publishing.

### Details
A matching record was found with the exact title and author ""Neil Selwyn"" matching the citation ""Selwyn, N."". The publication year 2019 also matched exactly. Although the publisher listed in evidence was Bloomsbury, this is consistent with Polity Press given their corporate relationship. No DOI was found, but multiple sources including the Bloomsbury website and research repositories confirmed the book's existence and details.

- https://www.bloomsbury.com/us/education-and-technology-9781350145566/
- https://www.researchgate.net/publication/364165885_Neil_Selwyn_Education_and_technology_Key_issues_and_debates
- https://www.amazon.com/Education-Technology-Key-Issues-Debates/dp/1474235921
- https://trepo.tuni.fi/bitstream/handle/10024/221640/Education_and_Technology_Key_Issues.pdf?sequence=-1
- https://www.goodreads.com/book/show/11179339-education-and-technology",0.9,0.1
"Shulman, L. S. (1986). *Those who understand: Knowledge base for the teaching profession*. Educational Researcher, 15(2), 4–10. https://doi.org/10.3102/0013189X015002004",Education,qwen3_8b_think,needs-human,Reference requires human review.,CONTRADICTION,MATCH,MATCH,MATCH,MATCH,Those Who Understand: Knowledge Growth in Teaching,Lee S. Shulman,1986,Educational Researcher,10.3102/0013189x015002004,https://doi.org/10.3102/0013189x015002004,GOOGLE,4,1,0,0,0,Those who understand: Knowledge base for the teaching profession,Those Who Understand: Knowledge Growth in Teaching,"Shulman, L. S.",Lee S. Shulman,1986,1986,Educational Researcher,Educational Researcher,10.3102/0013189X015002004,10.3102/0013189x015002004,0,0,1,GOOGLE,1,"✗ Title | ✓ Authors | ✓ Year | ✓ Venue | ✓ DOI | ✓ URL

### Summary
The reference could not be fully verified because the title from the original citation differs from the authoritative source associated with the same DOI. Although the author, year, journal, and DOI match, the title does not correspond, suggesting the DOI might be incorrect or the citation may be conflating two different works.

### Details
A matching record was found via the DOI ""10.3102/0013189X015002004"" linked to an article titled ""Those Who Understand: Knowledge Growth in Teaching"" by Lee S. Shulman, published in the Educational Researcher in 1986. This matches the author, year, venue, and identifier exactly. However, the title in the original reference, ""Those who understand: Knowledge base for the teaching profession,"" differs notably in wording and focus. Attempts to access the source URL returned a security verification page, preventing direct confirmation. Given this contradiction in titles, human review is recommended to determine the correct citation.

- [DOI Link](https://doi.org/10.3102/0013189X015002004)
- [SAGE Journals Security Page](https://doi.org/10.3102/0013189X015002004)",0.5,0.5
UNESCO. (2020). *Global education monitoring report 2020: Inclusion and education*. UNESCO Publishing.,Education,qwen3_8b_think,verified,"UNESCO. (2020). *Global education monitoring report, 2020: Inclusion and education*. UNESCO. https://unesdoc.unesco.org/ark:/48223/pf0000373724",MATCH,MATCH,MATCH,CONTAINS,ABSENT,"Global education monitoring report, 2020: Inclusion and education",UNESCO,2020,UNESCO,,https://unesdoc.unesco.org/ark:/48223/pf0000373724,GOOGLE,3,0,1,1,0,Global education monitoring report 2020: Inclusion and education,"Global education monitoring report, 2020: Inclusion and education",UNESCO,UNESCO,2020,2020,UNESCO Publishing,UNESCO,,https://unesdoc.unesco.org/ark:/48223/pf0000373724,1,1,1,GOOGLE,1,"✓ Title | ✓ Authors | ✓ Year | ◐ Venue | ○ ID

### Summary
This report was confirmed as published by UNESCO in 2020 with the exact title ""Global education monitoring report 2020: Inclusion and education"". The authorship by UNESCO and the publication year 2020 matched perfectly, and UNESCO Publishing is recognized as a division of UNESCO, confirming the venue information.

### Details
A matching record was found that shows the title exactly as cited and the author as UNESCO. The year 2020 matched exactly. The citation's venue listed as UNESCO Publishing is a subdivision of UNESCO, so it is considered consistent. There was no identifier present in the citation, but multiple authoritative sources including UNESCO's official website confirm the report's existence and details. Relevant URLs include the official UNESCO publication page and the UNESCO digital library link.

- https://unesdoc.unesco.org/ark:/48223/pf0000373724
- https://www.unesco.org/gem-report/en/publication/inclusion-and-education
- https://gem-report-2020.unesco.org/",0.9,0.1
"Smith, J., & Johnson, R. (2020). *Advances in renewable energy technologies*. Journal of Sustainable Energy, 15(3), 45-60.",Energy,qwen3_8b_think,needs-human,Reference requires human review.,CONTAINS,CONTRADICTION,CONTAINS,CONTAINS,ABSENT,Recent Advances in Renewable Energy Technologies,"Jeguirim, Mejdi",2021,Elsevier eBooks,10.1016/c2020-0-00529-3,https://doi.org/10.1016/c2020-0-00529-3,GOOGLE,0,1,3,1,0,Advances in renewable energy technologies,Recent Advances in Renewable Energy Technologies,"Smith, J.; Johnson, R.","Jeguirim, Mejdi",2020,2021,Journal of Sustainable Energy,Elsevier eBooks,,10.1016/c2020-0-00529-3,0,0,3,GOOGLE,0,"◐ Title | ✗ Authors | ◐ Year | ◐ Venue | ○ ID

### Summary
The reference could not be conclusively verified because the authors listed do not match any found in the candidate records, despite a close match in the title and year range. The journal name differs from the publisher platform associated with the best candidate record.

### Details
A matching document with a very similar title, ""Recent Advances in Renewable Energy Technologies,"" was found published by Elsevier eBooks in 2021, which is close to the cited year 2020. However, the authors in the candidate record (Jeguirim, Mejdi) do not match the cited authors (Smith, J. and Johnson, R.). The cited journal, ""Journal of Sustainable Energy,"" does not align exactly with the candidate's venue, though there is a possible relationship through the publisher. No digital identifier was provided in the citation, adding to the uncertainty.

- https://doi.org/10.1016/c2020-0-00529-3",0.1,0.9
"Lee, H., & Kim, S. (2019). *Energy storage systems for a sustainable future*. Energy Policy, 128, 112-125.",Energy,qwen3_8b_think,unverified,Reference could not be verified.,CONTRADICTION,CONTRADICTION,MATCH,CONTAINS,ABSENT,"Hydrogen energy, economy and storage: Review and recommendation",John Olorunfemi Abe; A.P.I. Popoola; Emmanuel Ajenifuja; Olawale Popoola,2019,International Journal of Hydrogen Energy,10.1016/j.ijhydene.2019.04.068,https://doi.org/10.1016/j.ijhydene.2019.04.068,GOOGLE,1,2,1,1,0,Energy storage systems for a sustainable future,"Hydrogen energy, economy and storage: Review and recommendation","Lee, H.; Kim, S.",John Olorunfemi Abe; A.P.I. Popoola; Emmanuel Ajenifuja; Olawale Popoola,2019,2019,Energy Policy,International Journal of Hydrogen Energy,,10.1016/j.ijhydene.2019.04.068,0,0,2,GOOGLE,0,"✗ Title | ✗ Authors | ✓ Year | ◐ Venue | ○ ID

### Summary
No matching article could be found for the citation ""Energy storage systems for a sustainable future"" by Lee and Kim from 2019. The found record with a similar year discusses hydrogen energy with different authors and a different journal, showing clear differences in title and authors.

### Details
A search revealed no exact match for the cited article. The closest candidate was a 2019 publication titled ""Hydrogen energy, economy and storage: Review and recommendation"" in the International Journal of Hydrogen Energy by Abe, Popoola, Ajenifuja, and Popoola. This differs significantly from the cited title and authors. While both journals are published by Elsevier, the titles and authors do not overlap, confirming no direct match. No digital identifier was provided in the citation to aid verification.

- https://doi.org/10.1016/j.ijhydene.2019.04.068
- https://www.sciencedirect.com/",0.0,1.0
"Chen, L., & Patel, N. (2021). *Smart grid technologies and their impact on energy distribution*. IEEE Transactions on Smart Grid, 12(4), 3000-3015.",Energy,qwen3_8b_think,needs-human,Reference requires human review.,MATCH,UNCONFIRMED,UNCONFIRMED,UNCONFIRMED,ABSENT,Smart Grid Technologies and Their Impact on Energy Distribution,,,,,https://admin.mantechpublications.com/index.php/JoCTiEE/issue/download/7903/8518,GOOGLE,1,0,0,1,3,Smart grid technologies and their impact on energy distribution,Smart Grid Technologies and Their Impact on Energy Distribution,"Chen, L.; Patel, N.",,2021,,IEEE Transactions on Smart Grid,,,https://admin.mantechpublications.com/index.php/JoCTiEE/issue/download/7903/8518,1,1,2,GOOGLE,0,"✓ Title | ? Authors | ? Year | ? Venue | ○ ID

### Summary
The title ""Smart grid technologies and their impact on energy distribution"" was confirmed as matching exactly. However, author names, year, and journal details could not be confirmed because a matching detailed record or identifier was not found. Due to this lack of full information, human review is needed to verify the reference accurately.

### Details
A matching document with the exact title was found in a PDF available at the URL provided by a relevant conference or journal website, but it lacked clear author and year metadata. Searches through academic databases including OpenAlex and Google Scholar did not return a clear record matching the authors Chen, L. and Patel, N. from 2021 in the IEEE Transactions on Smart Grid. The year 2021 and journal name were unconfirmed because no precise record could be found. 

- [Matching PDF document found](https://admin.mantechpublications.com/index.php/JoCTiEE/issue/download/7903/8518)
- [IEEE Transactions on Smart Grid journal page](https://ieee-pes.org/publications/transactions-on-smart-grid/)",0.333,0.667
"Garcia, M., & Lopez, P. (2018). *Renewable energy integration in urban areas*. Renewable and Sustainable Energy Reviews, 82, 2103-2115.",Energy,qwen3_8b_think,unverified,Reference could not be verified.,CONTRADICTION,CONTRADICTION,MATCH,UNCONFIRMED,ABSENT,Renewable Energy in Urban Areas: Worldwide Research Trends,M. A. Perea-Moreno,2018,,,https://ideas.repec.org/a/gam/jeners/v11y2018i3p577-d135166.html,GOOGLE,1,2,0,1,1,Renewable energy integration in urban areas,Renewable Energy in Urban Areas: Worldwide Research Trends,"Garcia, M.; Lopez, P.",M. A. Perea-Moreno,2018,2018,Renewable and Sustainable Energy Reviews,,,https://ideas.repec.org/a/gam/jeners/v11y2018i3p577-d135166.html,0,1,3,GOOGLE,0,"✗ Title | ✗ Authors | ✓ Year | ? Venue | ○ ID

### Summary
The reference attributed to Garcia and Lopez from 2018 about ""Renewable energy integration in urban areas"" could not be verified. The search found a different 2018 publication titled ""Renewable Energy in Urban Areas: Worldwide Research Trends"" by M. A. Perea-Moreno, which differs in title and authors, indicating a mismatch with the claimed reference.

### Details
A matching record could not be found for the citation listing Garcia and Lopez as authors with the exact title and journal details. While the year 2018 matched exactly, the title was found to differ significantly: the citation focused on integration strategies, whereas the found publication is a global research trends review. Moreover, the authors did not overlap, with the found work listing M. A. Perea-Moreno as the author. No DOI or other identifiers were present in the original citation to aid verification.

- https://ideas.repec.org/a/gam/jeners/v11y2018i3p577-d135166.html",0.0,1.0
International Energy Agency. (2022). *Global energy trends and outlook*. IEA Publications.,Energy,qwen3_8b_think,needs-human,Reference requires human review.,CONTRADICTION,MATCH,MATCH,MATCH,ABSENT,World Energy Outlook 2022,International Energy Agency,2022,International Energy Agency,,https://www.iea.org/reports/world-energy-outlook-2022,GOOGLE,3,1,0,1,0,Global energy trends and outlook,World Energy Outlook 2022,International Energy Agency,International Energy Agency,2022,2022,IEA Publications,International Energy Agency,,https://www.iea.org/reports/world-energy-outlook-2022,0,0,3,GOOGLE,0,"✗ Title | ✓ Authors | ✓ Year | ✓ Venue | ○ ID

### Summary
This reference could not be fully confirmed because the title provided does not match any known publication by the International Energy Agency for 2022. Although the author (International Energy Agency), year (2022), and publisher information align, the title ""Global energy trends and outlook"" does not correspond to the verified major report titled ""World Energy Outlook 2022.""

### Details
A matching record was found for ""World Energy Outlook 2022"" authored by the International Energy Agency and published in 2022, which aligns with the authorship, year, and venue details of the original reference. However, the title differs significantly from the cited ""Global energy trends and outlook,"" which appears to be a generic phrase rather than the formal title of a specific IEA publication. Searches including Google and OpenAlex did not confirm any publication under the cited title for 2022. The publisher named ""IEA Publications"" matches the International Energy Agency, but the absent identifier and title discrepancy leave the match ambiguous, requiring human verification.

- https://www.iea.org/reports/world-energy-outlook-2022
- https://iea.blob.core.windows.net/assets/7e42db90-d8ea-459d-be1e-1256acd11330/WorldEnergyOutlook2022.pdf
- https://doi.org/10.1787/weo-2013-en
- https://doi.org/10.1787/weo-2015-en
- https://doi.org/10.1787/weo-2010-en",0.333,0.667
"Brown, T., & Davis, K. (2017). *Energy policy in developing countries: Challenges and opportunities*. Energy Economics, 65, 1-12.",Energy,qwen3_8b_think,unverified,Reference could not be verified.,CONTRADICTION,CONTRADICTION,MATCH,MATCH,ABSENT,The local socio-economic impacts of large hydropower plant development in a developing country,FAM De Faria; A Davis; E Severnini; P Jaramillo,2017,Energy Economics,,https://www.sciencedirect.com/science/article/pii/S014098831730292X,GOOGLE,2,2,0,1,0,Energy policy in developing countries: Challenges and opportunities,The local socio-economic impacts of large hydropower plant development in a developing country,"Brown, T.; Davis, K.",FAM De Faria; A Davis; E Severnini; P Jaramillo,2017,2017,Energy Economics,Energy Economics,,https://www.sciencedirect.com/science/article/pii/S014098831730292X,0,0,2,GOOGLE,0,"✗ Title | ✗ Authors | ✓ Year | ✓ Venue | ○ ID

### Summary
The reference provided could not be verified as the title and authors do not match any found publications. Although the year 2017 and the journal Energy Economics matched, the article found on record covers a different topic and has a different group of authors.

### Details
A matching record was found in Energy Economics for 2017, but the title and authors were different. The original citation's title about energy policy challenges does not match the found article focusing on the socio-economic impacts of hydropower development. The authors Brown, T. and Davis, K. were not found; instead, a different Davis and three other authors were listed. No identifiers like DOI were present to confirm the match. 

- https://www.sciencedirect.com/science/article/pii/S014098831730292X",0.0,1.0
"Wilson, A., & Thompson, R. (2020). *Biofuel production and its environmental implications*. Biomass and Bioenergy, 134, 105-118.",Energy,qwen3_8b_think,unverified,Reference could not be verified.,CONTRADICTION,CONTRADICTION,MATCH,UNCONFIRMED,ABSENT,Nanobiotechnology for sustainable bioenergy and biofuel production,ML Verma,2020,,,https://api.taylorfrancis.com/content/books/mono/download?identifierName=doi&identifierValue=10.1201/9780429023194&type=googlepdf,GOOGLE,1,2,0,1,1,Biofuel production and its environmental implications,Nanobiotechnology for sustainable bioenergy and biofuel production,"Wilson, A.; Thompson, R.",ML Verma,2020,2020,Biomass and Bioenergy,,,https://api.taylorfrancis.com/content/books/mono/download?identifierName=doi&identifierValue=10.1201/9780429023194&type=googlepdf,0,0,2,GOOGLE,0,"✗ Title | ✗ Authors | ✓ Year | ? Venue | ○ ID

### Summary
No matching article for ""Biofuel production and its environmental implications"" by Wilson, A., & Thompson, R. (2020) was found. The authors and title differ from any candidate records despite the year matching.

### Details
A matching record was not found for the article by Wilson and Thompson in 2020 titled ""Biofuel production and its environmental implications."" The best potential candidate found was a 2020 work by ML Verma called ""Nanobiotechnology for sustainable bioenergy and biofuel production,"" which differs notably in both title focus and author names. The year 2020 matched exactly, but no identifier or journal match was confirmed. The search in OpenAlex and scholarly sources yielded no verified record for the original citation.

- https://api.taylorfrancis.com/content/books/mono/download?identifierName=doi&identifierValue=10.1201/9780429023194&type=googlepdf",0.0,1.0
"Nguyen, T., & Tran, H. (2021). *Energy consumption patterns in emerging economies*. Energy Journal, 42(2), 111-130.",Energy,qwen3_8b_think,unverified,Reference could not be verified.,CONTRADICTION,CONTRADICTION,CONTAINS,CONTRADICTION,ABSENT,"Investigating the nexus between hydroelectricity energy, renewable energy, nonrenewable energy consumption on output: evidence from E7 countries",Bright Akwasi Gyamfi; Murad A. Bein; Festus Víctor Bekun,2020,Environmental Science and Pollution Research,10.1007/s11356-020-08909-8,https://doi.org/10.1007/s11356-020-08909-8,GOOGLE,0,3,1,1,0,Energy consumption patterns in emerging economies,"Investigating the nexus between hydroelectricity energy, renewable energy, nonrenewable energy consumption on output: evidence from E7 countries","Nguyen, T.; Tran, H.",Bright Akwasi Gyamfi; Murad A. Bein; Festus Víctor Bekun,2021,2020,Energy Journal,Environmental Science and Pollution Research,,10.1007/s11356-020-08909-8,0,1,3,GOOGLE,0,"✗ Title | ✗ Authors | ◐ Year | ✗ Venue | ○ ID

### Summary
No matching article could be found for the reference by Nguyen and Tran (2021) titled ""Energy consumption patterns in emerging economies."" The details indicate that the proposed match differs significantly in authors, title, journal, and year.

### Details
A search found a candidate article with a similar topic but different title: ""Investigating the nexus between hydroelectricity energy, renewable energy, nonrenewable energy consumption on output: evidence from E7 countries"" published in 2020. The candidate article lists entirely different authors (Gyamfi, Bein, Bekun) and appears in a different journal (Environmental Science and Pollution Research) compared to the cited source (Energy Journal). The year differs by one, and the journal titles and scopes do not match, confirming no consistent match. Thus, the reference by Nguyen and Tran could not be verified.

- https://doi.org/10.1007/s11356-020-08909-8
- https://jast.modares.ac.ir/article_16869_b1491b673670aeae2dbf8827ba87a758.pdf",0.0,1.0
European Commission. (2023). *Energy transition strategies for the European Union*. European Commission Reports.,Energy,qwen3_8b_think,needs-human,Reference requires human review.,CONTRADICTION,MATCH,MATCH,MATCH,ABSENT,8th report on the state of the energy union,European Commission,2023,European Commission,,https://energy.ec.europa.eu/strategy/energy-union/8th-report-state-energy-union_en,GOOGLE,3,1,0,1,0,Energy transition strategies for the European Union,8th report on the state of the energy union,European Commission,European Commission,2023,2023,European Commission,European Commission,,https://energy.ec.europa.eu/strategy/energy-union/8th-report-state-energy-union_en,0,0,3,GOOGLE,0,"✗ Title | ✓ Authors | ✓ Year | ✓ Venue | ○ ID

### Summary
The reference is ambiguous and requires human review because the title in the citation, ""Energy transition strategies for the European Union,"" does not match the available document found online, which is titled ""8th report on the state of the energy union."" The author (European Commission), year (2023), and publisher match, but the differing titles suggest they refer to different reports.

### Details
A matching record was found for a 2023 European Commission report with the title ""8th report on the state of the energy union."" This matches the citation in terms of author, year, and publisher. However, the cited title ""Energy transition strategies for the European Union"" was not found in searches, and the found report focuses on the state of the energy union rather than specific transition strategies. No identifying DOI or other identifier was present to resolve this discrepancy.

- [European Commission 8th report on the state of the energy union](https://energy.ec.europa.eu/strategy/energy-union/8th-report-state-energy-union_en)",0.333,0.667
"Zhang, Y., & Liu, W. (2019). *Carbon capture and storage technologies: A review*. Applied Energy, 245, 1-15.",Energy,qwen3_8b_think,unverified,Reference could not be verified.,CONTRADICTION,UNCONFIRMED,MATCH,MATCH,ABSENT,Post-combustion CO2 capture from a natural gas combined cycl,,2019,Applied Energy,,https://ideas.repec.org/a/eee/appene/v245y2019icp1-15.html,GOOGLE,2,1,0,1,1,Carbon capture and storage technologies: A review,Post-combustion CO2 capture from a natural gas combined cycl,"Zhang, Y.; Liu, W.",,2019,2019,Applied Energy,Applied Energy,,https://ideas.repec.org/a/eee/appene/v245y2019icp1-15.html,0,0,3,GOOGLE,0,"✗ Title | ? Authors | ✓ Year | ✓ Venue | ○ ID

### Summary
No matching article with the exact title and author combination ""Carbon capture and storage technologies: A review"" by Zhang, Y., & Liu, W. from 2019 in Applied Energy could be found. Although the journal and year match, the article titles differ significantly, indicating that the claimed reference does not correspond to the found records.

### Details
A record was found in Applied Energy in 2019 that matches the year and journal but has a completely different title focused on post-combustion CO2 capture from a natural gas combined cycle. The candidate title and the cited title differ substantially, representing different subjects. Also, the authors from the citation could not be confirmed in the search results. No DOI or other identifier was available to further verify the citation.

- https://ideas.repec.org/a/eee/appene/v245y2019icp1-15.html
- https://doi.org/10.1007/s10311-020-01133-3
- https://doi.org/10.1016/j.envres.2021.112219",0.067,0.933
"Smith, J., & Jones, L. (2018). Urban air pollution and public health. *Environmental Science & Technology*, 52(3), 1234–1245. https://doi.org/10.1021/acs.est.7b04567",Environmental Science,qwen3_8b_think,unverified,Reference could not be verified.,UNCONFIRMED,UNCONFIRMED,UNCONFIRMED,UNCONFIRMED,UNCONFIRMED,,,,,,,,,,,,,,,,,,,,,,,0,0,0,,0,"? Title | ? Authors | ? Year | ? Venue | ? ID

### Summary
No matching article with the title ""Urban air pollution and public health,"" authors Smith and Jones, year 2018, or the DOI 10.1021/acs.est.7b04567 was found. The reference could not be verified in the usual scholarly databases or through DOI resolution.

### Details
The DOI 10.1021/acs.est.7b04567 was not found in the OpenAlex database and the DOI link returned a 404 error indicating the DOI does not exist or is inactive. A general web search using the full reference details did not locate a corresponding publication, nor did it find any close matches. This indicates the reference might be incorrect, incomplete, or the publication is not indexed in common databases.

- https://doi.org/10.1021/acs.est.7b04567
- https://openalex.org
- Various web search results",0.0,1.0
"Pachauri, R. K., et al. (2014). Climate Change 2014: Synthesis Report. *Intergovernmental Panel on Climate Change*.",Environmental Science,qwen3_8b_think,verified,"IPCC. (2014). *Climate Change 2014: Synthesis Report. Contribution of Working Groups I, II and III to the Fifth Assessment Report of the Intergovernmental Panel on Climate Change* [Core Writing Team, R.K. Pachauri & L.A. Meyer (eds.)]. IPCC. https://doi.org/10.59327/ipcc/ar5-9789291691432",MATCH,MATCH,MATCH,MATCH,ABSENT,Climate Change 2014 - Synthesis Report,IPCC; Rajendra Pachauri Chairman; Leo Meyer; Rajendra Pachauri; Myles Allen; Navroz Dubash; Luis Gomez-Echeverri; Kejun Jiang; Blanca Cisneros; Katharine Mach; Michael Mastrandrea; Jan Minx; Yacob Mulugetta; Karen O'brien; Michael Oppenheimer; Joy Pereira; Ramn Pichs-Madruga; Gian Kasper; Otto Prtner; Scott Power; Benjamin Preston; N Ravindranath; Andy Reisinger; Keywan Riahi; Matilde Rusticucci; Robert Scholes; Kristin Seyboth; Youba Sokona; Robert Stavins; Thomas Stocker; Petra Tschakert; Sander Brinkman; Line Van Kesteren; Nomie Leprince; Laura Biagioni; Fredolin Tangang; David Wratt; Eduardo Calvo; Jose Moreno; Jim Skea; Suzana Kahn; Katie Mach; Ellie Farahani; Jussi Savolainen; Gaetano Leone; Jonathan Lynn; Brenda Abrar-Milani; Jesbin Baidya; Mary Burer; Annie Courtin; Judith Ewa; Joelle Fernandez; Nina Peeva; Sophie Schlingemann; Amy Smith; Werani Zabula; Stephen Schneider; Steve Schneider; New York; Agecc; G Hegerl; O Hoegh-Guldberg; G Casassa; M Hoerling; R Kovats; C Parmesan; D Pierce; P Stott; M Manning; M Petit; D; M Mastrandrea; C Field; T Stocker; O Edenhofer; K Ebi; D Frame; H Held; E Kriegler; K Mach; P Matschoss; G.-K Plattner; G Yohe; F Zwiers; R Moss; M Babiker; S Brinkman; E Calvo; T Carter; J Edmonds; I Elgizouli; S Emori; L Erda; K Hibbard; R Jones; M Kainuma; J Kelleher; J Lamarque; M Manning; B Matthews,2014,"IPCC, Geneva, Switzerland",10.59327/ipcc/ar5-9789291691432,https://doi.org/10.59327/ipcc/ar5-9789291691432,GOOGLE,4,0,0,1,0,Climate Change 2014: Synthesis Report,Climate Change 2014 - Synthesis Report,"Pachauri, R. K.",IPCC; Rajendra Pachauri Chairman; Leo Meyer; Rajendra Pachauri; Myles Allen; Navroz Dubash; Luis Gomez-Echeverri; Kejun Jiang; Blanca Cisneros; Katharine Mach; Michael Mastrandrea; Jan Minx; Yacob Mulugetta; Karen O'brien; Michael Oppenheimer; Joy Pereira; Ramn Pichs-Madruga; Gian Kasper; Otto Prtner; Scott Power; Benjamin Preston; N Ravindranath; Andy Reisinger; Keywan Riahi; Matilde Rusticucci; Robert Scholes; Kristin Seyboth; Youba Sokona; Robert Stavins; Thomas Stocker; Petra Tschakert; Sander Brinkman; Line Van Kesteren; Nomie Leprince; Laura Biagioni; Fredolin Tangang; David Wratt; Eduardo Calvo; Jose Moreno; Jim Skea; Suzana Kahn; Katie Mach; Ellie Farahani; Jussi Savolainen; Gaetano Leone; Jonathan Lynn; Brenda Abrar-Milani; Jesbin Baidya; Mary Burer; Annie Courtin; Judith Ewa; Joelle Fernandez; Nina Peeva; Sophie Schlingemann; Amy Smith; Werani Zabula; Stephen Schneider; Steve Schneider; New York; Agecc; G Hegerl; O Hoegh-Guldberg; G Casassa; M Hoerling; R Kovats; C Parmesan; D Pierce; P Stott; M Manning; M Petit; D; M Mastrandrea; C Field; T Stocker; O Edenhofer; K Ebi; D Frame; H Held; E Kriegler; K Mach; P Matschoss; G.-K Plattner; G Yohe; F Zwiers; R Moss; M Babiker; S Brinkman; E Calvo; T Carter; J Edmonds; I Elgizouli; S Emori; L Erda; K Hibbard; R Jones; M Kainuma; J Kelleher; J Lamarque; M Manning; B Matthews,2014,2014,Intergovernmental Panel on Climate Change,"IPCC, Geneva, Switzerland",,10.59327/ipcc/ar5-9789291691432,1,1,1,GOOGLE,0,"✓ Title | ✓ Authors | ✓ Year | ✓ Venue | ○ ID

### Summary
This reference was confirmed as an official report published by the Intergovernmental Panel on Climate Change (IPCC) in 2014. The title ""Climate Change 2014: Synthesis Report,"" the lead author Pachauri, and the publisher IPCC all matched exactly with the verified source.

### Details
A matching record was found with the title ""Climate Change 2014 - Synthesis Report"" which exactly matches the cited title. The author Pachauri R. K. was verified within a full author list representing the IPCC core writing team, matching the citation's use of ""et al."" The publication year 2014 also matched exactly. The venue, identified as the Intergovernmental Panel on Climate Change, corresponds to the acronym IPCC, confirming the publisher. No digital object identifier (DOI) was provided in the original citation, but an authoritative DOI (10.59327/ipcc/ar5-9789291691432) is available for the full report.

- https://doi.org/10.59327/ipcc/ar5-9789291691432
- https://www.ipcc.ch/report/ar5/syr/synthesis-report/",1.0,0.0
"Lee, T., & Kim, H. (2020). Advances in renewable energy technologies. In *Proceedings of the International Conference on Renewable Energy* (pp. 45–56). IEEE.",Environmental Science,qwen3_8b_think,needs-human,Reference requires human review.,CONTAINS,CONTRADICTION,CONTAINS,CONTAINS,ABSENT,Recent advances in renewable energy technology for the energy transition,Poul Alberg Østergaard; Neven Duić; Younes Noorollahi; Soteris A. Kalogirou,2021,Renewable Energy,10.1016/j.renene.2021.07.111,https://doi.org/10.1016/j.renene.2021.07.111,GOOGLE,0,1,3,1,0,Advances in renewable energy technologies.,Recent advances in renewable energy technology for the energy transition,"Lee, T.; Kim, H.",Poul Alberg Østergaard; Neven Duić; Younes Noorollahi; Soteris A. Kalogirou,2020,2021,Proceedings of the International Conference on Renewable Energy,Renewable Energy,,10.1016/j.renene.2021.07.111,0,0,3,GOOGLE,0,"◐ Title | ✗ Authors | ◐ Year | ◐ Venue | ○ ID

### Summary
The verification result is inconclusive and requires human review due to conflicting author information despite similarities in title and venue. The suggested match has a title closely related to the citation and is published in a relevant journal one year later, but involves completely different authors.

### Details
A record was found for an article titled ""Recent advances in renewable energy technology for the energy transition"" published in 2021 in the journal Renewable Energy, which shares core phrases with the cited title ""Advances in renewable energy technologies"" from 2020 proceedings. The publication venue is similar but not identical, as one is conference proceedings and the other is a journal. The key contradiction is in the authorship: the citation lists Lee, T. and Kim, H., while the found article has Poul Alberg Østergaard and others as authors with no overlap. The small year difference (2020 vs 2021) falls within an acceptable range but does not resolve the author discrepancy. No DOI is available in the original citation to aid verification.

- https://doi.org/10.1016/j.renene.2021.07.111",0.1,0.9
U.S. Environmental Protection Agency. (2019). *National Water Quality Inventory Report*. EPA Report No. EPA-841-R-19-001.,Environmental Science,qwen3_8b_think,verified-with-error,U.S. Environmental Protection Agency. (n.d.). *National Water Quality Inventory Report to Congress*. U.S. Environmental Protection Agency. https://www.epa.gov/waterdata/national-water-quality-inventory-report-congress,CONTAINS,MATCH,UNCONFIRMED,MATCH,ABSENT,National Water Quality Inventory Report to Congress,U.S. Environmental Protection Agency,,U.S. Environmental Protection Agency,,https://www.epa.gov/waterdata/national-water-quality-inventory-report-congress,GOOGLE,2,0,1,1,1,National Water Quality Inventory Report,National Water Quality Inventory Report to Congress,U.S. Environmental Protection Agency,U.S. Environmental Protection Agency,2019,,U.S. Environmental Protection Agency,U.S. Environmental Protection Agency,,https://www.epa.gov/waterdata/national-water-quality-inventory-report-congress,2,2,2,GOOGLE,0,"◐ Title | ✓ Authors | ? Year | ✓ Venue | ○ ID

### Summary
This report was confirmed to be authored by the U.S. Environmental Protection Agency with a matching title and publisher details. However, the exact year (2019) could not be confirmed as the found document did not specify a year.

### Details
A matching record titled ""National Water Quality Inventory Report to Congress"" was found on the EPA website, showing the same core title and author. The venue (publisher) matched precisely as U.S. Environmental Protection Agency. Although the core title was contained within the found title, the publication year 2019 was not explicitly listed in the found document's metadata. No unique identifier like a DOI was available to confirm publication details further.

- https://www.epa.gov/waterdata/national-water-quality-inventory-report-congress",0.633,0.367
"Brown, A. (2021). Biodiversity loss in tropical rainforests. *Doctoral dissertation*, Stanford University.",Environmental Science,qwen3_8b_think,unverified,Reference could not be verified.,CONTRADICTION,CONTAINS,MATCH,ABSENT,ABSENT,Participatory action research for conservation and development: experiences from the Amazon,SG Perz; M Arteaga; A Baudoin Farah; IF Brown,2021,Sustainability,,https://www.mdpi.com/2071-1050/14/1/233,GOOGLE,1,1,1,2,0,Biodiversity loss in tropical rainforests,Participatory action research for conservation and development: experiences from the Amazon,"Brown, A.",SG Perz; M Arteaga; A Baudoin Farah; IF Brown,2021,2021,,Sustainability,,https://www.mdpi.com/2071-1050/14/1/233,0,0,3,GOOGLE,1,"✗ Title | ◐ Authors | ✓ Year | ○ Venue | ○ ID

### Summary
The reference could not be verified because the title provided does not match any found in the search results. Although the author ""Brown, A."" and the year 2021 are consistent, the titles refer to different topics, indicating these are different documents.

### Details
A matching record was not found for the title ""Biodiversity loss in tropical rainforests"" attributed to ""Brown, A."" as a doctoral dissertation from Stanford University in 2021. The closest found work, with a matching year and including an author named Brown (IF Brown), is titled ""Participatory action research for conservation and development: experiences from the Amazon,"" which has a different focus. No identifiers were available to assist verification.

- https://www.mdpi.com/2071-1050/14/1/233
- https://search.proquest.com/openview/fdf84f1c37683a449ac0001cbf9ba16b/1?pq-origsite=gscholar&cbl=18750&diss=y",0.0,1.0
"Garcia, M., & Rodriguez, P. (2017). Deforestation trends in the Amazon. *Journal of Environmental Management*, 195, 112–120. https://doi.org/10.1016/j.jenvman.2017.03.015",Environmental Science,qwen3_8b_think,needs-human,Reference requires human review.,CONTRADICTION,CONTRADICTION,MATCH,MATCH,MATCH,Highly efficient fluoride adsorption from aqueous solution by nepheline prepared from kaolinite through alkali-hydrothermal process,Hao Wang; Qiming Feng; Kun Liu; Zishun Li; Xuekun Tang; Guangze Li,2017,Journal of Environmental Management,10.1016/j.jenvman.2017.03.015,https://doi.org/10.1016/j.jenvman.2017.03.015,GOOGLE,3,2,0,0,0,Deforestation trends in the Amazon.,Highly efficient fluoride adsorption from aqueous solution by nepheline prepared from kaolinite through alkali-hydrothermal process,"Garcia, M.; Rodriguez, P.",Hao Wang; Qiming Feng; Kun Liu; Zishun Li; Xuekun Tang; Guangze Li,2017,2017,Journal of Environmental Management,Journal of Environmental Management,10.1016/j.jenvman.2017.03.015,10.1016/j.jenvman.2017.03.015,0,0,1,GOOGLE,0,"✗ Title | ✗ Authors | ✓ Year | ✓ Venue | ✓ DOI | ✓ URL

### Summary
This reference cannot be confirmed as the details provided do not match the source records. Although the year 2017 and journal title ""Journal of Environmental Management"" are the same, the article titles and authors differ completely, indicating they are different articles.

### Details
A matching record was found using the DOI 10.1016/j.jenvman.2017.03.015, but it pointed to a different article titled ""Highly efficient fluoride adsorption from aqueous solution by nepheline prepared from kaolinite through alkali-hydrothermal process"" by authors Hao Wang and colleagues, not Garcia and Rodriguez. Both titles describe very different topics, and the sets of authors do not overlap at all, indicating the DOI cited may be incorrect or misattributed. The matching year and journal title suggest the reference may be close but does not correspond to the indicated article. URL access attempts encountered a security verification, preventing direct confirmation.

- [DOI Link](https://doi.org/10.1016/j.jenvman.2017.03.015)",0.1,0.9
World Bank. (2020). *Sustainable development and environmental policies*. World Bank Technical Report No. 12345.,Environmental Science,qwen3_8b_think,unverified,Reference could not be verified.,CONTRADICTION,MATCH,UNCONFIRMED,MATCH,ABSENT,Environmental and Social Policies - World Bank,World Bank,,World Bank,,https://www.worldbank.org/en/projects-operations/environmental-and-social-policies,GOOGLE,2,1,0,1,1,Sustainable development and environmental policies,Environmental and Social Policies - World Bank,World Bank,World Bank,2020,,World Bank,World Bank,,https://www.worldbank.org/en/projects-operations/environmental-and-social-policies,0,0,3,GOOGLE,0,"✗ Title | ✓ Authors | ? Year | ✓ Venue | ○ ID

### Summary
The reference to the World Bank's 2020 report titled ""Sustainable development and environmental policies"" could not be verified. Although the author and publisher match the World Bank, the title differs significantly from available documents, and no exact year match was confirmed.

### Details
A search found a closest candidate titled ""Environmental and Social Policies - World Bank,"" which is a World Bank policy document but not the same as the cited title. The year 2020 could not be confirmed because the best candidate lacks a date. The title in the citation and potential matches differ fundamentally, which suggests this source is not found under the given citation details. No DOI or other unique identifier was available. This led to the conclusion that no exact match exists for this reference.

- https://www.worldbank.org/en/projects-operations/environmental-and-social-policies
- https://documents.worldbank.org/en/publication/documents-reports/docadvancesearch
- https://openknowledge.worldbank.org/entities/publication/e9f6c07e-34d0-5578-ab88-7256533751fc",0.133,0.867
"Chen, Y., & Wang, Z. (2019). Climate change impacts on coastal ecosystems. In *Proceedings of the American Geophysical Union Fall Meeting* (p. 1234). AGU.",Environmental Science,qwen3_8b_think,needs-human,Reference requires human review.,MATCH,UNCONFIRMED,UNCONFIRMED,UNCONFIRMED,ABSENT,Climate change impacts on coastal ecosystems,,,,,https://www.researchgate.net/publication/387126245_Climate_change_impacts_on_coastal_ecosystems,GOOGLE,1,0,0,1,3,Climate change impacts on coastal ecosystems.,Climate change impacts on coastal ecosystems,"Chen, Y.; Wang, Z.",,2019,,Proceedings of the American Geophysical Union Fall Meeting,,,https://www.researchgate.net/publication/387126245_Climate_change_impacts_on_coastal_ecosystems,1,1,3,GOOGLE,0,"✓ Title | ? Authors | ? Year | ? Venue | ○ ID

### Summary
The title ""Climate change impacts on coastal ecosystems"" was confirmed as a match, but there is uncertainty about the authors, year, and conference details matching the original reference. Because the potential matching record lacks author and year information, and the conference details could not be verified, a human review is needed.

### Details
A matching title was found exactly, both in OpenAlex data and online searches. However, the OpenAlex record shows a 2024 publication with different authors (Ryan Guild, Xiuquan Wang, Pedro A. Quijón) rather than Chen and Wang from 2019. Attempts to verify the original authors and year from the AGU Fall Meeting record returned unrelated titles, and the ResearchGate link for the exact title was blocked by a security verification page. No DOI or other unique identifier was found in the citation, limiting automated confirmation. This partial and inconclusive evidence supports the need for a manual check to confirm the citation details.

- https://doi.org/10.1088/2752-5295/ad9f90
- https://agu.confex.com/agu/fm19/meetingapp.cgi/Paper/498330
- https://www.researchgate.net/publication/387126245_Climate_change_impacts_on_coastal_ecosystems",0.333,0.667
"Lee, S. (2022). Marine pollution in the Pacific Ocean. *Doctoral dissertation*, Massachusetts Institute of Technology.",Environmental Science,qwen3_8b_think,unverified,Reference could not be verified.,CONTRADICTION,MATCH,MATCH,CONTRADICTION,ABSENT,Digesting the Empire: Embodying Life beyond Militarized Circulations across the Pacific Ocean,SEE Lee,2022,search.proquest.com,,https://search.proquest.com/openview/b64002adf2acb0a09286159234355a97/1?pq-origsite=gscholar&cbl=18750&diss=y,GOOGLE,2,2,0,1,0,Marine pollution in the Pacific Ocean.,Digesting the Empire: Embodying Life beyond Militarized Circulations across the Pacific Ocean,"Lee, S.",SEE Lee,2022,2022,Massachusetts Institute of Technology,search.proquest.com,,https://search.proquest.com/openview/b64002adf2acb0a09286159234355a97/1?pq-origsite=gscholar&cbl=18750&diss=y,0,0,3,GOOGLE,0,"✗ Title | ✓ Authors | ✓ Year | ✗ Venue | ○ ID

### Summary
The reference could not be verified because the title and venue do not match the found candidate. Although the author and year are the same, the titles refer to different topics, and the institution named in the original citation does not align with the source of the candidate record.

### Details
A matching author ""Lee"" and year 2022 were found, but the title differed significantly: the citation refers to ""Marine pollution in the Pacific Ocean"" while the found work is titled ""Digesting the Empire: Embodying Life beyond Militarized Circulations across the Pacific Ocean."" Additionally, the citation lists Massachusetts Institute of Technology as the institution, whereas the found record is from search.proquest.com, which is not an appropriate match for the venue. No DOI or other identifier was provided to confirm the citation. 

- https://search.proquest.com/openview/b64002adf2acb0a09286159234355a97/1?pq-origsite=gscholar&cbl=18750&diss=y",0.0,1.0
United Nations. (2018). *Environmental policies for sustainable development*. United Nations Technical Report No. 67890.,Environmental Science,qwen3_8b_think,needs-human,Reference requires human review.,CONTRADICTION,MATCH,MATCH,MATCH,ABSENT,The Sustainable Development Goals Report 2018,United Nations,2018,United Nations,,https://unstats.un.org/sdgs/files/report/2018/thesustainabledevelopmentgoalsreport2018-en.pdf,GOOGLE,3,1,0,1,0,Environmental policies for sustainable development,The Sustainable Development Goals Report 2018,United Nations,United Nations,2018,2018,United Nations,United Nations,,https://unstats.un.org/sdgs/files/report/2018/thesustainabledevelopmentgoalsreport2018-en.pdf,0,0,3,GOOGLE,0,"✗ Title | ✓ Authors | ✓ Year | ✓ Venue | ○ ID

### Summary
The verification for this reference could not be conclusively determined by the automated system because the title in the citation does not match the title of the closest found document. Although the author (United Nations), year (2018), and publisher match, the titles refer to different documents, indicating they are not the same work.

### Details
The citation title ""Environmental policies for sustainable development"" contradicts the best match found, which is titled ""The Sustainable Development Goals Report 2018."" The author, year, and United Nations as the publisher are consistent in both cases. No unique identifier was provided in the citation to further confirm the match. Online searches did not locate a document matching the cited title and technical report number, but did find several documents related to sustainable development themes by the United Nations published in 2018.

- https://unstats.un.org/sdgs/files/report/2018/thesustainabledevelopmentgoalsreport2018-en.pdf
- https://desapublications.un.org/publications/sustainable-development-goals-report-2018
- https://unstats.un.org/sdgs/report/2018/",0.333,0.667
"Smith, J., & Lee, K. (2018). The impact of gender-based violence on girls’ education in sub-Saharan Africa. *Journal of Development Economics, 132*, 112–125. https://doi.org/10.1016/j.jdeveco.2017.10.008",Girls education,qwen3_8b_think,needs-human,Reference requires human review.,CONTRADICTION,CONTRADICTION,CONTAINS,MATCH,MATCH,"Race to safety: Political competition, neighborhood effects, and coal mine deaths in China",Xiangyu Shi; Tianyang Xi,2017,Journal of Development Economics,10.1016/j.jdeveco.2017.10.008,https://doi.org/10.1016/j.jdeveco.2017.10.008,GOOGLE,2,2,1,0,0,The impact of gender-based violence on girls’ education in sub-Saharan Africa,"Race to safety: Political competition, neighborhood effects, and coal mine deaths in China","Smith, J.; Lee, K.",Xiangyu Shi; Tianyang Xi,2018,2017,Journal of Development Economics,Journal of Development Economics,10.1016/j.jdeveco.2017.10.008,10.1016/j.jdeveco.2017.10.008,0,0,1,GOOGLE,0,"✗ Title | ✗ Authors | ◐ Year | ✓ Venue | ✓ DOI | ✓ URL

### Summary
The provided reference could not be confidently verified because the DOI points to a different article in the *Journal of Development Economics*. The article found under the DOI discusses political competition and coal mine deaths in China by different authors, while the original citation refers to gender-based violence and girls’ education in sub-Saharan Africa by Smith and Lee.

### Details
A matching identifier DOI was found, but it corresponds to an article with a different title and authors: ""Race to safety: Political competition, neighborhood effects, and coal mine deaths in China"" by Xiangyu Shi and Tianyang Xi, published in 2017. The cited article year (2018) is within a one-year window but the authors and article topic conflict. Attempts to confirm the original title via web search found no matching results. Attempts to access the DOI URL encountered access restrictions preventing full verification.

- https://doi.org/10.1016/j.jdeveco.2017.10.008
- https://www.sciencedirect.com
- Google search results showing no matches",0.025,0.975
"Kabeer, N. (2020). Education and gender equality: A critical review of the evidence. *Journal of Development Economics, 145*, 102429. https://doi.org/10.1016/j.jdeveco.2020.102429",Girls education,qwen3_8b_think,unverified,Reference could not be verified.,CONTRADICTION,MATCH,MATCH,CONTRADICTION,UNCONFIRMED,Women's Empowerment and Economic Development: A Feminist Critique of Storytelling Practices in “Randomista” Economics,Naila Kabeer,2020,Feminist Economics,,https://ideas.repec.org/a/taf/femeco/v26y2020i2p1-26.html,GOOGLE,2,2,0,0,1,Education and gender equality: A critical review of the evidence,Women's Empowerment and Economic Development: A Feminist Critique of Storytelling Practices in “Randomista” Economics,"Kabeer, N.",Naila Kabeer,2020,2020,Journal of Development Economics,Feminist Economics,10.1016/j.jdeveco.2020.102429,,0,0,2,GOOGLE,0,"✗ Title | ✓ Authors | ✓ Year | ✗ Venue | ? DOI | ? URL

### Summary
No matching article could be found for the reference as stated. Although the author and year matched, the title and journal were different, indicating a mismatch between the cited article and any record found.

### Details
A matching record was not found for the DOI 10.1016/j.jdeveco.2020.102429; the DOI returned a 404 error and is not listed in the DOI system. The title in the source, ""Education and gender equality: A critical review of the evidence,"" conflicts with available publications by the author for that year, notably a different article titled ""Women's Empowerment and Economic Development: A Feminist Critique of Storytelling Practices in ‘Randomista’ Economics"" published in Feminist Economics. This shows the journal and title differ from the stated reference, despite matching author name and year 2020.

- https://doi.org/10.1016/j.jdeveco.2020.102429
- https://ideas.repec.org/a/taf/femeco/v26y2020i2p1-26.html
- http://nailakabeer.net/wp-content/uploads/2005/09/13552070512331332273.pdf",0.0,1.0
UNESCO. (2019). *Global education monitoring report 2019: The teacher’s guide to gender equality in education*. UNESCO Publishing.,Girls education,qwen3_8b_think,verified-with-error,"Global Education Monitoring Report Team, & UNESCO. (2019). *Global Education Monitoring Report 2019: Building bridges for gender equality*. UNESCO Publishing. https://unesdoc.unesco.org/ark:/48223/pf0000368753",CONTAINS,CONTAINS,MATCH,MATCH,ABSENT,Global Education Monitoring Report 2019: Building bridges for gender equality,Global Education Monitoring Report Team; UNESCO,2019,UNESCO Publishing,,https://unesdoc.unesco.org/ark:/48223/pf0000368753,GOOGLE,2,0,2,1,0,Global education monitoring report 2019: The teacher’s guide to gender equality in education,Global Education Monitoring Report 2019: Building bridges for gender equality,UNESCO,Global Education Monitoring Report Team; UNESCO,2019,2019,UNESCO Publishing,UNESCO Publishing,,https://unesdoc.unesco.org/ark:/48223/pf0000368753,1,1,1,GOOGLE,0,"◐ Title | ◐ Authors | ✓ Year | ✓ Venue | ○ ID

### Summary
This reference was verified as it corresponds to a 2019 publication by UNESCO Publishing. The authors include UNESCO and associated report teams, and the year and publisher match perfectly. However, there is a minor discrepancy related to the subtitle: the verified report's subtitle is ""Building bridges for gender equality,"" while the cited reference uses ""The teacher’s guide to gender equality in education.""

### Details
A matching record was found for a 2019 UNESCO publication titled ""Global Education Monitoring Report 2019: Building bridges for gender equality"" published by UNESCO Publishing. The year and publisher matched exactly, and the author list includes UNESCO and the Global Education Monitoring Report Team. Although the subtitles differ, they both center on gender equality in education and appear related to the same overall report. No DOI or identifier was present for the cited reference, but the key details confirm the publication's authenticity.

- https://unesdoc.unesco.org/ark:/48223/pf0000368753",0.7,0.3
World Bank. (2021). *Girls’ education in developing countries: Progress and challenges*. World Bank Publications.,Girls education,qwen3_8b_think,unverified,Reference could not be verified.,CONTRADICTION,MATCH,UNCONFIRMED,MATCH,ABSENT,Girls' Education in the 21st Century : Gender Equality ...,World Bank,,World Bank Publications,,https://openknowledge.worldbank.org/entities/publication/e629d185-b5af-5863-b5c4-3189b6ec5afb,GOOGLE,2,1,0,1,1,Girls’ education in developing countries: Progress and challenges,Girls' Education in the 21st Century : Gender Equality ...,World Bank,World Bank,2021,,World Bank Publications,World Bank Publications,,https://openknowledge.worldbank.org/entities/publication/e629d185-b5af-5863-b5c4-3189b6ec5afb,0,0,3,GOOGLE,0,"✗ Title | ✓ Authors | ? Year | ✓ Venue | ○ ID

### Summary
No matching publication titled ""Girls’ education in developing countries: Progress and challenges"" by the World Bank from 2021 could be found. Although the author and publisher matched exactly, the title does not correspond with any available records, indicating this specific work does not appear in the sources checked.

### Details
A thorough search failed to locate any document with the 2021 publication year and the given title. The title found in potential matches differs significantly, focusing on ""Girls' Education in the 21st Century: Gender Equality,"" which indicates a different scope and content. The author ""World Bank"" and the publisher ""World Bank Publications"" matched exactly, but the year could not be confirmed since no exact match was identified. No DOI or other unique identifier was available to verify the citation more precisely.

- https://openknowledge.worldbank.org/entities/publication/e629d185-b5af-5863-b5c4-3189b6ec5afb
- https://www.worldbank.org/en/topic/girlseducation
- https://openalex.org",0.133,0.867
"Johnson, R., & Patel, S. (2017). Educational attainment and women’s economic empowerment: Evidence from South Asia. *Economic Development and Cultural Change, 65*(3), 567–592. https://doi.org/10.1086/691423",Girls education,qwen3_8b_think,needs-human,Reference requires human review.,CONTRADICTION,CONTRADICTION,MATCH,CONTAINS,MATCH,What Kind of Maternal Effects Can Be Selected For in Fluctuating Environments?,Stephen R. Proulx; Henrique Teotónio,2017,The American Naturalist,10.1086/691423,https://doi.org/10.1086/691423,GOOGLE,2,2,1,0,0,Educational attainment and women’s economic empowerment: Evidence from South Asia.,What Kind of Maternal Effects Can Be Selected For in Fluctuating Environments?,"Johnson, R.; Patel, S.",Stephen R. Proulx; Henrique Teotónio,2017,2017,Economic Development and Cultural Change,The American Naturalist,10.1086/691423,10.1086/691423,0,0,1,GOOGLE,0,"✗ Title | ✗ Authors | ✓ Year | ◐ Venue | ✓ DOI | ✓ URL

### Summary
This reference needs human review because the DOI points to a different article than the one cited. The title ""Educational attainment and women’s economic empowerment: Evidence from South Asia"" and the authors Johnson, R. and Patel, S. do not match the paper linked by the DOI, which has a different title and authors.

### Details
A matching record was found for the given DOI 10.1086/691423, but it corresponds to a different article titled ""What Kind of Maternal Effects Can Be Selected For in Fluctuating Environments?"" authored by Stephen R. Proulx and Henrique Teotónio, published in The American Naturalist in 2017. The cited title and authors do not overlap with this record, though the year matches and both articles share the same publisher. Attempts to access the DOI link directly returned a 403 error, likely requiring authorization. Web searches confirmed no evidence supporting the cited article under this DOI.

- https://doi.org/10.1086/691423
- https://www.emerald.com/books/edited-volume/17204/chapter/94190281/Education-and-Economic-Development-in-South-Asia
- https://www.nationalacademies.org/read/27955/chapter/11",0.025,0.975
"Chen, L., & Wang, Y. (2022). Bridging the gender gap in STEM education: A longitudinal study. *Educational Research Review, 38*, 100345. https://doi.org/10.1016/j.edurev.2022.100345",Girls education,qwen3_8b_think,unverified,Reference could not be verified.,CONTAINS,UNCONFIRMED,UNCONFIRMED,UNCONFIRMED,UNCONFIRMED,(PDF) Bridging the Gender Gap in STEM Education - ResearchGate,,,,,https://www.researchgate.net/publication/398232517_Bridging_the_Gender_Gap_in_STEM_Education_Analyzing_the_Role_of_Mentorship_Curriculum_Design_and_Policy_Interventions_in_Encouraging_Female_Participation,GOOGLE,0,0,1,0,4,Bridging the gender gap in STEM education: A longitudinal study,(PDF) Bridging the Gender Gap in STEM Education - ResearchGate,"Chen, L.; Wang, Y.",,2022,,Educational Research Review,,10.1016/j.edurev.2022.100345,,0,2,3,GOOGLE,0,"◐ Title | ? Authors | ? Year | ? Venue | ? DOI | ? URL

### Summary
No matching article could be found for the reference by Chen and Wang (2022) titled ""Bridging the gender gap in STEM education: A longitudinal study."" The key details such as authors, year, journal, and DOI could not be confirmed.

### Details
A search using the DOI 10.1016/j.edurev.2022.100345 did not return any results, and the DOI link leads to a 404 error indicating the article is not available at the given address. The core title was found in a related document on ResearchGate, but that source lacks author names, year, and publisher details, so it cannot be matched conclusively. Google searches returned related studies but none matching all reference details exactly.

- https://doi.org/10.1016/j.edurev.2022.100345 (DOI check)
- https://www.researchgate.net/publication/398232517_Bridging_the_Gender_Gap_in_STEM_Education_Analyzing_the_Role_of_Mentorship_Curriculum_Design_and_Policy_Interventions_in_Encouraging_Female_Participation (ResearchGate)
- Google search results for the article title and authors",0.125,0.875
"Hossain, M., & Ahmed, S. (2016). Schooling and health outcomes among girls in rural Bangladesh. *Health Economics, 25*(10), 1234–1248. https://doi.org/10.1002/hec.3215",Girls education,qwen3_8b_think,needs-human,Reference requires human review.,CONTRADICTION,CONTRADICTION,CONTAINS,MATCH,MATCH,Does Overweight and Obesity Impact on Self‐Rated Health? Evidence Using Instrumental Variables Ordered Probit Models,John Cullinan; Paddy Gillespie,2015,Health Economics,10.1002/hec.3215,https://doi.org/10.1002/hec.3215,GOOGLE,2,2,1,0,0,Schooling and health outcomes among girls in rural Bangladesh.,Does Overweight and Obesity Impact on Self‐Rated Health? Evidence Using Instrumental Variables Ordered Probit Models,"Hossain, M.; Ahmed, S.",John Cullinan; Paddy Gillespie,2016,2015,Health Economics,Health Economics,10.1002/hec.3215,10.1002/hec.3215,0,0,1,GOOGLE,0,"✗ Title | ✗ Authors | ◐ Year | ✓ Venue | ✓ DOI | ✓ URL

### Summary
The reference could not be confirmed because the linked information corresponds to a different article than the one cited. Although the journal and DOI are the same, the title and authors differ significantly, showing a mismatch.

### Details
A matching DOI was found for the journal Health Economics, but the article found is titled ""Does Overweight and Obesity Impact on Self‐Rated Health? Evidence Using Instrumental Variables Ordered Probit Models"" authored by John Cullinan and Paddy Gillespie in 2015. This conflicts with the citation's title about schooling and health outcomes among girls in rural Bangladesh by Hossain and Ahmed from 2016. The year is close, but the title and authors do not match, indicating the DOI in the citation likely points to a different paper.

- https://doi.org/10.1002/hec.3215",0.025,0.975
International Labour Organization. (2020). *Women in the workforce: The role of education in closing the gender gap*. ILO Publications.,Girls education,qwen3_8b_think,needs-human,Reference requires human review.,CONTRADICTION,MATCH,MATCH,MATCH,ABSENT,World Employment and Social Outlook - Trends 2020,International Labour Organization,2020,International Labour Organization (report),,https://www.ilo.org/sites/default/files/wcmsp5/groups/public/%40dgreports/%40dcomm/%40publ/documents/publication/wcms_734455.pdf,GOOGLE,3,1,0,1,0,Women in the workforce: The role of education in closing the gender gap,World Employment and Social Outlook - Trends 2020,International Labour Organization,International Labour Organization,2020,2020,ILO Publications,International Labour Organization (report),,https://www.ilo.org/sites/default/files/wcmsp5/groups/public/%40dgreports/%40dcomm/%40publ/documents/publication/wcms_734455.pdf,0,0,3,GOOGLE,0,"✗ Title | ✓ Authors | ✓ Year | ✓ Venue | ○ ID

### Summary
The reference could not be definitively verified because the title provided does not match the closest available document from the International Labour Organization for 2020. While the author and year are confirmed to be correct, the titles refer to different reports.

### Details
A matching author name ""International Labour Organization"" and the year 2020 were found, indicating the reference likely pertains to a 2020 ILO publication. However, the title in the citation, ""Women in the workforce: The role of education in closing the gender gap,"" contradicts the title of the closest matching document, ""World Employment and Social Outlook - Trends 2020."" The search also did not locate any document matching the citation title exactly. The venue is confirmed as the International Labour Organization publishing authority, but no digital identifier (DOI) was found to help confirm the record. These mixed results mean a human reviewer is needed to determine if the citation is accurate or if a different source should be used.

- [ILO Report PDF: World Employment and Social Outlook - Trends 2020](https://www.ilo.org/sites/default/files/wcmsp5/groups/public/%40dgreports/%40dcomm/%40publ/documents/publication/wcms_734455.pdf)
- [ILO Gender Equality Topic](https://www.ilo.org/topics-and-sectors/gender-equality)
- [Search results for citation title](https://www.google.com/search?q=International+Labour+Organization+2020+Women+in+the+workforce%3A+The+role+of+education+in+closing+the+gender+gap+ILO+Publications)",0.333,0.667
"Garcia, A., & Martinez, P. (2019). The intersection of race, class, and gender in girls’ access to education. *Race, Ethnicity, and Education, 22*(4), 589–607. https://doi.org/10.1080/13613324.2018.1535847",Girls education,qwen3_8b_think,unverified,Reference could not be verified.,UNCONFIRMED,UNCONFIRMED,UNCONFIRMED,UNCONFIRMED,UNCONFIRMED,,,,,,,,,,,,,,,,,,,,,,,0,0,0,,0,"? Title | ? Authors | ? Year | ? Venue | ? ID

### Summary
No matching article could be found for the reference by Garcia and Martinez (2019) titled ""The intersection of race, class, and gender in girls’ access to education"" in the journal Race, Ethnicity, and Education. The DOI given did not resolve and no records with this exact combination of details were located.

### Details
A search for the DOI 10.1080/13613324.2018.1535847 returned an error 404 indicating this DOI does not exist in the DOI system. Attempts to locate the article through OpenAlex and general web searches found no exact matches for the title, authors, year, or journal volume/issue. Related works on similar topics appear in other publications, but none match the specific citation.

- https://doi.org/10.1080/13613324.2018.1535847
- OpenAlex database
- Scholarly and general web searches",0.0,1.0
"Thompson, E. (2021). *Girls’ education and conflict: A qualitative study of post-war contexts*. PhD dissertation, University of Cambridge.",Girls education,qwen3_8b_think,unverified,Reference could not be verified.,UNCONFIRMED,UNCONFIRMED,UNCONFIRMED,UNCONFIRMED,UNCONFIRMED,,,,,,,,,,,,,,,,,,,,,,,0,0,0,,0,"? Title | ? Authors | ? Year | ? Venue | ? ID

### Summary
No matching dissertation by E. Thompson from 2021 titled 'Girls’ education and conflict: A qualitative study of post-war contexts' was found in available records. The reference could not be confirmed through database or online searches.

### Details
Searches in OpenAlex and other academic databases did not reveal any records matching the author, title, or year provided. None of the dissertation or publication results retrieved related to this specific combination of details. The year 2021 and the University of Cambridge as a venue also could not be confirmed.

- https://openalex.org
- https://scholar.google.com",0.0,1.0
"Smith, J. A., & Lee, K. M. (2021). Chronic disease management in primary care. *Journal of the American Medical Association*, 326(12), 1123–1131. https://doi.org/10.1001/jama.2021.12345",Health,qwen3_8b_think,unverified,Reference could not be verified.,CONTRADICTION,UNCONFIRMED,UNCONFIRMED,UNCONFIRMED,UNCONFIRMED,The impact of chronic disease management on primary care,,,,,https://pmc.ncbi.nlm.nih.gov/articles/PMC6134721/,GOOGLE,0,1,0,0,4,Chronic disease management in primary care,The impact of chronic disease management on primary care,"Smith, J. A.; Lee, K. M.",,2021,,Journal of the American Medical Association,,10.1001/jama.2021.12345,,0,0,1,GOOGLE,0,"✗ Title | ? Authors | ? Year | ? Venue | ? DOI | ? URL

### Summary
No matching article could be found for the given reference. The proposed article title and details do not correspond with any verifiable record, and the DOI appears to be invalid or not active.

### Details
A search for the DOI ""10.1001/jama.2021.12345"" returned no results and showed an error that the DOI is not found or not activated. The article title ""Chronic disease management in primary care"" contradicts a similar titled article found online, which has a different scope in its title ""The impact of chronic disease management on primary care."" There was no sufficient confirmation for authors, year, or journal matching the reference details. The best potential match found did not have matching authors or year, and the source URL returned a different title.

- https://doi.org/10.1001/jama.2021.12345
- https://pmc.ncbi.nlm.nih.gov/articles/PMC6134721/",0.0,1.0
"World Health Organization. (2020). Mental health and poverty: A global report. *The Lancet*, 395(10235), 1413–1425. https://doi.org/10.1016/S0140-6736(20)30501-2",Health,qwen3_8b_think,unverified,Reference could not be verified.,UNCONFIRMED,UNCONFIRMED,UNCONFIRMED,UNCONFIRMED,UNCONFIRMED,,,,,,,,,,,,,,,,,,,,,,,0,0,0,,0,"? Title | ? Authors | ? Year | ? Venue | ? ID

### Summary
No matching article could be found for the reference provided. The DOI and other details like title, authors, year, and journal could not be confirmed in trusted sources.

### Details
An extensive search was conducted using the DOI 10.1016/S0140-6736(20)30501-2, but the DOI was not found in the DOI system and returned a 404 error. Searches in OpenAlex also did not find any record matching the DOI or the article details. Furthermore, a Google search using the article's full citation details did not return any relevant results. This lack of evidence suggests that the reference is not valid or the details are incorrect.

- https://doi.org/10.1016/S0140-6736(20)30501-2
- https://openalex.org
- General web search results",0.0,1.0
"Centers for Disease Control and Prevention. (2019). National obesity prevalence report. *CDC Technical Report Series*, 12(4), 56–67.",Health,qwen3_8b_think,needs-human,Reference requires human review.,CONTAINS,CONTAINS,CONTAINS,CONTRADICTION,ABSENT,"Prevalence of Obesity and Severe Obesity Among Adults: United States, 2017-2018.",Craig M. Hales; Margaret D. Carroll; Cheryl D. Fryar; Cynthia L. Ogden,2020,PubMed (National Institutes of Health),,https://pubmed.ncbi.nlm.nih.gov/32487284,GOOGLE,0,1,3,1,0,National obesity prevalence report,"Prevalence of Obesity and Severe Obesity Among Adults: United States, 2017-2018.",Centers for Disease Control and Prevention,Craig M. Hales; Margaret D. Carroll; Cheryl D. Fryar; Cynthia L. Ogden,2019,2020,CDC Technical Report Series,PubMed (National Institutes of Health),,https://pubmed.ncbi.nlm.nih.gov/32487284,0,0,3,GOOGLE,1,"◐ Title | ◐ Authors | ◐ Year | ✗ Venue | ○ ID

### Summary
This reference needs human review because the key details partially align but also show differences. The organization author 'Centers for Disease Control and Prevention' and the general year (2019 vs. 2020) matched closely, but the title and venue are not exact matches.

### Details
A matching record was found titled 'Prevalence of Obesity and Severe Obesity Among Adults: United States, 2017-2018' published in 2020, authored by several individuals affiliated with the CDC. The cited title is a shorter, more generic expression, which likely refers to this more specific report. However, the venue listed, 'CDC Technical Report Series,' conflicts with the source, which appears in PubMed under NIH. This difference in venue and the one-year difference in date create ambiguity, requiring manual verification.

- https://pubmed.ncbi.nlm.nih.gov/32487284
- https://www.cdc.gov/nchs/products/databriefs/db360.htm
- https://stacks.cdc.gov/view/cdc/94054",0.2,0.8
"Johnson, L. T., & Patel, R. S. (2022). Health disparities in rural populations. *Social Science & Medicine*, 298, 114230. https://doi.org/10.1016/j.socscimed.2022.114230",Health,qwen3_8b_think,unverified,Reference could not be verified.,UNCONFIRMED,UNCONFIRMED,UNCONFIRMED,UNCONFIRMED,UNCONFIRMED,,,,,,,,,,,,,,,,,,,,,,,0,0,0,,0,"? Title | ? Authors | ? Year | ? Venue | ? ID

### Summary
No matching article was found for the reference ""Johnson, L. T., & Patel, R. S. (2022). Health disparities in rural populations"" in Social Science & Medicine, volume 298. The DOI provided did not correspond to any record, and no similar article by these authors or with this title was identified.

### Details
A search using the DOI 10.1016/j.socscimed.2022.114230 did not yield any record in the OpenAlex database or the DOI system, returning a 404 error indicating the DOI is not found. Searches for the title, authors, and year also did not locate a matching article in Social Science & Medicine or any related sources. Additional Google and scholarly searches turned up no articles matching the specific citation details, although other unrelated literature on rural health disparities was found.

- https://doi.org/10.1016/j.socscimed.2022.114230
- https://pmc.ncbi.nlm.nih.gov/articles/PMC1448513/
- https://www.aamc.org/news/health-disparities-affect-millions-rural-us-communities
- https://www.sciencedirect.com/science/article/am/pii/S027252312200003X",0.0,1.0
"Gupta, N., & Kim, H. J. (2020). The impact of telemedicine on patient outcomes. *Journal of Medical Internet Research*, 22(8), e2145. https://doi.org/10.2196/2145",Health,qwen3_8b_think,unverified,Reference could not be verified.,UNCONFIRMED,UNCONFIRMED,UNCONFIRMED,UNCONFIRMED,UNCONFIRMED,,,,,,,,,,,,,,,,,,,,,,,0,0,0,,0,"? Title | ? Authors | ? Year | ? Venue | ? ID

### Summary
No matching article could be found for the reference from Gupta and Kim (2020) titled ""The impact of telemedicine on patient outcomes"" in the Journal of Medical Internet Research.

### Details
A search for the DOI 10.2196/2145 showed that it does not exist in the DOI system and returned a 404 error when accessed. Additionally, no matching record was found in OpenAlex for this DOI or the article title and authors. A scholar search also did not yield any relevant results for this reference. These findings indicate that the cited article could not be verified from available databases and sources.

- https://doi.org/10.2196/2145
- https://pmc.ncbi.nlm.nih.gov/articles/PMC12056143/",0.0,1.0
"Brown, A. R., & Davis, M. L. (2021). Health equity and structural determinants. *Health Affairs*, 40(3), 456–464. https://doi.org/10.1377/hlthaff.40.3.456",Health,qwen3_8b_think,unverified,Reference could not be verified.,UNCONFIRMED,UNCONFIRMED,UNCONFIRMED,UNCONFIRMED,UNCONFIRMED,,,,,,,,,,,,,,,,,,,,,,,0,0,0,,1,"? Title | ? Authors | ? Year | ? Venue | ? ID

### Summary
No matching article could be found for the reference by Brown and Davis (2021) titled ""Health equity and structural determinants"" in *Health Affairs*, volume 40 issue 3. The DOI provided did not return any results, and no related articles matching these details were located.

### Details
A search using the DOI 10.1377/hlthaff.40.3.456 returned a 404 error indicating the DOI could not be found. OpenAlex did not list any record for this DOI or matching title/author/year combination. A broader scholar search also failed to find a matching article in *Health Affairs* or with the given authors and year. These multiple negative checks suggest the reference does not exist or the details are incorrect.

- https://doi.org/10.1377/hlthaff.40.3.456
- https://openalex.org
- https://scholar.google.com",0.0,1.0
"National Institutes of Health. (2022). Advances in cancer immunotherapy. *NIH Research Report*, 15(2), 34–45.",Health,qwen3_8b_think,needs-human,Reference requires human review.,CONTAINS,UNCONFIRMED,UNCONFIRMED,CONTAINS,ABSENT,Advancements in Cancer Immunotherapies - PMC - NIH,,,PMC (NIH),,https://pmc.ncbi.nlm.nih.gov/articles/PMC9861770/,GOOGLE,0,0,2,1,2,Advances in cancer immunotherapy,Advancements in Cancer Immunotherapies - PMC - NIH,National Institutes of Health,,2022,,NIH Research Report,PMC (NIH),,https://pmc.ncbi.nlm.nih.gov/articles/PMC9861770/,0,3,3,GOOGLE,0,"◐ Title | ? Authors | ? Year | ◐ Venue | ○ ID

### Summary
This reference requires human review because the article title closely matches a related publication from NIH, but the authorship, year, and exact publication source could not be definitively confirmed. The NIH-related venues are associated but not exactly the same.

### Details
A record titled ""Advancements in Cancer Immunotherapies - PMC - NIH"" was found, which shares the core topic phrase with the cited title. However, this was published in PMC (PubMed Central) rather than NIH Research Report. The authorship field is missing in the potential match, and the publication year was not provided. Additionally, while both NIH Research Report and PMC are linked to NIH, they are distinct venues, making it unclear if this is the exact source cited. No identifiers such as DOI were found to confirm a direct match.

- https://pmc.ncbi.nlm.nih.gov/articles/PMC9861770/",0.267,0.733
"Lee, S. J., & Thompson, E. K. (2023). Public health responses to pandemics. *Global Health Action*, 16(1), 2145678. https://doi.org/10.1080/16549716.2023.2145678",Health,qwen3_8b_think,unverified,Reference could not be verified.,UNCONFIRMED,UNCONFIRMED,UNCONFIRMED,UNCONFIRMED,UNCONFIRMED,,,,,,,,,,,,,,,,,,,,,,,0,0,0,,0,"? Title | ? Authors | ? Year | ? Venue | ? ID

### Summary
No matching article could be found for the given reference. The DOI provided does not lead to any valid record, and searches using the authors' names, article title, and publication year did not return any confirmed matches.

### Details
A search using the DOI 10.1080/16549716.2023.2145678 showed a 404 Not Found error, indicating that this DOI is not registered or currently inactive in the DOI system. Additional searches by title and author name in academic databases and general web searches did not find any article matching the details of Lee, S. J., & Thompson, E. K.'s 2023 publication titled ""Public health responses to pandemics"" in Global Health Action. No evidential candidates or partial matches were identified.

- [DOI link checked](https://doi.org/10.1080/16549716.2023.2145678)
- [Google search results](https://www.google.com/search?q=Lee+S.+J.+Thompson+E.+K.+Public+health+responses+to+pandemics+Global+Health+Action+2023)",0.0,1.0
"Anderson, P. C., & Williams, D. R. (2019). Socioeconomic factors and health outcomes. *American Journal of Public Health*, 109(6), 812–819. https://doi.org/10.2105/AJPH.2019.305045",Health,qwen3_8b_think,needs-human,Reference requires human review.,CONTRADICTION,CONTRADICTION,MATCH,MATCH,MATCH,Emergency Departments as Barometers for Prescription Opioid Morbidity and Mortality,Elizabeth A. Samuels,2019,American Journal of Public Health,10.2105/ajph.2019.305045,https://doi.org/10.2105/ajph.2019.305045,GOOGLE,3,2,0,0,0,Socioeconomic factors and health outcomes.,Emergency Departments as Barometers for Prescription Opioid Morbidity and Mortality,"Anderson, P. C.; Williams, D. R.",Elizabeth A. Samuels,2019,2019,American Journal of Public Health,American Journal of Public Health,10.2105/AJPH.2019.305045,10.2105/ajph.2019.305045,0,0,1,GOOGLE,0,"✗ Title | ✗ Authors | ✓ Year | ✓ Venue | ✓ DOI | ✓ URL

### Summary
The reference could not be fully verified because the title and authors do not match the information found for the provided DOI. Although the year and journal ""American Journal of Public Health"" matched, the DOI links to a different article with a different title and author.

### Details
A matching record was found for the DOI 10.2105/AJPH.2019.305045, but it corresponds to an article titled ""Emergency Departments as Barometers for Prescription Opioid Morbidity and Mortality"" by Elizabeth A. Samuels, not the cited title ""Socioeconomic factors and health outcomes"" by Anderson and Williams. The year 2019 and journal name matched exactly, but the title and authors were contradictory, indicating a likely DOI mismatch or citation error. The DOI URL leads to a page with access restrictions preventing further confirmation.

- https://doi.org/10.2105/ajph.2019.305045
- https://pubmed.ncbi.nlm.nih.gov/",0.1,0.9
"Smith, J. L. (2020). Health policy and healthcare access. *Dissertation*, University of California, Los Angeles.",Health,qwen3_8b_think,unverified,Reference could not be verified.,CONTRADICTION,CONTRADICTION,MATCH,ABSENT,ABSENT,Socioeconomic Status and Access to Healthcare: Interrelated Drivers for Healthy Aging,Darcy Jones McMaughan; Oluyomi Oloruntoba; Matthew Lee Smith,2020,Frontiers in Public Health,10.3389/fpubh.2020.00231,https://doi.org/10.3389/fpubh.2020.00231,GOOGLE,1,2,0,2,0,Health policy and healthcare access,Socioeconomic Status and Access to Healthcare: Interrelated Drivers for Healthy Aging,"Smith, J. L.",Darcy Jones McMaughan; Oluyomi Oloruntoba; Matthew Lee Smith,2020,2020,,Frontiers in Public Health,,10.3389/fpubh.2020.00231,0,0,2,GOOGLE,0,"✗ Title | ✗ Authors | ✓ Year | ○ Venue | ○ ID

### Summary
No matching dissertation titled ""Health policy and healthcare access"" by J. L. Smith from UCLA in 2020 could be found. The best potential match found was a 2020 article titled ""Socioeconomic Status and Access to Healthcare: Interrelated Drivers for Healthy Aging"" with different authors. 

### Details
A search did not find any record matching the original title and author combination exactly. The year 2020 matched, but the title and author names contradicted the citation. The original citation author ""Smith, J. L."" does not match the authors ""Darcy Jones McMaughan, Oluyomi Oloruntoba, Matthew Lee Smith"" found in the best candidate, and the titles focus on different subjects. No identifiers were available to clarify further.

- https://doi.org/10.3389/fpubh.2020.00231
- https://search.proquest.com/openview/13d143ab61019adb3a98afe00f7059cc/1?pq-origsite=gscholar&cbl=18750&diss=y",0.0,1.0
"Smith, J., & Lee, K. (2021). Genomic surveillance of SARS-CoV-2 variants in global populations. *Lancet Infectious Diseases*, 21(5), 587–596. https://doi.org/10.1016/S1473-3099(21)00058-3",Infectious disease,qwen3_8b_think,unverified,Reference could not be verified.,CONTRADICTION,CONTRADICTION,CONTAINS,CONTRADICTION,UNCONFIRMED,"Severe acute respiratory syndrome coronavirus 2 (SARS-CoV-2) infectivity by viral load, S gene variants and demographic factors, and the utility of lateral flow devices …",LYW Lee; S Rozmanowski; M Pang,2022,Clinical Infectious Diseases,,https://academic.oup.com/cid/article-abstract/74/3/407/6273394,GOOGLE,0,3,1,0,1,Genomic surveillance of SARS-CoV-2 variants in global populations.,"Severe acute respiratory syndrome coronavirus 2 (SARS-CoV-2) infectivity by viral load, S gene variants and demographic factors, and the utility of lateral flow devices …","Smith, J.; Lee, K.",LYW Lee; S Rozmanowski; M Pang,2021,2022,Lancet Infectious Diseases,Clinical Infectious Diseases,10.1016/S1473-3099(21)00058-3,,0,0,1,GOOGLE,0,"✗ Title | ✗ Authors | ◐ Year | ✗ Venue | ? DOI | ? URL

### Summary
No matching article could be found for the original reference by Smith and Lee in 2021 in Lancet Infectious Diseases titled ""Genomic surveillance of SARS-CoV-2 variants in global populations."" The available evidence indicates multiple discrepancies in title, authors, journal, and DOI.

### Details
A search using the provided DOI and title found no records matching the original citation. The DOI leads to a 404 error, indicating it does not exist in the DOI system. The closest found article has a different title focusing on SARS-CoV-2 infectivity and lateral flow devices, written by different authors (Lee LYW, Rozmanowski S, Pang M) and published in Clinical Infectious Diseases in 2022. The citation's details conflict significantly with this candidate, confirming the original reference could not be verified.

- https://doi.org/10.1016/S1473-3099(21)00058-3
- https://academic.oup.com/cid/article-abstract/74/3/407/6273394",0.0,1.0
"Patel, R., & Gupta, S. (2020). Antimicrobial resistance in the 21st century: A global health crisis. *New England Journal of Medicine*, 382(12), 1165–1174. https://doi.org/10.1056/NEJMra2001674",Infectious disease,qwen3_8b_think,unverified,Reference could not be verified.,CONTAINS,UNCONFIRMED,UNCONFIRMED,UNCONFIRMED,UNCONFIRMED,Antimicrobial resistance: a global health crisis,,,,,https://medcraveonline.com/MOJBM/MOJBM-09-00228.pdf,GOOGLE,0,0,1,0,4,Antimicrobial resistance in the 21st century: A global health crisis.,Antimicrobial resistance: a global health crisis,"Patel, R.; Gupta, S.",,2020,,New England Journal of Medicine,,10.1056/NEJMra2001674,,0,2,3,GOOGLE,1,"◐ Title | ? Authors | ? Year | ? Venue | ? DOI | ? URL

### Summary
No matching article was found for the given reference. Although the title phrase ""Antimicrobial resistance: a global health crisis"" appears in other works, the provided authors, year, journal, and DOI could not be confirmed.

### Details
A matching record for the DOI 10.1056/NEJMra2001674 was not found in OpenAlex, and a check of the DOI URL returned a 404 error indicating the DOI does not currently resolve. The title is partially matched in other documents, but these do not contain the confirmed author names, year, or journal information. The best potential match is an article titled ""Antimicrobial resistance: a global health crisis"" available at https://medcraveonline.com/MOJBM/MOJBM-09-00228.pdf, but it lacks corresponding metadata to confirm it as the cited source.

- https://doi.org/10.1056/NEJMra2001674
- https://medcraveonline.com/MOJBM/MOJBM-09-00228.pdf",0.125,0.875
"Thompson, M., & Nguyen, T. (2019). Efficacy of artemisinin-based therapies in malaria treatment. *PLOS Medicine*, 16(8), e1002892. https://doi.org/10.1371/journal.pmed.1002892",Infectious disease,qwen3_8b_think,needs-human,Reference requires human review.,CONTRADICTION,CONTRADICTION,MATCH,MATCH,MATCH,Impact on child acute malnutrition of integrating small-quantity lipid-based nutrient supplements into community-level screening for acute malnutrition: A cluster-randomized controlled trial in Mali,Lieven Huybregts; Agnès Le Port; Elodie Becquey; Amanda Zongrone; Francisco M. Barba; Rahul Rawat; Jef L. Leroy; Marie T. Ruel,2019,PLoS Medicine,10.1371/journal.pmed.1002892,https://doi.org/10.1371/journal.pmed.1002892,GOOGLE,3,2,0,0,0,Efficacy of artemisinin-based therapies in malaria treatment.,Impact on child acute malnutrition of integrating small-quantity lipid-based nutrient supplements into community-level screening for acute malnutrition: A cluster-randomized controlled trial in Mali,"Thompson, M.; Nguyen, T.",Lieven Huybregts; Agnès Le Port; Elodie Becquey; Amanda Zongrone; Francisco M. Barba; Rahul Rawat; Jef L. Leroy; Marie T. Ruel,2019,2019,PLOS Medicine,PLoS Medicine,10.1371/journal.pmed.1002892,10.1371/journal.pmed.1002892,0,1,2,GOOGLE,0,"✗ Title | ✗ Authors | ✓ Year | ✓ Venue | ✓ DOI | ✓ URL

### Summary
The reference could not be verified because the details do not match the identified article for the given DOI. Although the year, journal, and DOI all matched, the title and authors in the citation were found to contradict the actual article's details.

### Details
A matching record was found for the DOI ""10.1371/journal.pmed.1002892"" in PLOS Medicine, published in 2019, but this article's title is about the impact on child acute malnutrition with lipid-based nutrient supplements, not about artemisinin-based malaria treatments as cited. Furthermore, the authors listed in the citation (Thompson, M. and Nguyen, T.) do not overlap at all with the authors of the found article (including Lieven Huybregts and others). This mismatch suggests the DOI may have been incorrectly assigned or the citation details do not correspond to this DOI.

- https://doi.org/10.1371/journal.pmed.1002892
- https://journals.plos.org/plosmedicine/article?id=10.1371/journal.pmed.1002892",0.1,0.9
"Lee, H., & Kim, J. (2022). Long-acting injectable antiretroviral therapy for HIV management. *Journal of Infectious Diseases*, 225(4), 612–621. https://doi.org/10.1093/infdis/jiab423",Infectious disease,qwen3_8b_think,needs-human,Reference requires human review.,CONTRADICTION,CONTRADICTION,CONTAINS,MATCH,MATCH,"Modern History of Cholera Vaccines and the Pivotal Role of icddr,b",Jan Holmgren,2021,The Journal of Infectious Diseases,10.1093/infdis/jiab423,https://doi.org/10.1093/infdis/jiab423,GOOGLE,2,2,1,0,0,Long-acting injectable antiretroviral therapy for HIV management.,"Modern History of Cholera Vaccines and the Pivotal Role of icddr,b","Lee, H.; Kim, J.",Jan Holmgren,2022,2021,Journal of Infectious Diseases,The Journal of Infectious Diseases,10.1093/infdis/jiab423,10.1093/infdis/jiab423,0,0,1,GOOGLE,0,"✗ Title | ✗ Authors | ◐ Year | ✓ Venue | ✓ DOI | ✓ URL

### Summary
This reference needs human review because the details found do not fully match. The DOI leads to a different article by Jan Holmgren about cholera vaccines, not the one by Lee and Kim on antiretroviral therapy for HIV.

### Details
A matching DOI (10.1093/infdis/jiab423) was found, but it corresponds to a different article titled ""Modern History of Cholera Vaccines and the Pivotal Role of icddr,b"" authored by Jan Holmgren in 2021 in The Journal of Infectious Diseases. The verified article's title and authors contradict those in the provided reference, although the publication venue and the DOI match. The year differs by one, which is close but adds to the discrepancies. Additionally, attempts to check the URL returned security warnings, so the page could not be fully verified.

- https://doi.org/10.1093/infdis/jiab423",0.025,0.975
"Gupta, A., & Chen, L. (2021). Global burden of tuberculosis and strategies for elimination. *The Lancet*, 398(10305), 1135–1145. https://doi.org/10.1016/S0140-6736(21)01680-8",Infectious disease,qwen3_8b_think,unverified,Reference could not be verified.,UNCONFIRMED,UNCONFIRMED,UNCONFIRMED,UNCONFIRMED,UNCONFIRMED,,,,,,,,,,,,,,,,,,,,,,,0,0,0,,0,"? Title | ? Authors | ? Year | ? Venue | ? ID

### Summary
No matching article could be found for the reference by Gupta and Chen (2021) titled ""Global burden of tuberculosis and strategies for elimination"" in The Lancet. The DOI provided does not exist in DOI registries, and searches in databases did not return any records matching the authors, title, or year.

### Details
A search for the DOI ""10.1016/S0140-6736(21)01680-8"" showed a 404 error indicating the DOI was not found in the DOI system. OpenAlex and Google Scholar searches for the article title and authors yielded no results corresponding to this reference. Related publications on tuberculosis burden and elimination strategies were found, but none matched the exact details in the provided reference.

- https://doi.org/10.1016/S0140-6736(21)01680-8
- https://journals.plos.org/plosone/article?id=10.1371/journal.pone.0317880
- https://www.thelancet.com/journals/laninf/article/piis1473-3099(21)00449-7/fulltext",0.0,1.0
World Health Organization. (2020). *Global vaccine development and distribution: Challenges and opportunities*. World Health Organization.,Infectious disease,qwen3_8b_think,needs-human,Reference requires human review.,CONTRADICTION,MATCH,MATCH,MATCH,ABSENT,2020 WHO Product Development for Vaccines Advisory Committee (PDVAC) VIPS 8 July 2020 executive summary,World Health Organization,2020,World Health Organization,,https://cdn.who.int/media/docs/default-source/immunization/pdvac/2020/pdvac_vips_8-july-2020_executive-summary.pdf?sfvrsn=c7840845_8,GOOGLE,3,1,0,1,0,Global vaccine development and distribution: Challenges and opportunities,2020 WHO Product Development for Vaccines Advisory Committee (PDVAC) VIPS 8 July 2020 executive summary,World Health Organization,World Health Organization,2020,2020,World Health Organization,World Health Organization,,https://cdn.who.int/media/docs/default-source/immunization/pdvac/2020/pdvac_vips_8-july-2020_executive-summary.pdf?sfvrsn=c7840845_8,0,0,3,GOOGLE,0,"✗ Title | ✓ Authors | ✓ Year | ✓ Venue | ○ ID

### Summary
The reference to a 2020 World Health Organization publication matches the author, year, and publisher exactly; however, the title provided does not correspond to a known WHO document from that year. Instead, the closest identified document has a different and more specific title related to a PDVAC VIPS executive summary, indicating the original title is likely incorrect or inaccurately cited. This ambiguity means human review is required to clarify and confirm the correct source.

### Details
A search did not locate any WHO publication titled ""Global vaccine development and distribution: Challenges and opportunities"" from 2020. Instead, the best potential match found was titled ""2020 WHO Product Development for Vaccines Advisory Committee (PDVAC) VIPS 8 July 2020 executive summary,"" authored and published by the World Health Organization in 2020. This title differs significantly from the cited one, leading to a contradiction. Both author and year align perfectly, and the publisher matches, but the absence of a matching title and no unique identifier means the citation cannot be definitively verified without further expert review.

- https://cdn.who.int/media/docs/default-source/immunization/pdvac/2020/pdvac_vips_8-july-2020_executive-summary.pdf?sfvrsn=c7840845_8
- https://www.who.int/teams/immunization-vaccines-and-biologicals/strategies/global-vaccine-action-plan",0.333,0.667
"Chen, Z., & Wang, Y. (2023). Advances in combating antimicrobial resistance through novel therapies. *Proceedings of the International Conference on Antimicrobial Agents and Chemotherapy (ICAAC)*, 1–10.",Infectious disease,qwen3_8b_think,unverified,Reference could not be verified.,CONTRADICTION,CONTRADICTION,MATCH,CONTRADICTION,ABSENT,Novel Therapeutics in the Treatment of Drug-Resistant Tuberculosis: A Review,JE Kearney,2023,search.proquest.com,,https://search.proquest.com/openview/18585c6c4606fdfe98e68e30c62551fe/1?pq-origsite=gscholar&cbl=18750&diss=y,GOOGLE,1,3,0,1,0,Advances in combating antimicrobial resistance through novel therapies.,Novel Therapeutics in the Treatment of Drug-Resistant Tuberculosis: A Review,"Chen, Z.; Wang, Y.",JE Kearney,2023,2023,Proceedings of the International Conference on Antimicrobial Agents and Chemotherapy (ICAAC),search.proquest.com,,https://search.proquest.com/openview/18585c6c4606fdfe98e68e30c62551fe/1?pq-origsite=gscholar&cbl=18750&diss=y,0,0,3,GOOGLE,1,"✗ Title | ✗ Authors | ✓ Year | ✗ Venue | ○ ID

### Summary
No matching publication could be found for the cited article by Chen and Wang from 2023 titled ""Advances in combating antimicrobial resistance through novel therapies"". The verification process found a different paper from 2023 focusing on drug-resistant tuberculosis authored by JE Kearney, but this does not align with the cited reference.

### Details
A search for the cited article did not return any matches in OpenAlex or other databases. The title and authors conflict with the closest found work, which addresses a different specific topic and has a different author. The cited conference proceedings venue also did not align with the discovered source, which was a record on search.proquest.com. The year 2023 matched, but all other key details such as title, authors, and venue did not, leading to the conclusion that the cited reference could not be verified.

- https://search.proquest.com/openview/18585c6c4606fdfe98e68e30c62551fe/1?pq-origsite=gscholar&cbl=18750&diss=y",0.0,1.0
"Rodríguez, P., & Martinez, R. (2020). *Zoonotic transmission of infectious diseases: A multidisciplinary approach*. University of California Press.",Infectious disease,qwen3_8b_think,unverified,Reference could not be verified.,CONTRADICTION,CONTRADICTION,CONTAINS,CONTRADICTION,ABSENT,Preparedness for emerging epidemic threats: a Lancet Infectious Diseases Commission,Vernon J. Lee; Ximena Aguilera; Dominique Heymann; Annelies Wilder‐Smith; Daniel G. Bausch; Sylvie Briand; Christianne Bruschke; Eduardo Hage Carmo; Sean Cleghorn; Lalit Dandona; Christl A. Donnelly; Ibrahima Socé Fall; Jane Halton; Richard Hatchett; Felicia Hong; Peter Horby; Chikwe Ihekweazu; Michael R. Jacobs; Kamran Khan; Yi-Jun Lin; GM Leung; Constance Low; Bethan McDonald; Ziad A. Memish; Ryan Morhard; Deborah HL Ng; John N. Nkengasong; Junxiong Pang; Stephen C. Redd; K. Tan; Wen Qing Yeo,2019,The Lancet Infectious Diseases,10.1016/s1473-3099(19)30674-7,https://doi.org/10.1016/s1473-3099(19)30674-7,GOOGLE,0,3,1,1,0,Zoonotic transmission of infectious diseases: A multidisciplinary approach,Preparedness for emerging epidemic threats: a Lancet Infectious Diseases Commission,"Rodríguez, P.; Martinez, R.",Vernon J. Lee; Ximena Aguilera; Dominique Heymann; Annelies Wilder‐Smith; Daniel G. Bausch; Sylvie Briand; Christianne Bruschke; Eduardo Hage Carmo; Sean Cleghorn; Lalit Dandona; Christl A. Donnelly; Ibrahima Socé Fall; Jane Halton; Richard Hatchett; Felicia Hong; Peter Horby; Chikwe Ihekweazu; Michael R. Jacobs; Kamran Khan; Yi-Jun Lin; GM Leung; Constance Low; Bethan McDonald; Ziad A. Memish; Ryan Morhard; Deborah HL Ng; John N. Nkengasong; Junxiong Pang; Stephen C. Redd; K. Tan; Wen Qing Yeo,2020,2019,University of California Press,The Lancet Infectious Diseases,,10.1016/s1473-3099(19)30674-7,0,0,1,GOOGLE,0,"✗ Title | ✗ Authors | ◐ Year | ✗ Venue | ○ ID

### Summary
No matching publication was found for the reference ""Rodríguez, P., & Martinez, R. (2020). Zoonotic transmission of infectious diseases: A multidisciplinary approach"". The search identified only unrelated documents with different authors, titles, and publishers.

### Details
The title and authors of the citation did not match any records found. The closest candidate was a 2019 article titled ""Preparedness for emerging epidemic threats: a Lancet Infectious Diseases Commission"" with a large group of authors unrelated to Rodríguez or Martinez, published by The Lancet Infectious Diseases journal, which does not correspond to the University of California Press. The years were close (2019 vs. 2020) but other key details did not align. No DOI or other unique identifiers were found to confirm the citation.

- https://doi.org/10.1016/s1473-3099(19)30674-7",0.0,1.0
"Kim, S., & Park, J. (2021). Emerging infectious diseases and climate change: A critical review. *Emerging Infectious Diseases*, 27(3), 654–663. https://doi.org/10.3201/eid2703.202754",Infectious disease,qwen3_8b_think,unverified,Reference could not be verified.,UNCONFIRMED,UNCONFIRMED,UNCONFIRMED,UNCONFIRMED,UNCONFIRMED,,,,,,,,,,,,,,,,,,,,,,,0,0,0,,0,"? Title | ? Authors | ? Year | ? Venue | ? ID

### Summary
No matching article could be found for the reference provided. The title, authors, year, journal, and DOI were all unconfirmed based on the search and verification process.

### Details
A search using the provided DOI (10.3201/eid2703.202754) returned a 404 error indicating that the DOI does not exist or is invalid in the DOI system. Additionally, no matching record for the article title ""Emerging infectious diseases and climate change: A critical review,"" authors Kim, S. and Park, J., or the year 2021 was found in OpenAlex or through scholarly search engines. Various similar articles on related topics were found but none matched the exact details of the given reference.

- https://doi.org/10.3201/eid2703.202754
- https://openalex.org
- https://scholar.google.com",0.0,1.0
"Wilson, D., & Thompson, C. (2022). Antibiotic resistance: A global health crisis. *Annual Review of Microbiology*, 76, 211–234. https://doi.org/10.1146/annurev-micro-091320-071437",Infectious disease,qwen3_8b_think,needs-human,Reference requires human review.,CONTAINS,UNCONFIRMED,UNCONFIRMED,CONTAINS,UNCONFIRMED,Antibiotic Resistance: One Health One World Outlook,,,PubMed Central (PMC),,https://pmc.ncbi.nlm.nih.gov/articles/PMC8656695/,GOOGLE,0,0,2,0,3,Antibiotic resistance: A global health crisis.,Antibiotic Resistance: One Health One World Outlook,"Wilson, D.; Thompson, C.",,2022,,Annual Review of Microbiology,PubMed Central (PMC),10.1146/annurev-micro-091320-071437,,0,1,3,GOOGLE,0,"◐ Title | ? Authors | ? Year | ◐ Venue | ? DOI | ? URL

### Summary
The verification result indicates that the provided reference cannot be fully confirmed as accurate based on the available evidence. While the key phrase ""Antibiotic resistance"" appears in both the given title and a found article, the exact title, authors, year, and journal do not match clearly, requiring a human to review for certainty.

### Details
A matching article titled ""Antibiotic Resistance: One Health One World Outlook"" was found in PubMed Central (PMC), which relates to the topic but differs in subtitle and authorship information. The cited journal, Annual Review of Microbiology, differs from PMC, which is a repository hosting articles from various journals. The DOI provided returned an error and could not be located in official DOI or bibliographic databases. There are no confirmed matches for the authors or publication year in the best potential match found. These discrepancies mean more human assessment is necessary to confirm or deny the reference's accuracy.

- https://pmc.ncbi.nlm.nih.gov/articles/PMC8656695/
- https://doi.org/10.1146/annurev-micro-091320-071437
- https://discovery.openalex.org/
- https://www.google.com/search?q=Wilson+Thompson+Antibiotic+resistance%3A+A+global+health+crisis+Annual+Review+of+Microbiology+2022+76+211-234",0.2,0.8
"Smith, J., & Brown, T. (2010). *Efficacy of insecticide-treated bed nets in malaria prevention*. Journal of Infectious Diseases.",Insecticide-treated bed nets for malaria,qwen3_8b_think,unverified,Reference could not be verified.,CONTRADICTION,CONTRADICTION,CONTAINS,CONTAINS,ABSENT,"Cost-Effectiveness of Adding Bed Net Distribution for Malaria Prevention to Antenatal Services in Kinshasa, Democratic Republic of the Congo",Sylvia Becker‐Dreps; Andrea K. Biddle; Audrey Pettifor; Gertrude Musuamba; David Nku Imbie; Steven R. Meshnick; Frieda Behets,2009,American Journal of Tropical Medicine and Hygiene,10.4269/ajtmh.2009.81.496,https://doi.org/10.4269/ajtmh.2009.81.496,GOOGLE,0,2,2,1,0,Efficacy of insecticide-treated bed nets in malaria prevention,"Cost-Effectiveness of Adding Bed Net Distribution for Malaria Prevention to Antenatal Services in Kinshasa, Democratic Republic of the Congo","Smith, J.; Brown, T.",Sylvia Becker‐Dreps; Andrea K. Biddle; Audrey Pettifor; Gertrude Musuamba; David Nku Imbie; Steven R. Meshnick; Frieda Behets,2010,2009,Journal of Infectious Diseases,American Journal of Tropical Medicine and Hygiene,,10.4269/ajtmh.2009.81.496,0,0,2,GOOGLE,0,"✗ Title | ✗ Authors | ◐ Year | ◐ Venue | ○ ID

### Summary
No matching article could be found for the reference by Smith and Brown (2010) titled ""Efficacy of insecticide-treated bed nets in malaria prevention"" in the Journal of Infectious Diseases. The best available candidate has a different title focusing on cost-effectiveness, different authors, and was published a year earlier in a different journal.

### Details
A search did not find a record with the given title or authors. The best potential match was an article from 2009 titled ""Cost-Effectiveness of Adding Bed Net Distribution for Malaria Prevention to Antenatal Services in Kinshasa, Democratic Republic of the Congo,"" with authors including Becker-Dreps, Biddle, Pettifor, and others—none of whom match Smith or Brown. The journals also differ, although both are published under Oxford University Press affiliates. The years differ by one year. No identifier was available for the original citation to aid matching.

- https://doi.org/10.4269/ajtmh.2009.81.496
- https://pubmed.ncbi.nlm.nih.gov/19706921",0.0,1.0
"Lindblade, P. K., et al. (2007). *Insecticide-treated bed nets and malaria control: A systematic review*. Lancet Infectious Diseases.",Insecticide-treated bed nets for malaria,qwen3_8b_think,unverified,Reference could not be verified.,CONTRADICTION,CONTRADICTION,MATCH,CONTRADICTION,ABSENT,"Reduced Efficacy of Insecticide-treated Nets and Indoor Residual Spraying for Malaria Control in Pyrethroid Resistance Area, Benin",Raphaël N’Guessan; Vincent Corbel; Martin Akogbéto; Mark Rowland,2007,Emerging infectious diseases,10.3201/eid1302.060631,https://doi.org/10.3201/eid1302.060631,GOOGLE,1,3,0,1,0,Insecticide-treated bed nets and malaria control: A systematic review,"Reduced Efficacy of Insecticide-treated Nets and Indoor Residual Spraying for Malaria Control in Pyrethroid Resistance Area, Benin","Lindblade, P. K.",Raphaël N’Guessan; Vincent Corbel; Martin Akogbéto; Mark Rowland,2007,2007,Lancet Infectious Diseases,Emerging infectious diseases,,10.3201/eid1302.060631,0,0,3,GOOGLE,0,"✗ Title | ✗ Authors | ✓ Year | ✗ Venue | ○ ID

### Summary
The article by Lindblade et al. from 2007 titled ""Insecticide-treated bed nets and malaria control: A systematic review"" could not be confirmed. The best matching article found has a different title, set of authors, and was published in a different journal, despite sharing the same year.

### Details
A matching record was found for a 2007 publication titled ""Reduced Efficacy of Insecticide-treated Nets and Indoor Residual Spraying for Malaria Control in Pyrethroid Resistance Area, Benin"" with authors Raphaël N’Guessan, Vincent Corbel, Martin Akogbéto, and Mark Rowland, published in Emerging Infectious Diseases. This differs substantially from the cited article by Lindblade et al. in title, authorship, and journal, leading to the conclusion that the cited systematic review could not be verified.

- https://doi.org/10.3201/eid1302.060631
- https://pubmed.ncbi.nlm.nih.gov/10796535/
- https://www.thelancet.com/journals/langlo/article/PIIS2214-109X(21)00216-3/fulltext",0.0,1.0
World Health Organization. (2017). *Guidelines for the treatment of malaria*. World Health Organization.,Insecticide-treated bed nets for malaria,qwen3_8b_think,verified-with-error,World Health Organization. (n.d.). *WHO guidelines for malaria*. World Health Organization. https://www.who.int/publications/i/item/guidelines-for-malaria,CONTAINS,MATCH,UNCONFIRMED,MATCH,ABSENT,WHO guidelines for malaria,World Health Organization,,World Health Organization,,https://www.who.int/publications/i/item/guidelines-for-malaria,GOOGLE,2,0,1,1,1,Guidelines for the treatment of malaria,WHO guidelines for malaria,World Health Organization,World Health Organization,2017,,World Health Organization,World Health Organization,,https://www.who.int/publications/i/item/guidelines-for-malaria,1,1,3,GOOGLE,0,"◐ Title | ✓ Authors | ? Year | ✓ Venue | ○ ID

### Summary
This reference was confirmed as the World Health Organization's guidelines related to malaria, with the same author and publisher correctly identified. However, the year 2017 could not be directly confirmed, and the exact title shows minor wording differences compared to the source found.

### Details
A matching document titled ""WHO guidelines for malaria"" was found on the official WHO website, confirming the authorship and publisher as World Health Organization. The year 2017 was not explicitly stated in the verified source, leading to an unconfirmed year field. The title in the verified record omits some words but clearly refers to the same guideline publication. No digital identifier (DOI) was found for this publication.

- https://www.who.int/publications/i/item/guidelines-for-malaria
- https://www.afro.who.int/publications/guidelines-treatment-malaria-third-edition",0.633,0.367
"Okoye, A. A., et al. (2016). *Impact of insecticide-treated bed nets on malaria transmission*. Malaria Journal.",Insecticide-treated bed nets for malaria,qwen3_8b_think,unverified,Reference could not be verified.,CONTAINS,CONTRADICTION,CONTRADICTION,MATCH,ABSENT,Impact of insecticide-treated bed nets on malaria transmission indices on the south coast of Kenya,FM Mutuku; CH King; P Mungai; C Mbogo,2011,Malaria Journal,10.1186/1475-2875-10-356,https://link.springer.com/article/10.1186/1475-2875-10-356,GOOGLE,1,2,1,1,0,Impact of insecticide-treated bed nets on malaria transmission,Impact of insecticide-treated bed nets on malaria transmission indices on the south coast of Kenya,"Okoye, A. A.",FM Mutuku; CH King; P Mungai; C Mbogo,2016,2011,Malaria Journal,Malaria Journal,,10.1186/1475-2875-10-356,0,0,2,GOOGLE,0,"◐ Title | ✗ Authors | ✗ Year | ✓ Venue | ○ ID

### Summary
No matching article could be found for the given reference by Okoye, A. A. et al. (2016) in Malaria Journal. Although the journal name and a related part of the title are similar, the authors and the year differ significantly from any found records.

### Details
A search found an article titled ""Impact of insecticide-treated bed nets on malaria transmission indices on the south coast of Kenya"" published in Malaria Journal, but the authors are Mutuku, King, Mungai, and Mbogo, not Okoye, A. A. The publication year of the found record is 2011, which differs notably from the cited year 2016. The citation's shorter title matches a part of the longer published article's title, but there is no overlap in authorship, and the years differ by five years. No digital object identifier (DOI) or other identifier was found to confirm the reference.

- https://link.springer.com/article/10.1186/1475-2875-10-356
- https://pubmed.ncbi.nlm.nih.gov/22165904/
- https://pmc.ncbi.nlm.nih.gov/articles/PMC3322380/",0.0,1.0
"Okebe, J. M., et al. (2015). *Insecticide-treated bed nets for malaria prevention: A Cochrane review*. Cochrane Database of Systematic Reviews.",Insecticide-treated bed nets for malaria,qwen3_8b_think,needs-human,Reference requires human review.,CONTAINS,UNCONFIRMED,UNCONFIRMED,CONTAINS,ABSENT,Insecticide-treated nets for preventing malaria - Cochrane,,,Cochrane,,https://www.cochrane.org/evidence/CD000363_insecticide-treated-nets-preventing-malaria,GOOGLE,0,0,2,1,2,Insecticide-treated bed nets for malaria prevention: A Cochrane review,Insecticide-treated nets for preventing malaria - Cochrane,"Okebe, J. M.",,2015,,Cochrane Database of Systematic Reviews,Cochrane,,https://www.cochrane.org/evidence/CD000363_insecticide-treated-nets-preventing-malaria,0,1,3,GOOGLE,0,"◐ Title | ? Authors | ? Year | ◐ Venue | ○ ID

### Summary
This reference needs human review because while the main title phrase about insecticide-treated nets for malaria prevention and the Cochrane review source match closely, the authors and year could not be confirmed. The publication venue is partially confirmed as related to Cochrane.

### Details
A matching record was found with a very similar title ""Insecticide-treated nets for preventing malaria - Cochrane"" published by Cochrane. However, this record lacks authors and year information to fully confirm the citation details. Minor wording differences in the title were noted but the core topic and review type align well. The verification could not confirm the author ""Okebe JM"" or the 2015 publication year due to absence in the matched data. The publisher 'Cochrane' corresponds to the cited journal ""Cochrane Database of Systematic Reviews"". No direct identifier like DOI is available to strengthen confirmation.

- https://www.cochrane.org/evidence/CD000363_insecticide-treated-nets-preventing-malaria",0.267,0.733
World Health Organization. (2018). *Global malaria report*. World Health Organization.,Insecticide-treated bed nets for malaria,qwen3_8b_think,verified-with-error,World Health Organization. (2018). *World malaria report 2018*. World Health Organization. https://www.who.int/publications/i/item/9789241565653,CONTAINS,MATCH,MATCH,MATCH,ABSENT,World malaria report 2018,World Health Organization,2018,World Health Organization,,https://www.who.int/publications/i/item/9789241565653,GOOGLE,3,0,1,1,0,Global malaria report,World malaria report 2018,World Health Organization,World Health Organization,2018,2018,World Health Organization,World Health Organization,,https://www.who.int/publications/i/item/9789241565653,1,1,1,GOOGLE,0,"◐ Title | ✓ Authors | ✓ Year | ✓ Venue | ○ ID

### Summary
This report was confirmed as a valid publication by the World Health Organization in 2018. The title closely matches the official ""World malaria report 2018"" with the same authors and year, although the wording varies slightly from ""Global malaria report"" to ""World malaria report.""

### Details
A matching record was found titled ""World malaria report 2018"" published by the World Health Organization in 2018. The authorship and year match exactly. The title contains key identifying words but uses a synonymous term ""World"" instead of ""Global,"" which refers to the same annual report series. No digital identifier was provided in the citation. The official report URL is https://www.who.int/publications/i/item/9789241565653.

- https://www.who.int/publications/i/item/9789241565653
- https://www.who.int/teams/global-malaria-programme/reports/world-malaria-report-2018
- https://endmalaria.org/sites/default/files/World%20Malaria%20Report%202018.pdf",0.833,0.167
"Nwaka, S., et al. (2013). *Economic evaluation of insecticide-treated bed nets in malaria control*. Malaria Journal.",Insecticide-treated bed nets for malaria,qwen3_8b_think,unverified,Reference could not be verified.,CONTAINS,UNCONFIRMED,UNCONFIRMED,UNCONFIRMED,ABSENT,a cost-effectiveness analysis of long-lasting insecticide-treated bed ...,,,,,https://pmc.ncbi.nlm.nih.gov/articles/PMC5128946/,GOOGLE,0,0,1,1,3,Economic evaluation of insecticide-treated bed nets in malaria control,a cost-effectiveness analysis of long-lasting insecticide-treated bed ...,"Nwaka, S.; et al.",,2013,,Malaria Journal,,,https://pmc.ncbi.nlm.nih.gov/articles/PMC5128946/,0,1,1,GOOGLE,0,"◐ Title | ? Authors | ? Year | ? Venue | ○ ID

### Summary
No matching article with the exact authors, year, and journal could be verified for the reference by Nwaka et al. (2013) titled ""Economic evaluation of insecticide-treated bed nets in malaria control."" Although the title content is similar to an article found, other important details like authorship and publication year do not match sufficiently.

### Details
A search did find a document titled ""a cost-effectiveness analysis of long-lasting insecticide-treated bed nets,"" which shares core topics with the reference. However, there was no confirmed match for the authors, year 2013, or the Malaria Journal as the publishing venue. No DOI or unique identifier was found to directly link the two. The minor variations in title and lack of metadata alignment led to the conclusion that the reference could not be reliably verified.

- https://pmc.ncbi.nlm.nih.gov/articles/PMC5128946/",0.167,0.833
"D'Alessandro, U., et al. (2019). *Long-term effectiveness of insecticide-treated bed nets*. PLOS Medicine.",Insecticide-treated bed nets for malaria,qwen3_8b_think,needs-human,Reference requires human review.,CONTAINS,MATCH,CONTAINS,CONTRADICTION,ABSENT,"Effectiveness of a long-lasting piperonyl butoxide-treated insecticidal net and indoor residual spray interventions, separately and together, against malaria transmitted by pyrethroid-resistant mosquitoes: a cluster, randomised controlled, two-by-two factorial design trial",Natacha Protopopoff; Jacklin F Mosha; Eliud Lukole; J. D. Charlwood; Alexandra Wright; Charles Dismas Mwalimu; Alphaxard Manjurano; Franklin W. Mosha; William Kisinza; Immo Kleinschmidt; Mark Rowland,2018,The Lancet,10.1016/s0140-6736(18)30427-6,https://doi.org/10.1016/s0140-6736(18)30427-6,GOOGLE,1,1,2,1,0,Long-term effectiveness of insecticide-treated bed nets,"Effectiveness of a long-lasting piperonyl butoxide-treated insecticidal net and indoor residual spray interventions, separately and together, against malaria transmitted by pyrethroid-resistant mosquitoes: a cluster, randomised controlled, two-by-two factorial design trial","D'Alessandro, U. et al.",Natacha Protopopoff; Jacklin F Mosha; Eliud Lukole; J. D. Charlwood; Alexandra Wright; Charles Dismas Mwalimu; Alphaxard Manjurano; Franklin W. Mosha; William Kisinza; Immo Kleinschmidt; Mark Rowland,2019,2018,PLOS Medicine,The Lancet,,10.1016/s0140-6736(18)30427-6,0,0,2,GOOGLE,0,"◐ Title | ✓ Authors | ◐ Year | ✗ Venue | ○ ID

### Summary
The reference could not be fully confirmed because while the core topic and authors match well, there is a clear difference in the publication venue and year. The original citation states 2019 in PLOS Medicine, but the closest found match is from 2018 in The Lancet with a longer, more detailed title.

### Details
A matching study about the long-term effectiveness of insecticide-treated bed nets was found with nearly identical authors, including many from the truncated original list. The title is a longer version addressing specific insecticide treatments and study design. However, the year of publication is 2018, one year earlier than cited, and the journal is The Lancet, not PLOS Medicine; these differences prevent a definitive verification. There was no DOI or direct identifier provided in the original citation to help disambiguate.

- https://doi.org/10.1016/s0140-6736(18)30427-6
- https://journals.plos.org/plosmedicine/article?id=10.1371/journal.pmed.1001619",0.333,0.667
"Schellenberg, J. R., et al. (2012). *Insecticide-treated bed nets and malaria mortality in Africa*. American Journal of Tropical Medicine and Hygiene.",Insecticide-treated bed nets for malaria,qwen3_8b_think,unverified,Reference could not be verified.,CONTRADICTION,MATCH,MATCH,CONTRADICTION,ABSENT,Strategies for delivering insecticide-treated nets at scale for malaria control: a systematic review,L Mangham; J Car; J A Schellenberg,2012,Bulletin of the World Health Organization,,https://www.scielosp.org/article/bwho/2012.v90n9/672-684/,GOOGLE,2,2,0,1,0,Insecticide-treated bed nets and malaria mortality in Africa,Strategies for delivering insecticide-treated nets at scale for malaria control: a systematic review,"Schellenberg, J. R.",L Mangham; J Car; J A Schellenberg,2012,2012,American Journal of Tropical Medicine and Hygiene,Bulletin of the World Health Organization,,https://www.scielosp.org/article/bwho/2012.v90n9/672-684/,0,0,2,GOOGLE,0,"✗ Title | ✓ Authors | ✓ Year | ✗ Venue | ○ ID

### Summary
The original reference for Schellenberg, J. R. (2012) on insecticide-treated bed nets and malaria mortality in Africa could not be confirmed. Although the year and author names roughly match, the title and journal differ significantly from available records.

### Details
A matching record was not found with the exact title ""Insecticide-treated bed nets and malaria mortality in Africa."" The search results instead found a 2012 article involving Schellenberg (J. A. Schellenberg) titled ""Strategies for delivering insecticide-treated nets at scale for malaria control: a systematic review,"" published in the Bulletin of the World Health Organization, which differs in topic focus and venue from the original citation. The author names are similar but not identical, and no DOI or persistent identifier was provided to link to the claimed article. This discrepancy in title and journal suggests the original citation does not correspond to a known article record.

- https://www.scielosp.org/article/bwho/2012.v90n9/672-684/",0.0,1.0
"Molyneux, D., et al. (2011). *Insecticide-treated bed nets and malaria transmission dynamics*. Lancet.",Insecticide-treated bed nets for malaria,qwen3_8b_think,unverified,Reference could not be verified.,CONTRADICTION,UNCONFIRMED,UNCONFIRMED,UNCONFIRMED,ABSENT,Bednets and malaria in Africa,,,,,https://pmc.ncbi.nlm.nih.gov/articles/PMC5116997/,GOOGLE,0,1,0,1,3,Insecticide-treated bed nets and malaria transmission dynamics,Bednets and malaria in Africa,"Molyneux, D., et al.",,2011,,Lancet,,,https://pmc.ncbi.nlm.nih.gov/articles/PMC5116997/,0,0,3,GOOGLE,0,"✗ Title | ? Authors | ? Year | ? Venue | ○ ID

### Summary
No matching article could be found for the reference by Molyneux et al. (2011) titled ""Insecticide-treated bed nets and malaria transmission dynamics"" published in Lancet. The search identified only a related but distinct article titled ""Bednets and malaria in Africa"" without author or year confirmation.

### Details
A search did not find any article matching the exact title and author combination. The provided title conflicts with available records because the closest found article covers a broader topic on bed nets and malaria in Africa without specifying authors or year. The year 2011 and journal Lancet were also not confirmed. No identifiers like DOI were present in the citation to aid verification. The closest match found is available at https://pmc.ncbi.nlm.nih.gov/articles/PMC5116997/ but it lacks direct linkage to the original citation.

- https://pmc.ncbi.nlm.nih.gov/articles/PMC5116997/",0.0,1.0
"Smith, J., & Jones, R. (2020). *Insecticide-treated nets and malaria prevention: A global review*. Journal of Infectious Diseases.",Malaria prevention,qwen3_8b_think,unverified,Reference could not be verified.,CONTRADICTION,CONTRADICTION,CONTAINS,CONTRADICTION,ABSENT,Threats to the effectiveness of insecticide-treated bednets for malaria control: thinking beyond insecticide resistance,SW Lindsay; MB Thomas; I Kleinschmidt,2021,The Lancet Global Health,,https://www.thelancet.com/journals/langlo/article/PIIS2214-109X(21)00216-3/fulltext,GOOGLE,0,3,1,1,0,Insecticide-treated nets and malaria prevention: A global review,Threats to the effectiveness of insecticide-treated bednets for malaria control: thinking beyond insecticide resistance,"Smith, J.; Jones, R.",SW Lindsay; MB Thomas; I Kleinschmidt,2020,2021,Journal of Infectious Diseases,The Lancet Global Health,,https://www.thelancet.com/journals/langlo/article/PIIS2214-109X(21)00216-3/fulltext,0,0,3,GOOGLE,0,"✗ Title | ✗ Authors | ◐ Year | ✗ Venue | ○ ID

### Summary
No matching article could be found that corresponds to the original reference by Smith and Jones (2020) titled ""Insecticide-treated nets and malaria prevention: A global review."" The best search results point to a different article with unrelated authors, title, journal, and publication year.

### Details
A matching record for the original reference was not found in OpenAlex despite searching by title, author, and year. The title and authors contradict those of the closest found article published in 2021 in The Lancet Global Health. The cited article names Smith and Jones, but the closest found article lists Lindsay, Thomas, and Kleinschmidt. Additionally, the original journal ""Journal of Infectious Diseases"" differs from ""The Lancet Global Health"" of the candidate article. The publication years differ by one year (2020 vs 2021). There is no DOI or other identifier available to link the original reference. 

- https://www.thelancet.com/journals/langlo/article/PIIS2214-109X(21)00216-3/fulltext
- https://openalex.org
- https://scholar.google.com",0.0,1.0
"Okoye, A., et al. (2017). *Efficacy of long-lasting insecticidal nets in malaria control*. Malaria Journal, 16(1), 123.",Malaria prevention,qwen3_8b_think,unverified,Reference could not be verified.,CONTRADICTION,CONTRADICTION,CONTAINS,CONTRADICTION,ABSENT,Efficacy of topical mosquito repellent (picaridin) plus long-lasting insecticidal nets versus long-lasting insecticidal nets alone for control of malaria: a cluster randomised controlled trial,Vincent Sluydts; Lies Durnez; Somony Heng; Charlotte Gryseels; Lydie Canier; Saorin Kim; Karel Van Roey; Karen Kerkhof; Nimol Khim; Mao Sokny; Sambunny Uk; Siv Sovannaroth; Koen Peeters Grietens; Tho Sochantha; Didier Ménard; Marc Coosemans,2016,The Lancet Infectious Diseases,10.1016/S1473-3099(16)30148-7,https://doi.org/10.1016/S1473-3099(16)30148-7,GOOGLE,0,3,1,1,0,Efficacy of long-lasting insecticidal nets in malaria control,Efficacy of topical mosquito repellent (picaridin) plus long-lasting insecticidal nets versus long-lasting insecticidal nets alone for control of malaria: a cluster randomised controlled trial,"Okoye, A.; et al.",Vincent Sluydts; Lies Durnez; Somony Heng; Charlotte Gryseels; Lydie Canier; Saorin Kim; Karel Van Roey; Karen Kerkhof; Nimol Khim; Mao Sokny; Sambunny Uk; Siv Sovannaroth; Koen Peeters Grietens; Tho Sochantha; Didier Ménard; Marc Coosemans,2017,2016,Malaria Journal,The Lancet Infectious Diseases,,10.1016/S1473-3099(16)30148-7,0,0,1,GOOGLE,0,"✗ Title | ✗ Authors | ◐ Year | ✗ Venue | ○ ID

### Summary
No matching article could be found with the exact title, authors, journal, and year provided in the original reference. The reference claims a 2017 article by Okoye et al. in Malaria Journal, but no evidence supports that specific citation.

### Details
A candidate article was identified with a similar topic, titled ""Efficacy of topical mosquito repellent (picaridin) plus long-lasting insecticidal nets versus long-lasting insecticidal nets alone for control of malaria: a cluster randomised controlled trial"" published in 2016 in The Lancet Infectious Diseases by a different set of authors, none of whom include Okoye. The candidate's title includes a topical repellent intervention and trial design, differing notably from the cited title. The original reference's journal and author details conflict with this candidate and no other matching article was found. Search results did not reveal any article matching the original reference's details.

- https://doi.org/10.1016/S1473-3099(16)30148-7
- https://pmc.ncbi.nlm.nih.gov/articles/PMC12294781/",0.0,1.0
"Nkya, W., et al. (2018). *Indoor residual spraying for malaria prevention: A systematic review*. PLOS Medicine, 15(3), e1002512.",Malaria prevention,qwen3_8b_think,needs-human,Reference requires human review.,CONTAINS,UNCONFIRMED,UNCONFIRMED,CONTAINS,ABSENT,Indoor Residual Spraying for Preventing Malaria in Settings ... - SSRN,,,SSRN,,https://papers.ssrn.com/sol3/papers.cfm?abstract_id=4537384,GOOGLE,0,0,2,1,2,Indoor residual spraying for malaria prevention: A systematic review,Indoor Residual Spraying for Preventing Malaria in Settings ... - SSRN,"Nkya, W.; et al.",,2018,,PLOS Medicine,SSRN,,https://papers.ssrn.com/sol3/papers.cfm?abstract_id=4537384,0,1,3,GOOGLE,0,"◐ Title | ? Authors | ? Year | ◐ Venue | ○ ID

### Summary
The reference could not be fully verified because the matching record was found on a preprint server (SSRN) rather than the cited journal (PLOS Medicine). While the title about indoor residual spraying for malaria prevention closely matches, the author names and publication year in the found record were not confirmed.

### Details
A preprint with a very similar title was found on SSRN, which likely represents an earlier version of the referenced work, but it does not list authors or a publication year. The cited journal, PLOS Medicine, appeared in search results but the retrieved DOI corresponds to a different article, indicating a mismatch in identifiers. The title's core topic matched well, confirming focus alignment, but differences in venue and missing author/year details mean human review is needed for full verification.

- https://papers.ssrn.com/sol3/papers.cfm?abstract_id=4537384
- https://doi.org/10.1371/journal.pmed.1002512
- https://pmc.ncbi.nlm.nih.gov/articles/PMC6441326/",0.267,0.733
"Bousema, T., et al. (2017). *The RTS,S/AS01 malaria vaccine: Progress and challenges*. Vaccine, 35(2), 149–156.",Malaria prevention,qwen3_8b_think,unverified,Reference could not be verified.,UNCONFIRMED,UNCONFIRMED,UNCONFIRMED,UNCONFIRMED,UNCONFIRMED,,,,,,,,,,,,,,,,,,,,,,,0,0,0,,0,"? Title | ? Authors | ? Year | ? Venue | ? ID

### Summary
No matching article could be found for the reference by Bousema et al. (2017) titled ""The RTS,S/AS01 malaria vaccine: Progress and challenges"" in the journal Vaccine. None of the search results or database queries returned a record that matches the given authors, title, year, and journal details.

### Details
A search in OpenAlex and academic databases did not find any source matching the exact title, author, and publication year. The best candidate found was a 2017 article about malaria vaccines by different authors and in another journal, which does not correspond to the given reference. Additional academic searches returned related articles on malaria vaccines but none with the exact details provided. 

- https://doi.org/10.1080/14760584.2017.1341317
- https://www.mdpi.com/2076-393X/9/10/1072
- https://www.science.org/doi/abs/10.1126/scitranslmed.aau1458",0.0,1.0
World Health Organization. (2021). *World malaria report 2021*. WHO Press.,Malaria prevention,qwen3_8b_think,verified,World Health Organization. (2021). *World malaria report 2021*. https://www.who.int/publications/i/item/9789240040496,MATCH,MATCH,MATCH,UNCONFIRMED,ABSENT,World malaria report 2021,World Health Organization,2021,,,https://www.who.int/publications/i/item/9789240040496,GOOGLE,3,0,0,1,1,World malaria report 2021,World malaria report 2021,World Health Organization,World Health Organization,2021,2021,WHO Press,,,https://www.who.int/publications/i/item/9789240040496,1,1,1,GOOGLE,0,"✓ Title | ✓ Authors | ✓ Year | ? Venue | ○ ID

### Summary
This publication was confirmed as the ""World malaria report 2021"" authored by the World Health Organization in 2021. The title, author, and year all matched perfectly with the official report.

### Details
A matching record was found with the exact title ""World malaria report 2021"" and the author listed as the World Health Organization, published in 2021. The citation's year and authors matched exactly with the evidence. Although the venue ""WHO Press"" could not be fully verified since it was not explicitly stated in the evidence records, the official WHO website hosts the report at https://www.who.int/publications/i/item/9789240040496, confirming its authenticity. Additional confirmed sources include Google search results and scholarly references that corroborate the report's title, author, and year.

- https://www.who.int/publications/i/item/9789240040496
- https://www.who.int/teams/global-malaria-programme/reports/world-malaria-report-2021
- https://books.google.com/books/about/World_malaria_report_2021.html?id=WMdqEAAAQBAJ
- https://doi.org/10.1186/s12936-022-04178-7 (related commentary article)",0.8,0.2
"Smith, T., et al. (2019). *Community-based malaria prevention strategies in sub-Saharan Africa*. Tropical Medicine & International Health, 24(5), 456–467.",Malaria prevention,qwen3_8b_think,unverified,Reference could not be verified.,CONTRADICTION,UNCONFIRMED,UNCONFIRMED,UNCONFIRMED,ABSENT,Community-based strategies to increase coverage of intermittent ...,,,,,https://pubmed.ncbi.nlm.nih.gov/39151981/,GOOGLE,0,1,0,1,3,Community-based malaria prevention strategies in sub-Saharan Africa,Community-based strategies to increase coverage of intermittent ...,"Smith, T.; et al.",,2019,,Tropical Medicine & International Health,,,https://pubmed.ncbi.nlm.nih.gov/39151981/,0,0,1,GOOGLE,0,"✗ Title | ? Authors | ? Year | ? Venue | ○ ID

### Summary
No matching article could be found for the reference provided. The title in the reference focuses on community-based malaria prevention in sub-Saharan Africa, but the closest found article discusses community-based strategies to increase coverage of intermittent preventive treatment, which is a different topic.

### Details
A search found no entries with the exact title or authors matching the reference. The best candidate had a different title and lacked the year, authors, and journal information to confirm a match. The key difference in the title content indicates these are distinct articles, and no unique identifier was provided to assist verification.

- https://pubmed.ncbi.nlm.nih.gov/39151981/",0.0,1.0
"Kiszewski, A. A., et al. (2004). *Environmental management and malaria transmission*. American Journal of Tropical Medicine and Hygiene, 70(6), 649–655.",Malaria prevention,qwen3_8b_think,needs-human,Reference requires human review.,CONTRADICTION,CONTAINS,MATCH,MATCH,ABSENT,A global index representing the stability of malaria transmission,A. Kiszewski; A. Mellinger; A. Spielman; P. Malaney; S. E. Sachs,2004,The American Journal of Tropical Medicine and Hygiene,10.4269/ajtmh.2004.70.486,https://pubmed.ncbi.nlm.nih.gov/15155980/,GOOGLE,2,1,1,1,0,Environmental management and malaria transmission,A global index representing the stability of malaria transmission,"Kiszewski, A. A.",A. Kiszewski; A. Mellinger; A. Spielman; P. Malaney; S. E. Sachs,2004,2004,American Journal of Tropical Medicine and Hygiene,The American Journal of Tropical Medicine and Hygiene,,10.4269/ajtmh.2004.70.486,0,0,1,GOOGLE,0,"✗ Title | ◐ Authors | ✓ Year | ✓ Venue | ○ ID

### Summary
The reference could not be fully confirmed because the title does not match the record that was found. While the authors, year, and journal match well, the original citation's title about ""Environmental management and malaria transmission"" differs from the title of the available article which focuses on a ""global index representing the stability of malaria transmission."" This discrepancy suggests they are different publications by the same lead author in the same year and journal.

### Details
A matching publication was found with the same authors including A. Kiszewski, the year 2004, and the American Journal of Tropical Medicine and Hygiene as the journal. However, the titles contradict: the found article is titled ""A global index representing the stability of malaria transmission,"" differing substantially in focus from the cited title ""Environmental management and malaria transmission."" No identifier (DOI) was available for the original citation. Searches on Google and OpenAlex returned the article with the global index title as the closest match but did not verify the original titled article.

- https://pubmed.ncbi.nlm.nih.gov/15155980/
- https://doi.org/10.4269/ajtmh.2004.70.486
- https://www.semanticscholar.org/paper/A-global-index-representing-the-stability-of-Kiszewski-Mellinger/ea4def7a9b75ce951ba13912337c8bf853843b05",0.2,0.8
"Okiro, K. A., et al. (2018). *Behavioral interventions for malaria prevention: A systematic review*. BMJ Global Health, 3(2), e000523.",Malaria prevention,qwen3_8b_think,unverified,Reference could not be verified.,UNCONFIRMED,UNCONFIRMED,UNCONFIRMED,UNCONFIRMED,UNCONFIRMED,,,,,,,,,,,,,,,,,,,,,,,0,0,0,,0,"? Title | ? Authors | ? Year | ? Venue | ? ID

### Summary
No matching article could be found for the reference titled ""Behavioral interventions for malaria prevention: A systematic review"" by Okiro, K. A. from 2018 in BMJ Global Health.

### Details
A search in the OpenAlex database came up empty, with no record matching the title, author, year, or journal. Similarly, a scholar search using the full title and author name returned no relevant results. No evidence was found to confirm any part of this reference.

- [OpenAlex](https://openalex.org)
- [Google Scholar](https://scholar.google.com)",0.0,1.0
"WHO. (2020). *Technical report: Malaria vector control in the context of antimalarial drug resistance*. WHO Technical Report Series, 1025.",Malaria prevention,qwen3_8b_think,needs-human,Reference requires human review.,CONTRADICTION,MATCH,MATCH,MATCH,ABSENT,"Report on antimalarial drug efficacy, resistance and response: 10 years of surveillance (2010-2019)",World Health Organization,2020,World Health Organization,,https://books.google.com/books?hl=en&lr=&id=oMFqEAAAQBAJ&oi=fnd&pg=PR5&dq=World+Health+Organization+Technical+Report+Series+1025+Malaria+vector+control+in+the+context+of+antimalarial+drug+resistance&ots=Hhm_IkFoDt&sig=evTVA76tRBe3sy_SUUq0W5hNZQU,GOOGLE,3,1,0,1,0,Technical report: Malaria vector control in the context of antimalarial drug resistance,"Report on antimalarial drug efficacy, resistance and response: 10 years of surveillance (2010-2019)",WHO,World Health Organization,2020,2020,WHO Technical Report Series,World Health Organization,,https://books.google.com/books?hl=en&lr=&id=oMFqEAAAQBAJ&oi=fnd&pg=PR5&dq=World+Health+Organization+Technical+Report+Series+1025+Malaria+vector+control+in+the+context+of+antimalarial+drug+resistance&ots=Hhm_IkFoDt&sig=evTVA76tRBe3sy_SUUq0W5hNZQU,0,0,3,GOOGLE,0,"✗ Title | ✓ Authors | ✓ Year | ✓ Venue | ○ ID

### Summary
The reference needs human review because the title listed does not match the documents found, despite the authors, year, and publisher being the same. The citation title is about malaria vector control in the context of antimalarial drug resistance, but the potential match found focuses on antimalarial drug efficacy, resistance, and surveillance.

### Details
A matching record by the World Health Organization from 2020 was found, but its title is ""Report on antimalarial drug efficacy, resistance and response: 10 years of surveillance (2010-2019)"", which does not match the cited title about malaria vector control. Both the cited authors (WHO) and year (2020) match perfectly, and the venue is effectively the same organization expressed differently. No digital identifier was available for further confirmation.

- https://books.google.com/books?hl=en&lr=&id=oMFqEAAAQBAJ&oi=fnd&pg=PR5&dq=World+Health+Organization+Technical+Report+Series+1025+Malaria+vector+control+in+the+context+of+antimalarial+drug+resistance&ots=Hhm_IkFoDt&sig=evTVA76tRBe3sy_SUUq0W5hNZQU",0.333,0.667
"Njau, P. K. (2015). *Malaria prevention strategies in rural Kenya: A dissertation*. University of Nairobi.",Malaria prevention,qwen3_8b_think,unverified,Reference could not be verified.,CONTRADICTION,CONTRADICTION,MATCH,CONTRADICTION,ABSENT,REPELLENCE OF ESSENTIAL OIL OF Nigella sativa L. SEEDS AGAINST Anopheles gambiae AND IDENTIFICATION OF THE ACTIVE BLEND,NG Ephantus,2015,ir-library.ku.ac.ke,,https://ir-library.ku.ac.ke/bitstream/123456789/13319/1/Repellence%20of%20essential%20oil%20of%20nigella%20sativa%20l.%20seeds%20against%20anopheles%20gambiae%20and%20identification%20of%20the%20active%20blend.pdf,GOOGLE,1,3,0,1,0,Malaria prevention strategies in rural Kenya,REPELLENCE OF ESSENTIAL OIL OF Nigella sativa L. SEEDS AGAINST Anopheles gambiae AND IDENTIFICATION OF THE ACTIVE BLEND,"Njau, P. K.",NG Ephantus,2015,2015,University of Nairobi,ir-library.ku.ac.ke,,https://ir-library.ku.ac.ke/bitstream/123456789/13319/1/Repellence%20of%20essential%20oil%20of%20nigella%20sativa%20l.%20seeds%20against%20anopheles%20gambiae%20and%20identification%20of%20the%20active%20blend.pdf,0,0,3,GOOGLE,0,"✗ Title | ✗ Authors | ✓ Year | ✗ Venue | ○ ID

### Summary
No matching dissertation by P. K. Njau titled ""Malaria prevention strategies in rural Kenya"" from University of Nairobi in 2015 could be found. The closest available document from 2015 found deals with a different topic by a different author at a different institution.

### Details
A search did not find any record matching the title, author, and venue details provided for the original reference. The year 2015 matched exactly but other fields contradicted the citation. The main found candidate was a thesis titled ""REPELLENCE OF ESSENTIAL OIL OF Nigella sativa L. SEEDS AGAINST Anopheles gambiae AND IDENTIFICATION OF THE ACTIVE BLEND"" authored by NG Ephantus from Kenyatta University's repository. These differences in title focus, author name, and university indicate the original reference could not be verified.

- https://ir-library.ku.ac.ke/bitstream/123456789/13319/1/Repellence%20of%20essential%20oil%20of%20nigella%20sativa%20l.%20seeds%20against%20anopheles%20gambiae%20and%20identification%20of%20the%20active%20blend.pdf",0.0,1.0
"Bardhan, P. K., & Morduch, J. (2012). *The microfinance revolution: Learning from the Grameen Bank and others*. Oxford University Press.",Microfinance loan repayment,qwen3_8b_think,unverified,Reference could not be verified.,CONTAINS,UNCONFIRMED,UNCONFIRMED,UNCONFIRMED,ABSENT,The microfinance revolution,,,,,https://www.semanticscholar.org/paper/The-microfinance-revolution-Robinson/2ba376abe70d9fa9814ed22c95311839600d2df8,GOOGLE,0,0,1,1,3,The microfinance revolution: Learning from the Grameen Bank and others,The microfinance revolution,"Bardhan, P. K.; Morduch, J.",,2012,,Oxford University Press,,,https://www.semanticscholar.org/paper/The-microfinance-revolution-Robinson/2ba376abe70d9fa9814ed22c95311839600d2df8,0,1,2,GOOGLE,0,"◐ Title | ? Authors | ? Year | ? Venue | ○ ID

### Summary
No matching book by Bardhan and Morduch specifically titled ""The microfinance revolution: Learning from the Grameen Bank and others"" with the exact year 2012 and publisher could be confirmed. While the core title ""The microfinance revolution"" was found, other key details such as authors, year, and publisher were not confirmed, so the reference could not be verified.

### Details
A search in OpenAlex returned no matches for this book with the specified authors and year. The title phrase ""The microfinance revolution"" was found in a different publication without matching author names or year, indicating a possible but unconfirmed relation. The year 2012 and Oxford University Press as publisher were not verified in any found records. The best potential match found was a document titled ""The microfinance revolution"" without author or year data. Several search results discussed similar topics and the Grameen Bank, but none confirmed the exact cited book.

- https://www.semanticscholar.org/paper/The-microfinance-revolution-Robinson/2ba376abe70d9fa9814ed22c95311839600d2df8
- https://www.researchgate.net/publication/5047480_The_Microfinance_Revolution_An_Overview
- https://ideas.repec.org/a/fip/fedlrv/y2008ijanp9-30nv.90no.1.html",0.167,0.833
"Karlan, D. S., & Mobius, M. M. (2008). The effect of peer pressure on women’s credit use and repayment. *American Economic Review, 98*(4), 1349–1375. https://doi.org/10.1257/aer.98.4.1349",Microfinance loan repayment,qwen3_8b_think,unverified,Reference could not be verified.,UNCONFIRMED,UNCONFIRMED,UNCONFIRMED,UNCONFIRMED,UNCONFIRMED,,,,,,,,,,,,,,,,,,,,,,,0,0,0,,0,"? Title | ? Authors | ? Year | ? Venue | ? ID

### Summary
No matching article with the title ""The effect of peer pressure on women’s credit use and repayment"" by Karlan and Mobius published in 2008 in the *American Economic Review* could be found. The verification process did not find any record for the given DOI or matching metadata.

### Details
A search using the provided DOI (10.1257/aer.98.4.1349) returned a 404 error indicating the DOI does not exist in the DOI system. Searches on OpenAlex and general web queries with the full citation details also failed to locate any matching entry. This suggests that the reference may contain inaccuracies or that the article is not indexed in the checked databases.

- https://doi.org/10.1257/aer.98.4.1349",0.0,1.0
"Khandker, S. R. (2005). *Microfinance and poverty: Evidence from a randomized evaluation*. World Bank Policy Research Working Paper No. 3622. World Bank.",Microfinance loan repayment,qwen3_8b_think,needs-human,Reference requires human review.,CONTRADICTION,MATCH,MATCH,CONTAINS,ABSENT,Microfinance and Poverty: Evidence Using Panel Data from Bangladesh,Shahidur R. Khandker,2005,The World Bank Economic Review,10.1093/wber/lhi008,https://doi.org/10.1093/wber/lhi008,GOOGLE,2,1,1,1,0,Microfinance and poverty: Evidence from a randomized evaluation,Microfinance and Poverty: Evidence Using Panel Data from Bangladesh,"Khandker, S. R.",Shahidur R. Khandker,2005,2005,World Bank Policy Research Working Paper,The World Bank Economic Review,,10.1093/wber/lhi008,0,0,2,GOOGLE,0,"✗ Title | ✓ Authors | ✓ Year | ◐ Venue | ○ ID

### Summary
The reference could not be fully verified because the titles and venues do not match exactly, even though the author and year match. This suggests that the citation refers to a different document than the best available match found.

### Details
A matching author, Shahidur R. Khandker, and the publication year 2005 were confirmed. However, the title in the input reference mentions ""randomized evaluation,"" while the closest match found uses ""panel data from Bangladesh,"" indicating different studies. Also, the cited source is a World Bank working paper, but the candidate article is published in The World Bank Economic Review journal. No unique identifier such as a DOI was found to link the two references conclusively.

- https://doi.org/10.1093/wber/lhi008
- https://documents1.worldbank.org/curated/en/284801468013215718/pdf/774910JRN020050ofinance0and0Poverty.pdf",0.233,0.767
"Morduch, J., & Sufi, S. (2009). The economics of microfinance. *Journal of Economic Literature, 47*(4), 1273–1303. https://doi.org/10.1257/jel.47.4.1273",Microfinance loan repayment,qwen3_8b_think,unverified,Reference could not be verified.,UNCONFIRMED,UNCONFIRMED,UNCONFIRMED,UNCONFIRMED,UNCONFIRMED,,,,,,,,,,,,,,,,,,,,,,,0,0,0,,0,"? Title | ? Authors | ? Year | ? Venue | ? ID

### Summary
No matching article could be found for this reference. The title, authors, year, and journal name could not be confirmed.

### Details
A search using the provided DOI ""10.1257/jel.47.4.1273"" resulted in a 404 error, indicating that the DOI is not currently registered or accessible in the DOI system. OpenAlex did not find any record with this DOI or matching metadata. Additionally, a scholarly search query returned no relevant results for the article titled ""The economics of microfinance"" by Morduch and Sufi published in 2009 in the Journal of Economic Literature.

- [DOI link check](https://doi.org/10.1257/jel.47.4.1273)",0.0,1.0
"Rahman, A., & Khandker, S. R. (2006). *Microcredit and poverty reduction: Evidence from a randomized evaluation*. World Bank Policy Research Working Paper No. 3902. World Bank.",Microfinance loan repayment,qwen3_8b_think,needs-human,Reference requires human review.,CONTRADICTION,CONTAINS,CONTAINS,CONTAINS,ABSENT,Microfinance and Poverty: Evidence Using Panel Data from Bangladesh,Shahidur R. Khandker,2005,The World Bank Economic Review,10.1093/wber/lhi008,,GOOGLE,0,1,3,1,0,Microcredit and poverty reduction: Evidence from a randomized evaluation,Microfinance and Poverty: Evidence Using Panel Data from Bangladesh,"Rahman, A.; Khandker, S. R.",Shahidur R. Khandker,2006,2005,World Bank Policy Research Working Paper,The World Bank Economic Review,,10.1093/wber/lhi008,0,1,3,GOOGLE,1,"✗ Title | ◐ Authors | ◐ Year | ◐ Venue | ○ ID

### Summary
The reference could not be fully verified because the title does not match the found candidate. While the cited authors and year are somewhat similar, the title and study details differ significantly. This means the original reference and the matched article refer to different works.

### Details
A matching record was found titled ""Microfinance and Poverty: Evidence Using Panel Data from Bangladesh"" authored solely by Shahidur R. Khandker in 2005, published in The World Bank Economic Review. This differs from the cited 2006 World Bank Policy Research Working Paper co-authored by Rahman and Khandker and referencing a randomized evaluation. The discrepancy in study design, title focus, and authorship indicates the references are not the same.

- https://doi.org/10.1093/wber/lhi008
- https://openknowledge.worldbank.org/entities/publication/cae02fdc-5c59-5130-a82b-762c47ffab57
- https://openknowledge.worldbank.org/bitstreams/5750115a-e705-5146-bdcf-331776a5b405/download",0.0,1.0
"Srinivasan, S. (2004). *Microcredit and poverty alleviation: A critical review of the evidence*. World Bank.",Microfinance loan repayment,qwen3_8b_think,unverified,Reference could not be verified.,CONTRADICTION,UNCONFIRMED,MATCH,CONTAINS,ABSENT,Is microfinance a good poverty alleviation strategy? - FinDev Gateway,,2004,FinDev Gateway,,https://www.findevgateway.org/sites/default/files/publications/files/mfg-en-paper-is-microfinance-a-good-poverty-alleviation-strategy-evidence-from-impact-assessment-oct-2004.pdf,GOOGLE,1,1,1,1,1,Microcredit and poverty alleviation: A critical review of the evidence,Is microfinance a good poverty alleviation strategy? - FinDev Gateway,"Srinivasan, S.",,2004,2004,World Bank,FinDev Gateway,,https://www.findevgateway.org/sites/default/files/publications/files/mfg-en-paper-is-microfinance-a-good-poverty-alleviation-strategy-evidence-from-impact-assessment-oct-2004.pdf,0,0,3,GOOGLE,0,"✗ Title | ? Authors | ✓ Year | ◐ Venue | ○ ID

### Summary
No matching work titled ""Microcredit and poverty alleviation: A critical review of the evidence"" by Srinivasan, S. from 2004 was found. Although the year and publisher align with a World Bank affiliation, the specific title does not match any available records.

### Details
A search for this title and author in 2004 yielded no direct matches. The year 2004 and the publisher World Bank are consistent with the information provided; however, the titles found represent different documents, specifically one titled ""Is microfinance a good poverty alleviation strategy?"" from FinDev Gateway, also under the World Bank group. This indicates a different publication. There is no DOI or other identifier available to confirm the exact reference.

- https://www.findevgateway.org/sites/default/files/publications/files/mfg-en-paper-is-microfinance-a-good-poverty-alleviation-strategy-evidence-from-impact-assessment-oct-2004.pdf
- https://documents1.worldbank.org/curated/en/588931467993754857/pdf/102284-PUB-PUBLIC-ADD-SERIES-AUTHOR-IEG-Box394829B-date-11-22-15-IEG-Working-PAPER-Critical-Lit-Review-w-cover.pdf
- https://documents1.worldbank.org/curated/en/226941468049448875/pdf/232500v10REPLA18082134524501PUBLIC1.pdf",0.0,1.0
"Thakur, D., & Suri, T. (2016). The impact of microfinance on household welfare: Evidence from a randomized evaluation in rural India. *American Economic Journal: Applied Economics, 8*(4), 128–156. https://doi.org/10.1257/app.20140336",Microfinance loan repayment,qwen3_8b_think,unverified,Reference could not be verified.,UNCONFIRMED,UNCONFIRMED,UNCONFIRMED,UNCONFIRMED,UNCONFIRMED,,,,,,,,,,,,,,,,,,,,,,,0,0,0,,0,"? Title | ? Authors | ? Year | ? Venue | ? ID

### Summary
No matching article could be found for the reference by Thakur and Suri (2016) on the impact of microfinance on household welfare in the American Economic Journal: Applied Economics.

### Details
A search for the DOI 10.1257/app.20140336 in authoritative databases returned no results and the DOI URL led to a 404 error, indicating the DOI does not exist or is inactive. Attempts to find this article via Google Scholar and other searches for the title and authors also did not produce any relevant hits or matching records. These findings suggest that this reference does not currently correspond to a findable publication.

- https://doi.org/10.1257/app.20140336
- https://api.openalex.org
- Google Scholar and general web search results",0.0,1.0
"Wamboldt, J. (2009). *Microfinance in developing countries: A review of the literature*. Journal of Development Studies, 45(1), 1–22. https://doi.org/10.1080/00220380802436753",Microfinance loan repayment,qwen3_8b_think,unverified,Reference could not be verified.,UNCONFIRMED,UNCONFIRMED,UNCONFIRMED,UNCONFIRMED,UNCONFIRMED,,,,,,,,,,,,,,,,,,,,,,,0,0,0,,0,"? Title | ? Authors | ? Year | ? Venue | ? ID

### Summary
No matching article with the title *Microfinance in developing countries: A review of the literature* by Wamboldt, J. from 2009 in the Journal of Development Studies was found. The DOI provided (10.1080/00220380802436753) could not be located and led to a not found error.

### Details
A search for the DOI 10.1080/00220380802436753 in the OpenAlex database and the DOI system yielded no results. Additionally, a URL check on the DOI returned a 404 error, indicating this DOI does not resolve. A scholar search using the article's metadata did not find any record matching the author, title, year, or journal details. Only unrelated articles mentioning microfinance in different contexts appeared in the search results.

- https://doi.org/10.1080/00220380802436753
- OpenAlex DOI search
- Scholar search results on the article metadata",0.0,1.0
"Yunus, M., & Khandker, S. R. (2003). *Microcredit and poverty reduction: Evidence from a randomized evaluation*. Journal of Political Economy, 111(5), 1034–1062. https://doi.org/10.1086/376148",Microfinance loan repayment,qwen3_8b_think,needs-human,Reference requires human review.,CONTRADICTION,CONTRADICTION,MATCH,CONTAINS,MATCH,"Michele Zackheim. Einstein’s Daughter: The Search for Lieserl. xvi + 347 pp., frontis., illus., bibl., index. New York: Riverhead Books, 1999. $15 (paper).Don Howard;, John Stachel (Editors). Einstein: The Formative Years, 1879–1909. (Einstein Studies, 8.) xiv + 258 pp., illus., figs., index. Basel: Birkhäuser Verlag, 2000. DEM 128, ATS 935, $59.95 (cloth).",Lewis Pyenson,2003,Isis,10.1086/376148,https://doi.org/10.1086/376148,GOOGLE,2,2,1,0,0,Microcredit and poverty reduction: Evidence from a randomized evaluation,"Michele Zackheim. Einstein’s Daughter: The Search for Lieserl. xvi + 347 pp., frontis., illus., bibl., index. New York: Riverhead Books, 1999. $15 (paper).Don Howard;, John Stachel (Editors). Einstein: The Formative Years, 1879–1909. (Einstein Studies, 8.) xiv + 258 pp., illus., figs., index. Basel: Birkhäuser Verlag, 2000. DEM 128, ATS 935, $59.95 (cloth).","Yunus, M.; Khandker, S. R.",Lewis Pyenson,2003,2003,Journal of Political Economy,Isis,10.1086/376148,10.1086/376148,0,0,2,GOOGLE,0,"✗ Title | ✗ Authors | ✓ Year | ◐ Venue | ✓ DOI | ✓ URL

### Summary
The reference could not be confirmed because the cited article about microcredit and poverty reduction does not match the article identified by the same DOI, which is about Einstein's daughter and related studies. The authors and titles are completely different despite sharing the publication year and a publisher.

### Details
A matching record was found using the given DOI (10.1086/376148), but it resolves to an article by Lewis Pyenson in the journal Isis (2003) about Einstein's Daughter, not the expected article by Yunus and Khandker on microcredit. The venues are both published by the University of Chicago Press but are distinct journals, and the authors and article topics do not overlap. Attempts to locate the Yunus and Khandker article using other search methods did not find a matching DOI but did find evidence that such an article exists separately.

- https://doi.org/10.1086/376148
- https://documents1.worldbank.org/curated/en/284801468013215718/pdf/774910JRN020050ofinance0and0Poverty.pdf",0.025,0.975
"Zeller, M. (2005). *Microcredit and the poor: Evidence from a randomized evaluation*. World Bank Policy Research Working Paper No. 3623. World Bank.",Microfinance loan repayment,qwen3_8b_think,unverified,Reference could not be verified.,CONTRADICTION,CONTRADICTION,MATCH,CONTAINS,ABSENT,Microfinance and Poverty: Evidence Using Panel Data from Bangladesh,Shahidur R. Khandker,2005,The World Bank Economic Review,10.1093/wber/lhi008,https://doi.org/10.1093/wber/lhi008,GOOGLE,1,2,1,1,0,Microcredit and the poor: Evidence from a randomized evaluation,Microfinance and Poverty: Evidence Using Panel Data from Bangladesh,"Zeller, M.",Shahidur R. Khandker,2005,2005,World Bank Policy Research Working Paper,The World Bank Economic Review,,10.1093/wber/lhi008,0,0,1,GOOGLE,0,"✗ Title | ✗ Authors | ✓ Year | ◐ Venue | ○ ID

### Summary
No matching article could be found for the reference citing Zeller, M. (2005) with title ""Microcredit and the poor: Evidence from a randomized evaluation."" The verification process found a similar publication from 2005 but authored by Shahidur R. Khandker with a different title and venue.

### Details
A matching record was found for a 2005 article titled ""Microfinance and Poverty: Evidence Using Panel Data from Bangladesh"" authored by Shahidur R. Khandker published in The World Bank Economic Review. This differs from the cited work by Zeller both in title and authorship. Although both studies relate to microfinance and poverty, they represent distinct works with varying methodologies and publication outlets. The year 2005 matched exactly, and both publications are affiliated with the World Bank, but the title and authorship differences indicate the original reference could not be verified.

- https://doi.org/10.1093/wber/lhi008",0.0,1.0
"Smith, J., & Lee, K. (2020). Decentralized renewable energy systems for rural electrification. *Renewable and Sustainable Energy Reviews, 123*, 109-121. https://doi.org/10.1016/j.rser.2020.109876",Mini-grid electrification,qwen3_8b_think,needs-human,Reference requires human review.,CONTRADICTION,CONTRADICTION,MATCH,MATCH,MATCH,"Refining biomass residues for sustainable energy and bio-products: An assessment of technology, its importance, and strategic applications in circular bio-economy",Mukesh Kumar Awasthi; Surendra Sarsaiya; Anil Kumar Patel; Ankita Juneja; Rajendra Prasad Singh; Binghua Yan; Sanjeev Kumar Awasthi; Archana Jain; Tao Liu; Yumin Duan; Ashok Pandey; Zengqiang Zhang; Mohammad J. Taherzadeh,2020,Renewable and Sustainable Energy Reviews,10.1016/j.rser.2020.109876,https://doi.org/10.1016/j.rser.2020.109876,GOOGLE,3,2,0,0,0,Decentralized renewable energy systems for rural electrification,"Refining biomass residues for sustainable energy and bio-products: An assessment of technology, its importance, and strategic applications in circular bio-economy","Smith, J.; Lee, K.",Mukesh Kumar Awasthi; Surendra Sarsaiya; Anil Kumar Patel; Ankita Juneja; Rajendra Prasad Singh; Binghua Yan; Sanjeev Kumar Awasthi; Archana Jain; Tao Liu; Yumin Duan; Ashok Pandey; Zengqiang Zhang; Mohammad J. Taherzadeh,2020,2020,Renewable and Sustainable Energy Reviews,Renewable and Sustainable Energy Reviews,10.1016/j.rser.2020.109876,10.1016/j.rser.2020.109876,0,0,1,GOOGLE,0,"✗ Title | ✗ Authors | ✓ Year | ✓ Venue | ✓ DOI | ✓ URL

### Summary
The verification could not conclusively confirm this reference due to conflicting information. While the year, journal name, and DOI match exactly, the title and authors differ significantly, indicating possible errors in the citation's DOI or other details. Human review is needed to resolve these contradictions.

### Details
The year 2020 and the journal ""Renewable and Sustainable Energy Reviews"" match perfectly. The DOI provided (10.1016/j.rser.2020.109876) also matches an article but that article's title and authors are completely different from those in the citation. The cited title relates to decentralized renewable energy for rural electrification by Smith and Lee, but the DOI resolves to a paper on refining biomass residues by a different, larger group of authors. Attempts to access the DOI URL were blocked by security measures, preventing further automatic verification.

- https://doi.org/10.1016/j.rser.2020.109876",0.1,0.9
"Mithulananthan, N., & Kalam, A. (2018). Hybrid mini-grid systems: A review of technologies and applications. *IEEE Transactions on Sustainable Energy, 9*(3), 1123-1135. https://doi.org/10.1109/TSTE.2017.2776364",Mini-grid electrification,qwen3_8b_think,unverified,Reference could not be verified.,UNCONFIRMED,UNCONFIRMED,UNCONFIRMED,UNCONFIRMED,UNCONFIRMED,,,,,,,,,,,,,,,,,,,,,,,0,0,0,,0,"? Title | ? Authors | ? Year | ? Venue | ? ID

### Summary
No matching article could be found for the reference provided. The title, authors, year, and other details could not be confirmed.

### Details
A search using the provided DOI ""10.1109/TSTE.2017.2776364"" found no record in the OpenAlex database or the DOI System, with the DOI leading to a 404 error page. Searches using the article title and author names did not return any relevant matches. These results suggest the reference details may be incorrect or the document is not registered with the main indexing services.

- [DOI lookup result](https://doi.org/10.1109/TSTE.2017.2776364)",0.0,1.0
World Bank. (2019). *Mini-grid electricity for development: A technical and economic review*. World Bank Publications.,Mini-grid electrification,qwen3_8b_think,needs-human,Reference requires human review.,CONTRADICTION,CONTAINS,MATCH,CONTAINS,ABSENT,2019 Mini Grids for Half a Billion People: Market Outlook and Handbook for Decision Makers - Executive Summary,Energy Sector Management Assistance Program,2019,ESMAP Technical Report;014/19. World Bank,10.1596/31926,http://hdl.handle.net/10986/31926,GOOGLE,1,1,2,1,0,Mini-grid electricity for development: A technical and economic review,2019 Mini Grids for Half a Billion People: Market Outlook and Handbook for Decision Makers - Executive Summary,World Bank,Energy Sector Management Assistance Program,2019,2019,World Bank Publications,ESMAP Technical Report;014/19. World Bank,,10.1596/31926,0,0,1,GOOGLE,0,"✗ Title | ◐ Authors | ✓ Year | ◐ Venue | ○ ID

### Summary
This reference needs human review because the title and document details suggest they are different works, though both are related to the World Bank and published in 2019. The citation lists a technical and economic review on mini-grid electricity, but the found evidence points to a different report focused on a market outlook and handbook for decision makers.

### Details
A document published in 2019 by the Energy Sector Management Assistance Program, affiliated with the World Bank, was identified. It is titled ""2019 Mini Grids for Half a Billion People: Market Outlook and Handbook for Decision Makers - Executive Summary,"" which differs notably from the cited title about a technical and economic review. Both works are connected to the World Bank but under different publication labels (World Bank Publications vs. ESMAP Technical Report). The year matches exactly, and the author entity overlaps as ESMAP is part of the World Bank. No direct DOI or exact match was found for the cited title in OpenAlex or other sources. Therefore, verification is ambiguous and requires human judgment.

Sources:
- [Open Knowledge Repository - World Bank](https://openknowledge.worldbank.org/entities/publication/ee3960d4-0d83-5d7f-baca-a5f425a66c77)
- [Mini Grids for Half a Billion People PDF ESMAP](https://openknowledge.worldbank.org/bitstreams/dc000258-8524-594f-a2ee-e1ee7a256f6b/download)",0.1,0.9
"Koffi, M., et al. (2017). Mini-grid systems for rural electrification: A case study of Ghana. *Energy Policy, 105*, 142-153. https://doi.org/10.1016/j.enpol.2017.03.027",Mini-grid electrification,qwen3_8b_think,needs-human,Reference requires human review.,CONTRADICTION,CONTRADICTION,MATCH,MATCH,MATCH,Input-output and structural decomposition analysis of Singapore's carbon emissions,Bin Su; B.W. Ang; Yingzhu Li,2017,Energy Policy,10.1016/j.enpol.2017.03.027,https://doi.org/10.1016/j.enpol.2017.03.027,GOOGLE,3,2,0,0,0,Mini-grid systems for rural electrification: A case study of Ghana,Input-output and structural decomposition analysis of Singapore's carbon emissions,"Koffi, M.; et al.",Bin Su; B.W. Ang; Yingzhu Li,2017,2017,Energy Policy,Energy Policy,10.1016/j.enpol.2017.03.027,10.1016/j.enpol.2017.03.027,0,0,1,GOOGLE,0,"✗ Title | ✗ Authors | ✓ Year | ✓ Venue | ✓ DOI | ✓ URL

### Summary
The given reference could not be fully confirmed because the DOI leads to a different article with a matching year and journal but different authors and title. This suggests the original citation may have used an incorrect DOI or mixed details from two sources.

### Details
A matching record was found with the same DOI (10.1016/j.enpol.2017.03.027), year (2017), and journal (Energy Policy), but the title was ""Input-output and structural decomposition analysis of Singapore's carbon emissions,"" which is different from the cited title about mini-grid systems for rural electrification in Ghana. The authors (Bin Su, B.W. Ang, Yingzhu Li) do not overlap with the cited authors (Koffi, M., et al.), pointing to a mismatch. Attempts to check the URL showed access restrictions preventing confirmation of the original citation. Given these contradictions, human review is needed to clarify the correct reference.

- https://doi.org/10.1016/j.enpol.2017.03.027",0.1,0.9
"Saha, T. K., et al. (2021). Cost-benefit analysis of mini-grid electrification in remote communities. *Energy for Sustainable Development, 60*, 111-122. https://doi.org/10.1016/j.esd.2021.03.004",Mini-grid electrification,qwen3_8b_think,needs-human,Reference requires human review.,CONTRADICTION,CONTRADICTION,MATCH,MATCH,MATCH,"The economic feasibility and environmental ramifications of biodiesel, bioelectricity, and bioethanol in Malaysia",Kenneth Szulczyk; Ching Seng Yap; Ping-Wei Ho,2021,Energy Sustainable Development/Energy for sustainable development,10.1016/j.esd.2021.03.004,https://doi.org/10.1016/j.esd.2021.03.004,GOOGLE,3,2,0,0,0,Cost-benefit analysis of mini-grid electrification in remote communities.,"The economic feasibility and environmental ramifications of biodiesel, bioelectricity, and bioethanol in Malaysia","Saha, T. K.; et al.",Kenneth Szulczyk; Ching Seng Yap; Ping-Wei Ho,2021,2021,Energy for Sustainable Development,Energy Sustainable Development/Energy for sustainable development,10.1016/j.esd.2021.03.004,10.1016/j.esd.2021.03.004,0,0,1,GOOGLE,0,"✗ Title | ✗ Authors | ✓ Year | ✓ Venue | ✓ DOI | ✓ URL

### Summary
The reference provided could not be verified as matching because the DOI links to a different article with a different title and authors. The year 2021 and the journal Energy for Sustainable Development match, but the other key details do not align, so human review is needed.

### Details
A matching record was found using the DOI 10.1016/j.esd.2021.03.004; however, this DOI corresponds to an article titled ""The economic feasibility and environmental ramifications of biodiesel, bioelectricity, and bioethanol in Malaysia"" by Szulczyk, Yap, and Ho. This differs significantly from the cited title ""Cost-benefit analysis of mini-grid electrification in remote communities"" by Saha et al. The year and journal name match exactly, but the authors and title do not. The URL check was unsuccessful due to access restrictions requiring security verification.

- https://doi.org/10.1016/j.esd.2021.03.004",0.1,0.9
"Khatib, T., et al. (2020). Integration of renewable energy in mini-grids: Challenges and opportunities. *Applied Energy, 260*, 114255. https://doi.org/10.1016/j.apenergy.2019.114255",Mini-grid electrification,qwen3_8b_think,needs-human,Reference requires human review.,CONTRADICTION,CONTRADICTION,CONTAINS,MATCH,MATCH,Process-integrated design of a sub-ambient membrane process for CO2 removal from natural gas power plants,S. Lee; Jin-Kuk Kim,2019,Applied Energy,10.1016/j.apenergy.2019.114255,https://doi.org/10.1016/j.apenergy.2019.114255,GOOGLE,2,2,1,0,0,Integration of renewable energy in mini-grids: Challenges and opportunities,Process-integrated design of a sub-ambient membrane process for CO2 removal from natural gas power plants,"Khatib, T.",S. Lee; Jin-Kuk Kim,2020,2019,Applied Energy,Applied Energy,10.1016/j.apenergy.2019.114255,10.1016/j.apenergy.2019.114255,0,2,3,GOOGLE,0,"✗ Title | ✗ Authors | ◐ Year | ✓ Venue | ✓ DOI | ✓ URL

### Summary
This reference requires human review because there are significant differences between the citation details and the matching record found by DOI. The cited article by Khatib et al. about renewable energy integration in mini-grids does not match the article found via the DOI, which concerns membrane processes for CO2 removal.

### Details
A matching record was found by DOI (10.1016/j.apenergy.2019.114255) in the journal Applied Energy for a 2019 article titled ""Process-integrated design of a sub-ambient membrane process for CO2 removal from natural gas power plants"" authored by S. Lee and Jin-Kuk Kim. This differs substantially from the cited title ""Integration of renewable energy in mini-grids: Challenges and opportunities"" by Khatib, T., et al. The publication year differs by one, which may reflect online vs. print dates, but the authors and title contradict. The journal name and DOI match exactly, indicating a possible citation or DOI error necessitating human judgment for resolution.

- https://doi.org/10.1016/j.apenergy.2019.114255
- https://www.researchgate.net/publication/391496420_Integration_of_Renewable_energy_sources_into_Microgrids_Challenges_and_solutions",0.025,0.975
International Energy Agency (IEA). (2021). *Mini-grids for sustainable development: A global assessment*. IEA Publications.,Mini-grid electrification,qwen3_8b_think,needs-human,Reference requires human review.,CONTRADICTION,MATCH,MATCH,CONTAINS,ABSENT,World Energy Outlook 2021,International Energy Agency,2021,International Energy Agency,,https://iea.blob.core.windows.net/assets/4ed140c1-c3f3-4fd9-acae-789a4e14a23c/WorldEnergyOutlook2021.pdf,GOOGLE,2,1,1,1,0,Mini-grids for sustainable development: A global assessment,World Energy Outlook 2021,International Energy Agency (IEA),International Energy Agency,2021,2021,IEA Publications,International Energy Agency,,https://iea.blob.core.windows.net/assets/4ed140c1-c3f3-4fd9-acae-789a4e14a23c/WorldEnergyOutlook2021.pdf,0,0,3,GOOGLE,0,"✗ Title | ✓ Authors | ✓ Year | ◐ Venue | ○ ID

### Summary
This reference requires human review because the title in the citation, ""Mini-grids for sustainable development: A global assessment,"" does not match the title found in the best potential match, which is ""World Energy Outlook 2021."" However, the author organization (International Energy Agency) and the year (2021) do match. The publisher information also aligns but is not conclusive enough to confirm a full match.

### Details
A matching record was found with the author ""International Energy Agency"" and year 2021. The publisher is listed as the International Energy Agency or IEA Publications, which are consistent with the citation. However, the titles differ significantly: the citation refers to a report on mini-grids for sustainable development, whereas the found record is for the ""World Energy Outlook 2021,"" a different document. No unique identifier such as a DOI was found to conclusively verify the match. Additional human verification is needed to confirm if these references refer to the same or different works.

- [World Energy Outlook 2021 PDF](https://iea.blob.core.windows.net/assets/4ed140c1-c3f3-4fd9-acae-789a4e14a23c/WorldEnergyOutlook2021.pdf)",0.233,0.767
United Nations Development Programme (UNDP). (2020). *Mini-grid electrification in sub-Saharan Africa: Technical and policy frameworks*. UNDP Technical Report.,Mini-grid electrification,qwen3_8b_think,unverified,Reference could not be verified.,CONTRADICTION,MATCH,UNCONFIRMED,CONTAINS,ABSENT,Final_TE_Report_CREAC_31Mar-2.docx - UNDP Evaluation,UNDP,,UNDP Evaluation,,https://erc.undp.org/evaluation/documents/download/18513,GOOGLE,1,1,1,1,1,Mini-grid electrification in sub-Saharan Africa: Technical and policy frameworks,Final_TE_Report_CREAC_31Mar-2.docx - UNDP Evaluation,United Nations Development Programme (UNDP),UNDP,2020,,UNDP,UNDP Evaluation,,https://erc.undp.org/evaluation/documents/download/18513,0,0,3,GOOGLE,0,"✗ Title | ✓ Authors | ? Year | ◐ Venue | ○ ID

### Summary
No matching report titled ""Mini-grid electrification in sub-Saharan Africa: Technical and policy frameworks"" from UNDP in 2020 was found. While the author organization UNDP was confirmed, the document located is different, focusing on a final technical evaluation report rather than the specified mini-grid electrification framework.

### Details
A record titled ""Final_TE_Report_CREAC_31Mar-2.docx - UNDP Evaluation"" was found under UNDP authorship but shows a different document focus compared to the citation. The year 2020 could not be confirmed as the found document does not list a publication date. The venue UNDP Evaluation contains the same organization but is not exactly the cited UNDP Technical Report. No persistent identifier like a DOI was found. Multiple web searches returned no matches for the exact cited title or file.

- https://erc.undp.org/evaluation/documents/download/18513",0.033,0.967
"Mekonnen, A., et al. (2022). Techno-economic analysis of mini-grid systems in off-grid regions. *Sustainable Energy Technologies and Assessments, 50*, 102012. https://doi.org/10.1016/j.seta.2022.102012",Mini-grid electrification,qwen3_8b_think,verified,Reference requires human review.,MATCH,MATCH,MATCH,UNCONFIRMED,UNCONFIRMED,Techno-economic analysis of mini-grid systems in off-grid regions,Mekonnen,2022,,,,GOOGLE,3,0,0,0,2,Techno-economic analysis of mini-grid systems in off-grid regions,Techno-economic analysis of mini-grid systems in off-grid regions,"Mekonnen, A.; et al.",Mekonnen,2022,2022,Sustainable Energy Technologies and Assessments,,10.1016/j.seta.2022.102012,,1,1,2,GOOGLE,0,"✓ Title | ✓ Authors | ✓ Year | ? Venue | ? DOI | ? URL

### Summary
This article was confirmed by matching the exact title, authors, and year of publication. Although the DOI resolved to a different paper and the journal was not explicitly verified in the evidence, the core citation details align perfectly with an existing record.

### Details
A matching record was found with the exact title ""Techno-economic analysis of mini-grid systems in off-grid regions"" and the key author Mekonnen in the year 2022. The citation's DOI link was tested but directed to a different article, indicating a possible error with the DOI in the reference. The journal name was not found in the external evidence but does not contradict the match. Access to the DOI page was restricted due to web security measures, preventing direct verification of the journal and DOI details.

- https://doi.org/10.1016/j.seta.2022.102012",0.6,0.4
IEEE Power & Energy Society. (2019). *Smart mini-grids for resilient energy access*. IEEE Press.,Mini-grid electrification,qwen3_8b_think,needs-human,Reference requires human review.,CONTAINS,UNCONFIRMED,CONTAINS,CONTAINS,ABSENT,Networked Microgrids for Enhancing Grid Resiliency,,2020,IEEE Smart Grid,,https://smartgrid.ieee.org/bulletins/march-2020/networked-microgrids-for-enhancing-grid-resiliency,GOOGLE,0,0,3,1,1,Smart mini-grids for resilient energy access,Networked Microgrids for Enhancing Grid Resiliency,IEEE Power & Energy Society,,2019,2020,IEEE Press,IEEE Smart Grid,,https://smartgrid.ieee.org/bulletins/march-2020/networked-microgrids-for-enhancing-grid-resiliency,0,1,2,GOOGLE,1,"◐ Title | ? Authors | ◐ Year | ◐ Venue | ○ ID

### Summary
The reference could not be fully confirmed due to some discrepancies. While the title and year are closely related, there are differences in the exact publication year and venue name, and the authorship could not be verified. This ambiguity means a human reviewer is needed to decide if these works refer to the same document.

### Details
A matching record was found titled ""Networked Microgrids for Enhancing Grid Resiliency"" published in 2020 by IEEE Smart Grid, which is similar in topic to the cited 2019 IEEE Press book ""Smart mini-grids for resilient energy access."" The titles share the core concept of microgrids and resilience, but use slightly different wording. The year differs by one, which might reflect online versus print dates. Both venues are part of the IEEE ecosystem but are named differently. No author information was found to confirm the authorship. No direct identifier was available to link these definitively.

- https://smartgrid.ieee.org/bulletins/march-2020/networked-microgrids-for-enhancing-grid-resiliency",0.367,0.633
"Smith, J., & Lee, K. (2019). Mobile banking adoption and its impact on financial inclusion. *Journal of Electronic Commerce Research, 20*(3), 112–125.",Mobile banking,qwen3_8b_think,unverified,Reference could not be verified.,CONTAINS,CONTRADICTION,CONTAINS,CONTRADICTION,ABSENT,Mobile-banking adoption: empirical evidence from the banking sector in Pakistan,Maya F. Farah; Muhammad Junaid Shahid Hasni; Abbas Khan Abbas,2018,International Journal of Bank Marketing,10.1108/ijbm-10-2017-0215,https://doi.org/10.1108/ijbm-10-2017-0215,GOOGLE,0,2,2,1,0,Mobile banking adoption and its impact on financial inclusion.,Mobile-banking adoption: empirical evidence from the banking sector in Pakistan,"Smith, J.; Lee, K.",Maya F. Farah; Muhammad Junaid Shahid Hasni; Abbas Khan Abbas,2019,2018,Journal of Electronic Commerce Research,International Journal of Bank Marketing,,10.1108/ijbm-10-2017-0215,0,0,1,GOOGLE,0,"◐ Title | ✗ Authors | ◐ Year | ✗ Venue | ○ ID

### Summary
The reference could not be verified because the authors and journal do not match any found records. Although the title and year are close, different authors and publication venue indicate it is not the same article.

### Details
A matching record was found for a similar title ""Mobile-banking adoption: empirical evidence from the banking sector in Pakistan"" published in 2018, but the authors (Maya F. Farah, Muhammad Junaid Shahid Hasni, Abbas Khan Abbas) differ from the cited Smith, J., & Lee, K. The recorded journal is the International Journal of Bank Marketing, which contrasts with the cited Journal of Electronic Commerce Research. The year difference (2019 vs 2018) is minor but coupled with other contradictions, no consistent match exists.

- https://doi.org/10.1108/ijbm-10-2017-0215",0.0,1.0
"Ahmed, R., Kumar, S., & Patel, N. (2018). Security challenges in mobile banking systems: A comprehensive review. *Journal of Business Research, 88*, 145–155.",Mobile banking,qwen3_8b_think,unverified,Reference could not be verified.,UNCONFIRMED,UNCONFIRMED,UNCONFIRMED,UNCONFIRMED,UNCONFIRMED,,,,,,,,,,,,,,,,,,,,,,,0,0,0,,0,"? Title | ? Authors | ? Year | ? Venue | ? ID

### Summary
No matching article could be found for the reference titled ""Security challenges in mobile banking systems: A comprehensive review"" by Ahmed, R., Kumar, S., and Patel, N. from 2018. Neither the title, authors, year, nor journal could be verified with available sources.

### Details
A search through OpenAlex and general scholarly searches returned no matching record for the specified article in the Journal of Business Research or elsewhere. The query did not yield any exact match in either title or authorship, and no DOI or other identifiers were found to support the citation. Several related articles on mobile banking and security were found, but none corresponded precisely to the given reference details.

- https://openalex.org
- https://scholar.google.com",0.0,1.0
"Li, X., & Zhang, Y. (2017). Factors influencing mobile banking adoption: A structural equation modeling approach. *International Conference on Information Systems (ICIS)*, 1–12.",Mobile banking,qwen3_8b_think,unverified,Reference could not be verified.,CONTRADICTION,CONTRADICTION,CONTAINS,CONTRADICTION,ABSENT,Consumer adoption of mobile banking in Jordan,Ali Abdallah Alalwan; Yogesh K. Dwivedi; Nripendra P. Rana; Michael D. Williams,2016,Journal of Enterprise Information Management,10.1108/jeim-04-2015-0035,https://doi.org/10.1108/jeim-04-2015-0035,GOOGLE,0,3,1,1,0,Factors influencing mobile banking adoption: A structural equation modeling approach,Consumer adoption of mobile banking in Jordan,"Li, X.; Zhang, Y.",Ali Abdallah Alalwan; Yogesh K. Dwivedi; Nripendra P. Rana; Michael D. Williams,2017,2016,International Conference on Information Systems (ICIS),Journal of Enterprise Information Management,,10.1108/jeim-04-2015-0035,0,0,3,GOOGLE,0,"✗ Title | ✗ Authors | ◐ Year | ✗ Venue | ○ ID

### Summary
No matching article could be found that confirms the reference by Li and Zhang from 2017 titled ""Factors influencing mobile banking adoption: A structural equation modeling approach"" presented at ICIS. The closest candidate found has a different title, author list, year, and publication venue.

### Details
A search found a similar topic article titled ""Consumer adoption of mobile banking in Jordan"" from 2016 authored by Alalwan, Dwivedi, Rana, and Williams published in the Journal of Enterprise Information Management. However, this does not match in title focus, authorship, year (2017 vs 2016), or venue (conference vs journal). No other records or online presence confirmed the cited ICIS 2017 paper by Li and Zhang, indicating the reference could not be verified reliably.

- https://doi.org/10.1108/jeim-04-2015-0035",0.0,1.0
World Bank. (2020). *Mobile money and financial inclusion: A global overview*. World Bank Publications.,Mobile banking,qwen3_8b_think,needs-human,Reference requires human review.,CONTAINS,MATCH,CONTRADICTION,CONTAINS,ABSENT,Global Financial Development Report 2014: Financial Inclusion,World Bank,2013,The World Bank eBooks,10.1596/978-0-8213-9985-9,https://doi.org/10.1596/978-0-8213-9985-9,GOOGLE,1,1,2,1,0,Mobile money and financial inclusion: A global overview,Global Financial Development Report 2014: Financial Inclusion,World Bank,World Bank,2020,2013,World Bank Publications,The World Bank eBooks,,10.1596/978-0-8213-9985-9,0,0,3,GOOGLE,0,"◐ Title | ✓ Authors | ✗ Year | ◐ Venue | ○ ID

### Summary
The reference was found to be authored by the World Bank and associated with its publications, but the year cited (2020) does not match the year of the closest known publication (2013). This suggests the cited title may be a section or chapter within a larger World Bank report rather than a standalone work published in 2020, requiring further human verification.

### Details
A matching record was found for a World Bank publication titled ""Global Financial Development Report 2014: Financial Inclusion"" from 2013, published as part of The World Bank eBooks, authored by the World Bank. The cited title ""Mobile money and financial inclusion: A global overview"" appears to be a section within this 2013 report rather than an independent publication from 2020. Publisher information is similar but not identical, reflecting the shared World Bank imprint. No digital identifier was provided to confirm the citation further.

- https://doi.org/10.1596/978-0-8213-9985-9",0.333,0.667
"Kumar, V., & Sharma, D. (2020). The role of mobile banking in transforming traditional banking services. *Journal of Financial Transformation, 52*, 45–60.",Mobile banking,qwen3_8b_think,unverified,Reference could not be verified.,CONTRADICTION,CONTRADICTION,CONTRADICTION,CONTAINS,ABSENT,Beyond traditional banking: How FinTech is reshaping financial access in India,M Kamal; S Rahmani; MR Alam,2025,Available at SSRN 5122110,,https://papers.ssrn.com/sol3/papers.cfm?abstract_id=5122110,GOOGLE,0,3,1,1,0,The role of mobile banking in transforming traditional banking services.,Beyond traditional banking: How FinTech is reshaping financial access in India,"Kumar, V.; Sharma, D.",M Kamal; S Rahmani; MR Alam,2020,2025,Journal of Financial Transformation,Available at SSRN 5122110,,https://papers.ssrn.com/sol3/papers.cfm?abstract_id=5122110,0,0,3,GOOGLE,0,"✗ Title | ✗ Authors | ✗ Year | ◐ Venue | ○ ID

### Summary
No matching article could be found for the reference by Kumar and Sharma (2020) titled ""The role of mobile banking in transforming traditional banking services"" in the Journal of Financial Transformation. The search results revealed a different work with unrelated authors, a different title, and a publication year five years later.

### Details
A matching record was not found for the cited title, authors, or year. The citation refers to a 2020 paper by Kumar and Sharma, but the closest found document is titled ""Beyond traditional banking: How FinTech is reshaping financial access in India"" authored by M Kamal, S Rahmani, and MR Alam, dated 2025, and available as an SSRN preprint. There is no overlap in authorship, the titles focus on different topics, and the years do not align. The cited journal (Journal of Financial Transformation) was noted, but no article matching the citation was discovered there.

- https://papers.ssrn.com/sol3/papers.cfm?abstract_id=5122110",0.0,1.0
"Johnson, M., & Thompson, L. (2019). Mobile banking security: Threats, vulnerabilities, and mitigation strategies. *IEEE Transactions on Technology and Society, 1*(2), 88–102.",Mobile banking,qwen3_8b_think,unverified,Reference could not be verified.,UNCONFIRMED,UNCONFIRMED,UNCONFIRMED,UNCONFIRMED,UNCONFIRMED,,,,,,,,,,,,,,,,,,,,,,,0,0,0,,0,"? Title | ? Authors | ? Year | ? Venue | ? ID

### Summary
No matching article titled ""Mobile banking security: Threats, vulnerabilities, and mitigation strategies"" by Johnson and Thompson from 2019 in IEEE Transactions on Technology and Society was found. The reference could not be confirmed due to lack of evidence matching the title, authors, year, or journal.

### Details
A thorough search found no record of this article in major databases like OpenAlex or Google Scholar. None of the search results provided any direct matches for the title, author names, or publication details. Searches with various combinations of authors, title, year, and journal also returned no relevant records. Attempts to validate the URL or DOI failed due to lack of any. The evidence strongly indicates that this reference does not appear in accessible scholarly sources at this time.

- https://openalex.org
- https://scholar.google.com
- https://ieeexplore.ieee.org",0.0,1.0
"Nguyen, T. H., & Tran, P. (2018). Mobile banking in developing countries: Challenges and opportunities. *African Journal of Business Management, 12*(4), 78–92.",Mobile banking,qwen3_8b_think,unverified,Reference could not be verified.,UNCONFIRMED,UNCONFIRMED,UNCONFIRMED,UNCONFIRMED,UNCONFIRMED,,,,,,,,,,,,,,,,,,,,,,,0,0,0,,0,"? Title | ? Authors | ? Year | ? Venue | ? ID

### Summary
No matching article could be found for the reference titled ""Mobile banking in developing countries: Challenges and opportunities"" by Nguyen and Tran from 2018 in the African Journal of Business Management.

### Details
A search in academic databases did not find any records matching the title, authors, year, or journal of the submitted reference. The OpenAlex search was inconclusive due to response delays, and a Scholar search returned related articles on mobile banking topics but none corresponded exactly with the original citation details. No DOI or direct identifier was available to confirm this reference.

- https://scholar.google.com
- https://openalex.org
",0.0,1.0
"Chen, L., & Wang, R. (2021). User behavior and trust in mobile banking applications. *Journal of Cybersecurity, 7*(1), 33–47.",Mobile banking,qwen3_8b_think,unverified,Reference could not be verified.,CONTRADICTION,CONTRADICTION,MATCH,CONTRADICTION,ABSENT,PREDICTING MOBILE BANKING ADOPTION: AN INTEGRATION OF TAM AND TPB WITH TRUST AND PERCEIVED RISK,Ziad Aldammagh; Rabah Abdeljawad; Tareq Obaid,2021,Financial Internet Quarterly,10.2478/fiqf-2021-0017,https://doi.org/10.2478/fiqf-2021-0017,GOOGLE,1,3,0,1,0,User behavior and trust in mobile banking applications.,PREDICTING MOBILE BANKING ADOPTION: AN INTEGRATION OF TAM AND TPB WITH TRUST AND PERCEIVED RISK,"Chen, L.; Wang, R.",Ziad Aldammagh; Rabah Abdeljawad; Tareq Obaid,2021,2021,Journal of Cybersecurity,Financial Internet Quarterly,,10.2478/fiqf-2021-0017,0,0,3,GOOGLE,0,"✗ Title | ✗ Authors | ✓ Year | ✗ Venue | ○ ID

### Summary
No matching article matching the provided reference could be found. The title, authors, and journal provided in the citation do not correspond to any discovered articles from the same year.

### Details
A comparison showed that the original reference's title about ""User behavior and trust in mobile banking applications"" does not align with the closest found article's title, which focuses on ""Predicting mobile banking adoption"" with trust and perceived risk. The authors Chen, L. and Wang, R. do not appear in the suggested research which lists distinct authors. Furthermore, the cited journal, ""Journal of Cybersecurity,"" is different from the found journal ""Financial Internet Quarterly."" Although the publication year 2021 matches exactly, these significant discrepancies show this reference could not be confirmed.

- [DOI 10.2478/fiqf-2021-0017](https://doi.org/10.2478/fiqf-2021-0017)",0.0,1.0
"Gupta, A., & Mishra, R. (2016). Technological advancements in mobile banking: A case study of India. *International Journal of Information Management, 36*(5), 678–688.",Mobile banking,qwen3_8b_think,unverified,Reference could not be verified.,CONTRADICTION,CONTRADICTION,CONTAINS,CONTRADICTION,ABSENT,An exploratory study on mobile banking adoption in Indian metropolitan and urban areas: A scenario-based experiment,S Gupta; H Yun; H Xu; HW Kim,2017,Technology for Development,,https://www.tandfonline.com/doi/abs/10.1080/02681102.2016.1233855,GOOGLE,0,3,1,1,0,Technological advancements in mobile banking: A case study of India.,An exploratory study on mobile banking adoption in Indian metropolitan and urban areas: A scenario-based experiment,"Gupta, A.; Mishra, R.",S Gupta; H Yun; H Xu; HW Kim,2016,2017,International Journal of Information Management,Technology for Development,,https://www.tandfonline.com/doi/abs/10.1080/02681102.2016.1233855,0,0,3,GOOGLE,0,"✗ Title | ✗ Authors | ◐ Year | ✗ Venue | ○ ID

### Summary
The cited article titled ""Technological advancements in mobile banking: A case study of India"" by Gupta and Mishra from 2016 could not be confirmed through available academic sources. The closest matching article found has a different title, author list, publication year, and journal, indicating it is a distinct work.

### Details
A search for the specific article showed no matching records in OpenAlex or other academic databases. The best potential match found was an article titled ""An exploratory study on mobile banking adoption in Indian metropolitan and urban areas: A scenario-based experiment"" published in 2017 by different authors (S Gupta, H Yun, H Xu, HW Kim) in the journal Technology for Development. The titles differ significantly in focus and scope, the author names do not overlap, the publication years differ by one year, and the journals are unrelated. No DOI or other identifier was found linking to the cited article, confirming there is insufficient evidence to verify this reference.

- https://www.tandfonline.com/doi/abs/10.1080/02681102.2016.1233855",0.0,1.0
"Brown, S., & Davis, T. (2015). Mobile banking and its implications for financial literacy. *Dissertation, University of Technology Sydney*.",Mobile banking,qwen3_8b_think,unverified,Reference could not be verified.,CONTRADICTION,CONTRADICTION,CONTAINS,ABSENT,ABSENT,investigating a framework for providing mobile banking opportunities to rural SMES in Bangladesh,MT Ahad,2014,search.proquest.com (dissertation),,https://search.proquest.com/openview/ebc28030b8dc45e1435fee6897c7e199/1?pq-origsite=gscholar&cbl=2026366&diss=y,GOOGLE,0,2,1,2,0,Mobile banking and its implications for financial literacy.,investigating a framework for providing mobile banking opportunities to rural SMES in Bangladesh,"Brown, S.; Davis, T.",MT Ahad,2015,2014,,search.proquest.com (dissertation),,https://search.proquest.com/openview/ebc28030b8dc45e1435fee6897c7e199/1?pq-origsite=gscholar&cbl=2026366&diss=y,0,0,3,GOOGLE,0,"✗ Title | ✗ Authors | ◐ Year | ○ Venue | ○ ID

### Summary
No matching dissertation was found that confirmed the reference to Brown, S. and Davis, T. (2015) on mobile banking and financial literacy from the University of Technology Sydney. The evidence indicates significant differences in both authors and title compared to the closest found dissertation.

### Details
A potential match found was a 2014 dissertation titled ""investigating a framework for providing mobile banking opportunities to rural SMES in Bangladesh"" by MT Ahad, which differs substantially in focus and authorship from the citation. The years are close but the titles and authors do not align, and no identifier was provided in the citation for further confirmation. Searches did not locate records for Brown and Davis's dissertation, and the topics and author names suggest these are different works.

- https://search.proquest.com/openview/ebc28030b8dc45e1435fee6897c7e199/1?pq-origsite=gscholar&cbl=2026366&diss=y",0.0,1.0
"Smith, J. (2018). *The impact of social media on political participation*. Journal of Political Science, 45(3), 112-128.",Political Science,qwen3_8b_think,unverified,Reference could not be verified.,CONTRADICTION,CONTRADICTION,CONTAINS,CONTRADICTION,ABSENT,Motivations for Social Media Use and Impact on Political Participation in China: A Cognitive and Communication Mediation Approach,Zhuo Chen; Michael Chan,2017,Cyberpsychology Behavior and Social Networking,10.1089/cyber.2016.0174,https://doi.org/10.1089/cyber.2016.0174,GOOGLE,0,3,1,1,0,The impact of social media on political participation,Motivations for Social Media Use and Impact on Political Participation in China: A Cognitive and Communication Mediation Approach,"Smith, J.",Zhuo Chen; Michael Chan,2018,2017,Journal of Political Science,Cyberpsychology Behavior and Social Networking,,10.1089/cyber.2016.0174,0,0,3,GOOGLE,0,"✗ Title | ✗ Authors | ◐ Year | ✗ Venue | ○ ID

### Summary
No matching article could be found for the citation by Smith, J. (2018) titled ""The impact of social media on political participation"" in the Journal of Political Science. The best potential matches differ significantly in title, authors, and journal.

### Details
A matching record was sought but not found for the exact title and author combination. The cited title and authors do not align with any candidates; the title in the closest candidate adds a focus on China and uses a different methodology. Authors Zhuo Chen and Michael Chan do not correspond to Smith, J. The cited publication is from 2018 in the Journal of Political Science, but candidates are mainly from 2017 and published in different journals such as Cyberpsychology Behavior and Social Networking. There is no identifier to assist verification. Relevant searches and database queries did not confirm the citation.

- https://doi.org/10.1089/cyber.2016.0174
- https://heinonline.org/hol-cgi-bin/get_pdf.cgi?handle=hein.journals/jrlsasw45&section=35",0.0,1.0
"Brown, L., & Taylor, R. (2020). *Authoritarian resilience in the 21st century*. Comparative Political Studies, 53(6), 789-805.",Political Science,qwen3_8b_think,needs-human,Reference requires human review.,CONTAINS,CONTAINS,CONTAINS,CONTRADICTION,ABSENT,The Dark Side of Regime Change: Autocratization and Authoritarian Resilience in the Early 21st Century/Post-Cold War,Luca Tomini; Andrea Cassani,2019,Dépôt institutionnel de l'Université libre de Bruxelles (Université Libre de Bruxelles),,http://hdl.handle.net/2013/ULB-DIPOT:oai:dipot.ulb.ac.be:2013/264890,GOOGLE,0,1,3,1,0,Authoritarian resilience in the 21st century,The Dark Side of Regime Change: Autocratization and Authoritarian Resilience in the Early 21st Century/Post-Cold War,"Brown, L.; Taylor, R.",Luca Tomini; Andrea Cassani,2020,2019,Comparative Political Studies,Dépôt institutionnel de l'Université libre de Bruxelles (Université Libre de Bruxelles),,http://hdl.handle.net/2013/ULB-DIPOT:oai:dipot.ulb.ac.be:2013/264890,0,0,2,GOOGLE,0,"◐ Title | ◐ Authors | ◐ Year | ✗ Venue | ○ ID

### Summary
This reference needs human review because the key details do not fully align with available records. The title phrase about authoritarian resilience is present, and the year is close (2020 vs. 2019), but the authors and publication venue differ significantly.

### Details
A matching record was found with a similar title ""The Dark Side of Regime Change: Autocratization and Authoritarian Resilience in the Early 21st Century/Post-Cold War"" published in 2019, hosted by Université libre de Bruxelles. However, the authors are Luca Tomini and Andrea Cassani, not Brown and Taylor, and the publication is not in the journal Comparative Political Studies. The candidate venue relates to an institutional repository rather than a scholarly journal. No DOI was available to further confirm the citation. These contradictions mean the reference could not be unequivocally verified.

- [Université libre de Bruxelles repository record](http://hdl.handle.net/2013/ULB-DIPOT:oai:dipot.ulb.ac.be:2013/264890)",0.2,0.8
"Garcia, M. (2019). *Democratization and economic inequality: A cross-national analysis*. American Political Science Review, 113(2), 345-361.",Political Science,qwen3_8b_think,unverified,Reference could not be verified.,CONTRADICTION,CONTRADICTION,MATCH,CONTRADICTION,ABSENT,Democracy and the labor share of income: A cross-country analysis,M Guerriero,2019,Labor Income Share in Asia: Conceptual Issues and …,,https://link.springer.com/chapter/10.1007/978-981-13-7803-4_6,GOOGLE,1,3,0,1,0,Democratization and economic inequality: A cross-national analysis,Democracy and the labor share of income: A cross-country analysis,"Garcia, M.",M Guerriero,2019,2019,American Political Science Review,Labor Income Share in Asia: Conceptual Issues and …,,https://link.springer.com/chapter/10.1007/978-981-13-7803-4_6,0,0,3,GOOGLE,0,"✗ Title | ✗ Authors | ✓ Year | ✗ Venue | ○ ID

### Summary
No matching article could be found for the reference attributed to Garcia, M. (2019) in the American Political Science Review. The title, author, and journal details do not align with any records found.

### Details
A search found a work titled ""Democracy and the labor share of income: A cross-country analysis"" by M Guerriero published in 2019, but this differs in key aspects: the author is different, the focus of the study is unrelated, and the venue is not a journal but a book chapter. The year 2019 matches exactly, but the core subjects, author names (Garcia vs. Guerriero), and the publication venue provide clear contradictions. Additionally, no unique identifiers like DOI were provided to support a match.

- https://link.springer.com/chapter/10.1007/978-981-13-7803-4_6",0.0,1.0
"Lee, H. (2017). *Institutional design and policy effectiveness*. Journal of Public Policy, 37(4), 456-473.",Political Science,qwen3_8b_think,unverified,Reference could not be verified.,CONTRADICTION,CONTRADICTION,CONTRADICTION,CONTRADICTION,ABSENT,Anticipating and designing for policy effectiveness,AS Bali; G Capano; M Ramesh,2019,Policy and Society,,https://academic.oup.com/policyandsociety/article-abstract/38/1/1/6403978,GOOGLE,0,4,0,1,0,Institutional design and policy effectiveness,Anticipating and designing for policy effectiveness,"Lee, H.",AS Bali; G Capano; M Ramesh,2017,2019,Journal of Public Policy,Policy and Society,,https://academic.oup.com/policyandsociety/article-abstract/38/1/1/6403978,0,0,3,GOOGLE,0,"✗ Title | ✗ Authors | ✗ Year | ✗ Venue | ○ ID

### Summary
No matching article with the title ""Institutional design and policy effectiveness"" by Lee, H. from 2017 in the Journal of Public Policy could be found. Instead, a different article titled ""Anticipating and designing for policy effectiveness"" by Bali, Capano, and Ramesh published in 2019 in Policy and Society was identified.

### Details
A search in OpenAlex and other scholarly databases did not find any record matching the exact citation details provided. The title, authors, year, and journal all differed significantly from the cited reference. The found article shares some thematic similarity in focusing on policy effectiveness but differs in title, author names, publication year (2019 vs. 2017), and journal. No DOI or direct identifier was available for the original citation, and the best potential match did not correspond closely enough to confirm the citation. Relevant sources include:
- https://academic.oup.com/policyandsociety/article-abstract/38/1/1/6403978
- https://www.tandfonline.com
- https://scholar.google.com",0.0,1.0
"Nguyen, T. (2021). *The role of civil society in transitional democracies*. International Political Science Review, 42(1), 23-40.",Political Science,qwen3_8b_think,unverified,Reference could not be verified.,CONTRADICTION,CONTAINS,MATCH,CONTRADICTION,ABSENT,Civil society and extractive capacity in authoritarian regimes: empirical evidence from Vietnam,G K Nguyen; T Q Nguyen,2021,Asian Journal of Political Science,10.1080/02185377.2021.1880455,https://www.tandfonline.com/doi/abs/10.1080/02185377.2021.1880455,GOOGLE,1,2,1,1,0,The role of civil society in transitional democracies,Civil society and extractive capacity in authoritarian regimes: empirical evidence from Vietnam,"Nguyen, T.",G K Nguyen; T Q Nguyen,2021,2021,International Political Science Review,Asian Journal of Political Science,,10.1080/02185377.2021.1880455,0,0,1,GOOGLE,0,"✗ Title | ◐ Authors | ✓ Year | ✗ Venue | ○ ID

### Summary
No matching article titled ""The role of civil society in transitional democracies"" by Nguyen, T. (2021) could be found. The found article on the topic of civil society in authoritarian regimes rather than transitional democracies is different in title, journal name, and authorship.

### Details
A matching article titled ""Civil society and extractive capacity in authoritarian regimes: empirical evidence from Vietnam"" was found authored by G K Nguyen and T Q Nguyen in 2021, published in the Asian Journal of Political Science. This differs from the citation's title and venue, which references the International Political Science Review. While the year 2021 and the name ""Nguyen"" partially match, these differences indicate that the original cited reference is not confirmed.

- https://www.tandfonline.com/doi/abs/10.1080/02185377.2021.1880455",0.0,1.0
"Parker, S. (2016). *Global governance and international cooperation*. European Journal of Political Research, 55(2), 189-205.",Political Science,qwen3_8b_think,needs-human,Reference requires human review.,MATCH,UNCONFIRMED,UNCONFIRMED,UNCONFIRMED,ABSENT,Global Governance and International Cooperation,,,,,https://library.oapen.org/handle/20.500.12657/88127,GOOGLE,1,0,0,1,3,Global governance and international cooperation,Global Governance and International Cooperation,"Parker, S.",,2016,,European Journal of Political Research,,,https://library.oapen.org/handle/20.500.12657/88127,1,2,3,GOOGLE,1,"✓ Title | ? Authors | ? Year | ? Venue | ○ ID

### Summary
The reference to the article titled ""Global governance and international cooperation"" was found with an exact title match, but key details like the author ""Parker, S."", publication year 2016, and the journal name ""European Journal of Political Research"" could not be confirmed. Because these important elements remain unverified, human review is needed to determine if the citation is accurate.

### Details
A matching record was found with the exact title ""Global Governance and International Cooperation""; however, the authors listed were ""Richard Falk"" and ""Augusto López-Claros,"" not ""Parker, S."" The year 2016 and the journal ""European Journal of Political Research"" also could not be verified in the available data. The best potential match points to a book or collection rather than a journal article and does not include the cited author or year. No digital object identifier (DOI) was provided in the citation to aid automatic verification.

- [OAPEN Library record](https://library.oapen.org/handle/20.500.12657/88127)
- [Taylor & Francis book link](https://www.taylorfrancis.com/books/oa-edit/10.4324/9781032699028/global-governance-international-cooperation-richard-falk-augusto-lopez-claros)",0.333,0.667
"Raj, K. (2015). *Political polarization and electoral behavior*. Political Behavior, 37(3), 567-584.",Political Science,qwen3_8b_think,unverified,Reference could not be verified.,UNCONFIRMED,UNCONFIRMED,UNCONFIRMED,UNCONFIRMED,UNCONFIRMED,,,,,,,,,,,,,,,,,,,,,,,0,0,0,,0,"? Title | ? Authors | ? Year | ? Venue | ? ID

### Summary
No matching article titled ""Political polarization and electoral behavior"" by K. Raj from 2015 in the journal Political Behavior could be found. None of the core details such as title, author, year, or journal matched any available records, indicating that the reference could not be verified.

### Details
A search using the title, author name, year, and journal returned no matching records on OpenAlex. Further searches in scholarly databases also did not identify any corresponding article published in 2015 by K. Raj with the given title and journal. No potential matches were found in the evidence databases, and therefore the reference could not be confirmed.

- [OpenAlex Search](https://openalex.org)
- General scholarly search results from multiple academic sources",0.0,1.0
"Schmidt, A. (2018). *Theories of international relations: A critical review*. International Studies Quarterly, 62(4), 789-806.",Political Science,qwen3_8b_think,unverified,Reference could not be verified.,UNCONFIRMED,UNCONFIRMED,UNCONFIRMED,UNCONFIRMED,UNCONFIRMED,,,,,,,,,,,,,,,,,,,,,,,0,0,0,,0,"? Title | ? Authors | ? Year | ? Venue | ? ID

### Summary
No matching article titled ""Theories of international relations: A critical review"" by A. Schmidt in 2018 within International Studies Quarterly or related venues was found. The reference could not be confirmed based on available database searches.

### Details
A search in OpenAlex yielded no matching record for the given title, author, and year. Similarly, a comprehensive scholar search did not find any article matching the reference details exactly. Various related articles on international relations and authors named Schmidt appeared, but none matched the title, journal, volume, or pages specified in the original citation.

- https://openalex.org
- Google Scholar search results
- https://www.cambridge.org
- https://journals.sagepub.com",0.0,1.0
"Thompson, E. (2022). *Rethinking democratic accountability in digital age*. Political Theory, 50(5), 601-620.",Political Science,qwen3_8b_think,unverified,Reference could not be verified.,UNCONFIRMED,UNCONFIRMED,UNCONFIRMED,UNCONFIRMED,UNCONFIRMED,,,,,,,,,,,,,,,,,,,,,,,0,0,0,,0,"? Title | ? Authors | ? Year | ? Venue | ? ID

### Summary
No matching article titled ""Rethinking democratic accountability in digital age"" by E. Thompson in 2022 was found in the journal Political Theory or other sources searched. The verification process did not find any information confirming the authorship, title, year, or journal details.

### Details
A search on OpenAlex using the provided title, author, year, and journal found no matching records. Additional searches through scholarly sources also failed to identify any work with this exact combination of details. Related articles and books on political theory and democracy were found, but none matched the specific reference information given. This lack of evidence leads to the conclusion that the article could not be verified.

- https://openalex.org
- https://scholar.google.com",0.0,1.0
"Wilson, D. (2019). *Ethnic conflict and peacebuilding strategies*. Journal of Conflict Resolution, 63(8), 1234-1252.",Political Science,qwen3_8b_think,needs-human,Reference requires human review.,CONTAINS,UNCONFIRMED,UNCONFIRMED,CONTAINS,ABSENT,"Strategies in ""Ethnic"" Conflict",,,ResearchGate,,https://www.researchgate.net/publication/394495182_Strategies_in_Ethnic_Conflict,GOOGLE,0,0,2,1,2,Ethnic conflict and peacebuilding strategies,"Strategies in ""Ethnic"" Conflict","Wilson, D.",,2019,,Journal of Conflict Resolution,ResearchGate,,https://www.researchgate.net/publication/394495182_Strategies_in_Ethnic_Conflict,0,1,2,GOOGLE,0,"◐ Title | ? Authors | ? Year | ◐ Venue | ○ ID

### Summary
The reference titled ""Ethnic conflict and peacebuilding strategies"" by D. Wilson from 2019 needs further human review. The title and journal name were found in related sources but the authors and year could not be confidently confirmed.

### Details
A record with a similar title ""Strategies in \""Ethnic\"" Conflict"" was located on ResearchGate, which is a platform for preprints or social sharing, while the claimed venue is the Journal of Conflict Resolution, a peer-reviewed journal. This suggests the found document might be an earlier or different version of the cited article. There was no clear match for the author or the publication year in the available sources. This partial overlap explains why automatic verification could not conclusively confirm the reference.

- https://www.researchgate.net/publication/394495182_Strategies_in_Ethnic_Conflict
- https://doi.org/10.1080/13698249.2019.1667713",0.267,0.733
"Smith, J., & Johnson, L. (2018). *Advances in solar energy technologies*. Journal of Renewable Energy Research, 12(3), 45-60. https://doi.org/10.1234/jrer.2018.12345",Renewable energy,qwen3_8b_think,unverified,Reference could not be verified.,CONTAINS,UNCONFIRMED,UNCONFIRMED,UNCONFIRMED,UNCONFIRMED,Advances In Solar Energy Technology,,,,,https://jra.jacksonms.gov/browse/2ZJo3g/0OK013/advances-in__solar_energy-technology.pdf,GOOGLE,0,0,1,0,4,Advances in solar energy technologies,Advances In Solar Energy Technology,"Smith, J.; Johnson, L.",,2018,,Journal of Renewable Energy Research,,10.1234/jrer.2018.12345,,0,2,2,GOOGLE,0,"◐ Title | ? Authors | ? Year | ? Venue | ? DOI | ? URL

### Summary
The reference could not be verified as a match. Although the title ""Advances in solar energy technologies"" closely resembles a found document titled ""Advances In Solar Energy Technology,"" the authors, year, journal, and DOI information did not match any reliable sources.

### Details
A search for the DOI 10.1234/jrer.2018.12345 returned no results in the OpenAlex database, and the DOI link gave a 404 error, indicating it might be incorrect or inactive. The closest available document had a very similar title but lacked author and publication details to confirm it as the same source. Additional web searches found related documents, but none matched both author and journal information from the reference.

- https://doi.org/10.1234/jrer.2018.12345 (DOI resolution check)
- https://jra.jacksonms.gov/browse/2ZJo3g/0OK013/advances-in__solar_energy-technology.pdf (Closest matching document)",0.125,0.875
"Zhang, Y., Chen, X., & Wang, H. (2020). *Wind energy integration in smart grids: Challenges and solutions*. IEEE Transactions on Sustainable Energy, 11(2), 1123-1135. https://doi.org/10.1109/TSTE.2019.2938764",Renewable energy,qwen3_8b_think,unverified,Reference could not be verified.,UNCONFIRMED,UNCONFIRMED,UNCONFIRMED,UNCONFIRMED,UNCONFIRMED,,,,,,,,,,,,,,,,,,,,,,,0,0,0,,0,"? Title | ? Authors | ? Year | ? Venue | ? ID

### Summary
No matching article was found for the reference provided. The specific title, authors, publication year, and DOI did not correspond to any records in the databases searched.

### Details
A search for the DOI ""10.1109/TSTE.2019.2938764"" returned no results and produced a 404 error, indicating the DOI does not exist or is incorrect. Searches using the exact title ""Wind energy integration in smart grids: Challenges and solutions"" combined with the author names Zhang, Chen, and Wang, and the year 2020 also yielded no relevant records in IEEE Xplore, OpenAlex, or academic search engines. No closely related or potential matches were found, supporting that the reference could not be confirmed.

- https://doi.org/10.1109/TSTE.2019.2938764 (DOI check)
- IEEE Xplore and OpenAlex database searches
- Google and academic search results",0.0,1.0
International Energy Agency. (2021). *Renewable energy market update*. OECD/IEA. https://www.iea.org/reports/renewable-energy-market-update,Renewable energy,qwen3_8b_think,verified,International Energy Agency. (2021). Renewable Energy Market Update 2021 – Analysis. *IEA*. https://www.iea.org/reports/renewable-energy-market-update-2021,CONTAINS,MATCH,MATCH,CONTAINS,MATCH,Renewable Energy Market Update 2021 – Analysis,International Energy Agency,2021,IEA,,https://www.iea.org/reports/renewable-energy-market-update-2021,GOOGLE,3,0,2,0,0,Renewable energy market update,Renewable Energy Market Update 2021 – Analysis,International Energy Agency,International Energy Agency,2021,2021,OECD/IEA,IEA,https://www.iea.org/reports/renewable-energy-market-update,https://www.iea.org/reports/renewable-energy-market-update-2021,1,1,1,GOOGLE,0,"◐ Title | ✓ Authors | ✓ Year | ◐ Venue | ✓ URL

### Summary
This document was confirmed as published by the International Energy Agency in 2021 with a matching title, year, and author. The verified source corresponds closely to the published ""Renewable Energy Market Update 2021 – Analysis"" by IEA.

### Details
A matching record was identified with the exact author name ""International Energy Agency"" and the year 2021. The core title phrase ""Renewable energy market update"" matches well, despite slight subtitle differences showing an edition variation. The publication venue as ""IEA"" is contained within the cited ""OECD/IEA,"" indicating a joint organizational relationship. The provided URL references the official IEA report page for the 2021 edition, supporting the verification. Though the originally cited URL returned a 403 error on direct access, supplementary search sources confirmed its existence and detail.

- https://www.iea.org/reports/renewable-energy-market-update-2021
- https://doi.org/10.1787/faf30e5a-en",0.8,0.2
"Gupta, R., & Kumar, S. (2022). *Policy frameworks for renewable energy adoption: A global analysis*. Renewable and Sustainable Energy Reviews, 156, 111892. https://doi.org/10.1016/j.rser.2022.111892",Renewable energy,qwen3_8b_think,unverified,Reference could not be verified.,UNCONFIRMED,UNCONFIRMED,UNCONFIRMED,UNCONFIRMED,UNCONFIRMED,,,,,,,,,,,,,,,,,,,,,,,0,0,0,,0,"? Title | ? Authors | ? Year | ? Venue | ? ID

### Summary
No matching article could be found for the reference provided. The title, authors, year, journal, and DOI did not match any known records.

### Details
The DOI 10.1016/j.rser.2022.111892 was tested but could not be found in the DOI System, returning a 404 error. A search in OpenAlex also did not find any record corresponding to the provided metadata. A general scholar search for the paper title and authors yielded no relevant results. Therefore, this reference appears unverified as no matching record was found.

- https://doi.org/10.1016/j.rser.2022.111892
- https://openalex.org
- Scholar search results",0.0,1.0
"Lund, H. (2017). *Energy systems of the future: Integrating renewable energy sources*. Energy Policy, 108, 394-403. https://doi.org/10.1016/j.enpol.2017.05.043",Renewable energy,qwen3_8b_think,needs-human,Reference requires human review.,CONTRADICTION,CONTRADICTION,MATCH,MATCH,MATCH,Implications of Finland's plan to ban coal and cutting oil use,Peter D. Lund,2017,Energy Policy,10.1016/j.enpol.2017.05.043,https://doi.org/10.1016/j.enpol.2017.05.043,GOOGLE,3,2,0,0,0,Energy systems of the future: Integrating renewable energy sources,Implications of Finland's plan to ban coal and cutting oil use,"Lund, H.",Peter D. Lund,2017,2017,Energy Policy,Energy Policy,10.1016/j.enpol.2017.05.043,10.1016/j.enpol.2017.05.043,0,0,1,GOOGLE,1,"✗ Title | ✗ Authors | ✓ Year | ✓ Venue | ✓ DOI | ✓ URL

### Summary
The reference could not be fully verified because the title and author details do not match the record located by the provided DOI. While the journal and publication year are correct, the actual article linked to the DOI is different.

### Details
A matching record was found with the DOI 10.1016/j.enpol.2017.05.043 showing the article titled ""Implications of Finland's plan to ban coal and cutting oil use"" by Peter D. Lund, published in Energy Policy in 2017. However, the provided reference cites a different title ""Energy systems of the future: Integrating renewable energy sources"" by H. Lund. This mismatch in both title and author first name indicates the reference may have incorrect metadata. The publication year (2017) and journal name (Energy Policy) were confirmed to be correct.

- https://doi.org/10.1016/j.enpol.2017.05.043",0.1,0.9
National Renewable Energy Laboratory. (2020). *Energy storage technologies for renewable energy systems*. NREL Technical Report NREL/TP-5500-78901. https://www.nrel.gov/docs/fy20osti/78901.pdf,Renewable energy,qwen3_8b_think,verified,National Renewable Energy Laboratory. (2020). *Energy storage technologies for renewable energy systems* (NREL Technical Report NREL/TP-5500-78901). https://www.nrel.gov/docs/fy20osti/78901.pdf,MATCH,MATCH,MATCH,MATCH,MATCH,Energy storage technologies for renewable energy systems,National Renewable Energy Laboratory,2020,NREL Technical Report NREL/TP-5500-78901,,https://www.nrel.gov/docs/fy20osti/78901.pdf,GOOGLE,5,0,0,0,0,Energy storage technologies for renewable energy systems,Energy storage technologies for renewable energy systems,National Renewable Energy Laboratory,National Renewable Energy Laboratory,2020,2020,National Renewable Energy Laboratory,NREL Technical Report NREL/TP-5500-78901,https://www.nrel.gov/docs/fy20osti/78901.pdf,https://www.nrel.gov/docs/fy20osti/78901.pdf,1,1,1,GOOGLE,0,"✓ Title | ✓ Authors | ✓ Year | ✓ Venue | ✓ URL

### Summary
This technical report by the National Renewable Energy Laboratory was confirmed with the exact title ""Energy storage technologies for renewable energy systems"" and publication year 2020. The citation matches the NREL Technical Report number NREL/TP-5500-78901 exactly, confirming the reference details.

### Details
A matching record was found that shows all fields—the title, authors (National Renewable Energy Laboratory), year (2020), and report number—match precisely. Although the direct URL check returned a 404 error, the metadata and reference details align perfectly with the official NREL technical report. No conflicting evidence was found in external scholarly databases or search results.

- https://www.nrel.gov/docs/fy20osti/78901.pdf
- DOI and scholarly database searches did not find alternate versions but confirmed uniqueness of the report
- Google and scholar searches using the full citation returned no conflicting item",1.0,0.0
"Brown, T., & Lee, M. (2019). *Hydrogen as a renewable energy carrier: Opportunities and challenges*. International Journal of Hydrogen Energy, 44(35), 18921-18935. https://doi.org/10.1016/j.ijhydene.2019.05.132",Renewable energy,qwen3_8b_think,needs-human,Reference requires human review.,CONTRADICTION,CONTRADICTION,MATCH,MATCH,MATCH,Optimization and modeling of process parameters during hydrothermal gasification of biomass model compounds to generate hydrogen-rich gas products,Jude A. Okolie; Sonil Nanda; Ajay K. Dalai; Janusz A. Koziński,2019,International Journal of Hydrogen Energy,10.1016/j.ijhydene.2019.05.132,https://doi.org/10.1016/j.ijhydene.2019.05.132,GOOGLE,3,2,0,0,0,Hydrogen as a renewable energy carrier: Opportunities and challenges,Optimization and modeling of process parameters during hydrothermal gasification of biomass model compounds to generate hydrogen-rich gas products,"Brown, T.; Lee, M.",Jude A. Okolie; Sonil Nanda; Ajay K. Dalai; Janusz A. Koziński,2019,2019,International Journal of Hydrogen Energy,International Journal of Hydrogen Energy,10.1016/j.ijhydene.2019.05.132,10.1016/j.ijhydene.2019.05.132,0,0,1,GOOGLE,0,"✗ Title | ✗ Authors | ✓ Year | ✓ Venue | ✓ DOI | ✓ URL

### Summary
The reference could not be confidently verified because while the year, journal, and DOI match, the title and authors do not. The original citation and the found article describe different topics and list completely different authors.

### Details
A matching record was found for the DOI 10.1016/j.ijhydene.2019.05.132 in the International Journal of Hydrogen Energy from 2019, but it corresponds to a paper titled ""Optimization and modeling of process parameters during hydrothermal gasification of biomass model compounds to generate hydrogen-rich gas products,"" authored by Jude A. Okolie, Sonil Nanda, Ajay K. Dalai, and Janusz A. Koziński. This differs significantly from the cited title ""Hydrogen as a renewable energy carrier: Opportunities and challenges"" by Brown, T., & Lee, M. The DOI leads to a different paper, suggesting an issue with the DOI's association in the original reference, so human review is needed to resolve this discrepancy.

- https://doi.org/10.1016/j.ijhydene.2019.05.132",0.1,0.9
"Chen, L., & Zhang, Q. (2021). *Bioenergy production from agricultural waste: A life cycle assessment*. Biomass and Bioenergy, 145, 106021. https://doi.org/10.1016/j.biombioe.2021.106021",Renewable energy,qwen3_8b_think,unverified,Reference could not be verified.,UNCONFIRMED,UNCONFIRMED,UNCONFIRMED,UNCONFIRMED,UNCONFIRMED,,,,,,,,,,,,,,,,,,,,,,,0,0,0,,0,"? Title | ? Authors | ? Year | ? Venue | ? ID

### Summary
No matching article was found for the given reference. The DOI provided for the article could not be located in standard scholarly databases or in the DOI system, indicating that this reference may be incorrect or the article is not registered with this DOI.

### Details
A search using the DOI '10.1016/j.biombioe.2021.106021' returned no results in OpenAlex, and attempting to access the link revealed a 404 error, meaning the DOI does not lead to any available document. Additionally, extensive searches by title and authors did not find any closely matching publications in relevant journals or databases. This evidence suggests that the listed article could not be verified.

- https://doi.org/10.1016/j.biombioe.2021.106021
- OpenAlex search results
- Google Scholar search results",0.0,1.0
"Lee, S., & Park, J. (2023). *Geothermal energy potential in developing countries: A case study approach*. Geothermics, 105, 102134. https://doi.org/10.1016/j.geothermics.2022.102134",Renewable energy,qwen3_8b_think,unverified,Reference could not be verified.,UNCONFIRMED,UNCONFIRMED,UNCONFIRMED,UNCONFIRMED,UNCONFIRMED,,,,,,,,,,,,,,,,,,,,,,,0,0,0,,0,"? Title | ? Authors | ? Year | ? Venue | ? ID

### Summary
No matching article was found for the given reference. The provided DOI and article details did not correspond to any entry in the databases searched.

### Details
A search was performed using the DOI ""10.1016/j.geothermics.2022.102134"" and the article title ""Geothermal energy potential in developing countries: A case study approach"" by authors Lee and Park for the year 2023. No exact match was located in OpenAlex. Additionally, checking the DOI link returned a 404 error indicating the DOI is not registered or is incorrect. Google searches around the title and authors did not reveal any matching publications. These findings suggest that the reference could not be verified due to missing or incorrect indexing and DOI information.

- https://doi.org/10.1016/j.geothermics.2022.102134
- https://openalex.org
- Google Search Results",0.0,1.0
"Smith, J., & Lee, K. (2018). Rural electrification and economic development in China. *Journal of Rural Studies, 56*, 112–123. https://doi.org/10.1016/j.jrurstud.2017.08.004",Rural electrification,qwen3_8b_think,needs-human,Reference requires human review.,CONTRADICTION,CONTRADICTION,CONTAINS,MATCH,MATCH,International lifestyle immigrants and their contributions to rural tourism innovation: Experiences from Sweden's far north,Doris A. Carson; Dean B. Carson,2017,Journal of Rural Studies,10.1016/j.jrurstud.2017.08.004,https://doi.org/10.1016/j.jrurstud.2017.08.004,GOOGLE,2,2,1,0,0,Rural electrification and economic development in China.,International lifestyle immigrants and their contributions to rural tourism innovation: Experiences from Sweden's far north,"Smith, J.; Lee, K.",Doris A. Carson; Dean B. Carson,2018,2017,Journal of Rural Studies,Journal of Rural Studies,10.1016/j.jrurstud.2017.08.004,10.1016/j.jrurstud.2017.08.004,0,0,1,GOOGLE,0,"✗ Title | ✗ Authors | ◐ Year | ✓ Venue | ✓ DOI | ✓ URL

### Summary
The reference could not be confirmed because the title and authors differ significantly from the found record, even though the journal and year are close. This discrepancy suggests the DOI might be incorrect or mismatched.

### Details
A record was found under the given DOI 10.1016/j.jrurstud.2017.08.004, but it corresponds to a different article titled ""International lifestyle immigrants and their contributions to rural tourism innovation: Experiences from Sweden's far north"" authored by Doris A. Carson and Dean B. Carson from 2017. The cited reference claims different authors (Smith, J. and Lee, K.) and a different article title related to China in 2018, which conflicts with the matched DOI record. The journal name matches exactly as ""Journal of Rural Studies."" However, due to these contradictory details, human review is recommended.

- [DOI link](https://doi.org/10.1016/j.jrurstud.2017.08.004)",0.025,0.975
World Bank. (2015). *Electricity access: Progress and challenges*. World Bank Publications. https://doi.org/10.1596/978-1-4648-0455-3,Rural electrification,qwen3_8b_think,needs-human,Reference requires human review.,CONTRADICTION,MATCH,MATCH,CONTAINS,UNCONFIRMED,Meeting the Sustainable Development Goal for Electricity Access,World Bank,2015,World Bank Publications / Open Knowledge,,https://openknowledge.worldbank.org/entities/publication/ca68fb92-16c6-51bd-941c-85d4950f0fba,GOOGLE,2,1,1,0,1,Electricity access: Progress and challenges,Meeting the Sustainable Development Goal for Electricity Access,World Bank,World Bank,2015,2015,World Bank Publications,World Bank Publications / Open Knowledge,10.1596/978-1-4648-0455-3,,0,0,3,GOOGLE,0,"✗ Title | ✓ Authors | ✓ Year | ◐ Venue | ? DOI | ? URL

### Summary
This reference could not be conclusively verified because the title information conflicted with available records, although it matched the author (World Bank), year (2015), and publisher. The reference appears related but distinct from a similarly dated publication focused on meeting sustainable development goals for electricity access.

### Details
A matching record was found for a 2015 World Bank publication with the author ""World Bank"" and publisher ""World Bank Publications / Open Knowledge,"" but with the title ""Meeting the Sustainable Development Goal for Electricity Access,"" which differs in scope from the cited title ""Electricity access: Progress and challenges."" The DOI provided could not be found in official DOI systems, and no exact match for the DOI was returned by OpenAlex. Web searches confirmed related documents by the World Bank on electricity access but did not confirm the exact title or DOI. These discrepancies require human review to clarify the correct reference.

- https://openknowledge.worldbank.org/entities/publication/ca68fb92-16c6-51bd-941c-85d4950f0fba
- https://doi.org/10.1596/978-1-4648-0455-3 (Not Found)",0.175,0.825
"Islam, S. A. K. M. S. (2017). Renewable energy technologies for rural electrification: A case study of Bangladesh. *IEEE Power & Energy Society General Meeting, 2017*, 1–5. https://doi.org/10.1109/PESGM.2017.8270456",Rural electrification,qwen3_8b_think,unverified,Reference could not be verified.,UNCONFIRMED,UNCONFIRMED,UNCONFIRMED,UNCONFIRMED,UNCONFIRMED,,,,,,,,,,,,,,,,,,,,,,,0,0,0,,0,"? Title | ? Authors | ? Year | ? Venue | ? ID

### Summary
No matching article could be found for the reference provided. The DOI does not lead to any valid source, and the search did not identify any documented publication matching the author, title, or year.

### Details
A search using the DOI 10.1109/PESGM.2017.8270456 showed no results as this DOI returned a 404 error, indicating it is not registered or accessible. Additionally, searching OpenAlex yielded no record for this DOI or article. A general online search using the article title and author name also did not produce a direct match to this exact work. This evidence suggests the article could not be verified in available databases.

- https://doi.org/10.1109/PESGM.2017.8270456
- OpenAlex search
- General web search results",0.0,1.0
"Tang, L., & Zhang, Y. (2019). Solar home systems in rural Bangladesh: A techno-economic analysis. *Renewable and Sustainable Energy Reviews, 109*, 456–467. https://doi.org/10.1016/j.rser.2019.03.045",Rural electrification,qwen3_8b_think,needs-human,Reference requires human review.,CONTRADICTION,CONTRADICTION,MATCH,MATCH,MATCH,"Renewable energy integration impacts within the context of generator type, penetration level and grid characteristics",Ndamulelo Mararakanye; Bernard Bekker,2019,Renewable and Sustainable Energy Reviews,10.1016/j.rser.2019.03.045,https://doi.org/10.1016/j.rser.2019.03.045,GOOGLE,3,2,0,0,0,Solar home systems in rural Bangladesh: A techno-economic analysis,"Renewable energy integration impacts within the context of generator type, penetration level and grid characteristics","Tang, L.; Zhang, Y.",Ndamulelo Mararakanye; Bernard Bekker,2019,2019,Renewable and Sustainable Energy Reviews,Renewable and Sustainable Energy Reviews,10.1016/j.rser.2019.03.045,10.1016/j.rser.2019.03.045,0,0,1,GOOGLE,0,"✗ Title | ✗ Authors | ✓ Year | ✓ Venue | ✓ DOI | ✓ URL

### Summary
The reference could not be confirmed because the provided DOI points to a different article. Although the year and journal match, the title and authors are different from those given in the original reference.

### Details
A record was found for the DOI 10.1016/j.rser.2019.03.045 linking to an article titled ""Renewable energy integration impacts within the context of generator type, penetration level and grid characteristics"" authored by Ndamulelo Mararakanye and Bernard Bekker. This differs from the original citation which listed Tang, L. and Zhang, Y. as authors and a different article title about solar home systems in rural Bangladesh. Both have the year 2019 and were published in Renewable and Sustainable Energy Reviews, but the title and authors do not match. Web searches for the original title with the claimed authors yielded no results, and accessing the DOI URL returned an access restriction.

- https://doi.org/10.1016/j.rser.2019.03.045",0.1,0.9
International Energy Agency. (2017). *Off-grid renewable energy solutions for rural electrification*. IEA Publications. https://doi.org/10.1787/9789264274855-en,Rural electrification,qwen3_8b_think,unverified,Reference could not be verified.,UNCONFIRMED,UNCONFIRMED,UNCONFIRMED,UNCONFIRMED,UNCONFIRMED,,,,,,,,,,,,,,,,,,,,,,,0,0,0,,0,"? Title | ? Authors | ? Year | ? Venue | ? ID

### Summary
No matching publication by the International Energy Agency titled ""Off-grid renewable energy solutions for rural electrification"" from 2017 could be found. The DOI provided (10.1787/9789264274855-en) returned an error and does not exist in official records.

### Details
A search for the DOI 10.1787/9789264274855-en resulted in a 404 error, indicating the DOI does not exist or is not active. Further checks via OpenAlex and Google did not find any record of the publication under the given title, author, or year. A scholar search returned related articles on off-grid renewable energy but none matched the reference exactly. This strongly suggests the reference could not be verified.

- https://doi.org/10.1787/9789264274855-en
- OpenAlex (no record found)
- Google Scholar search results (no exact match)",0.0,1.0
"Wolski, P., & Sauer, T. (2019). The economic impact of rural electrification in sub-Saharan Africa. *Energy Policy, 129*, 112–121. https://doi.org/10.1016/j.enpol.2019.03.045",Rural electrification,qwen3_8b_think,needs-human,Reference requires human review.,CONTRADICTION,CONTRADICTION,MATCH,MATCH,MATCH,Heterogeneity in German Residential Electricity Consumption: A quantile regression approach,Manuel Frondel; Stephan Sommer; Colin Vance,2019,Energy Policy,10.1016/j.enpol.2019.03.045,https://doi.org/10.1016/j.enpol.2019.03.045,GOOGLE,3,2,0,0,0,The economic impact of rural electrification in sub-Saharan Africa,Heterogeneity in German Residential Electricity Consumption: A quantile regression approach,"Wolski, P.; Sauer, T.",Manuel Frondel; Stephan Sommer; Colin Vance,2019,2019,Energy Policy,Energy Policy,10.1016/j.enpol.2019.03.045,10.1016/j.enpol.2019.03.045,0,0,1,GOOGLE,0,"✗ Title | ✗ Authors | ✓ Year | ✓ Venue | ✓ DOI | ✓ URL

### Summary
The reference could not be confirmed because the details in key areas do not match. Although the year, journal, and DOI are the same, the authors and title are clearly different, indicating these are two different articles.

### Details
A matching record was found through the DOI search, but it corresponds to a different article titled ""Heterogeneity in German Residential Electricity Consumption: A quantile regression approach"" by Manuel Frondel, Stephan Sommer, and Colin Vance, not by Wolski and Sauer. The year 2019 and the journal Energy Policy matched exactly, but the title and authors contradict the original reference. No online search results support the existence of an article by Wolski and Sauer with the given title and DOI. This mismatch suggests that the DOI or reference details may be incorrect or mixed up.

- https://doi.org/10.1016/j.enpol.2019.03.045",0.1,0.9
"Kumar, R., & Singh, P. (2020). Decentralized energy systems for rural electrification: A comparative study. *Journal of Cleaner Production, 254*, 119987. https://doi.org/10.1016/j.jclepro.2020.119987",Rural electrification,qwen3_8b_think,needs-human,Reference requires human review.,CONTRADICTION,CONTRADICTION,MATCH,MATCH,MATCH,A robust optimization for agricultural crops area planning and industrial production level in the presence of effluent trading,Zhongwen Xu; Liming Yao; Xudong Chen,2020,Journal of Cleaner Production,10.1016/j.jclepro.2020.119987,https://doi.org/10.1016/j.jclepro.2020.119987,GOOGLE,3,2,0,0,0,Decentralized energy systems for rural electrification: A comparative study,A robust optimization for agricultural crops area planning and industrial production level in the presence of effluent trading,"Kumar, R.; Singh, P.",Zhongwen Xu; Liming Yao; Xudong Chen,2020,2020,Journal of Cleaner Production,Journal of Cleaner Production,10.1016/j.jclepro.2020.119987,10.1016/j.jclepro.2020.119987,0,0,1,GOOGLE,0,"✗ Title | ✗ Authors | ✓ Year | ✓ Venue | ✓ DOI | ✓ URL

### Summary
This reference could not be confidently verified because the DOI matches a different article than the one cited. The cited title and authors do not align with the paper found under the given DOI despite the year and journal matching.

### Details
A matching record was found under the DOI 10.1016/j.jclepro.2020.119987, which corresponds to an article titled ""A robust optimization for agricultural crops area planning and industrial production level in the presence of effluent trading"" by Xu, Yao, and Chen in the Journal of Cleaner Production, 2020. However, this differs significantly from the cited title ""Decentralized energy systems for rural electrification: A comparative study"" by Kumar and Singh. The year (2020) and journal match exactly, but authors and titles show clear contradictions. Because the DOI leads to another article entirely, the citation's validity is uncertain and requires human review.

- https://doi.org/10.1016/j.jclepro.2020.119987
- https://openalex.org/doi:10.1016/j.jclepro.2020.119987",0.1,0.9
United Nations Development Programme. (2021). *Sustainable rural electrification: Strategies and implementation*. UNDP Publications. https://doi.org/10.18356/6b8e5d3c-en,Rural electrification,qwen3_8b_think,unverified,Reference could not be verified.,CONTRADICTION,MATCH,UNCONFIRMED,UNCONFIRMED,UNCONFIRMED,Renewable Energy Electrification and Rural Productivity Zones,United Nations Development Programme,,,,https://www.undp.org/publications/integrated-sustainable-rural-development-renewable-energy-electrification-and-rural-productivity-zones,GOOGLE,1,1,0,0,3,Sustainable rural electrification: Strategies and implementation,Renewable Energy Electrification and Rural Productivity Zones,United Nations Development Programme,United Nations Development Programme,2021,,UNDP Publications,,10.18356/6b8e5d3c-en,,0,0,3,GOOGLE,0,"✗ Title | ✓ Authors | ? Year | ? Venue | ? DOI | ? URL

### Summary
The reference could not be verified because no matching publication was found with the exact title ""Sustainable rural electrification: Strategies and implementation"" by the United Nations Development Programme from 2021. Although the author matches perfectly, the title and publication details do not correspond to any found records.

### Details
A matching record under the title ""Renewable Energy Electrification and Rural Productivity Zones"" by the United Nations Development Programme was found, but this title differs significantly from the cited one and relates to a different subject. The DOI provided (10.18356/6b8e5d3c-en) returned a 404 error, indicating it is not registered or active. Search in OpenAlex and a general web search did not locate the cited publication or confirm the year and publisher details. This lack of consistent matches across key fields points to the reference not being verifiable.

- https://doi.org/10.18356/6b8e5d3c-en
- https://www.undp.org/publications/integrated-sustainable-rural-development-renewable-energy-electrification-and-rural-productivity-zones",0.0,1.0
"Chen, X., & Wang, H. (2022). Policy frameworks for rural electrification in developing countries. *Journal of Development Economics, 154*, 102589. https://doi.org/10.1016/j.jdeveco.2021.102589",Rural electrification,qwen3_8b_think,unverified,Reference could not be verified.,UNCONFIRMED,UNCONFIRMED,UNCONFIRMED,UNCONFIRMED,UNCONFIRMED,,,,,,,,,,,,,,,,,,,,,,,0,0,0,,0,"? Title | ? Authors | ? Year | ? Venue | ? ID

### Summary
No matching article or publication record was found for the reference provided. The digital object identifier (DOI) and other citation details such as title, authors, year, and journal could not be confirmed.

### Details
A search for the DOI '10.1016/j.jdeveco.2021.102589' returned no results, and the DOI system indicated a 404 error, meaning the DOI is not registered or accessible. Additionally, searches using the title ""Policy frameworks for rural electrification in developing countries"" and the author names did not yield any relevant matches in scholarly databases. Thus, there is no evidence supporting the existence of this article as cited.

- https://doi.org/10.1016/j.jdeveco.2021.102589
- OpenAlex database searches
- Google Scholar search results",0.0,1.0
"Rajput, M., & Gupta, A. (2023). Techno-economic analysis of hybrid energy systems for rural electrification. *International Journal of Electrical Power & Energy Systems, 152*, 113567. https://doi.org/10.1016/j.ijepes.2022.113567",Rural electrification,qwen3_8b_think,unverified,Reference could not be verified.,CONTAINS,CONTRADICTION,CONTRADICTION,UNCONFIRMED,UNCONFIRMED,Economic analysis of hybrid energy system for rural electrification using HOMER,J Kumari; P Subathra; JE Moses,2017,,,https://ieeexplore.ieee.org/abstract/document/8116824/,GOOGLE,0,2,1,0,2,Techno-economic analysis of hybrid energy systems for rural electrification,Economic analysis of hybrid energy system for rural electrification using HOMER,"Rajput, M.; Gupta, A.",J Kumari; P Subathra; JE Moses,2023,2017,International Journal of Electrical Power & Energy Systems,,10.1016/j.ijepes.2022.113567,,0,0,1,GOOGLE,0,"◐ Title | ✗ Authors | ✗ Year | ? Venue | ? DOI | ? URL

### Summary
The reference could not be verified because the authors and publication year do not match any found records. Although the title is similar to an existing work, the author names and year differ significantly.

### Details
A matching record with a similar title, ""Economic analysis of hybrid energy system for rural electrification using HOMER,"" was found from 2017 authored by J Kumari, P Subathra, and JE Moses. However, this does not correspond to the cited authors Rajput and Gupta nor the year 2023. Additionally, the DOI provided in the original reference (10.1016/j.ijepes.2022.113567) could not be found and led to a 404 error on the DOI system, indicating the identifier is not valid or not registered. No matching record with the cited details was found in OpenAlex or academic search.

- https://doi.org/10.1016/j.ijepes.2022.113567
- https://ieeexplore.ieee.org/abstract/document/8116824/",0.0,1.0
"Smith, J., & Johnson, L. (2018). *The impact of socioeconomic factors on school dropout rates*. Journal of Educational Research, 45(3), 112–125. https://doi.org/10.1080/00220671.2018.1456789",School dropout,qwen3_8b_think,unverified,Reference could not be verified.,UNCONFIRMED,UNCONFIRMED,UNCONFIRMED,UNCONFIRMED,UNCONFIRMED,,,,,,,,,,,,,,,,,,,,,,,0,0,0,,0,"? Title | ? Authors | ? Year | ? Venue | ? ID

### Summary
No matching article was found for this reference. The provided DOI did not lead to any existing record, and standard searches using the article's title and authors also returned no results.

### Details
A search using the DOI 10.1080/00220671.2018.1456789 did not find any corresponding article in the OpenAlex database. Checking the DOI URL resulted in a 404 error, indicating the DOI is not currently registered or active. Additionally, a search for the article title along with the authors' names and journal did not yield any matches in scholarly databases.

- https://doi.org/10.1080/00220671.2018.1456789
- OpenAlex database
- General scholarly search results",0.0,1.0
"Brown, T., & Davis, R. (2019). *Early warning indicators for dropout prevention: A longitudinal study*. Educational Psychology Review, 31(2), 234–256. https://doi.org/10.1007/s10648-018-9456-7",School dropout,qwen3_8b_think,unverified,Reference could not be verified.,UNCONFIRMED,UNCONFIRMED,UNCONFIRMED,UNCONFIRMED,UNCONFIRMED,,,,,,,,,,,,,,,,,,,,,,,0,0,0,,0,"? Title | ? Authors | ? Year | ? Venue | ? ID

### Summary
No matching article was found for the DOI, title, authors, year, or journal details provided. The reference could not be verified as it does not appear in standard scholarly databases or through direct DOI resolution.

### Details
A search for the DOI '10.1007/s10648-018-9456-7' in OpenAlex and the DOI system returned no matches and gave a 404 error, meaning the DOI is not active or does not exist. Additionally, a web search for the article title along with the authors and journal name also yielded no relevant results. This suggests the reference might be incorrect or not registered in common academic sources.

- https://doi.org/10.1007/s10648-018-9456-7
- OpenAlex database
- General web search results",0.0,1.0
"Lee, K., & Kim, H. (2020). *Cultural influences on educational attainment: A comparative analysis*. International Journal of Educational Development, 72, 102158. https://doi.org/10.1016/j.ijedudev.2020.102158",School dropout,qwen3_8b_think,needs-human,Reference requires human review.,CONTRADICTION,CONTRADICTION,MATCH,MATCH,MATCH,Why do women value credentials? Perceptions of gender inequality and credentialism in South Korea,Sung Won Kim; Cong Zhang; Hyeyon Chung; Yunjung Kim; Su Yon Choi,2020,International Journal of Educational Development,10.1016/j.ijedudev.2020.102158,https://doi.org/10.1016/j.ijedudev.2020.102158,GOOGLE,3,2,0,0,0,Cultural influences on educational attainment: A comparative analysis,Why do women value credentials? Perceptions of gender inequality and credentialism in South Korea,"Lee, K.; Kim, H.",Sung Won Kim; Cong Zhang; Hyeyon Chung; Yunjung Kim; Su Yon Choi,2020,2020,International Journal of Educational Development,International Journal of Educational Development,10.1016/j.ijedudev.2020.102158,10.1016/j.ijedudev.2020.102158,0,0,1,GOOGLE,0,"✗ Title | ✗ Authors | ✓ Year | ✓ Venue | ✓ DOI | ✓ URL

### Summary
The provided reference could not be conclusively verified because the DOI corresponds to a different article with a conflicting title and authorship. Although the year and journal matched, the title and author names did not align, indicating a likely error in the citation details.

### Details
A matching record was found with the exact DOI ""10.1016/j.ijedudev.2020.102158"", year 2020, and published in the International Journal of Educational Development. However, this record is for an article titled ""Why do women value credentials? Perceptions of gender inequality and credentialism in South Korea"" by authors Sung Won Kim, Cong Zhang, Hyeyon Chung, Yunjung Kim, and Su Yon Choi. The referenced article ""Cultural influences on educational attainment: A comparative analysis"" by Lee K. and Kim H. does not match this information, suggesting the DOI or other citation elements may be incorrect.

- https://doi.org/10.1016/j.ijedudev.2020.102158",0.1,0.9
National Center for Education Statistics. (2017). *Dropout rates in the United States: 2016*. U.S. Department of Education. https://nces.ed.gov,School dropout,qwen3_8b_think,verified,"National Center for Education Statistics. (2017). *Digest of Education Statistics, 2016 (NCES 2017-094)*. Institute of Education Sciences, U.S. Department of Education. https://nces.ed.gov/pubs2017/2017094.pdf",CONTAINS,MATCH,MATCH,CONTAINS,MATCH,"Digest of Education Statistics, 2016 (NCES 2017-094)",National Center for Education Statistics,2017,"Institute of Education Sciences, U.S. Department of Education",,https://nces.ed.gov/pubs2017/2017094.pdf,GOOGLE,3,0,2,0,0,Dropout rates in the United States: 2016,"Digest of Education Statistics, 2016 (NCES 2017-094)",National Center for Education Statistics,National Center for Education Statistics,2017,2017,U.S. Department of Education,"Institute of Education Sciences, U.S. Department of Education",https://nces.ed.gov,https://nces.ed.gov/pubs2017/2017094.pdf,1,1,1,GOOGLE,0,"◐ Title | ✓ Authors | ✓ Year | ◐ Venue | ✓ URL

### Summary
This reference was confirmed as part of the broader publication titled ""Digest of Education Statistics, 2016 (NCES 2017-094)"" published in 2017 by the National Center for Education Statistics under the U.S. Department of Education. The chapter titled ""Dropout rates in the United States: 2016"" aligns with the reference's title within this comprehensive document.

### Details
A matching record was found where the authors, year, and digital identifier matched exactly. The title ""Dropout rates in the United States: 2016"" is a section within the ""Digest of Education Statistics, 2016"" publication. The venue matches as the Institute of Education Sciences is part of the U.S. Department of Education, reflecting consistent organizational attribution. Supporting evidence includes access to the official document at https://nces.ed.gov/pubs2017/2017094.pdf and confirmation from searches returning the exact publication and relevant statistical data.

- https://nces.ed.gov/pubs2017/2017094.pdf
- https://nces.ed.gov
- https://nces.ed.gov/programs/dropout/intro.asp",0.8,0.2
"Fitzsimons, E., & Smith, A. (2015). *School climate and student retention: A meta-analysis*. Journal of School Psychology, 53(4), 456–473. https://doi.org/10.1016/j.jsp.2015.04.003",School dropout,qwen3_8b_think,unverified,Reference could not be verified.,UNCONFIRMED,UNCONFIRMED,UNCONFIRMED,UNCONFIRMED,UNCONFIRMED,,,,,,,,,,,,,,,,,,,,,,,0,0,0,,0,"? Title | ? Authors | ? Year | ? Venue | ? ID

### Summary
No matching article was found for the reference to Fitzsimons and Smith (2015) titled ""School climate and student retention: A meta-analysis"" in the Journal of School Psychology. The details including the DOI, authors, title, year, and journal could not be confirmed.

### Details
A search for the DOI 10.1016/j.jsp.2015.04.003 returned an error 404 not found, indicating the DOI does not exist in the DOI system. Additionally, a direct search by metadata in OpenAlex and Google Scholar yielded no results matching the reference's authors, title, or publication venue. The metadata fields such as title, authors, year, and journal could not be confirmed from any sources queried.

- https://doi.org/10.1016/j.jsp.2015.04.003
- https://psycnet.apa.org/
- https://openalex.org/",0.0,1.0
World Bank. (2016). *Education for all: Progress on meeting the learning goals*. World Bank Publications. https://doi.org/10.1596/978-1-4648-0453-3,School dropout,qwen3_8b_think,verified-with-error,World Bank. (2016). Education for all: Progress on meeting the learning goals. *World Bank Publications*. https://documents1.worldbank.org/curated/en/389391468339911781/pdf/603850NEWS0San1ion0for0All01PUBLIC1.pdf,CONTAINS,MATCH,MATCH,MATCH,UNCONFIRMED,Education for All,World Bank,2016,World Bank Publications,,https://documents1.worldbank.org/curated/en/389391468339911781/pdf/603850NEWS0San1ion0for0All01PUBLIC1.pdf,GOOGLE,3,0,1,0,1,Education for all: Progress on meeting the learning goals,Education for All,World Bank,World Bank,2016,2016,World Bank Publications,World Bank Publications,10.1596/978-1-4648-0453-3,,1,1,1,GOOGLE,0,"◐ Title | ✓ Authors | ✓ Year | ✓ Venue | ? DOI | ? URL

### Summary
This publication by the World Bank from 2016 was confirmed, with matching author and year details, and it is indeed from World Bank Publications. The title matches closely, although the subtitle is omitted in the candidate record, which refers to the same document. However, the DOI provided cannot be verified as it appears not to be registered or currently active in the DOI system.

### Details
A matching record was found for the World Bank publication titled ""Education for All"" from 2016 at World Bank Publications, confirming the author and year exactly. The title matches the core part of the citation, with the subtitle omitted but clearly referring to the same work. The DOI 10.1596/978-1-4648-0453-3 could not be confirmed in DOI databases and leads to a 404 error, indicating it may be incorrect or not activated. Additional search found a relevant PDF directly on the World Bank website, supporting the existence of the document but without a DOI.

- https://documents1.worldbank.org/curated/en/389391468339911781/pdf/603850NEWS0San1ion0for0All01PUBLIC1.pdf
- https://doi.org/10.1596/978-1-4648-0453-3 (not found)",0.625,0.375
"Gill, P., & Patel, R. (2014). *The role of parental involvement in preventing school dropout*. Journal of Family Issues, 35(10), 1234–1252. https://doi.org/10.1177/0192513X14537890",School dropout,qwen3_8b_think,unverified,Reference could not be verified.,UNCONFIRMED,UNCONFIRMED,UNCONFIRMED,UNCONFIRMED,UNCONFIRMED,,,,,,,,,,,,,,,,,,,,,,,0,0,0,,0,"? Title | ? Authors | ? Year | ? Venue | ? ID

### Summary
No matching article could be found for the reference by Gill and Patel (2014) titled ""The role of parental involvement in preventing school dropout"" in the Journal of Family Issues. The DOI provided does not exist, and there were no credible records matching the authors, title, year, or journal.

### Details
A search using the given DOI 10.1177/0192513X14537890 revealed it is not registered or active in the DOI system, returning a 404 error. Searches on OpenAlex and academic databases returned no matching articles with the specified authors, title, year, or journal. Related articles found discussed parental involvement and school dropout issues but none matched the exact details of the reference.

- https://doi.org/10.1177/0192513X14537890
- https://openalex.org
- Various academic search engine results",0.0,1.0
OECD. (2013). *Dropout rates and the transition to work: A cross-country analysis*. OECD Publishing. https://doi.org/10.1787/9789264203516-en,School dropout,qwen3_8b_think,verified-with-error,OECD. (2013). *How difficult is it to move from school to work?* OECD Publishing. https://www.oecd.org/content/dam/oecd/en/publications/reports/2013/05/how-difficult-is-it-to-move-from-school-to-work_g17a2302/5k44zcplv70q-en.pdf,CONTAINS,MATCH,MATCH,MATCH,UNCONFIRMED,How difficult is it to move from school to work?,OECD,2013,OECD Publishing,,https://www.oecd.org/content/dam/oecd/en/publications/reports/2013/05/how-difficult-is-it-to-move-from-school-to-work_g17a2302/5k44zcplv70q-en.pdf,GOOGLE,3,0,1,0,1,Dropout rates and the transition to work: A cross-country analysis,How difficult is it to move from school to work?,OECD,OECD,2013,2013,OECD Publishing,OECD Publishing,10.1787/9789264203516-en,,1,1,3,GOOGLE,0,"◐ Title | ✓ Authors | ✓ Year | ✓ Venue | ? DOI | ? URL

### Summary
This publication by the OECD from 2013 was confirmed with matching authors, year, and publisher. However, the title does not exactly match: the verified document is titled ""How difficult is it to move from school to work?"" which relates closely to the cited title ""Dropout rates and the transition to work: A cross-country analysis."" The DOI in the citation could not be confirmed because it returns an error.

### Details
A matching record was found for an OECD publication from 2013 by the same author and publisher. The titles differ but are semantically related, indicating they likely refer to the same or a very similar work. The year 2013 and the publisher OECD Publishing match exactly. The DOI 10.1787/9789264203516-en could not be verified because it returned a 404 error and was not found in the DOI system. This suggests the DOI might be incorrect or no longer valid.

- https://www.oecd.org/content/dam/oecd/en/publications/reports/2013/05/how-difficult-is-it-to-move-from-school-to-work_g17a2302/5k44zcplv70q-en.pdf
- https://doi.org/10.1787/9789264203516-en (404 error)",0.625,0.375
"Taylor, M., & White, S. (2012). *School dropout and mental health: A longitudinal study*. Journal of Adolescence, 35(6), 1123–1135. https://doi.org/10.1016/j.adolescence.2012.05.007",School dropout,qwen3_8b_think,needs-human,Reference requires human review.,CONTRADICTION,CONTRADICTION,MATCH,MATCH,MATCH,The influence of emotional intelligence (EI) on coping and mental health in adolescence: Divergent roles for trait and ability EI,Sarah K. Davis; Neil Humphrey,2012,Journal of Adolescence,10.1016/j.adolescence.2012.05.007,https://doi.org/10.1016/j.adolescence.2012.05.007,GOOGLE,3,2,0,0,0,School dropout and mental health: A longitudinal study,The influence of emotional intelligence (EI) on coping and mental health in adolescence: Divergent roles for trait and ability EI,"Taylor, M.; White, S.",Sarah K. Davis; Neil Humphrey,2012,2012,Journal of Adolescence,Journal of Adolescence,10.1016/j.adolescence.2012.05.007,10.1016/j.adolescence.2012.05.007,0,0,1,GOOGLE,0,"✗ Title | ✗ Authors | ✓ Year | ✓ Venue | ✓ DOI | ✓ URL

### Summary
The reference could not be conclusively verified as it shows conflicting information. While the year, journal, and DOI match, the title and authors do not correspond with the provided reference, suggesting a DOI mismatch or error.

### Details
A matching record was found with the DOI 10.1016/j.adolescence.2012.05.007, which points to a different article titled ""The influence of emotional intelligence (EI) on coping and mental health in adolescence: Divergent roles for trait and ability EI"" by Sarah K. Davis and Neil Humphrey, published in the Journal of Adolescence in 2012. The provided citation listing Taylor and White as authors and the title ""School dropout and mental health: A longitudinal study"" does not align with this record, indicating the DOI may be incorrectly assigned in the citation.

- https://doi.org/10.1016/j.adolescence.2012.05.007",0.1,0.9
University of Michigan. (2018). *Dissertation: The effect of educational policy on dropout rates in urban schools*. ProQuest Dissertations and Theses. https://doi.org/10.32471/umich.2018.1234567,School dropout,qwen3_8b_think,unverified,Reference could not be verified.,UNCONFIRMED,UNCONFIRMED,UNCONFIRMED,UNCONFIRMED,UNCONFIRMED,,,,,,,,,,,,,,,,,,,,,,,0,0,0,,0,"? Title | ? Authors | ? Year | ? Venue | ? ID

### Summary
No matching dissertation or record was found for the University of Michigan work titled ""Dissertation: The effect of educational policy on dropout rates in urban schools"" from 2018. The DOI provided does not exist in the official DOI system, and no other matching documents were retrieved from related scholarly sources.

### Details
A search for the DOI 10.32471/umich.2018.1234567 in OpenAlex and the DOI system returned no results, indicating the identifier is not registered or valid. The URL linked to the DOI led to a 404 error page, further confirming the DOI is non-existent or incorrectly recorded. Additionally, a Google search for the dissertation title and author did not yield any matching dissertation on ProQuest or other platforms. The query returned related but unrelated documents, none corresponding directly to the given reference.

- https://doi.org/10.32471/umich.2018.1234567 (DOI check)
- OpenAlex search
- Google search results",0.0,1.0
"Smith, J., & Lee, K. (2018). *Community-based interventions for rural school dropout prevention: A longitudinal study*. Journal of Educational Research, 112(4), 312–325. https://doi.org/10.1080/00220671.2018.1456789",School dropout prevention programs in rural areas,qwen3_8b_think,unverified,Reference could not be verified.,UNCONFIRMED,UNCONFIRMED,UNCONFIRMED,UNCONFIRMED,UNCONFIRMED,,,,,,,,,,,,,,,,,,,,,,,0,0,0,,0,"? Title | ? Authors | ? Year | ? Venue | ? ID

### Summary
No matching article could be found for the provided reference. The DOI link leads to a 404 error, and no record corresponding to the title, authors, or year was identified.

### Details
A search was conducted using the DOI 10.1080/00220671.2018.1456789, but it is not found in the DOI system, resulting in a 'not found' error. Searches in OpenAlex and through scholarly databases returned no matching article for the given authors (Smith, J., Lee, K.), title, or year 2018. The closest related search results pertain to different titles, years, or authors unrelated to this reference.

- https://doi.org/10.1080/00220671.2018.1456789
- OpenAlex search (DOI and metadata lookup)
- Google Scholar query for title and authors",0.0,1.0
"Garcia, M., Patel, R., & Thompson, L. (2020). *Rural school dropout prevention: The role of mentorship programs*. Rural Education Quarterly, 25(2), 45–60. https://doi.org/10.1177/1076990920912345",School dropout prevention programs in rural areas,qwen3_8b_think,unverified,Reference could not be verified.,UNCONFIRMED,UNCONFIRMED,UNCONFIRMED,UNCONFIRMED,UNCONFIRMED,,,,,,,,,,,,,,,,,,,,,,,0,0,0,,0,"? Title | ? Authors | ? Year | ? Venue | ? ID

### Summary
No matching article could be found for the reference provided. Attempts to verify the DOI, authors, title, and publication details yielded no evidence of this article existing in the databases searched.

### Details
A search using the DOI 10.1177/1076990920912345 did not return any results, and the link itself returned a 404 error, indicating the DOI cannot be found in the official DOI system. Additionally, a broader online search using the full citation information did not reveal a matching publication in the named journal Rural Education Quarterly or anywhere else. There were no close matches to the authors, title, or publication year 2020, suggesting that this reference is either incorrect, not yet indexed, or possibly fabricated.

- https://doi.org/10.1177/1076990920912345
- https://files.eric.ed.gov/fulltext/ED648095.pdf
- https://pmc.ncbi.nlm.nih.gov/articles/PMC12894666/
- https://psycnet.apa.org/record/2017-06729-000
- https://scholarsjunction.msstate.edu/cgi/viewcontent.cgi?article=1439&context=jhse",0.0,1.0
"Johnson, T., & Williams, S. (2019). *Economic factors and educational outcomes in rural schools: Implications for dropout prevention*. Educational Policy Analysis, 27(1), 1–22. https://doi.org/10.1234/epa.2019.001",School dropout prevention programs in rural areas,qwen3_8b_think,unverified,Reference could not be verified.,CONTRADICTION,CONTRADICTION,MATCH,CONTRADICTION,UNCONFIRMED,Circumstances preceding dropout among rural high school students: A comparison with urban peers,V Dupéré; M Goulet; I Archambault,2019,in Rural Education,,https://pmc.ncbi.nlm.nih.gov/articles/PMC10372782/,GOOGLE,1,3,0,0,1,Economic factors and educational outcomes in rural schools: Implications for dropout prevention,Circumstances preceding dropout among rural high school students: A comparison with urban peers,"Johnson, T.; Williams, S.",V Dupéré; M Goulet; I Archambault,2019,2019,Educational Policy Analysis,in Rural Education,10.1234/epa.2019.001,,0,0,3,GOOGLE,0,"✗ Title | ✗ Authors | ✓ Year | ✗ Venue | ? DOI | ? URL

### Summary
No matching article could be found for the reference by Johnson and Williams (2019) titled ""Economic factors and educational outcomes in rural schools: Implications for dropout prevention."" The year 2019 matches, but the title, authors, venue, and DOI showed contradictions with available records.

### Details
The title cited focuses on economic factors and educational outcomes relating to dropout prevention, but no corresponding article with those details was found. The author names Johnson, T. and Williams, S. do not match those found in similar research outputs, which included Dupéré, V., Goulet, M., and Archambault, I. The journal title ""Educational Policy Analysis"" differs from the available related article venue, ""in Rural Education."" Additionally, the provided DOI link returned an error 404, indicating it is not registered or active in DOI systems. Searches on OpenAlex and scholarly databases failed to locate the cited work, confirming no evidence supports the reference's accuracy.

- [DOI Check Result](https://doi.org/10.1234/epa.2019.001)
- [PMC Article with Different Details](https://pmc.ncbi.nlm.nih.gov/articles/PMC10372782/)",0.0,1.0
"Brown, A., & Davis, P. (2017). *School dropout prevention in rural America: A case study of community partnerships*. Technical Report No. 456. U.S. Department of Education.",School dropout prevention programs in rural areas,qwen3_8b_think,unverified,Reference could not be verified.,CONTRADICTION,UNCONFIRMED,MATCH,CONTRADICTION,ABSENT,Community Schools as an Effective School Improvement Strategy,,2017,Learning Policy Institute,,https://learningpolicyinstitute.org/sites/default/files/product-files/Community_Schools_Effective_REPORT.pdf,GOOGLE,1,2,0,1,1,School dropout prevention in rural America: A case study of community partnerships,Community Schools as an Effective School Improvement Strategy,"Brown, A.; Davis, P.",,2017,2017,U.S. Department of Education,Learning Policy Institute,,https://learningpolicyinstitute.org/sites/default/files/product-files/Community_Schools_Effective_REPORT.pdf,0,1,3,GOOGLE,0,"✗ Title | ? Authors | ✓ Year | ✗ Venue | ○ ID

### Summary
No matching report titled ""School dropout prevention in rural America: A case study of community partnerships"" by Brown and Davis from 2017 could be found. While the year matches, the title and publisher differ from available records, indicating the reference could not be verified.

### Details
A search through academic and web resources did not find a record that matches the exact title of the citation. The year 2017 aligns with a found report, but that report is titled ""Community Schools as an Effective School Improvement Strategy"" published by the Learning Policy Institute, which differs from the U.S. Department of Education publisher listed in the citation. Additionally, no DOI or direct identifier was found to link the citation to a verified source. This evidence suggests the citation refers to a document not found in standard databases or publicly accessible repositories.

- https://learningpolicyinstitute.org/sites/default/files/product-files/Community_Schools_Effective_REPORT.pdf",0.0,1.0
"Chen, Y., & Kim, H. (2021). *Technology integration in rural schools: Bridging the gap in dropout prevention*. Journal of Rural Education, 36(3), 89–105. https://doi.org/10.1177/08845333211001234",School dropout prevention programs in rural areas,qwen3_8b_think,needs-human,Reference requires human review.,CONTAINS,CONTRADICTION,UNCONFIRMED,CONTAINS,UNCONFIRMED,The challenges and solutions of technology integration in rural schools: A systematic literature review,Faisal Mustafa,,ResearchGate,,https://www.researchgate.net/publication/380531570_The_challenges_and_solutions_of_technology_integration_in_rural_schools_A_systematic_literature_review,GOOGLE,0,1,2,0,2,Technology integration in rural schools: Bridging the gap in dropout prevention,The challenges and solutions of technology integration in rural schools: A systematic literature review,"Chen, Y.; Kim, H.",Faisal Mustafa,2021,,Journal of Rural Education,ResearchGate,10.1177/08845333211001234,,0,0,3,GOOGLE,0,"◐ Title | ✗ Authors | ? Year | ◐ Venue | ? DOI | ? URL

### Summary
The reference could not be conclusively verified because the authors and year do not match any found records. While the title phrase about technology integration in rural schools matches, the author names Chen, Y. and Kim, H. differ completely from the found author Faisal Mustafa. Also, the provided DOI leads to a non-existent page.

### Details
A matching record was found on ResearchGate with a similar title focused on technology integration in rural schools, but with different wording and only one author named Faisal Mustafa. The year and DOI from the original reference could not be confirmed since the DOI link results in a 404 error, indicating it may be incorrect or inactive. No matching publication under the cited authors and journal could be found through OpenAlex or search engines.

- https://doi.org/10.1177/08845333211001234 (DOI leads to error 404)
- https://www.researchgate.net/publication/380531570_The_challenges_and_solutions_of_technology_integration_in_rural_schools_A_systematic_literature_review",0.0,1.0
"Miller, R., & Taylor, L. (2016). *Rural school dropout prevention: The impact of transportation and access*. Rural Sociology, 81(4), 678–695. https://doi.org/10.1111/ruso.12156",School dropout prevention programs in rural areas,qwen3_8b_think,needs-human,Reference requires human review.,CONTRADICTION,CONTRADICTION,CONTAINS,MATCH,MATCH,Where Are the Missing Coauthors? Authorship Practices in Participatory Research,Daniel Sarna‐Wojcicki; Meg Perret; M. V. Eitzel; Louise Fortmann,2017,Rural Sociology,10.1111/ruso.12156,https://doi.org/10.1111/ruso.12156,GOOGLE,2,2,1,0,0,Rural school dropout prevention: The impact of transportation and access,Where Are the Missing Coauthors? Authorship Practices in Participatory Research,"Miller, R.; Taylor, L.",Daniel Sarna‐Wojcicki; Meg Perret; M. V. Eitzel; Louise Fortmann,2016,2017,Rural Sociology,Rural Sociology,10.1111/ruso.12156,10.1111/ruso.12156,0,0,1,GOOGLE,1,"✗ Title | ✗ Authors | ◐ Year | ✓ Venue | ✓ DOI | ✓ URL

### Summary
The reference could not be fully verified due to conflicting information. The DOI provided points to a different article published in the same journal and year but with different authors and a different title.

### Details
A matching record was found with the DOI 10.1111/ruso.12156, but it corresponds to an article titled ""Where Are the Missing Coauthors? Authorship Practices in Participatory Research,"" authored by Daniel Sarna‐Wojcicki, Meg Perret, M. V. Eitzel, and Louise Fortmann, published in 2017 in Rural Sociology. This differs significantly from the cited article titled ""Rural school dropout prevention: The impact of transportation and access"" by Miller, R., and Taylor, L., listed as published in 2016. The journal name (Rural Sociology) matches, but the authors and titles do not. Attempts to find the cited article through additional searches yielded no results. The URL check was inconclusive due to website access restrictions.

- https://doi.org/10.1111/ruso.12156",0.025,0.975
"Nguyen, T., & Tran, H. (2022). *Cultural relevance in rural dropout prevention programs: A qualitative analysis*. Journal of Educational Psychology, 114(5), 789–805. https://doi.org/10.1037/edu0000678",School dropout prevention programs in rural areas,qwen3_8b_think,needs-human,Reference requires human review.,CONTRADICTION,CONTRADICTION,CONTAINS,MATCH,MATCH,"The mathematical, motivational, and cognitive characteristics of high mathematics achievers in primary school.",Merel Bakker; Joke Torbeyns; Lieven Verschaffel; Bert De Smedt,2021,Journal of Educational Psychology,10.1037/edu0000678,https://doi.org/10.1037/edu0000678,GOOGLE,2,2,1,0,0,Cultural relevance in rural dropout prevention programs: A qualitative analysis,"The mathematical, motivational, and cognitive characteristics of high mathematics achievers in primary school.","Nguyen, T.; Tran, H.",Merel Bakker; Joke Torbeyns; Lieven Verschaffel; Bert De Smedt,2022,2021,Journal of Educational Psychology,Journal of Educational Psychology,10.1037/edu0000678,10.1037/edu0000678,0,0,1,GOOGLE,0,"✗ Title | ✗ Authors | ◐ Year | ✓ Venue | ✓ DOI | ✓ URL

### Summary
The reference could not be conclusively verified because the DOI provided corresponds to a different article than the one cited. The journal and year are close, but the authors and title do not match, indicating a mismatch or incorrect DOI.

### Details
The DOI 10.1037/edu0000678 leads to an article titled ""The mathematical, motivational, and cognitive characteristics of high mathematics achievers in primary school"" published in the Journal of Educational Psychology in 2021, authored by Merel Bakker, Joke Torbeyns, Lieven Verschaffel, and Bert De Smedt. However, the cited article concerns cultural relevance in rural dropout prevention by Nguyen and Tran in 2022, reflecting different authors and topic. The journal name matched exactly, and the year was within one year, but author names and titles strongly contradict, indicating the citation's DOI may be incorrect or misplaced.

- https://doi.org/10.1037/edu0000678",0.025,0.975
"White, E., & Green, J. (2015). *Rural school dropout prevention: Policy and practice in the 21st century*. Educational Policy, 29(3), 456–478. https://doi.org/10.1177/0895904815573456",School dropout prevention programs in rural areas,qwen3_8b_think,unverified,Reference could not be verified.,CONTRADICTION,UNCONFIRMED,MATCH,CONTRADICTION,UNCONFIRMED,Rural School Dropout Issues,,2015,dropoutprevention.org,,https://dropoutprevention.org/wp-content/uploads/2015/05/13_Rural_School_Dropout_Issues_Report.pdf,GOOGLE,1,2,0,0,2,Rural school dropout prevention: Policy and practice in the 21st century,Rural School Dropout Issues,"White, E.; Green, J.",,2015,2015,Educational Policy,dropoutprevention.org,10.1177/0895904815573456,,0,0,1,GOOGLE,0,"✗ Title | ? Authors | ✓ Year | ✗ Venue | ? DOI | ? URL

### Summary
The reference could not be verified as the provided article does not match available records. The title and publication source differ significantly, and the DOI leads to a dead link.

### Details
A search found no record for the DOI or title ""Rural school dropout prevention: Policy and practice in the 21st century"" in the journal Educational Policy. The DOI returns a 404 error, indicating it is not valid or not registered. The closest related document found is a report named ""Rural School Dropout Issues"" published by dropoutprevention.org in 2015, which does not match the author's list or journal details of the original citation.

- https://doi.org/10.1177/0895904815573456
- https://dropoutprevention.org/wp-content/uploads/2015/05/13_Rural_School_Dropout_Issues_Report.pdf",0.0,1.0
"Lee, S., & Park, J. (2020). *The role of family engagement in rural school retention: A systematic review*. Journal of School Psychology, 85, 112–128. https://doi.org/10.1016/j.jsp.2020.03.004",School dropout prevention programs in rural areas,qwen3_8b_think,unverified,Reference could not be verified.,CONTRADICTION,CONTRADICTION,MATCH,CONTRADICTION,CONTRADICTION,The effects of family-school partnership interventions on academic and social-emotional functioning: A meta-analysis exploring what works for whom,T E Smith; S M Sheridan; E M Kim; S Park,2020,Educational Psychology,10.1007/s10648-019-09509-w,https://link.springer.com/article/10.1007/s10648-019-09509-w,GOOGLE,1,4,0,0,0,The role of family engagement in rural school retention: A systematic review,The effects of family-school partnership interventions on academic and social-emotional functioning: A meta-analysis exploring what works for whom,"Lee, S.; Park, J.",T E Smith; S M Sheridan; E M Kim; S Park,2020,2020,Journal of School Psychology,Educational Psychology,10.1016/j.jsp.2020.03.004,10.1007/s10648-019-09509-w,0,0,1,GOOGLE,0,"✗ Title | ✗ Authors | ✓ Year | ✗ Venue | ✗ DOI | ? URL

### Summary
No matching article could be found for the provided reference by Lee and Park (2020) in the Journal of School Psychology. The details of the citation, including the title, authors, journal name, and DOI, do not align with any records found during verification.

### Details
A search using the DOI 10.1016/j.jsp.2020.03.004 returned no valid record, and the DOI link showed a 404 Not Found error. The provided title about family engagement in rural school retention conflicts with another found publication that analyzes family-school partnership interventions and their effects, which has different authors and appears in a different journal named Educational Psychology. The year 2020 is consistent, but significant differences in authorship, article title, journal, and DOI confirm that the cited reference could not be verified.

- https://doi.org/10.1016/j.jsp.2020.03.004
- https://link.springer.com/article/10.1007/s10648-019-09509-w",0.0,1.0
"Anderson, K., & Harris, M. (2018). *Rural school dropout prevention through vocational training programs*. Technical Report No. 789. National Center for Education Statistics.",School dropout prevention programs in rural areas,qwen3_8b_think,unverified,Reference could not be verified.,CONTRADICTION,UNCONFIRMED,CONTRADICTION,CONTRADICTION,ABSENT,Rural School Dropout Issues,,2015,National Dropout Prevention Center / dropoutprevention.org,,https://dropoutprevention.org/wp-content/uploads/2015/05/13_Rural_School_Dropout_Issues_Report.pdf,GOOGLE,0,3,0,1,1,Rural school dropout prevention through vocational training programs,Rural School Dropout Issues,"Anderson, K.; Harris, M.",,2018,2015,National Center for Education Statistics,National Dropout Prevention Center / dropoutprevention.org,,https://dropoutprevention.org/wp-content/uploads/2015/05/13_Rural_School_Dropout_Issues_Report.pdf,0,0,3,GOOGLE,0,"✗ Title | ? Authors | ✗ Year | ✗ Venue | ○ ID

### Summary
No matching report could be found for the citation by Anderson and Harris (2018) titled ""Rural school dropout prevention through vocational training programs."" The details like title, authors, year, and publisher differ significantly from the found materials.

### Details
A search found a report titled ""Rural School Dropout Issues"" published in 2015 by the National Dropout Prevention Center, which differs in title, year, and publishing organization from the cited technical report. The citation emphasizes vocational training for dropout prevention, while the found report seems broader regarding rural dropout issues. The authors Anderson and Harris could not be confirmed in the available records. No identifiers such as DOI were present in the original citation to assist verification.

- https://dropoutprevention.org/wp-content/uploads/2015/05/13_Rural_School_Dropout_Issues_Report.pdf",0.0,1.0
"Bartels, L. M., & Johnston, R. (2004). *Voter turnout and the paradox of the nonvoter*. American Political Science Review, 98(2), 223-237.",Voter turnout,qwen3_8b_think,unverified,Reference could not be verified.,CONTAINS,CONTRADICTION,CONTAINS,CONTRADICTION,ABSENT,Electoral Participation and Political Context: The Turnout–Marginality Paradox at the 2001 British General Election,Charles Pattie; Ron Johnston,2005,Environment and Planning A Economy and Space,10.1068/a3747,https://doi.org/10.1068/a3747,GOOGLE,0,2,2,1,0,Voter turnout and the paradox of the nonvoter,Electoral Participation and Political Context: The Turnout–Marginality Paradox at the 2001 British General Election,"Bartels, L. M.; Johnston, R.",Charles Pattie; Ron Johnston,2004,2005,American Political Science Review,Environment and Planning A Economy and Space,,10.1068/a3747,0,0,1,GOOGLE,0,"◐ Title | ✗ Authors | ◐ Year | ✗ Venue | ○ ID

### Summary
No matching article could be found for the reference provided. The closest candidate discovered differs notably in authorship and journal.

### Details
A matching record was sought for the article titled ""Voter turnout and the paradox of the nonvoter"" by Bartels, L. M., and Johnston, R., published in 2004 in the American Political Science Review. However, the best candidate found was a different article titled ""Electoral Participation and Political Context: The Turnout–Marginality Paradox at the 2001 British General Election"" by Charles Pattie and Ron Johnston, published in 2005 in Environment and Planning A Economy and Space. The year is close, and the titles share overlapping concepts, but the authors and journal do not match the original citation. No digital object identifier (DOI) was found for the original reference.

- https://doi.org/10.1068/a3747",0.0,1.0
"Bowler, S. P., & Donovan, T. M. (2001). *The impact of political knowledge on voter turnout*. Political Behavior, 23(3), 271-293.",Voter turnout,qwen3_8b_think,unverified,Reference could not be verified.,CONTRADICTION,UNCONFIRMED,UNCONFIRMED,UNCONFIRMED,ABSENT,The Impact of Political Knowledge on the Voting Decision,,,,,https://www.researchgate.net/publication/373226103_The_Impact_of_Political_Knowledge_on_the_Voting_Decision,GOOGLE,0,1,0,1,3,The impact of political knowledge on voter turnout,The Impact of Political Knowledge on the Voting Decision,"Bowler, S. P.; Donovan, T. M.",,2001,,Political Behavior,,,https://www.researchgate.net/publication/373226103_The_Impact_of_Political_Knowledge_on_the_Voting_Decision,0,0,3,GOOGLE,0,"✗ Title | ? Authors | ? Year | ? Venue | ○ ID

### Summary
No matching article with the exact title, authors, year, and journal details was found. The closest item found addressed a related topic but with a different main focus, indicating this is not the same article.

### Details
A search for the article ""The impact of political knowledge on voter turnout"" by Bowler and Donovan from 2001 in the journal Political Behavior did not find a matching record. Instead, a closely titled article ""The Impact of Political Knowledge on the Voting Decision"" was found, but it does not share author, year, or venue data to confirm it as the same work. Additionally, no DOI or other identifier was found to help verify the citation.

- https://www.researchgate.net/publication/373226103_The_Impact_of_Political_Knowledge_on_the_Voting_Decision
- Search results from OpenAlex and Google Scholar showed no definitive match for the original reference.",0.0,1.0
"Cain, B., & Stokes, S. C. (2004). *Voting and the vote: The political consequences of voter turnout*. Cambridge University Press.",Voter turnout,qwen3_8b_think,unverified,Reference could not be verified.,UNCONFIRMED,UNCONFIRMED,UNCONFIRMED,UNCONFIRMED,UNCONFIRMED,,,,,,,,,,,,,,,,,,,,,,,0,0,0,,1,"? Title | ? Authors | ? Year | ? Venue | ? ID

### Summary
No matching book titled ""Voting and the vote: The political consequences of voter turnout"" by Cain and Stokes from 2004 was found in the available data sources. There was no confirmation of the authors, title, year, or publisher details.

### Details
A search in the OpenAlex database did not return any record matching the given title, author names, or publication year. Google searches with various queries related to the exact title, authors, and Cambridge University Press yielded no relevant results confirming the existence of this book. The search results included topics related to voter turnout generally but did not specifically confirm the cited work.

- [OpenAlex](https://openalex.org)
- [Cambridge University Press Book Search](https://www.cambridge.org)",0.0,1.0
"Carpenter, D. P. (2003). *The effect of voter turnout on political participation*. American Journal of Political Science, 47(1), 1-15.",Voter turnout,qwen3_8b_think,unverified,Reference could not be verified.,CONTRADICTION,CONTRADICTION,CONTAINS,CONTRADICTION,ABSENT,The Internet and political participation: the effect of Internet use on voter turnout,Karen Larson,2004,DigitalGeorgetown (Georgetown University Library),,http://hdl.handle.net/10822/555774,GOOGLE,0,3,1,1,0,The effect of voter turnout on political participation,The Internet and political participation: the effect of Internet use on voter turnout,"Carpenter, D. P.",Karen Larson,2003,2004,American Journal of Political Science,DigitalGeorgetown (Georgetown University Library),,http://hdl.handle.net/10822/555774,0,0,1,GOOGLE,0,"✗ Title | ✗ Authors | ◐ Year | ✗ Venue | ○ ID

### Summary
No matching article could be found that confirms the reference by Carpenter from 2003 titled ""The effect of voter turnout on political participation"" in the American Journal of Political Science. The available evidence points to a different publication with varying authors, titles, years, and venues.

### Details
A search found a candidate titled ""The Internet and political participation: the effect of Internet use on voter turnout"" by Karen Larson from 2004, hosted on DigitalGeorgetown (Georgetown University Library), which is unrelated to the cited journal article by Carpenter. The author names do not match, the years differ by one, and the venues are completely different. No direct identifier or DOI was found to link the citation to a verified source. Searches in Google and scholarly databases did not retrieve any record matching the original reference exactly.

- http://hdl.handle.net/10822/555774
- https://ora.ox.ac.uk/objects/uuid:a2c1f070-db85-465c-b3e5-f55ddbe01438
- https://journals.sagepub.com/
- https://www.journals.uchicago.edu/",0.0,1.0
"Delli Carpini, M. X., & Williams, M. M. (1998). *The evolution of the American voter*. Yale University Press.",Voter turnout,qwen3_8b_think,unverified,Reference could not be verified.,CONTRADICTION,CONTRADICTION,MATCH,CONTRADICTION,ABSENT,Voter ignorance and the democratic ideal,I. Somin,1998,Critical Review,,https://www.tandfonline.com/doi/abs/10.1080/08913819808443511,GOOGLE,1,3,0,1,0,The evolution of the American voter,Voter ignorance and the democratic ideal,"Delli Carpini, M. X.; Williams, M. M.",I. Somin,1998,1998,Yale University Press,Critical Review,,https://www.tandfonline.com/doi/abs/10.1080/08913819808443511,0,0,3,GOOGLE,0,"✗ Title | ✗ Authors | ✓ Year | ✗ Venue | ○ ID

### Summary
No matching book titled ""The evolution of the American voter"" by Delli Carpini and Williams from 1998 published by Yale University Press was found. The search results pointed instead to a different 1998 publication titled ""Voter ignorance and the democratic ideal"" authored by I. Somin and published in Critical Review, which is not the same work.

### Details
A search for the cited title and authors returned no matches, and the only strong candidate found was a different work entirely. The year 1998 matches exactly, but the title, authors, and publisher do not align. The claimed publisher Yale University Press differs from the source journal Critical Review. The authors Delli Carpini and Williams have no overlap with I. Somin. These discrepancies confirm that the original reference could not be verified.

- https://www.tandfonline.com/doi/abs/10.1080/08913819808443511",0.0,1.0
"Fowler, A. (2006). *The effect of voter turnout on electoral competition*. British Journal of Political Science, 36(1), 1-20.",Voter turnout,qwen3_8b_think,unverified,Reference could not be verified.,UNCONFIRMED,UNCONFIRMED,UNCONFIRMED,UNCONFIRMED,UNCONFIRMED,,,,,,,,,,,,,,,,,,,,,,,0,0,0,,0,"? Title | ? Authors | ? Year | ? Venue | ? ID

### Summary
No matching article could be found for this reference. Despite searches using the title, author name, year, and journal, no record corresponding to this citation was identified.

### Details
A thorough search was conducted on OpenAlex with the provided details but returned no results. A Google search also did not reveal any direct match to the article titled ""The effect of voter turnout on electoral competition"" by A. Fowler from 2006 in the British Journal of Political Science. The lack of matching records across these platforms suggests this article could not be verified.

- [OpenAlex](https://openalex.org/)
- [Google Search Results](https://www.google.com/search?q=Fowler+2006+The+effect+of+voter+turnout+on+electoral+competition+British+Journal+of+Political+Science+36%281%29+1-20)",0.0,1.0
"Ginsberg, T., & Shields, T. (2006). *Voting, turnout, and the American electorate*. Annual Review of Political Science, 9(1), 321-343.",Voter turnout,qwen3_8b_think,unverified,Reference could not be verified.,UNCONFIRMED,UNCONFIRMED,UNCONFIRMED,UNCONFIRMED,UNCONFIRMED,,,,,,,,,,,,,,,,,,,,,,,0,0,0,,0,"? Title | ? Authors | ? Year | ? Venue | ? ID

### Summary
No matching article could be found for the reference ""Voting, turnout, and the American electorate"" by Ginsberg and Shields from 2006 in the Annual Review of Political Science. None of the key elements such as title, authors, year, or journal were confirmed.

### Details
A search was conducted using the title, author names, and publication year, but no records matching this information were found in OpenAlex or through scholarly search results. The search did not reveal any article with this title by Ginsberg and Shields published in 2006 in the Annual Review of Political Science. The year, authors, and publication details could not be verified from available data sources.

- https://openalex.org
- https://scholar.google.com",0.0,1.0
"Highton, B., & McAllister, I. (2006). *The dynamics of voter turnout in U.S. elections*. American Journal of Political Science, 50(2), 321-337.",Voter turnout,qwen3_8b_think,needs-human,Reference requires human review.,CONTAINS,CONTRADICTION,MATCH,UNCONFIRMED,ABSENT,The Dynamics of Voter Turnout and Party Choice,N. A. Christiano,2006,,,https://sites.santafe.edu/~nac/Papers/PartyTurnout5.pdf,GOOGLE,1,1,1,1,1,The dynamics of voter turnout in U.S. elections,The Dynamics of Voter Turnout and Party Choice,"Highton, B.; McAllister, I.",N. A. Christiano,2006,2006,American Journal of Political Science,,,https://sites.santafe.edu/~nac/Papers/PartyTurnout5.pdf,0,0,1,GOOGLE,0,"◐ Title | ✗ Authors | ✓ Year | ? Venue | ○ ID

### Summary
The verification result is unclear and requires human review. The title found is similar but not identical, and the authors do not match the original citation.

### Details
A matching record titled ""The Dynamics of Voter Turnout and Party Choice"" was found from 2006, but it lists a different author, N. A. Christiano, instead of Highton and McAllister. The original title ""The Dynamics of Voter Turnout in U.S. Elections"" was partially preserved in the candidate but with differences in phrasing and focus. The venue and DOI were not confirmed, and no exact match was found in databases like OpenAlex. Given these contradictions in authorship and partial title discrepancies, human judgment is needed to determine if these references are related or distinct.

- https://sites.santafe.edu/~nac/Papers/PartyTurnout5.pdf
- https://www.researchgate.net/publication/228198680_The_Dynamics_of_Voter_Turnout_and_Party_Choice",0.1,0.9
Pew Research Center. (2016). *The state of the electorate: 2016*. Pew Research Center.,Voter turnout,qwen3_8b_think,needs-human,Reference requires human review.,CONTRADICTION,MATCH,MATCH,MATCH,ABSENT,2016 electorate will be the most diverse in U.S. history,Pew Research Center,2016,Pew Research Center,,https://www.pewresearch.org/short-reads/2016/02/03/2016-electorate-will-be-the-most-diverse-in-u-s-history/,GOOGLE,3,1,0,1,0,The state of the electorate: 2016,2016 electorate will be the most diverse in U.S. history,Pew Research Center,Pew Research Center,2016,2016,Pew Research Center,Pew Research Center,,https://www.pewresearch.org/short-reads/2016/02/03/2016-electorate-will-be-the-most-diverse-in-u-s-history/,0,0,3,GOOGLE,0,"✗ Title | ✓ Authors | ✓ Year | ✓ Venue | ○ ID

### Summary
The reference to Pew Research Center's 2016 work requires human review because the title provided, ""The state of the electorate: 2016,"" does not clearly match the best available candidate titled ""2016 electorate will be the most diverse in U.S. history."" However, the authorship, year, and publisher all match.

### Details
A matching record was found from Pew Research Center published in 2016, but the title contradicted the original citation. The original cited title suggested a report specifically named ""The state of the electorate: 2016,"" whereas the best potential match focuses on the diversity of the 2016 electorate. Both are from Pew Research Center and share the same year, but no DOI or direct identifier was found. This mismatch in titles creates ambiguity that necessitates a human judgment to confirm or clarify if the original citation is correct or if a different document was intended.

- https://www.pewresearch.org/short-reads/2016/02/03/2016-electorate-will-be-the-most-diverse-in-u-s-history/",0.333,0.667
"Verba, S., Scholzman, K., & Brady, H. E. (2004). *Voice and equality: Citizenship and the American political system*. Harvard University Press.",Voter turnout,qwen3_8b_think,unverified,Reference could not be verified.,CONTRADICTION,MATCH,CONTRADICTION,MATCH,ABSENT,Voice and Equality: Civic Voluntarism in American Politics,Sidney Verba; Kay Lehman Schlozman; Henry E. Brady,1995,Harvard University Press,,https://www.hup.harvard.edu/books/9780674942936,GOOGLE,2,2,0,1,0,Voice and equality: Citizenship and the American political system,Voice and Equality: Civic Voluntarism in American Politics,"Verba, S.; Scholzman, K.; Brady, H. E.",Sidney Verba; Kay Lehman Schlozman; Henry E. Brady,2004,1995,Harvard University Press,Harvard University Press,,https://www.hup.harvard.edu/books/9780674942936,0,0,1,GOOGLE,1,"✗ Title | ✓ Authors | ✗ Year | ✓ Venue | ○ ID

### Summary
The reference could not be verified because it does not match the known details of the book by these authors. The authors match exactly, but the title subtitle and publication year differ from the verified book.

### Details
A matching book titled ""Voice and Equality: Civic Voluntarism in American Politics"" by Sidney Verba, Kay Lehman Schlozman, and Henry E. Brady was found, published in 1995 by Harvard University Press. However, the cited year 2004 and subtitle ""Citizenship and the American political system"" contradict the verified record's 1995 publication and different subtitle. The publisher matches, but due to these discrepancies, no consistent match was found.

- https://www.hup.harvard.edu/books/9780674942936",0.0,1.0
