reference,topic,model,svris_status,svris_reference,field_title,field_authors,field_year,field_venue,field_id,candidate_title,candidate_authors,candidate_year,candidate_venue,candidate_doi,candidate_url,candidate_source,candidate_matches,candidate_contradictions,candidate_contains,candidate_absent,candidate_unconfirmed,cmp_title_citation,cmp_title_candidate,cmp_authors_citation,cmp_authors_candidate,cmp_year_citation,cmp_year_candidate,cmp_venue_citation,cmp_venue_candidate,cmp_id_citation,cmp_id_candidate,match_set_size,contained_set_size,total_candidates,sources_queried,processing_time_ms,svris_message,score,error_distance
"Adebayo, A. A., & Adeyemi, K. D. (2018). Biometric voter registration system: A case study of Nigeria. *Nigerian Journal of Technology*, *37*(4), 1023–1030. https://doi.org/10.4314/njt.v37i4.15",Biometric voter registration,qwen3_32b_think,needs-human,Reference requires human review.,CONTRADICTION,CONTRADICTION,MATCH,MATCH,MATCH,Reliability study of Kolo Creek Gas Turbine Power Station,Y. P. Olisa; A.E. Amos,2018,Nigerian Journal of Technology,10.4314/njt.v37i4.15,https://doi.org/10.4314/njt.v37i4.15,GOOGLE,3,2,0,0,0,Biometric voter registration system: A case study of Nigeria,Reliability study of Kolo Creek Gas Turbine Power Station,"Adebayo, A. A.; Adeyemi, K. D.",Y. P. Olisa; A.E. Amos,2018,2018,Nigerian Journal of Technology,Nigerian Journal of Technology,10.4314/njt.v37i4.15,10.4314/njt.v37i4.15,0,0,1,GOOGLE,0,"✗ Title | ✗ Authors | ✓ Year | ✓ Venue | ✓ DOI | ✓ URL

### Summary
The reference needs human review because the information from the DOI points to a different article. While the year 2018 and the journal Nigerian Journal of Technology match, the authors and title do not correspond to the original citation about biometric voter registration. Instead, the DOI resolves to an article on power station reliability by different authors.

### Details
A matching record was found for the DOI 10.4314/njt.v37i4.15, but it corresponds to a paper titled ""Reliability study of Kolo Creek Gas Turbine Power Station"" authored by Y. P. Olisa and A.E. Amos. This contradicts the original citation's title ""Biometric voter registration system: A case study of Nigeria"" by Adebayo, A. A., & Adeyemi, K. D. The year (2018) and journal name matched exactly, but search results did not find any external evidence supporting the original citation's title and authors with this DOI. Therefore, the DOI in the original reference may be incorrect or misassigned and requires manual verification.

- [DOI link resolving to the power station article](https://doi.org/10.4314/njt.v37i4.15)
- [Nigerian Journal of Technology official site](https://www.nijotech.com)",0.1,0.9
International Foundation for Electoral Systems (IFES). (2017). *Biometric voter registration in Africa: Lessons from implementation*. IFES.,Biometric voter registration,qwen3_32b_think,unverified,Reference could not be verified.,CONTRADICTION,MATCH,CONTRADICTION,MATCH,ABSENT,Lessons on the Use of Technology in Elections and the Impact on EDR,International Foundation for Electoral Systems,2022,IFES,,https://www.ifes.org/sites/default/files/2022-12/Lessons%20on%20the%20Use%20of%20Technology%20in%20Elections%20and%20the%20Impact%20on%20EDR_Final.pdf,GOOGLE,2,2,0,1,0,Biometric voter registration in Africa: Lessons from implementation,Lessons on the Use of Technology in Elections and the Impact on EDR,International Foundation for Electoral Systems (IFES),International Foundation for Electoral Systems,2017,2022,International Foundation for Electoral Systems (IFES),IFES,,https://www.ifes.org/sites/default/files/2022-12/Lessons%20on%20the%20Use%20of%20Technology%20in%20Elections%20and%20the%20Impact%20on%20EDR_Final.pdf,0,0,3,GOOGLE,0,"✗ Title | ✓ Authors | ✗ Year | ✓ Venue | ○ ID

### Summary
No matching document could be found to confirm the exact reference titled ""Biometric voter registration in Africa: Lessons from implementation"" from 2017 by IFES. While the author (International Foundation for Electoral Systems) and publisher name matched, the title and year differed from available documents.

### Details
A matching record was not found in OpenAlex for this title and year. The closest available document by IFES is titled ""Lessons on the Use of Technology in Elections and the Impact on EDR"" published in 2022, which is a different report with older publication year and focus. The author and publishing organization matched perfectly, but the title topics diverge, and the years differ by 5, which is beyond an acceptable range. No DOI or direct identifier was found to link with the cited reference.

- https://www.ifes.org/sites/default/files/2022-12/Lessons%20on%20the%20Use%20of%20Technology%20in%20Elections%20and%20the%20Impact%20on%20EDR_Final.pdf",0.0,1.0
"Singh, R., & Kumar, S. (2019). Security challenges in biometric voter registration systems. *IEEE Access*, *7*, 168945–168956. https://doi.org/10.1109/ACCESS.2019.2956083",Biometric voter registration,qwen3_32b_think,needs-human,Reference requires human review.,CONTRADICTION,CONTRADICTION,MATCH,MATCH,MATCH,Multimodal Patient Satisfaction Recognition for Smart Healthcare,Abdulhameed Alelaiwi,2019,IEEE Access,10.1109/access.2019.2956083,https://doi.org/10.1109/ACCESS.2019.2956083,GOOGLE,3,2,0,0,0,Security challenges in biometric voter registration systems.,Multimodal Patient Satisfaction Recognition for Smart Healthcare,"Singh, R.; Kumar, S.",Abdulhameed Alelaiwi,2019,2019,IEEE Access,IEEE Access,10.1109/ACCESS.2019.2956083,10.1109/access.2019.2956083,0,0,1,GOOGLE,1,"✗ Title | ✗ Authors | ✓ Year | ✓ Venue | ✓ DOI | ✓ URL

### Summary
The reference could not be confidently verified because the DOI points to a different article than cited. Although the year and journal IEEE Access match, the title and authors are not the same; the DOI leads to a paper by Abdulhameed Alelaiwi on patient satisfaction recognition, rather than the cited work by Singh and Kumar on biometric voter registration security.

### Details
A matching record was found using the DOI 10.1109/ACCESS.2019.2956083, but it corresponds to the paper ""Multimodal Patient Satisfaction Recognition for Smart Healthcare"" authored by Abdulhameed Alelaiwi in IEEE Access, 2019. The cited title and authors (Singh, R., & Kumar, S.) do not match this evidence, indicating a mismatch or error in the reference's DOI. The publication year (2019) and journal IEEE Access are the only elements that align. A search for the cited title and authors in IEEE Access yielded no results, reinforcing the uncertainty.

- https://doi.org/10.1109/ACCESS.2019.2956083
- https://ieeexplore.ieee.org/document/",0.1,0.9
"Omondi, J. K. (2017). *Biometric voter registration in Kenya: A critical analysis of implementation challenges* (Doctoral dissertation). University of Nairobi.",Biometric voter registration,qwen3_32b_think,unverified,Reference could not be verified.,UNCONFIRMED,UNCONFIRMED,UNCONFIRMED,UNCONFIRMED,UNCONFIRMED,,,,,,,,,,,,,,,,,,,,,,,0,0,0,,0,"? Title | ? Authors | ? Year | ? Venue | ? ID

### Summary
No matching dissertation or publication by Omondi, J. K. from 2017 with the title ""Biometric voter registration in Kenya: A critical analysis of implementation challenges"" could be found. The search did not confirm the author, title, year, or university association.

### Details
A thorough search through OpenAlex revealed no matching records. A Google search and scholar search for the exact title, author, and year yielded no dissertation record matching the details provided. Related searches brought up other studies and dissertations about voter registration, electoral systems, or Kenya but none authored by Omondi, J. K. with this title or linked to the University of Nairobi in 2017.

- https://openalex.org
- Google Scholar and general Google search results",0.0,1.0
"Nwagwu, C. C., & Nwagwu, E. C. (2016). Biometric voter registration in Nigeria: Implications for electoral integrity. *Journal of Emerging Trends in Computing and Information Sciences*, *7*(4), 123–130.",Biometric voter registration,qwen3_32b_think,unverified,Reference could not be verified.,CONTRADICTION,CONTRADICTION,MATCH,UNCONFIRMED,ABSENT,BIOMETRIC_REGISTRATION_CARD_READERS_AND_THE_INTEGRITY_ELECTION_IN_NIGERIA,,,,,https://www.academia.edu/47772574/BIOMETRIC_REGISTRATION_CARD_READERS_AND_THE_INTEGRITY_ELECTION_IN_NIGERIA,GOOGLE,1,2,0,1,1,Biometric voter registration in Nigeria: Implications for electoral integrity.,BIOMETRIC_REGISTRATION_CARD_READERS_AND_THE_INTEGRITY_ELECTION_IN_NIGERIA,"Nwagwu, C. C.; Nwagwu, E. C.",,2016,,Journal of Emerging Trends in Computing and Information Sciences,,,https://www.academia.edu/47772574/BIOMETRIC_REGISTRATION_CARD_READERS_AND_THE_INTEGRITY_ELECTION_IN_NIGERIA,0,0,2,GOOGLE,0,"✗ Title | ✗ Authors | ✓ Year | ? Venue | ○ ID

### Summary
No matching article could be found that confirms the citation for ""Biometric voter registration in Nigeria: Implications for electoral integrity"" by Nwagwu, C. C. and Nwagwu, E. C. in 2016. The available evidence shows discrepancies in the title and authorship compared to the claimed reference.

### Details
A search of published works did not find any record matching the exact title or author combination of the original citation. Although the publication year 2016 matches, the title evidence differs significantly, focusing instead on a related but different topic about ICT and election administration by a single author, EJ Nwagwu. Author names show no overlap, as the cited work lists two different authors with initials C. C. and E. C. Nwagwu, whereas the found evidence references only EJ Nwagwu. The journal name ""Journal of Emerging Trends in Computing and Information Sciences"" could not be verified with the given title and authors. The best potential match found was a different document titled ""BIOMETRIC_REGISTRATION_CARD_READERS_AND_THE_INTEGRITY_ELECTION_IN_NIGERIA"" without author or year details, which does not confirm the original reference.

- https://www.academia.edu/47772574/BIOMETRIC_REGISTRATION_CARD_READERS_AND_THE_INTEGRITY_ELECTION_IN_NIGERIA
- https://www.researchgate.net/publication/351124024_BIOMETRIC_REGISTRATION_CARD_READERS_AND_THE_INTEGRITY_ELECTION_IN_NIGERIA
- https://www.jstor.org/stable/48682670",0.0,1.0
United Nations Development Programme (UNDP). (2019). *Biometric voter registration: A technical guide for electoral management bodies*. UNDP.,Biometric voter registration,qwen3_32b_think,unverified,Reference could not be verified.,CONTRADICTION,MATCH,UNCONFIRMED,MATCH,ABSENT,UNDP SUPPORT TO ELECTORAL PROCESSES,United Nations Development Programme (UNDP),,UNDP,,https://www.undp.org/sites/g/files/zskgke326/files/2025-03/electoral_process.pdf,GOOGLE,2,1,0,1,1,Biometric voter registration: A technical guide for electoral management bodies,UNDP SUPPORT TO ELECTORAL PROCESSES,United Nations Development Programme (UNDP),United Nations Development Programme (UNDP),2019,,UNDP,UNDP,,https://www.undp.org/sites/g/files/zskgke326/files/2025-03/electoral_process.pdf,0,0,2,GOOGLE,0,"✗ Title | ✓ Authors | ? Year | ✓ Venue | ○ ID

### Summary
No matching publication titled ""Biometric voter registration: A technical guide for electoral management bodies"" by the United Nations Development Programme (UNDP) from 2019 could be found. Although the author and publisher (UNDP) were confirmed, the title did not match any identified document and no publication year could be verified.

### Details
A search for this specific title did not yield any directly matching records. The authorship by UNDP and the publisher as UNDP both matched exactly. The provided year, 2019, could not be confirmed as no candidate record contained that date. The closest available document identified was titled ""UNDP SUPPORT TO ELECTORAL PROCESSES,"" which is broader and does not correspond to the cited specific technical guide. No DOI or other unique identifiers were found to support confirmation.

- https://www.undp.org/sites/g/files/zskgke326/files/2025-03/electoral_process.pdf
- https://www.undp.org/publications/inclusive-electoral-processes-guide-electoral-management-bodies-promoting-gender-equality-and-womens-participation
- https://www.jstor.org/stable/48552823",0.133,0.867
"Okoye, P. N., & Okoye, C. N. (2021). The impact of biometric voter registration on electoral fraud in Africa. *African Journal of Political Science*, *26*(1), 45–62. https://doi.org/10.1155/2021/6644888",Biometric voter registration,qwen3_32b_think,unverified,Reference could not be verified.,UNCONFIRMED,UNCONFIRMED,UNCONFIRMED,UNCONFIRMED,UNCONFIRMED,,,,,,,,,,,,,,,,,,,,,,,0,0,0,,0,"? Title | ? Authors | ? Year | ? Venue | ? ID

### Summary
No matching article could be found for the reference provided. There was no confirmation from multiple checks of the DOI, title, authors, year, or journal.

### Details
A search for the DOI 10.1155/2021/6644888 showed that this identifier could not be located in the official DOI system, returning a 404 error indicating it does not exist. Additionally, the title ""The impact of biometric voter registration on electoral fraud in Africa"" and the authors Okoye, P. N. and Okoye, C. N. yielded no matching records in OpenAlex or in general scholarly searches for the year 2021. Therefore, the reference appears to be unverified.

- [DOI System Check](https://doi.org/10.1155/2021/6644888)",0.0,1.0
"Mwakio, J. M., & Mwakio, M. J. (2015). Biometric voter registration in Kenya: A case study of the 2013 general elections. *Proceedings of the International Conference on Information Systems and Technology (CIST)*, 112–119.",Biometric voter registration,qwen3_32b_think,unverified,Reference could not be verified.,UNCONFIRMED,UNCONFIRMED,UNCONFIRMED,UNCONFIRMED,UNCONFIRMED,,,,,,,,,,,,,,,,,,,,,,,0,0,0,,0,"? Title | ? Authors | ? Year | ? Venue | ? ID

### Summary
No matching publication could be found for the reference titled ""Biometric voter registration in Kenya: A case study of the 2013 general elections"" by J. M. Mwakio and M. J. Mwakio from 2015. The details such as title, authors, year, and conference proceedings do not correspond to any records in the verification sources.

### Details
A search through OpenAlex showed no records matching the title, authors, or year given. A further search via academic databases also did not find any closely related or identical publication. While some documents discuss biometric voter registration and elections in Kenya, none matched the specific authors, title, or conference cited in the reference. Therefore, the publication could not be verified with available sources.

- OpenAlex: https://openalex.org
- Academic search results from multiple databases",0.0,1.0
"Adeyemi, K. D., & Adebayo, A. A. (2020). Challenges of biometric voter registration in Nigeria: A socio-technical perspective. *Journal of Information Technology and Applications*, *8*(2), 78–92.",Biometric voter registration,qwen3_32b_think,unverified,Reference could not be verified.,UNCONFIRMED,UNCONFIRMED,UNCONFIRMED,UNCONFIRMED,UNCONFIRMED,,,,,,,,,,,,,,,,,,,,,,,0,0,0,,0,"? Title | ? Authors | ? Year | ? Venue | ? ID

### Summary
No matching article could be found for the reference ""Challenges of biometric voter registration in Nigeria: A socio-technical perspective"" by Adeyemi and Adebayo (2020) in the Journal of Information Technology and Applications.

### Details
A search using the exact title, authors, and year in OpenAlex yielded no matching publications. Additionally, a scholar search query with the full citation returned no relevant results. The year, authors, title, journal, and article details remain unconfirmed due to lack of evidence.

- [OpenAlex](https://openalex.org)
- [Google Scholar](https://scholar.google.com)",0.0,1.0
Electoral Institute for Sustainable Democracy in Africa (EISA). (2020). *Biometric voter registration in Africa: A comparative analysis of implementation*. EISA.,Biometric voter registration,qwen3_32b_think,needs-human,Reference requires human review.,CONTAINS,CONTAINS,CONTRADICTION,MATCH,ABSENT,Voter Registration in Africa: A Comparative Analysis,Astrid Evrensel,2010,EISA,,https://www.eisa.org/storage/2023/05/edited-volume-2010-voter-registration-comparative-analysis-south-africa-eisa-publication.pdf,GOOGLE,1,1,2,1,0,Biometric voter registration in Africa: A comparative analysis of implementation,Voter Registration in Africa: A Comparative Analysis,Electoral Institute for Sustainable Democracy in Africa (EISA),Astrid Evrensel,2020,2010,EISA,EISA,,https://www.eisa.org/storage/2023/05/edited-volume-2010-voter-registration-comparative-analysis-south-africa-eisa-publication.pdf,0,0,3,GOOGLE,1,"◐ Title | ◐ Authors | ✗ Year | ✓ Venue | ○ ID

### Summary
The reference could not be conclusively verified due to conflicting publication years. While the organization EISA and the venue were confirmed, the year given in the citation (2020) does not match the year found in the best available source (2010).

### Details
A matching document titled ""Voter Registration in Africa: A Comparative Analysis"" published by EISA was found with a publication year of 2010, while the cited reference states 2020. The core title is consistent but with slight wording differences, and the author listed for the found document is an individual (Astrid Evrensel) rather than the organization mentioned in the citation. No authoritative source confirms the 2020 year, and no unique identifiers were available. Further human review is recommended to resolve this discrepancy.

- [EISA publication PDF 2010](https://www.eisa.org/storage/2023/05/edited-volume-2010-voter-registration-comparative-analysis-south-africa-eisa-publication.pdf)",0.3,0.7
IPCC. (2021). *Climate change 2021: The physical science basis. Contribution of Working Group I to the Sixth Assessment Report of the Intergovernmental Panel on Climate Change*. Cambridge University Press.,Climate change,qwen3_32b_think,verified-with-error,Intergovernmental Panel on Climate Change (IPCC). (2021). *Climate Change 2021: The Physical Science Basis*. Cambridge University Press. https://www.ipcc.ch/report/ar6/wg1/,CONTAINS,MATCH,MATCH,MATCH,ABSENT,Climate Change 2021: The Physical Science Basis,Intergovernmental Panel on Climate Change (IPCC),2021,Cambridge University Press,,https://www.ipcc.ch/report/ar6/wg1/,GOOGLE,3,0,1,1,0,Climate change 2021: The physical science basis. Contribution of Working Group I to the Sixth Assessment Report of the Intergovernmental Panel on Climate Change,Climate Change 2021: The Physical Science Basis,IPCC,Intergovernmental Panel on Climate Change (IPCC),2021,2021,Cambridge University Press,Cambridge University Press,,https://www.ipcc.ch/report/ar6/wg1/,1,1,2,GOOGLE,1,"◐ Title | ✓ Authors | ✓ Year | ✓ Venue | ○ ID

### Summary
This reference to the 2021 IPCC report *Climate Change 2021: The Physical Science Basis* was confirmed with matching authors, year, and publisher. The title matches well in its core identifying phrase, though the cited reference uses a longer subtitle.

### Details
A matching record was found for the Intergovernmental Panel on Climate Change's 2021 physical science basis report published by Cambridge University Press. The authors matched as the IPCC organization under its full and short forms, and the year and publisher were exact matches. The title was confirmed by the key phrase ""Climate Change 2021: The Physical Science Basis"" despite some additional subtitle text present in the citation. However, no DOI or other identifier was provided in the original citation. Relevant information is available at the official IPCC webpage: https://www.ipcc.ch/report/ar6/wg1/

- https://www.ipcc.ch/report/ar6/wg1/
- https://www.cambridge.org/core/books/climate-change-2021-the-physical-science-basis/415F29233B8BD19FB55F65E3DC67272B",0.833,0.167
"IPCC. (2018). *Global warming of 1.5°C. An IPCC Special Report on the impacts of global warming of 1.5°C above pre-industrial levels and related global greenhouse gas emission pathways, 2030–2050*. Intergovernmental Panel on Climate Change.",Climate change,qwen3_32b_think,verified-with-error,IPCC. (2018). *Global Warming of 1.5 ºC: An IPCC special report on the impacts of global warming of 1.5 °C above pre-industrial levels and related global greenhouse gas emission pathways*. IPCC. https://www.ipcc.ch/sr15/,CONTAINS,MATCH,MATCH,MATCH,ABSENT,Global Warming of 1.5 ºC,IPCC,2018,IPCC (Special Report),,https://www.ipcc.ch/sr15/,GOOGLE,3,0,1,1,0,"Global warming of 1.5°C. An IPCC Special Report on the impacts of global warming of 1.5°C above pre-industrial levels and related global greenhouse gas emission pathways, 2030–2050",Global Warming of 1.5 ºC,IPCC,IPCC,2018,2018,Intergovernmental Panel on Climate Change,IPCC (Special Report),,https://www.ipcc.ch/sr15/,3,3,3,GOOGLE,0,"◐ Title | ✓ Authors | ✓ Year | ✓ Venue | ○ ID

### Summary
This report was confirmed as an IPCC Special Report from 2018 with matching author and year information. The title matches the core identifying phrase ""Global warming of 1.5°C,"" though the candidate citation omits the long subtitle present in the verified report. The publisher is consistent with the Intergovernmental Panel on Climate Change, noted both as ""IPCC"" and in full form with a minor qualifier.

### Details
A matching record was found from IPCC in 2018 titled ""Global Warming of 1.5 ºC."" The authorship by IPCC matches exactly, and the publication year 2018 is confirmed. The title matches well with the core phrase ""Global warming of 1.5°C,"" despite the candidate citation omitting the extended subtitle. The venue is correctly identified as the Intergovernmental Panel on Climate Change, here referred to by its acronym IPCC with a ""Special Report"" qualifier, which is consistent with the source. No digital object identifier (DOI) was present in the citation. Relevant URLs include the official IPCC report page.

- [IPCC Special Report on Global Warming of 1.5 ºC](https://www.ipcc.ch/sr15/)",0.833,0.167
"Hansen, J., Sato, M., & Ruedy, R. (1988). Global climate changes as forecast by Goddard Institute for Space Studies three-dimensional model. *Journal of Geophysical Research*, *93*(D8), 9341–9364.",Climate change,qwen3_32b_think,verified,"Hansen, J. E., Fung, I., Lacis, A. A., Rind, D., Lebedeff, S., Rüedy, R., Russell, G. L., & Stone, P. H. (1988). Global climate changes as forecast by Goddard Institute for Space Studies three‐dimensional model. *Journal of Geophysical Research Atmospheres*, *93*(D8), 9341–9364. https://doi.org/10.1029/jd093id08p09341",MATCH,MATCH,MATCH,CONTAINS,ABSENT,Global climate changes as forecast by Goddard Institute for Space Studies three‐dimensional model,James E. Hansen; Inez Fung; Andrew A. Lacis; David Rind; S. Lebedeff; Reto Rüedy; Gary L. Russell; Peter H. Stone,1988,Journal of Geophysical Research Atmospheres,10.1029/jd093id08p09341,https://doi.org/10.1029/jd093id08p09341,GOOGLE,3,0,1,1,0,Global climate changes as forecast by Goddard Institute for Space Studies three-dimensional model.,Global climate changes as forecast by Goddard Institute for Space Studies three‐dimensional model,"Hansen, J.; Sato, M.; Ruedy, R.",James E. Hansen; Inez Fung; Andrew A. Lacis; David Rind; S. Lebedeff; Reto Rüedy; Gary L. Russell; Peter H. Stone,1988,1988,Journal of Geophysical Research,Journal of Geophysical Research Atmospheres,,10.1029/jd093id08p09341,1,1,1,GOOGLE,0,"✓ Title | ✓ Authors | ✓ Year | ◐ Venue | ○ ID

### Summary
This article was confirmed in the Journal of Geophysical Research with matching title and year. The authors largely match though there are minor differences in the author list and name spellings.

### Details
A matching record was found with the exact title ""Global climate changes as forecast by Goddard Institute for Space Studies three-dimensional model"" and the year 1988. The venue corresponds closely, as the evidence is from the Journal of Geophysical Research Atmospheres, a related sub-journal. Author names have some variations: James E. Hansen matches ""Hansen, J."", and Reto Rüedy matches ""Ruedy, R."" with some Romanization differences; however, additional authors appear in the evidence and one author from the citation is missing. No unique identifier (DOI) was present in the original citation but was found in the matched record.

- https://doi.org/10.1029/jd093id08p09341",0.900,0.100
"Rahmstorf, S., et al. (2013). Recent climate observations compared to projections. *Nature Climate Change*, *3*(5), 411–414.",Climate change,qwen3_32b_think,verified-with-error,"Rahmstorf, S., Cazenave, A., Church, J. A., Hansen, J. E., Keeling, R. F., Parker, D. E., & Somerville, R. C. J. (2007). Recent Climate Observations Compared to Projections. *Science, 316*(5825), 709. https://doi.org/10.1126/science.1136843",MATCH,MATCH,CONTRADICTION,CONTRADICTION,ABSENT,Recent Climate Observations Compared to Projections,Stefan Rahmstorf; Anny Cazenave; John Church; James E. Hansen; Ralph F. Keeling; D. E. Parker; Richard C. J. Somerville,2007,Science,10.1126/science.1136843,https://doi.org/10.1126/science.1136843,GOOGLE,2,2,0,1,0,Recent climate observations compared to projections.,Recent Climate Observations Compared to Projections,"Rahmstorf, S.",Stefan Rahmstorf; Anny Cazenave; John Church; James E. Hansen; Ralph F. Keeling; D. E. Parker; Richard C. J. Somerville,2013,2007,Nature Climate Change,Science,,10.1126/science.1136843,0,0,1,GOOGLE,0,"✓ Title | ✓ Authors | ✗ Year | ✗ Venue | ○ ID

### Summary
This reference was confirmed with the title ""Recent Climate Observations Compared to Projections"" and authors including Stefan Rahmstorf matching exactly. However, the year and journal differ from the citation: the verified article was published in 2007 in the journal Science, not 2013 in Nature Climate Change.

### Details
A matching record was found with the exact title and the key author Rahmstorf, along with six co-authors. The year listed in the verified source is 2007, which conflicts with the citation's year 2013. Additionally, the journal is Science rather than Nature Climate Change as cited. No DOI was provided in the citation to aid verification.

- https://doi.org/10.1126/science.1136843
- https://www.science.org/doi/abs/10.1126/science.1136843",0.2,0.8
"Cook, J., et al. (2019). Consensus on consensus: A synthesis of consensus estimates from climate scientists. *Nature Communications*, *10*(1), 1–10.",Climate change,qwen3_32b_think,unverified,Reference could not be verified.,CONTAINS,MATCH,CONTRADICTION,CONTRADICTION,ABSENT,Consensus on consensus: a synthesis of consensus estimates on human-caused global warming,John Cook; et al.,2016,Environmental Research Letters,,http://repository.library.noaa.gov/view/noaa/62111,GOOGLE,1,2,1,1,0,Consensus on consensus: A synthesis of consensus estimates from climate scientists,Consensus on consensus: a synthesis of consensus estimates on human-caused global warming,"Cook, J.",John Cook; et al.,2019,2016,Nature Communications,Environmental Research Letters,,http://repository.library.noaa.gov/view/noaa/62111,0,0,1,GOOGLE,0,"◐ Title | ✓ Authors | ✗ Year | ✗ Venue | ○ ID

### Summary
No matching article with the exact year 2019 and published in Nature Communications could be found for this reference. While the title and lead author matched closely, the correct publication appears to be from 2016 in Environmental Research Letters with a similar but not identical title and full author list.

### Details
A matching record was found for a paper titled ""Consensus on consensus: a synthesis of consensus estimates on human-caused global warming,"" authored by John Cook et al., published in 2016 in Environmental Research Letters. The citation year of 2019 and journal Nature Communications do not align with any found records. Several search results and repositories confirm the 2016 publication date and different journal. The core identifying phrase in the title was consistent, but the subtitle and venue differ.

- http://repository.library.noaa.gov/view/noaa/62111
- https://cssn.org/wp-content/uploads/2020/12/Consensus-on-consensus-a-synthesis-of-consensus-estimates-on-human-caused-global-warming-John-Cook.pdf
- https://skepticalscience.com/Consensus-consensus-hits-half-million-downloads.html",0.033,0.967
"Nordhaus, W. (2017). Revisiting the social cost of carbon. *Review of Economics and Statistics*, *99*(3), 401–414.",Climate change,qwen3_32b_think,verified-with-error,"Nordhaus, W. D. (2017). Revisiting the social cost of carbon. *Proceedings of the National Academy of Sciences*, 114(7), 1518-1523. https://doi.org/10.1073/pnas.1609244114",MATCH,MATCH,MATCH,CONTRADICTION,ABSENT,Revisiting the social cost of carbon,William D. Nordhaus,2017,Proceedings of the National Academy of Sciences,10.1073/pnas.1609244114,https://doi.org/10.1073/pnas.1609244114,GOOGLE,3,1,0,1,0,Revisiting the social cost of carbon.,Revisiting the social cost of carbon,"Nordhaus, W.",William D. Nordhaus,2017,2017,Review of Economics and Statistics,Proceedings of the National Academy of Sciences,,10.1073/pnas.1609244114,0,0,2,GOOGLE,1,"✓ Title | ✓ Authors | ✓ Year | ✗ Venue | ○ ID

### Summary
The reference was largely confirmed with matching title ""Revisiting the social cost of carbon,"" author William D. Nordhaus, and publication year 2017. However, the listed journal ""Review of Economics and Statistics"" does not match the actual journal, which is ""Proceedings of the National Academy of Sciences.""

### Details
A matching article titled ""Revisiting the social cost of carbon"" by William D. Nordhaus was found published in 2017. The title and author name correspond closely, confirming the work was authored by Nordhaus. However, the source journal in the verification evidence is ""Proceedings of the National Academy of Sciences,"" not ""Review of Economics and Statistics"" as originally cited. No DOI was provided in the original citation. This explains the verified-with-error status due to the venue discrepancy.

- https://doi.org/10.1073/pnas.1609244114
- https://pubmed.ncbi.nlm.nih.gov/28143934/
- https://www.semanticscholar.org/paper/Revisiting-the-social-cost-of-carbon-Nordhaus/8d04ca719d420da4ef2b78e7443850149495f04d",0.6,0.4
"Smith, P., et al. (2020). Climate change and land: An IPCC special report on climate change, desertification, land degradation, sustainable land management, food security, and greenhouse gas fluxes in terrestrial ecosystems. *Global Environmental Change*, *65*, 102147.",Climate change,qwen3_32b_think,needs-human,Reference requires human review.,MATCH,CONTAINS,CONTAINS,CONTRADICTION,ABSENT,"Climate Change and Land: an IPCC special report on climate change, desertification, land degradation, sustainable land management, food security, and greenhouse gas fluxes in terrestrial ecosystems",P. R. Shukla; J. Skea; E. Calvo Buendia; Valérie Masson-Delmotte; Hans-Otto Pörtner; Don Roberts; Panmao Zhai; Raphael Slade; Stephen R. Connors; S. van Diemen; Marion Ferrat; E Haughey; Sandra M. Luz; Minal Pathak; Jan Petzold; Joana Portugal-Pereira; Purvi Vyas; E Huntley; K Kissick; M Belkacemi; J Malley,2019,Intergovernmental Panel on Climate Change (IPCC) Special Report,,https://www.ipcc.ch/site/assets/uploads/sites/4/2020/02/SRCCL-Complete-BOOK-LRES.pdf,GOOGLE,1,1,2,1,0,"Climate change and land: An IPCC special report on climate change, desertification, land degradation, sustainable land management, food security, and greenhouse gas fluxes in terrestrial ecosystems.","Climate Change and Land: an IPCC special report on climate change, desertification, land degradation, sustainable land management, food security, and greenhouse gas fluxes in terrestrial ecosystems","Smith, P.",P. R. Shukla; J. Skea; E. Calvo Buendia; Valérie Masson-Delmotte; Hans-Otto Pörtner; Don Roberts; Panmao Zhai; Raphael Slade; Stephen R. Connors; S. van Diemen; Marion Ferrat; E Haughey; Sandra M. Luz; Minal Pathak; Jan Petzold; Joana Portugal-Pereira; Purvi Vyas; E Huntley; K Kissick; M Belkacemi; J Malley,2020,2019,Global Environmental Change,Intergovernmental Panel on Climate Change (IPCC) Special Report,,https://www.ipcc.ch/site/assets/uploads/sites/4/2020/02/SRCCL-Complete-BOOK-LRES.pdf,0,0,1,GOOGLE,0,"✓ Title | ◐ Authors | ◐ Year | ✗ Venue | ○ ID

### Summary
The title of the report was confirmed to match exactly the IPCC Special Report on Climate Change and Land. However, there is a discrepancy between the referenced journal ""Global Environmental Change"" and the actual venue, which is the Intergovernmental Panel on Climate Change (IPCC) Special Report. The year is close, differing by one year (2019 vs. 2020), and the authorship reflects a large team rather than just a single author named Smith.

### Details
A matching record was found with an exact title match to the IPCC Special Report released in 2019, not in the journal ""Global Environmental Change"" as cited. The detailed author list includes principal authors such as P. R. Shukla and Valérie Masson-Delmotte among others, covering a broad group rather than the single author Smith indicated. The report is a standalone publication by the IPCC, which differs from a standard journal article publication. The year difference of one is within an acceptable window but indicates the citation year may be referencing a later dissemination or related summary rather than the report itself.

- [IPCC Special Report PDF](https://www.ipcc.ch/site/assets/uploads/sites/4/2020/02/SRCCL-Complete-BOOK-LRES.pdf)
- [PhilPapers Record](https://philpapers.org/rec/SHUCCA-2)",0.367,0.633
"Diffenbaugh, N. S., & Burke, M. (2016). Climate change impacts on global food security. *Proceedings of the National Academy of Sciences*, *113*(11), 2857–2861.",Climate change,qwen3_32b_think,unverified,Reference could not be verified.,MATCH,CONTRADICTION,CONTRADICTION,CONTRADICTION,ABSENT,Climate Change Impacts on Global Food Security,Tim Wheeler; Joachim von Braun,2013,Science,10.1126/science.1239402,https://doi.org/10.1126/science.1239402,GOOGLE,1,3,0,1,0,Climate change impacts on global food security,Climate Change Impacts on Global Food Security,"Diffenbaugh, N. S.;  Burke, M.",Tim Wheeler; Joachim von Braun,2016,2013,Proceedings of the National Academy of Sciences,Science,,10.1126/science.1239402,0,0,1,GOOGLE,0,"✓ Title | ✗ Authors | ✗ Year | ✗ Venue | ○ ID

### Summary
The reference could not be verified because none of the key details matched a known publication. While the title ""Climate Change Impacts on Global Food Security"" was correct, the authors, year, and journal did not align with any found records.

### Details
A record was found with the exact title but different authors (Tim Wheeler and Joachim von Braun instead of Diffenbaugh and Burke), an earlier publication year (2013 instead of 2016), and a different journal (Science instead of Proceedings of the National Academy of Sciences). There was no identifier like a DOI to further confirm the citation. These inconsistencies led to the conclusion that the reference could not be verified.

- https://doi.org/10.1126/science.1239402
- https://pubmed.ncbi.nlm.nih.gov/23908229/
- https://www.science.org/doi/abs/10.1126/science.1239402",0.0,1.0
"IPCC. (2019). *Climate change and land: An IPCC special report on climate change, desertification, land degradation, sustainable land management, food security, and greenhouse gas fluxes in terrestrial ecosystems*. Intergovernmental Panel on Climate Change.",Climate change,qwen3_32b_think,verified,"Intergovernmental Panel on Climate Change. (2019). *Climate change and land: An IPCC special report on climate change, desertification, land degradation, sustainable land management, food security, and greenhouse gas fluxes in terrestrial ecosystems*. https://www.ipcc.ch/site/assets/uploads/2019/11/SRCCL-Full-Report-Compiled-191128.pdf",MATCH,MATCH,MATCH,MATCH,ABSENT,"Climate Change and Land: An IPCC special report on climate change, desertification, land degradation, sustainable land management, food security, and greenhouse gas fluxes in terrestrial ecosystems",Intergovernmental Panel on Climate Change,2019,Intergovernmental Panel on Climate Change (IPCC),,https://www.ipcc.ch/site/assets/uploads/2019/11/SRCCL-Full-Report-Compiled-191128.pdf,GOOGLE,4,0,0,1,0,"Climate change and land: An IPCC special report on climate change, desertification, land degradation, sustainable land management, food security, and greenhouse gas fluxes in terrestrial ecosystems","Climate Change and Land: An IPCC special report on climate change, desertification, land degradation, sustainable land management, food security, and greenhouse gas fluxes in terrestrial ecosystems",IPCC,Intergovernmental Panel on Climate Change,2019,2019,Intergovernmental Panel on Climate Change,Intergovernmental Panel on Climate Change (IPCC),,https://www.ipcc.ch/site/assets/uploads/2019/11/SRCCL-Full-Report-Compiled-191128.pdf,1,1,1,GOOGLE,0,"✓ Title | ✓ Authors | ✓ Year | ✓ Venue | ○ ID

### Summary
This report was confirmed as an IPCC special report published in 2019 with exact matching title, authorship attributed to the Intergovernmental Panel on Climate Change, and matching publisher details. The citation corresponds fully to the official report from the IPCC.

### Details
A matching record was found with the exact title ""Climate Change and Land: An IPCC special report on climate change, desertification, land degradation, sustainable land management, food security, and greenhouse gas fluxes in terrestrial ecosystems."" The author entity matched correctly, considering the abbreviation IPCC and the full name Intergovernmental Panel on Climate Change as equivalent. The year 2019 matched exactly. The publisher name was consistent, with one version including the acronym IPCC in parentheses, which was accepted as a standard notation. No DOI was provided, but a direct link to the official IPCC report PDF supports verification.

- https://www.ipcc.ch/site/assets/uploads/2019/11/SRCCL-Full-Report-Compiled-191128.pdf
- https://www.ipcc.ch/srccl/
- https://digitallibrary.un.org/record/3893424?ln=en",1.0,0.0
"IPCC. (2014). *Climate change 2014: Synthesis report. Contribution of Working Groups I, II and III to the Fifth Assessment Report of the Intergovernmental Panel on Climate Change*. IPCC.",Climate change,qwen3_32b_think,verified-with-error,"IPCC, Pachauri, R. K., & Allen, M. R. (2014). Climate change 2014: Synthesis report. Contribution of Working Groups I, II and III to the Fifth Assessment Report of the Intergovernmental Panel on Climate Change. *Zenodo (CERN European Organization for Nuclear Research)*. https://doi.org/10.5281/zenodo.18180472",MATCH,CONTAINS,MATCH,CONTRADICTION,ABSENT,"Climate Change 2014: Synthesis Report. Contribution of Working Groups I, II and III to the Fifth Assessment Report of the Intergovernmental Panel on Climate Change",IPCC; Rajendra K. Pachauri; Myles R. Allen,2014,Zenodo (CERN European Organization for Nuclear Research),10.5281/zenodo.18180472,https://doi.org/10.5281/zenodo.18180472,GOOGLE,2,1,1,1,0,"Climate change 2014: Synthesis report. Contribution of Working Groups I, II and III to the Fifth Assessment Report of the Intergovernmental Panel on Climate Change","Climate Change 2014: Synthesis Report. Contribution of Working Groups I, II and III to the Fifth Assessment Report of the Intergovernmental Panel on Climate Change",IPCC,IPCC; Rajendra K. Pachauri; Myles R. Allen,2014,2014,IPCC,Zenodo (CERN European Organization for Nuclear Research),,10.5281/zenodo.18180472,0,0,1,GOOGLE,0,"✓ Title | ◐ Authors | ✓ Year | ✗ Venue | ○ ID

### Summary
This reference was confirmed with the exact title ""Climate Change 2014: Synthesis Report. Contribution of Working Groups I, II and III to the Fifth Assessment Report of the Intergovernmental Panel on Climate Change"" and the correct publication year 2014. The authorship list containing IPCC was also found, although additional authors were included in the matched record. However, there is a discrepancy in the publication venue: the original reference cites IPCC as the publisher, but the verified record shows Zenodo, a research repository, which is unrelated to the IPCC.

### Details
A matching record was found with the exact title and year 2014. The author field partially contains IPCC, supplemented by additional authors Rajendra K. Pachauri and Myles R. Allen. The venue differs as the verified record is published by Zenodo (CERN European Organization for Nuclear Research), not the IPCC itself. No DOI was provided in the original citation, but the verified record includes DOI 10.5281/zenodo.18180472.

- https://doi.org/10.5281/zenodo.18180472
- https://www.ipcc.ch/report/ar5/syr/",0.467,0.533
"IPCC. (2014). *Climate change 2014: Impacts, adaptation, and vulnerability. Part A: Global and sectoral aspects. Contribution of Working Group II to the Fifth Assessment Report of the Intergovernmental Panel on Climate Change*. Cambridge University Press.",Climate change adaptation in agriculture,qwen3_32b_think,verified-with-error,"Intergovernmental Panel on Climate Change (IPCC). (2014). Climate change 2014: Impacts, adaptation, and vulnerability. Part A: Global and sectoral aspects. Contribution of Working Group II to the Fifth Assessment Report of the Intergovernmental Panel on Climate Change. *IPCC*. https://www.ipcc.ch/site/assets/uploads/2018/02/WGIIAR5-FrontMatterA_FINAL.pdf",CONTAINS,MATCH,MATCH,CONTAINS,ABSENT,"Climate Change 2014: Impacts, Adaptation, and Vulnerability. Part A: Global and Sectoral Aspects",Intergovernmental Panel on Climate Change (IPCC),2014,IPCC (Working Group II contribution to the Fifth Assessment Report),,https://www.ipcc.ch/site/assets/uploads/2018/02/WGIIAR5-FrontMatterA_FINAL.pdf,GOOGLE,2,0,2,1,0,"Climate change 2014: Impacts, adaptation, and vulnerability. Part A: Global and sectoral aspects. Contribution of Working Group II to the Fifth Assessment Report of the Intergovernmental Panel on Climate Change","Climate Change 2014: Impacts, Adaptation, and Vulnerability. Part A: Global and Sectoral Aspects",IPCC,Intergovernmental Panel on Climate Change (IPCC),2014,2014,Cambridge University Press,IPCC (Working Group II contribution to the Fifth Assessment Report),,https://www.ipcc.ch/site/assets/uploads/2018/02/WGIIAR5-FrontMatterA_FINAL.pdf,1,1,1,GOOGLE,0,"◐ Title | ✓ Authors | ✓ Year | ◐ Venue | ○ ID

### Summary
This reference to the 2014 IPCC report on climate change impacts, adaptation, and vulnerability was confirmed as authentic. The core title and the author (IPCC) matched well with official sources, although there were small differences such as slight changes in capitalization and subtitle wording. The publication year 2014 also matched exactly.

### Details
A matching document was found with the title ""Climate Change 2014: Impacts, Adaptation, and Vulnerability. Part A: Global and Sectoral Aspects"" as part of the IPCC Working Group II's Fifth Assessment Report. The author name IPCC corresponded to ""Intergovernmental Panel on Climate Change (IPCC),"" showing a standard abbreviation variant. The year 2014 was identical in both citation and evidence. However, the venue information indicated Cambridge University Press as the publisher in the citation, while the official source cited the IPCC report itself as the venue, reflecting a difference between publisher and report origin. No DOI or other identifier was found.

Links to the IPCC report and Cambridge University pages where the document is referenced were found, although a direct Cambridge Core URL was no longer active, the official IPCC site hosts the report PDF.

- https://www.ipcc.ch/site/assets/uploads/2018/02/WGIIAR5-FrontMatterA_FINAL.pdf
- https://www.cambridge.org/core/books/climate-change-2014-impacts-adaptation-and-vulnerability-part-a-global-and-sectoral-aspects/1BE4ED76F97CF3A75C64487E6274783A
- https://www.ipcc.ch/report/ar5/wg2/",0.733,0.267
"Porter, J. R., Xie, L., & Challinor, A. J. (2014). Food security and climate change: Future risks for global food production. *Global Environmental Change, 24*(2), 239–250. https://doi.org/10.1016/j.gloenvcha.2013.12.001",Climate change adaptation in agriculture,qwen3_32b_think,needs-human,Reference requires human review.,CONTRADICTION,CONTRADICTION,MATCH,MATCH,MATCH,Dietary quality and tree cover in Africa,Amy Ickowitz; Bronwen Powell; Mohammad Salim; Trey Sunderland,2014,Global Environmental Change,10.1016/j.gloenvcha.2013.12.001,https://doi.org/10.1016/j.gloenvcha.2013.12.001,GOOGLE,3,2,0,0,0,Food security and climate change: Future risks for global food production,Dietary quality and tree cover in Africa,"Porter, J. R.; Xie, L.; Challinor, A. J.",Amy Ickowitz; Bronwen Powell; Mohammad Salim; Trey Sunderland,2014,2014,Global Environmental Change,Global Environmental Change,10.1016/j.gloenvcha.2013.12.001,10.1016/j.gloenvcha.2013.12.001,0,0,1,GOOGLE,0,"✗ Title | ✗ Authors | ✓ Year | ✓ Venue | ✓ DOI | ✓ URL

### Summary
This reference requires human review because it shows conflicting information. Although the year 2014, journal name Global Environmental Change, and DOI match exactly, the title and authors do not correspond to the cited article. 

### Details
A matching DOI record was found that exactly matches the cited year (2014), journal, and DOI (10.1016/j.gloenvcha.2013.12.001). However, the recorded title is ""Dietary quality and tree cover in Africa"" with authors Amy Ickowitz, Bronwen Powell, Mohammad Salim, and Trey Sunderland, which differ completely from the cited article's title ""Food security and climate change: Future risks for global food production"" and authors Porter, Xie, and Challinor. The URL check was inconclusive due to access restrictions. This discrepancy suggests an issue with the DOI or citation linkage that a human should investigate further.

- https://doi.org/10.1016/j.gloenvcha.2013.12.001
- https://www.sciencedirect.com/",0.1,0.9
"Lobell, D. B., & Field, C. B. (2007). Global scale climate–crop yield relationships and the impacts of recent warming. *Environmental Research Letters, 2*(1), 014002. https://doi.org/10.1088/1748-9326/2/1/014002",Climate change adaptation in agriculture,qwen3_32b_think,verified,"Lobell, D. B., & Field, C. B. (2007). Global scale climate–crop yield relationships and the impacts of recent warming. *Environmental Research Letters*, 2(1), 014002. https://doi.org/10.1088/1748-9326/2/1/014002",MATCH,MATCH,MATCH,MATCH,MATCH,Global scale climate–crop yield relationships and the impacts of recent warming,David B. Lobell; Christopher Field,2007,Environmental Research Letters,10.1088/1748-9326/2/1/014002,https://doi.org/10.1088/1748-9326/2/1/014002,GOOGLE,5,0,0,0,0,Global scale climate–crop yield relationships and the impacts of recent warming,Global scale climate–crop yield relationships and the impacts of recent warming,"Lobell, D. B.; Field, C. B.",David B. Lobell; Christopher Field,2007,2007,Environmental Research Letters,Environmental Research Letters,10.1088/1748-9326/2/1/014002,10.1088/1748-9326/2/1/014002,1,1,1,GOOGLE,0,"✓ Title | ✓ Authors | ✓ Year | ✓ Venue | ✓ DOI | ✓ URL

### Summary
This article was confirmed in Environmental Research Letters with matching authors David B. Lobell and Christopher Field and the publication year 2007. The article title and DOI also matched exactly, ensuring the reference is accurate and reliable.

### Details
A matching record was found with the exact title ""Global scale climate–crop yield relationships and the impacts of recent warming."" Both authors matched precisely by name and initials. The publication year 2007 and the journal Environmental Research Letters were confirmed. The DOI 10.1088/1748-9326/2/1/014002 matched exactly, providing a direct link to the source document.

- https://doi.org/10.1088/1748-9326/2/1/014002",1.0,0.0
"Easterling, W. E., & Schlesinger, M. E. (2007). Climate change and agriculture: A briefing report. *Science, 315*(5813), 790–791. https://doi.org/10.1126/science.1136284",Climate change adaptation in agriculture,qwen3_32b_think,unverified,Reference could not be verified.,CONTAINS,UNCONFIRMED,MATCH,UNCONFIRMED,UNCONFIRMED,Climate Change and Agriculture,,2007,,,https://www.researchgate.net/publication/51996928_Climate_Change_and_Agriculture,GOOGLE,1,0,1,0,3,Climate change and agriculture: A briefing report,Climate Change and Agriculture,"Easterling, W. E.; Schlesinger, M. E.",,2007,2007,Science,,10.1126/science.1136284,,1,1,3,GOOGLE,0,"◐ Title | ? Authors | ✓ Year | ? Venue | ? DOI | ? URL

### Summary
No matching article could be found for the reference by Easterling and Schlesinger (2007) titled ""Climate change and agriculture: A briefing report"" in the journal Science. Although the year and core title phrase matched, the authors, journal, and DOI could not be confirmed.

### Details
A search for the DOI 10.1126/science.1136284 returned no results and the DOI link led to a 404 error, indicating the DOI is not active or incorrect. The title matched partially, but the subtitle ""A briefing report"" was missing in the potential match found. The authors Easterling and Schlesinger were not confirmed in any records found. The year 2007 matched exactly, but no journal or publisher information was verified. A similar titled document was found on ResearchGate, but it lacked author and DOI details, making it an insufficient match.

- https://doi.org/10.1126/science.1136284
- https://www.researchgate.net/publication/51996928_Climate_Change_and_Agriculture
- https://www.usda.gov/sites/default/files/documents/CC%20and%20Agriculture%20Report%20(02-04-2013)b.pdf",0.275,0.725
"Jarvis, A., Ramirez-Villegas, J., & Bellassen, V. (2016). *Adaptation of agriculture to climate change: A synthesis*. Food and Agriculture Organization of the United Nations (FAO).",Climate change adaptation in agriculture,qwen3_32b_think,unverified,Reference could not be verified.,CONTRADICTION,CONTAINS,MATCH,CONTRADICTION,ABSENT,Timescales of transformational climate change adaptation in sub-Saharan African agriculture,J. Ramirez-Villegas; A. Jarvis,2016,Nature Climate Change,10.1038/nclimate2947,https://eprints.whiterose.ac.uk/id/eprint/101214/1/J.%20Ramirez-Villegas%20Timescales.%20June%202016.pdf,GOOGLE,1,2,1,1,0,Adaptation of agriculture to climate change: A synthesis,Timescales of transformational climate change adaptation in sub-Saharan African agriculture,"Jarvis, A.; Ramirez-Villegas, J.; Bellassen, V.",J. Ramirez-Villegas; A. Jarvis,2016,2016,Food and Agriculture Organization of the United Nations (FAO),Nature Climate Change,,10.1038/nclimate2947,0,0,3,GOOGLE,0,"✗ Title | ◐ Authors | ✓ Year | ✗ Venue | ○ ID

### Summary
The reference could not be verified as matching the original citation. The title and publication source differ significantly, indicating they are not the same work despite sharing some authors and the publication year.

### Details
A matching record was found for a 2016 article titled ""Timescales of transformational climate change adaptation in sub-Saharan African agriculture"" authored by J. Ramirez-Villegas and A. Jarvis, published in the journal Nature Climate Change. This differs from the cited work titled ""Adaptation of agriculture to climate change: A synthesis"" by Jarvis, Ramirez-Villegas, and Bellassen, published by the Food and Agriculture Organization of the United Nations (FAO). The year 2016 matched exactly, and some authors overlapped, but the title and venue contradicted each other, and no identifier was present to confirm the citation.

- https://eprints.whiterose.ac.uk/id/eprint/101214/1/J.%20Ramirez-Villegas%20Timescales.%20June%202016.pdf
- https://doi.org/10.1038/nclimate2947",0.0,1.0
"Nelson, G. C., Valin, H., & Sands, R. D. (2014). Climate change effects on agriculture: Guidance for future research. *Proceedings of the National Academy of Sciences, 111*(19), 6865–6870. https://doi.org/10.1073/pnas.1317643111",Climate change adaptation in agriculture,qwen3_32b_think,verified,"Nelson, G. C., Valin, H., & Sands, R. D. (2014). *Climate change effects on agriculture: Guidance for future research*. *Proceedings of the National Academy of Sciences*, 111(19), 6865–6870. https://doi.org/10.1073/pnas.1317643111",MATCH,MATCH,MATCH,MATCH,MATCH,Climate change effects on agriculture: Guidance for future research,G. C. Nelson; H. Valin; R. D. Sands,2014,Proceedings of the National Academy of Sciences,10.1073/pnas.1317643111,https://doi.org/10.1073/pnas.1317643111,GOOGLE,5,0,0,0,0,Climate change effects on agriculture: Guidance for future research,Climate change effects on agriculture: Guidance for future research,"Nelson, G. C.; Valin, H.; Sands, R. D.",G. C. Nelson; H. Valin; R. D. Sands,2014,2014,Proceedings of the National Academy of Sciences,Proceedings of the National Academy of Sciences,10.1073/pnas.1317643111,10.1073/pnas.1317643111,1,1,1,GOOGLE,1,"✓ Title | ✓ Authors | ✓ Year | ✓ Venue | ✓ DOI | ✓ URL

### Summary
This article was confirmed in the Proceedings of the National Academy of Sciences with matching authors Nelson, Valin, and Sands, and the year 2014. The title and journal details matched exactly, and the DOI provided corresponds to the cited article.

### Details
A matching record was found with the exact title ""Climate change effects on agriculture: Guidance for future research"" and the same authors, Nelson, G. C., Valin, H., and Sands, R. D. The year 2014 matched exactly, and the journal ""Proceedings of the National Academy of Sciences"" was confirmed. The DOI 10.1073/pnas.1317643111 was verified to correspond to this article. Minor formatting differences in author name order were noted but did not affect the match. 

- https://doi.org/10.1073/pnas.1317643111
- https://www.researchgate.net/publication/259350665_Climate_Change_Effects_on_Agriculture_Economic_Responses_to_Biophysical_Shocks
- https://pubmed.ncbi.nlm.nih.gov/24344285/",1.0,0.0
"Asseng, S., Ewert, F., & Martre, P. (2015). Rising temperatures reduce global wheat production. *Nature Climate Change, 5*(2), 143–147. https://doi.org/10.1038/nclimate2470",Climate change adaptation in agriculture,qwen3_32b_think,verified,"Asseng, S., Ewert, F., Martre, P., Rötter, R. P., Lobell, D. B., Cammarano, D., Kimball, B. A., Ottman, M. J., Wall, G. W., White, J. W., Reynolds, M., Alderman, P. D., Vara Prasad, P. V., Aggarwal, P., Anothai, J., Basso, B., Biernath, C., Challinor, A. J., De Sanctis, G., Doltra, J., Fereres, E., García‐Vila, M., Gayler, S., Hoogenboom, G., Hunt, L. A., Izaurralde, R. C., Jabloun, M., Jones, C. D., Kersebaum, K. C., Koehler, A.-K., Müller, C., Kumar, S. N., Nendel, C., O’Leary, G. J., Olesen, J. E., Palosuo, T., Priesack, E., Eyshi Rezaei, E., Ruane, A. C., Semenov, M. A., Shcherbak, I., Stöckle, C., Stratonovitch, P., Streck, T., Supit, I., Tao, F., Thorburn, P. J., Waha, K., Wang, E., Wallach, D., Wolf, J., Zhao, Z., & Zhu, Y. (2014). *Rising temperatures reduce global wheat production*. *Nature Climate Change*, 5(2), 143-147. https://doi.org/10.1038/nclimate2470",MATCH,CONTAINS,CONTAINS,MATCH,MATCH,Rising temperatures reduce global wheat production,Senthold Asseng; Frank Ewert; Pierre Martre; Reimund P. Rötter; David B. Lobell; Davide Cammarano; Bruce A. Kimball; Michael J. Ottman; Gerard W. Wall; Jeffrey W. White; Matthew Reynolds; Phillip D. Alderman; P. V. Vara Prasad; Pramod Aggarwal; Jakarat Anothai; Bruno Basso; Christian Biernath; Andrew J. Challinor; Giacomo De Sanctis; Jordi Doltra; Elías Fereres; Margarita García‐Vila; Sebastian Gayler; Gerrit Hoogenboom; L. A. Hunt; R. C. Izaurralde; Mohamed Jabloun; Curtis D. Jones; Kurt Christian Kersebaum; A-K. Koehler; Christoph Müller; Soora Naresh Kumar; Claas Nendel; Garry J. O’Leary; Jørgen E. Olesen; Taru Palosuo; Eckart Priesack; Ehsan Eyshi Rezaei; A. C. Ruane; Mikhail A. Semenov; Iurii Shcherbak; Claudio Stöckle; Pierre Stratonovitch; Thilo Streck; Iwan Supit; Fulu Tao; Peter J. Thorburn; Katharina Waha; Enli Wang; Daniel Wallach; J. Wolf; Zhigan Zhao; Yan Zhu,2014,Nature Climate Change,10.1038/nclimate2470,https://doi.org/10.1038/nclimate2470,GOOGLE,3,0,2,0,0,Rising temperatures reduce global wheat production.,Rising temperatures reduce global wheat production,"Asseng, S.; Ewert, F.; Martre, P.",Senthold Asseng; Frank Ewert; Pierre Martre; Reimund P. Rötter; David B. Lobell; Davide Cammarano; Bruce A. Kimball; Michael J. Ottman; Gerard W. Wall; Jeffrey W. White; Matthew Reynolds; Phillip D. Alderman; P. V. Vara Prasad; Pramod Aggarwal; Jakarat Anothai; Bruno Basso; Christian Biernath; Andrew J. Challinor; Giacomo De Sanctis; Jordi Doltra; Elías Fereres; Margarita García‐Vila; Sebastian Gayler; Gerrit Hoogenboom; L. A. Hunt; R. C. Izaurralde; Mohamed Jabloun; Curtis D. Jones; Kurt Christian Kersebaum; A-K. Koehler; Christoph Müller; Soora Naresh Kumar; Claas Nendel; Garry J. O’Leary; Jørgen E. Olesen; Taru Palosuo; Eckart Priesack; Ehsan Eyshi Rezaei; A. C. Ruane; Mikhail A. Semenov; Iurii Shcherbak; Claudio Stöckle; Pierre Stratonovitch; Thilo Streck; Iwan Supit; Fulu Tao; Peter J. Thorburn; Katharina Waha; Enli Wang; Daniel Wallach; J. Wolf; Zhigan Zhao; Yan Zhu,2015,2014,Nature Climate Change,Nature Climate Change,10.1038/nclimate2470,10.1038/nclimate2470,1,1,1,GOOGLE,0,"✓ Title | ◐ Authors | ◐ Year | ✓ Venue | ✓ DOI | ✓ URL

### Summary
This article was confirmed in Nature Climate Change with the title ""Rising temperatures reduce global wheat production"" exactly matching. The authors Asseng, Ewert, and Martre were found among a larger group of contributors, and the publication year 2015 closely corresponds to the actual year 2014. The journal name and DOI also matched perfectly.

### Details
A matching record was found via DOI 10.1038/nclimate2470, linking to the article titled ""Rising temperatures reduce global wheat production"" published in Nature Climate Change. The citation authors are a subset of the full author list found, which includes many additional contributors. The year in the citation (2015) differs by one year from the evidence (2014), which is within an acceptable range. The journal name and DOI matched exactly.

- https://doi.org/10.1038/nclimate2470
- https://doi.org/10.1038/nclimate2470 (OpenAlex)",0.825,0.175
"Wheeler, T., & von Braun, J. (2013). Climate change impacts on global food security. *Science, 341*(6145), 508–513. https://doi.org/10.1126/science.1239402",Climate change adaptation in agriculture,qwen3_32b_think,verified,"Wheeler, T., & von Braun, J. (2013). Climate Change Impacts on Global Food Security. *Science*, 341(6145), 508-513. https://doi.org/10.1126/science.1239402",MATCH,MATCH,MATCH,MATCH,MATCH,Climate Change Impacts on Global Food Security,Tim Wheeler; Joachim von Braun,2013,Science,10.1126/science.1239402,https://doi.org/10.1126/science.1239402,GOOGLE,5,0,0,0,0,Climate change impacts on global food security.,Climate Change Impacts on Global Food Security,"Wheeler, T.; von Braun, J.",Tim Wheeler; Joachim von Braun,2013,2013,Science,Science,10.1126/science.1239402,10.1126/science.1239402,1,1,1,GOOGLE,0,"✓ Title | ✓ Authors | ✓ Year | ✓ Venue | ✓ DOI | ✓ URL

### Summary
This article was confirmed in the journal Science with matching authors Tim Wheeler and Joachim von Braun, published in 2013. The title, authors, year, journal, and DOI all matched exactly.

### Details
A matching record was found using the DOI 10.1126/science.1239402, confirming the article titled ""Climate Change Impacts on Global Food Security"" by Tim Wheeler and Joachim von Braun. The publication year 2013 and the journal Science matched perfectly. The authors' names matched exactly, with initials in the citation corresponding to full names in the evidence. The URL https://doi.org/10.1126/science.1239402 leads to the full article confirming the reference details.

- https://doi.org/10.1126/science.1239402
- https://openalex.org/doi/10.1126/science.1239402",1.0,0.0
"Rosenzweig, C., & Parry, M. L. (1994). Potential impact of climate change on world food supply. *Nature, 367*(6463), 334–337. https://doi.org/10.1038/367334a0",Climate change adaptation in agriculture,qwen3_32b_think,verified,"Rosenzweig, C., & Parry, M. L. (1994). *Potential impact of climate change on world food supply*. *Nature*, 367, 334–337. https://www.nature.com/articles/367133a0",MATCH,CONTAINS,MATCH,MATCH,UNCONFIRMED,Potential impact of climate change on world food supply,C Rosenzweig; ML Parry,1994,Nature,,https://www.nature.com/articles/367133a0,GOOGLE,3,0,1,0,1,Potential impact of climate change on world food supply.,Potential impact of climate change on world food supply,"Rosenzweig, C.; Parry, M. L.",C Rosenzweig; ML Parry,1994,1994,Nature,Nature,10.1038/367334a0,,1,1,1,GOOGLE,0,"✓ Title | ◐ Authors | ✓ Year | ✓ Venue | ? DOI | ? URL

### Summary
This article was confirmed in Nature with matching title, authors, year, and journal. The title ""Potential impact of climate change on world food supply"" and the authors Rosenzweig and Parry were verified, along with the publication year 1994 and the journal Nature.

### Details
A matching record was found with the exact title and author names (C Rosenzweig and ML Parry) published in 1994 in Nature. Although the DOI provided (10.1038/367334a0) could not be confirmed due to a 404 error, the article itself was verified through a successful scholar search that linked to the Nature website. The journal name, year, and authors correspond exactly to the citation.

- https://www.nature.com/articles/367133a0
- https://doi.org/10.1038/367334a0 (not found)",0.65,0.35
"Howden, S. M., & Crimp, S. (2007). Climate change and Australian agriculture: Impacts, adaptation and mitigation. *Australian Journal of Experimental Agriculture, 47*(7), 945–955. https://doi.org/10.1071/EA06174",Climate change adaptation in agriculture,qwen3_32b_think,verified,"Howden, S. M., & Crimp, S. (2007). Climate change and Australian agriculture: Impacts, adaptation and mitigation. *Australian Journal of Experimental Agriculture*, 47(7), 945–955. https://doi.org/10.1071/EA06174",MATCH,MATCH,MATCH,MATCH,MATCH,"Climate change and Australian agriculture: Impacts, adaptation and mitigation","Howden, S. M.; Crimp, S.",2007,Australian Journal of Experimental Agriculture,10.1071/EA06174,,GOOGLE,5,0,0,0,0,"Climate change and Australian agriculture: Impacts, adaptation and mitigation.","Climate change and Australian agriculture: Impacts, adaptation and mitigation","Howden, S. M.; Crimp, S.","Howden, S. M.; Crimp, S.",2007,2007,Australian Journal of Experimental Agriculture,Australian Journal of Experimental Agriculture,10.1071/EA06174,10.1071/EA06174,1,1,1,GOOGLE,1,"✓ Title | ✓ Authors | ✓ Year | ✓ Venue | ✓ DOI | ? URL

### Summary
This article was confirmed in the Australian Journal of Experimental Agriculture with matching authors Howden and Crimp, the year 2007, and the exact title. The DOI also matched perfectly, confirming the reference's accuracy.

### Details
A matching record was found with the exact title ""Climate change and Australian agriculture: Impacts, adaptation and mitigation"" and authors Howden, S. M. and Crimp, S. The publication year 2007 and the journal name matched exactly. The DOI 10.1071/EA06174 was also an exact match, supporting the verification. Although the DOI link returned a 404 error on direct URL check, the metadata fields matched perfectly, confirming the reference's validity.

- https://doi.org/10.1071/EA06174",1.0,0.0
"Kassie, M. T., Shiferaw, B., Alemu, T., & Kedir, M. A. (2018). Climate-smart agriculture adoption and its determinants in the highlands of Ethiopia. *Agricultural Systems, 160*, 112–123. https://doi.org/10.1016/j.agsy.2017.11.003",Climate-smart agriculture for smallholder farmers,qwen3_32b_think,needs-human,Reference requires human review.,CONTRADICTION,CONTRADICTION,CONTAINS,MATCH,MATCH,Plant factories versus greenhouses: Comparison of resource use efficiency,Luuk Graamans; E.J. Baeza; Andy van den Dobbelsteen; I. Tsafaras; C. Stanghellini,2017,Agricultural Systems,10.1016/j.agsy.2017.11.003,https://doi.org/10.1016/j.agsy.2017.11.003,GOOGLE,2,2,1,0,0,Climate-smart agriculture adoption and its determinants in the highlands of Ethiopia.,Plant factories versus greenhouses: Comparison of resource use efficiency,"Kassie, M. T.; Shiferaw, B.; Alemu, T.; Kedir, M. A.",Luuk Graamans; E.J. Baeza; Andy van den Dobbelsteen; I. Tsafaras; C. Stanghellini,2018,2017,Agricultural Systems,Agricultural Systems,10.1016/j.agsy.2017.11.003,10.1016/j.agsy.2017.11.003,0,0,1,GOOGLE,0,"✗ Title | ✗ Authors | ◐ Year | ✓ Venue | ✓ DOI | ✓ URL

### Summary
The reference could not be confirmed because the DOI leads to a different article with unrelated authors and title. Although the journal and year are close, the main details do not match the cited work.

### Details
A matching record was found for the DOI 10.1016/j.agsy.2017.11.003, but it corresponds to a different article titled ""Plant factories versus greenhouses: Comparison of resource use efficiency"" published in Agricultural Systems in 2017. The authors listed for this article do not overlap with those in the citation, which names Kassie, Shiferaw, Alemu, and Kedir. The cited title about climate-smart agriculture adoption in Ethiopia does not match the found article's topic. The year difference (2018 vs 2017) is minor but the title and authors contradict, indicating a likely incorrect DOI or citation error.

- https://doi.org/10.1016/j.agsy.2017.11.003",0.025,0.975
FAO. (2013). *Climate-smart agriculture: Sourcebook*. Food and Agriculture Organization of the United Nations. http://www.fao.org/3/i3332e/i3332e.pdf,Climate-smart agriculture for smallholder farmers,qwen3_32b_think,verified,Food and Agriculture Organization of the United Nations. (2013). *Climate-smart agriculture: Sourcebook*. Food and Agriculture Organization of the United Nations. http://www.fao.org/3/i3332e/i3332e.pdf,MATCH,MATCH,MATCH,MATCH,MATCH,Climate-smart agriculture: Sourcebook,Food and Agriculture Organization of the United Nations,2013,Food and Agriculture Organization of the United Nations,,http://www.fao.org/3/i3332e/i3332e.pdf,GOOGLE,5,0,0,0,0,Climate-smart agriculture: Sourcebook,Climate-smart agriculture: Sourcebook,FAO,Food and Agriculture Organization of the United Nations,2013,2013,Food and Agriculture Organization of the United Nations,Food and Agriculture Organization of the United Nations,http://www.fao.org/3/i3332e/i3332e.pdf,http://www.fao.org/3/i3332e/i3332e.pdf,1,1,1,GOOGLE,0,"✓ Title | ✓ Authors | ✓ Year | ✓ Venue | ✓ URL

### Summary
This sourcebook titled ""Climate-smart agriculture: Sourcebook"" was confirmed as published in 2013 by the Food and Agriculture Organization of the United Nations. The authorship, title, year, and publisher details all match exactly with the verified reference.

### Details
A matching record was found with the exact title ""Climate-smart agriculture: Sourcebook"" and the year 2013. The author is identified as the Food and Agriculture Organization of the United Nations, which corresponds to the abbreviation FAO used in the citation. The publisher information also matches perfectly. The URL provided leads to the official FAO website hosting the PDF of the sourcebook, confirming its authenticity.

- [FAO Climate-smart agriculture Sourcebook PDF](http://www.fao.org/3/i3332e/i3332e.pdf)
- [FAO Climate-smart agriculture Sourcebook on FAO website](https://www.fao.org/climate-smart-agriculture-sourcebook/en/)
- [OpenAlex record](https://www.cabdirect.org/abstracts/20153237305.html)",1.0,0.0
"Dercon, S., Hoddinott, J., & Taffesse, A. S. (2016). Climate shocks and smallholder farmers in Ethiopia. *Climate and Development, 8*(2), 145–157. https://doi.org/10.1080/17565529.2015.1063294",Climate-smart agriculture for smallholder farmers,qwen3_32b_think,unverified,Reference could not be verified.,UNCONFIRMED,UNCONFIRMED,UNCONFIRMED,UNCONFIRMED,UNCONFIRMED,,,,,,,,,,,,,,,,,,,,,,,0,0,0,,1,"? Title | ? Authors | ? Year | ? Venue | ? ID

### Summary
No matching article could be found for the reference by Dercon, Hoddinott, and Taffesse (2016) titled ""Climate shocks and smallholder farmers in Ethiopia"" in the journal Climate and Development. The DOI provided does not resolve to any record, and no matching metadata was found in major academic databases.

### Details
A search using the DOI 10.1080/17565529.2015.1063294 returned a 404 error indicating the DOI is not found in the DOI system. Attempts to locate the article by title, authors, and year in OpenAlex and other scholarly search tools yielded no matches. The year, authors, title, and journal name could not be confirmed from available sources. This suggests the reference may contain an incorrect or inactive DOI or may not be indexed in the searched databases.

- https://doi.org/10.1080/17565529.2015.1063294
- OpenAlex search results
- Scholarly search results",0.0,1.0
"Mwongera, P. W., Mureithi, P. M., & Muthuri, C. W. (2019). Gender dynamics in climate-smart agriculture adoption in Kenya. *Environmental Science & Policy, 92*, 123–132. https://doi.org/10.1016/j.envsci.2018.11.012",Climate-smart agriculture for smallholder farmers,qwen3_32b_think,needs-human,Reference requires human review.,CONTRADICTION,CONTRADICTION,CONTAINS,MATCH,MATCH,Purpose vs performance: What does marine protected area success look like?,Katherine L. Yates; Beverley Clarke; Ruth H. Thurstan,2018,Environmental Science & Policy,10.1016/j.envsci.2018.11.012,https://doi.org/10.1016/j.envsci.2018.11.012,GOOGLE,2,2,1,0,0,Gender dynamics in climate-smart agriculture adoption in Kenya,Purpose vs performance: What does marine protected area success look like?,"Mwongera, P. W.; Mureithi, P. M.; Muthuri, C. W.",Katherine L. Yates; Beverley Clarke; Ruth H. Thurstan,2019,2018,Environmental Science & Policy,Environmental Science & Policy,10.1016/j.envsci.2018.11.012,10.1016/j.envsci.2018.11.012,0,1,2,GOOGLE,0,"✗ Title | ✗ Authors | ◐ Year | ✓ Venue | ✓ DOI | ✓ URL

### Summary
The reference could not be verified because the DOI provided corresponds to a different article with a different title and authors. Although the journal and year are close, the mismatch in title and authors means this reference needs human review.

### Details
A matching record was found for the DOI 10.1016/j.envsci.2018.11.012, but it points to an article titled ""Purpose vs performance: What does marine protected area success look like?"" by Katherine L. Yates, Beverley Clarke, and Ruth H. Thurstan, published in 2018 in Environmental Science & Policy. The original reference claims a 2019 article titled ""Gender dynamics in climate-smart agriculture adoption in Kenya"" by Mwongera, Mureithi, and Muthuri. The journal name matches exactly, and the year difference is within one year, but the title and authors do not match at all. This discrepancy suggests the DOI may be incorrect or misattributed.

- https://doi.org/10.1016/j.envsci.2018.11.012
- https://www.researchgate.net/publication/387911365_Exploring_gender_dynamics_in_climate-smart_agriculture_adoption_a_study_in_semi-arid_Dodoma_Tanzania
- https://www.frontiersin.org/journals/sustainable-food-systems/articles/10.3389/fsufs.2024.1507540/full",0.025,0.975
"Sperling, C., Bezabih, M., & Hellin, J. (2017). Climate-smart agriculture in Sub-Saharan Africa: A review of the evidence. *Global Food Security, 13*, 1–11. https://doi.org/10.1016/j.gfs.2017.02.001",Climate-smart agriculture for smallholder farmers,qwen3_32b_think,needs-human,Reference requires human review.,CONTRADICTION,CONTRADICTION,MATCH,MATCH,MATCH,Maternal and Child Nutrition in Nepal: Examining drivers of progress from the mid-1990s to 2010s,Kenda Cunningham; Derek Headey; Akriti Singh; Chandni Karmacharya; Pooja Rana,2017,Global Food Security,10.1016/j.gfs.2017.02.001,https://doi.org/10.1016/j.gfs.2017.02.001,GOOGLE,3,2,0,0,0,Climate-smart agriculture in Sub-Saharan Africa: A review of the evidence,Maternal and Child Nutrition in Nepal: Examining drivers of progress from the mid-1990s to 2010s,"Sperling, C.; Bezabih, M.; Hellin, J.",Kenda Cunningham; Derek Headey; Akriti Singh; Chandni Karmacharya; Pooja Rana,2017,2017,Global Food Security,Global Food Security,10.1016/j.gfs.2017.02.001,10.1016/j.gfs.2017.02.001,0,0,1,GOOGLE,0,"✗ Title | ✗ Authors | ✓ Year | ✓ Venue | ✓ DOI | ✓ URL

### Summary
The reference could not be fully verified because the DOI matches a different article than the one cited. While the year 2017 and the journal Global Food Security match, the title and authors do not correspond to the cited article about climate-smart agriculture in Sub-Saharan Africa.

### Details
A matching record was found for the DOI 10.1016/j.gfs.2017.02.001, but it corresponds to an article titled ""Maternal and Child Nutrition in Nepal: Examining drivers of progress from the mid-1990s to 2010s"" by Cunningham, Headey, Singh, Karmacharya, and Rana. This differs significantly from the cited article's title and authors (Sperling, Bezabih, Hellin). The year 2017 and the journal Global Food Security match exactly, but the DOI appears to be incorrect for the cited article. The URL redirects correctly to the article with the different title and authors.

- [DOI link](https://doi.org/10.1016/j.gfs.2017.02.001)",0.1,0.9
"Nyangena, M. M., Murendo, C. M., & Mwongera, P. W. (2020). Climate risk perception and adaptation strategies among smallholder farmers in Kenya. *Agricultural Systems, 185*, 102857. https://doi.org/10.1016/j.agsy.2020.102857",Climate-smart agriculture for smallholder farmers,qwen3_32b_think,needs-human,Reference requires human review.,CONTRADICTION,CONTRADICTION,MATCH,MATCH,MATCH,Towards actionable farm typologies: Scaling adoption of agricultural inputs in Rwanda,Jim Hammond; Nathaniel Z. Rosenblum; Dana Breseman; Léo Gorman; Rhys Manners; Mark T. van Wijk; Milindi Sibomana; Roseline Remans; Bernard Vanlauwe; Marc Schut,2020,Agricultural Systems,10.1016/j.agsy.2020.102857,https://doi.org/10.1016/j.agsy.2020.102857,GOOGLE,3,2,0,0,0,Climate risk perception and adaptation strategies among smallholder farmers in Kenya.,Towards actionable farm typologies: Scaling adoption of agricultural inputs in Rwanda,"Nyangena, M. M.; Murendo, C. M.; Mwongera, P. W.",Jim Hammond; Nathaniel Z. Rosenblum; Dana Breseman; Léo Gorman; Rhys Manners; Mark T. van Wijk; Milindi Sibomana; Roseline Remans; Bernard Vanlauwe; Marc Schut,2020,2020,Agricultural Systems,Agricultural Systems,10.1016/j.agsy.2020.102857,10.1016/j.agsy.2020.102857,0,0,1,GOOGLE,1,"✗ Title | ✗ Authors | ✓ Year | ✓ Venue | ✓ DOI | ✓ URL

### Summary
The reference could not be confirmed because the DOI leads to a different article with a different title and authors. Although the year and journal match, the topics and author lists do not correspond, indicating a mismatch.

### Details
A matching record was found for the DOI 10.1016/j.agsy.2020.102857, but it corresponds to an article titled ""Towards actionable farm typologies: Scaling adoption of agricultural inputs in Rwanda"" by a completely different set of authors. The year 2020 and the journal Agricultural Systems matched exactly, but the title and authors did not. This suggests the DOI in the original reference may be incorrect or misattributed.

- https://doi.org/10.1016/j.agsy.2020.102857",0.1,0.9
"Waha, K., Müller, C., Gornott, C., & Schmid, E. (2019). Climate-smart agriculture in Sub-Saharan Africa: A climate modeling perspective. *Nature Climate Change, 9*(5), 387–393. https://doi.org/10.1038/s41558-019-0440-5",Climate-smart agriculture for smallholder farmers,qwen3_32b_think,unverified,Reference could not be verified.,CONTRADICTION,UNCONFIRMED,UNCONFIRMED,UNCONFIRMED,UNCONFIRMED,Climate-smart agriculture for sustainable agricultural sectors,,,,,https://pmc.ncbi.nlm.nih.gov/articles/PMC6013986/,GOOGLE,0,1,0,0,4,Climate-smart agriculture in Sub-Saharan Africa: A climate modeling perspective.,Climate-smart agriculture for sustainable agricultural sectors,"Waha, K.; Müller, C.; Gornott, C.; Schmid, E.",,2019,,Nature Climate Change,,10.1038/s41558-019-0440-5,,0,0,1,GOOGLE,0,"✗ Title | ? Authors | ? Year | ? Venue | ? DOI | ? URL

### Summary
No matching article could be found for the reference provided. The title given in the reference does not match any found records, and the DOI leads to a dead link.

### Details
A search for the DOI 10.1038/s41558-019-0440-5 returned no results in the OpenAlex database, and the DOI link itself returned a 404 error, indicating it is not active or incorrect. The title in the reference, ""Climate-smart agriculture in Sub-Saharan Africa: A climate modeling perspective,"" contradicts the closest found article titled ""Climate-smart agriculture for sustainable agricultural sectors."" Author names, year, and journal details could not be confirmed due to lack of matching records. The best potential match found was unrelated in title and lacked author and year information.

- https://doi.org/10.1038/s41558-019-0440-5
- https://pmc.ncbi.nlm.nih.gov/articles/PMC6013986/",0.0,1.0
"Murendo, C. M., Nyangena, M. M., & Mwongera, P. W. (2018). Policy challenges for scaling up climate-smart agriculture in Africa. *Sustainability, 10*(12), 4567. https://doi.org/10.3390/su10124567",Climate-smart agriculture for smallholder farmers,qwen3_32b_think,needs-human,Reference requires human review.,CONTRADICTION,CONTRADICTION,MATCH,MATCH,MATCH,"Measurement of Ecological Land Use/Cover Change and Its Varying Spatiotemporal Driving Forces by Statistical and Survival Analysis: A Case Study of Yingkou City, China",Lei Zhang; Gui Jin; Qing Wan; Yanfang Liu; Xiaojian Wei,2018,Sustainability,10.3390/su10124567,https://doi.org/10.3390/su10124567,GOOGLE,3,2,0,0,0,Policy challenges for scaling up climate-smart agriculture in Africa.,"Measurement of Ecological Land Use/Cover Change and Its Varying Spatiotemporal Driving Forces by Statistical and Survival Analysis: A Case Study of Yingkou City, China","Murendo, C. M.; Nyangena, M. M.; Mwongera, P. W.",Lei Zhang; Gui Jin; Qing Wan; Yanfang Liu; Xiaojian Wei,2018,2018,Sustainability,Sustainability,10.3390/su10124567,10.3390/su10124567,0,0,1,GOOGLE,0,"✗ Title | ✗ Authors | ✓ Year | ✓ Venue | ✓ DOI | ✓ URL

### Summary
The reference could not be confirmed because the DOI leads to a different article with a different title and authors. Although the year and journal name match, the content and authorship do not correspond to the cited work.

### Details
A matching record was found for the DOI 10.3390/su10124567, but it corresponds to an article titled ""Measurement of Ecological Land Use/Cover Change and Its Varying Spatiotemporal Driving Forces by Statistical and Survival Analysis: A Case Study of Yingkou City, China"" by Lei Zhang and colleagues, not the cited article by Murendo, Nyangena, and Mwongera on climate-smart agriculture in Africa. The year 2018 and the journal Sustainability match exactly, but the title and authors contradict the original reference. No other sources were found to support the original citation details.

- [DOI link](https://doi.org/10.3390/su10124567)",0.1,0.9
"Kiptot, J. M., Murendo, C. M., & Nyangena, M. M. (2017). Knowledge gaps in climate-smart agriculture for smallholder farmers. *Agriculture and Human Values, 34*(3), 789–803. https://doi.org/10.1007/s10460-017-9812-2",Climate-smart agriculture for smallholder farmers,qwen3_32b_think,unverified,Reference could not be verified.,UNCONFIRMED,UNCONFIRMED,UNCONFIRMED,UNCONFIRMED,UNCONFIRMED,,,,,,,,,,,,,,,,,,,,,,,0,0,0,,0,"? Title | ? Authors | ? Year | ? Venue | ? ID

### Summary
No matching article could be found for the reference provided. The DOI does not resolve, and searches for the title and authors in relevant databases and search engines did not return any results matching this publication.

### Details
A search using the DOI 10.1007/s10460-017-9812-2 showed that the DOI is not found in the DOI system and returns a 404 error, indicating it is not registered or is incorrect. Searches in OpenAlex and Google for the article title ""Knowledge gaps in climate-smart agriculture for smallholder farmers"" by Kiptot, Murendo, and Nyangena from 2017 in the journal Agriculture and Human Values yielded no matching records. Multiple related documents on climate-smart agriculture and smallholder farmers were found, but none matched this exact reference.

- https://doi.org/10.1007/s10460-017-9812-2
- https://edepot.wur.nl/563630
- https://www.researchgate.net/publication/357974591_Smallholder_farmers'_engagement_with_climate_smart_agriculture_in_Africa_role_of_local_knowledge_and_upscaling
- https://par.nsf.gov/servlets/purl/10341111
- https://infohub.practicalaction.org/bitstreams/62e6dfe8-f551-426c-bbb9-c8c92047b9bf/download",0.0,1.0
"Smith, J. (2021). *Climate-smart agriculture and smallholder resilience in Kenya: A case study of climate risk management*. Dissertation, University of Nairobi. https://doi.org/10.1234/567890",Climate-smart agriculture for smallholder farmers,qwen3_32b_think,unverified,Reference could not be verified.,UNCONFIRMED,UNCONFIRMED,UNCONFIRMED,UNCONFIRMED,UNCONFIRMED,,,,,,,,,,,,,,,,,,,,,,,0,0,0,,0,"? Title | ? Authors | ? Year | ? Venue | ? ID

### Summary
No matching dissertation or publication by Smith, J. from 2021 titled ""Climate-smart agriculture and smallholder resilience in Kenya: A case study of climate risk management"" could be found. The DOI provided does not exist in the DOI system, and no records matching the author, title, or year were located.

### Details
A search for the DOI 10.1234/567890 in OpenAlex returned no results, indicating the DOI is not registered or incorrect. Checking the DOI URL led to a 404 error, confirming the DOI is invalid or not active. A broader web search for the dissertation title and author at the University of Nairobi did not yield any matching documents or records. The search results included related topics but no exact match to the reference provided.

- https://doi.org/10.1234/567890
- https://openalex.org
- Google search results for the dissertation title and author",0.0,1.0
"Lijphart, A. (1999). Patterns of democracy: An English national election study. *American Political Science Review, 93*(2), 377–394. https://doi.org/10.2307/2586011",Democratic elections,qwen3_32b_think,needs-human,Reference requires human review.,CONTRADICTION,CONTRADICTION,CONTAINS,MATCH,MATCH,"Increasing Returns, Path Dependence, and the Study of Politics",Paul Pierson,2000,American Political Science Review,10.2307/2586011,https://doi.org/10.2307/2586011,GOOGLE,2,2,1,0,0,Patterns of democracy: An English national election study,"Increasing Returns, Path Dependence, and the Study of Politics","Lijphart, A.",Paul Pierson,1999,2000,American Political Science Review,American Political Science Review,10.2307/2586011,10.2307/2586011,0,0,1,GOOGLE,0,"✗ Title | ✗ Authors | ◐ Year | ✓ Venue | ✓ DOI | ✓ URL

### Summary
The reference could not be confirmed as matching the provided citation. Although the journal and DOI match, the title and authors differ significantly, indicating these are two distinct articles.

### Details
A matching record was found for the DOI 10.2307/2586011, but it corresponds to an article titled ""Increasing Returns, Path Dependence, and the Study of Politics"" by Paul Pierson, published in 2000 in the American Political Science Review. The citation's title ""Patterns of democracy: An English national election study"" and author ""Lijphart, A."" do not match this record. The year differs by one, which is acceptable, but the title and author contradictions suggest the DOI may be incorrect for the cited article.

- https://doi.org/10.2307/2586011",0.025,0.975
"Shugart, M. S., & Carey, J. M. (2005). *Comparative legislative elections: A data handbook*. Routledge.",Democratic elections,qwen3_32b_think,needs-human,Reference requires human review.,CONTRADICTION,CONTAINS,MATCH,CONTAINS,ABSENT,Comparative electoral systems research: the maturation of a field and new challenges ahead,M. S. Shugart,2005,The politics of electoral systems,,"https://books.google.com/books?hl=en&lr=&id=Igdj1P4vBwMC&oi=fnd&pg=PA25&dq=Shugart+M.+S.,+Carey+J.+M.+2005+Comparative+legislative+elections:+A+data+handbook&ots=h6k4bjOkNB&sig=XyS4Fv5XvGQmIBZQSdHZfVShY7Q",GOOGLE,1,1,2,1,0,Comparative legislative elections: A data handbook,Comparative electoral systems research: the maturation of a field and new challenges ahead,"Shugart, M. S.; Carey, J. M.",M. S. Shugart,2005,2005,Routledge,The politics of electoral systems,,"https://books.google.com/books?hl=en&lr=&id=Igdj1P4vBwMC&oi=fnd&pg=PA25&dq=Shugart+M.+S.,+Carey+J.+M.+2005+Comparative+legislative+elections:+A+data+handbook&ots=h6k4bjOkNB&sig=XyS4Fv5XvGQmIBZQSdHZfVShY7Q",0,0,1,GOOGLE,0,"✗ Title | ◐ Authors | ✓ Year | ◐ Venue | ○ ID

### Summary
The reference could not be conclusively verified because the title in the citation does not match the title found in the search results. While the year 2005 and the author M. S. Shugart were confirmed, the cited title ""Comparative legislative elections: A data handbook"" differs from the found title ""Comparative electoral systems research: the maturation of a field and new challenges ahead."" Additionally, the cited authors include Carey, J. M., who is not present in the found record.

### Details
A matching record was found for the year 2005 with author M. S. Shugart, but the title and author list do not fully correspond. The citation's title refers to a data handbook on legislative elections, whereas the found title discusses electoral systems research, indicating different works. The publisher Routledge is consistent with the found book's publisher. No unique identifier was available to confirm the match. This discrepancy suggests the need for human review to determine the correct reference.

- https://books.google.com/books?hl=en&lr=&id=Igdj1P4vBwMC&oi=fnd&pg=PA25&dq=Shugart+M.+S.,+Carey+J.+M.+2005+Comparative+legislative+elections:+A+data+handbook&ots=h6k4bjOkNB&sig=XyS4Fv5XvGQmIBZQSdHZfVShY7Q",0.1,0.9
"Levitsky, S., & Ziblatt, D. (2018). How democracies die. *Journal of Democracy, 29*(1), 40–58. https://doi.org/10.1353/jod.2018.0004",Democratic elections,qwen3_32b_think,verified-with-error,"Levitsky, S., & Ziblatt, D. (2024). How Democracies Die (pp. 73-80). https://doi.org/10.4324/9781003263562-14",MATCH,MATCH,CONTRADICTION,UNCONFIRMED,CONTRADICTION,How Democracies Die,Steven Levitsky; Daniel Ziblatt,2024,,10.4324/9781003263562-14,https://doi.org/10.4324/9781003263562-14,GOOGLE,2,2,0,0,1,How democracies die,How Democracies Die,"Levitsky, S.; Ziblatt, D.",Steven Levitsky; Daniel Ziblatt,2018,2024,Journal of Democracy,,10.1353/jod.2018.0004,10.4324/9781003263562-14,0,0,2,GOOGLE,1,"✓ Title | ✓ Authors | ✗ Year | ? Venue | ✗ DOI | ? URL

### Summary
This reference was confirmed to be authored by Levitsky and Ziblatt with the exact title ""How Democracies Die."" However, there are discrepancies in the publication year and the DOI. The original citation lists the year as 2018 and a DOI that actually corresponds to a different article, while the verified record shows a 2024 publication year and a different DOI.

### Details
A matching record was found with the title ""How Democracies Die"" and authors Steven Levitsky and Daniel Ziblatt, confirming the title and authorship. The year in the verified record is 2024, which contradicts the cited year of 2018. Additionally, the DOI in the citation (10.1353/jod.2018.0004) points to a different article titled ""Autocrats Versus Activists in Africa,"" indicating a DOI mismatch. The verified DOI is 10.4324/9781003263562-14, linked to a 2024 publication without a specified journal. The venue ""Journal of Democracy"" from the citation could not be confirmed in the verified record.

- https://doi.org/10.1353/jod.2018.0004
- https://doi.org/10.4324/9781003263562-14",0.05,0.95
"Lindberg, S. I., & Malhotra, N. (2020). The impact of digital media on democratic elections: A meta-analysis. *Journal of Communication, 70*(4), 512–533. https://doi.org/10.1093/joc/jqaa032",Democratic elections,qwen3_32b_think,unverified,,CONTRADICTION,CONTRADICTION,MATCH,CONTRADICTION,ABSENT,,,,,,,,,,,,,,,,,,,,,,,,,,,,,0.000,1.000
"Gandhi, J. (2008). Party out of power: Opposition parties and minority rule in India. *American Political Science Review, 102*(3), 327–344. https://doi.org/10.1017/S000305540808023X",Democratic elections,qwen3_32b_think,unverified,,UNCONFIRMED,UNCONFIRMED,UNCONFIRMED,UNCONFIRMED,UNCONFIRMED,,,,,,,,,,,,,,,,,,,,,,,,,,,,,0.000,1.000
"Pemstein, D., Tausanovitch, C., & Vavreck, L. (2019). The role of institutional design in democratic elections: Evidence from U.S. states. *Technical Report, University of California, Los Angeles*.",Democratic elections,qwen3_32b_think,unverified,,UNCONFIRMED,UNCONFIRMED,UNCONFIRMED,UNCONFIRMED,UNCONFIRMED,,,,,,,,,,,,,,,,,,,,,,,,,,,,,0.000,1.000
"Smith, R. (2015). *Electoral fraud and democratic legitimacy: A case study of Latin America*. Dissertation, University of Oxford.",Democratic elections,qwen3_32b_think,unverified,,UNCONFIRMED,UNCONFIRMED,UNCONFIRMED,UNCONFIRMED,UNCONFIRMED,,,,,,,,,,,,,,,,,,,,,,,,,,,,,0.000,1.000
International Institute for Democracy and Electoral Assistance (IDEA). (2021). *Election observation: A guide for practitioners*. IDEA Publications.,Democratic elections,qwen3_32b_think,unverified,,CONTRADICTION,CONTAINS,UNCONFIRMED,MATCH,ABSENT,,,,,,,,,,,,,,,,,,,,,,,,,,,,,0.000,1.000
World Bank. (2016). *Digital financial services: A new frontier*. World Bank.,Digital financial services,qwen3_32b_think,unverified,,UNCONFIRMED,UNCONFIRMED,UNCONFIRMED,UNCONFIRMED,UNCONFIRMED,,,,,,,,,,,,,,,,,,,,,,,,,,,,,0.000,1.000
"Jack, W., & Suri, T. (2018). Mobile money: The Kenyan experience. *Journal of Financial Transformation, 49*, 1–12.",Digital financial services,qwen3_32b_think,unverified,,CONTRADICTION,MATCH,CONTRADICTION,CONTRADICTION,ABSENT,,,,,,,,,,,,,,,,,,,,,,,,,,,,,0.000,1.000
"Banerjee, A. V., Duflo, E., & Goldfarb, A. (2020). Digital payments and financial inclusion in India. *Journal of Development Economics, 143*, 102456.",Digital financial services,qwen3_32b_think,unverified,,CONTRADICTION,CONTRADICTION,CONTRADICTION,CONTRADICTION,ABSENT,,,,,,,,,,,,,,,,,,,,,,,,,,,,,0.000,1.000
"Chen, Y., & Zhang, L. (2019). Blockchain technology in digital financial services: A case study of China. *Proceedings of the IEEE International Conference on Fintech and Financial Innovation*, 1–6.",Digital financial services,qwen3_32b_think,unverified,,UNCONFIRMED,UNCONFIRMED,UNCONFIRMED,UNCONFIRMED,UNCONFIRMED,,,,,,,,,,,,,,,,,,,,,,,,,,,,,0.000,1.000
"Smith, J. (2021). *Adoption and impact of digital financial services in Sub-Saharan Africa: A case study of mobile money*. Dissertation, University of Nairobi.",Digital financial services,qwen3_32b_think,unverified,,UNCONFIRMED,UNCONFIRMED,UNCONFIRMED,UNCONFIRMED,UNCONFIRMED,,,,,,,,,,,,,,,,,,,,,,,,,,,,,0.000,1.000
GSMA. (2022). *The mobile money market: 2022 global trends and insights*. GSMA.,Digital financial services,qwen3_32b_think,verified-with-error,,CONTAINS,MATCH,MATCH,MATCH,ABSENT,,,,,,,,,,,,,,,,,,,,,,,,,,,,,0.833,0.167
"Beck, T., & Demirgüç-Kunt, A. (2020). Digital financial services in emerging markets: Evidence from global surveys. *Journal of International Money and Finance, 107*, 102158.",Digital financial services,qwen3_32b_think,unverified,,UNCONFIRMED,UNCONFIRMED,UNCONFIRMED,UNCONFIRMED,UNCONFIRMED,,,,,,,,,,,,,,,,,,,,,,,,,,,,,0.000,1.000
"Gupta, R. (2017). Digital financial services in India: Challenges and opportunities. *Journal of Financial Services Research, 51*(3), 345–362.",Digital financial services,qwen3_32b_think,unverified,,CONTRADICTION,CONTRADICTION,MATCH,CONTRADICTION,ABSENT,,,,,,,,,,,,,,,,,,,,,,,,,,,,,0.000,1.000
"International Monetary Fund (IMF). (2021). *Digital financial services and financial inclusion: A review of global experiences*. IMF Working Paper, WP/21/123.",Digital financial services,qwen3_32b_think,unverified,,UNCONFIRMED,UNCONFIRMED,UNCONFIRMED,UNCONFIRMED,UNCONFIRMED,,,,,,,,,,,,,,,,,,,,,,,,,,,,,0.000,1.000
"World Bank. (2020). *Digital financial services and poverty reduction: Evidence from Bangladesh*. World Bank Policy Research Working Paper, No. 9567.",Digital financial services,qwen3_32b_think,unverified,,UNCONFIRMED,UNCONFIRMED,UNCONFIRMED,UNCONFIRMED,UNCONFIRMED,,,,,,,,,,,,,,,,,,,,,,,,,,,,,0.000,1.000
"Lucas, R. E. (1972). Expectations and the neutrality of money. *Journal of Economic Theory, 4*(2), 103–124. https://doi.org/10.1016/0022-0531(72)90141-1",Economics,qwen3_32b_think,verified,,MATCH,MATCH,MATCH,MATCH,ABSENT,,,,,,,,,,,,,,,,,,,,,,,,,,,,,1.000,0.000
"Akerlof, G. A. (1970). The market for “lemons”: Quality uncertainty and the market mechanism. *The Quarterly Journal of Economics, 84*(3), 488–500. https://doi.org/10.2307/1879431",Economics,qwen3_32b_think,verified,,MATCH,MATCH,MATCH,MATCH,ABSENT,,,,,,,,,,,,,,,,,,,,,,,,,,,,,1.000,0.000
"Stiglitz, J. E. (1975). The theory of screening, education, and the distribution of income. *The American Economic Review, 65*(3), 283–300.",Economics,qwen3_32b_think,verified,,MATCH,MATCH,MATCH,MATCH,ABSENT,,,,,,,,,,,,,,,,,,,,,,,,,,,,,1.000,0.000
"Lucas, R. E. (1976). Econometric policy evaluation: A critique. *Carnegie-Rochester Conference Series on Public Policy, 1*(1), 19–46. https://doi.org/10.1016/0167-2231(76)90002-1",Economics,qwen3_32b_think,verified,,MATCH,MATCH,MATCH,MATCH,ABSENT,,,,,,,,,,,,,,,,,,,,,,,,,,,,,1.000,0.000
"Sachs, J. D., & Warner, A. M. (1995). Natural resource abundance and economic growth. *The Review of Economics and Statistics, 77*(1), 98–103. https://doi.org/10.1162/0034653954045724",Economics,qwen3_32b_think,verified,,MATCH,MATCH,MATCH,UNCONFIRMED,ABSENT,,,,,,,,,,,,,,,,,,,,,,,,,,,,,0.800,0.200
"Acemoglu, D., & Robinson, J. A. (2012). Why nations fail: The origins of power, prosperity, and poverty. *Journal of Economic Literature, 50*(4), 909–936. https://doi.org/10.1257/jel.50.4.909",Economics,qwen3_32b_think,verified-with-error,,MATCH,MATCH,MATCH,CONTRADICTION,ABSENT,,,,,,,,,,,,,,,,,,,,,,,,,,,,,0.600,0.400
"Piketty, T., & Saez, E. (2003). Income inequality in the United States, 1913–1998. *The Quarterly Journal of Economics, 118*(1), 1–39. https://doi.org/10.1162/00335530360535135",Economics,qwen3_32b_think,verified,,MATCH,MATCH,MATCH,MATCH,ABSENT,,,,,,,,,,,,,,,,,,,,,,,,,,,,,1.000,0.000
"Thaler, R. H. (1980). Toward a positive theory of consumer choice. *The Journal of Economic Behavior & Organization, 1*(1), 39–60. https://doi.org/10.1016/0167-2681(80)90010-2",Economics,qwen3_32b_think,verified,,MATCH,MATCH,MATCH,MATCH,ABSENT,,,,,,,,,,,,,,,,,,,,,,,,,,,,,1.000,0.000
"Nordhaus, W. D. (2013). The climate club: A proposal for a new architecture of climate policy. *Science, 342*(6156), 367–368. https://doi.org/10.1126/science.1242570",Economics,qwen3_32b_think,unverified,,CONTRADICTION,MATCH,CONTRADICTION,CONTRADICTION,ABSENT,,,,,,,,,,,,,,,,,,,,,,,,,,,,,0.000,1.000
"Vygotsky, L. S. (1978). *Mind in society: The development of higher psychological processes*. Harvard University Press.",Education,qwen3_32b_think,verified,,MATCH,MATCH,MATCH,MATCH,ABSENT,,,,,,,,,,,,,,,,,,,,,,,,,,,,,1.000,0.000
"Bergmann, J., & Sams, A. (2012). *Flip your classroom: Reach every student in every class every day*. ISTE.",Education,qwen3_32b_think,verified,,MATCH,MATCH,MATCH,MATCH,ABSENT,,,,,,,,,,,,,,,,,,,,,,,,,,,,,1.000,0.000
"Graham, C. R. (2013). Blended learning systems: Defining the quadrant label and differentiating the models. In *Handbook of blended learning* (pp. 3–21). IGI Global.",Education,qwen3_32b_think,unverified,,CONTRADICTION,MATCH,CONTRADICTION,MATCH,ABSENT,,,,,,,,,,,,,,,,,,,,,,,,,,,,,0.000,1.000
"Means, B., Toyama, Y., Murphy, R., Bakia, M., & Jones, K. (2010). *Evaluation of evidence-based practices in online learning: A meta-analysis and review of online learning studies*. U.S. Department of Education.",Education,qwen3_32b_think,verified-with-error,,CONTAINS,MATCH,CONTAINS,MATCH,ABSENT,,,,,,,,,,,,,,,,,,,,,,,,,,,,,0.733,0.267
"Ladson-Billings, G. (1995). Toward a theory of culturally relevant pedagogy. *American Educational Research Journal, 32*(3), 465–491.",Education,qwen3_32b_think,verified,,MATCH,MATCH,MATCH,MATCH,ABSENT,,,,,,,,,,,,,,,,,,,,,,,,,,,,,1.000,0.000
"Black, P., & Wiliam, D. (1998). Assessment and classroom learning. *Assessment in Education: Principles, Policy & Practice, 5*(1), 7–74.",Education,qwen3_32b_think,verified,,MATCH,MATCH,MATCH,MATCH,ABSENT,,,,,,,,,,,,,,,,,,,,,,,,,,,,,1.000,0.000
"National Research Council. (2012). *A framework for K–12 science education: Practices, crosscutting concepts, and core ideas*. National Academies Press.",Education,qwen3_32b_think,verified,,MATCH,MATCH,MATCH,CONTAINS,ABSENT,,,,,,,,,,,,,,,,,,,,,,,,,,,,,0.900,0.100
OECD. (2017). *Education at a glance 2017: OECD indicators*. OECD Publishing.,Education,qwen3_32b_think,verified-with-error,,CONTAINS,MATCH,MATCH,MATCH,ABSENT,,,,,,,,,,,,,,,,,,,,,,,,,,,,,0.833,0.167
"Zhang, Y., Wang, J., & Li, X. (2020). Smart grid technologies: A review of the status and challenges. *IEEE Transactions on Smart Grid, 11*(3), 2145–2156. https://doi.org/10.1109/TSG.2020.2975689",Energy,qwen3_32b_think,unverified,,CONTRADICTION,CONTRADICTION,MATCH,MATCH,ABSENT,,,,,,,,,,,,,,,,,,,,,,,,,,,,,0.000,1.000
International Energy Agency (IEA). (2021). *World energy outlook 2021*. International Energy Agency. https://www.iea.org/reports/world-energy-outlook-2021,Energy,qwen3_32b_think,verified,,MATCH,CONTAINS,MATCH,MATCH,ABSENT,,,,,,,,,,,,,,,,,,,,,,,,,,,,,0.867,0.133
"Lund, H. (2014). Renewable energy systems: A contemporary perspective. *Elsevier*. https://doi.org/10.1016/C2012-0-06425-8",Energy,qwen3_32b_think,unverified,,UNCONFIRMED,UNCONFIRMED,UNCONFIRMED,UNCONFIRMED,UNCONFIRMED,,,,,,,,,,,,,,,,,,,,,,,,,,,,,0.000,1.000
"Breyer, C., Bogdanov, D., & Aghahosseini, A. (2019). Global potential of solar energy and its contribution to the future energy system. *Renewable and Sustainable Energy Reviews, 103*, 1–14. https://doi.org/10.1016/j.rser.2018.12.001",Energy,qwen3_32b_think,unverified,,CONTRADICTION,MATCH,CONTRADICTION,UNCONFIRMED,ABSENT,,,,,,,,,,,,,,,,,,,,,,,,,,,,,0.000,1.000
International Energy Agency (IEA). (2020). *Energy technology perspectives 2020: Accelerating the transition to a sustainable energy system*. International Energy Agency. https://www.iea.org/reports/energy-technology-perspectives-2020,Energy,qwen3_32b_think,verified-with-error,,MATCH,MATCH,MATCH,CONTRADICTION,ABSENT,,,,,,,,,,,,,,,,,,,,,,,,,,,,,0.600,0.400
"Smith, J. (2021). *Energy storage systems for renewable energy integration: A technological and economic analysis* (Doctoral dissertation). University of California, Berkeley. https://doi.org/10.21985/N2J65N",Energy,qwen3_32b_think,unverified,,UNCONFIRMED,UNCONFIRMED,UNCONFIRMED,UNCONFIRMED,UNCONFIRMED,,,,,,,,,,,,,,,,,,,,,,,,,,,,,0.000,1.000
"Zhang, L., Chen, Y., & Wang, H. (2021). Advances in wind energy technologies for sustainable power generation. *Renewable Energy, 170*, 1234–1245. https://doi.org/10.1016/j.renene.2021.01.089",Energy,qwen3_32b_think,unverified,,UNCONFIRMED,UNCONFIRMED,UNCONFIRMED,UNCONFIRMED,UNCONFIRMED,,,,,,,,,,,,,,,,,,,,,,,,,,,,,0.000,1.000
"Intergovernmental Panel on Climate Change (IPCC). (2018). Global warming of 1.5°C. An IPCC special report on the impacts of global warming of 1.5°C above pre-industrial levels and related global greenhouse gas emission pathways, in the context of strengthening the global response to the threat of climate change. World Meteorological Organization.",Environmental Science,qwen3_32b_think,verified,,MATCH,MATCH,MATCH,MATCH,ABSENT,,,,,,,,,,,,,,,,,,,,,,,,,,,,,1.000,0.000
"Ripple, W. J., et al. (2020). 2020: Climate tipping points—Too hot to ignore. *Nature Climate Change, 10*(1), 1–2. https://doi.org/10.1038/s41558-019-0660-3",Environmental Science,qwen3_32b_think,unverified,,UNCONFIRMED,UNCONFIRMED,UNCONFIRMED,UNCONFIRMED,UNCONFIRMED,,,,,,,,,,,,,,,,,,,,,,,,,,,,,0.000,1.000
"Dirzo, R., et al. (2014). Defaunation in the Anthropocene. *Science, 345*(6195), 401–406. https://doi.org/10.1126/science.1251819",Environmental Science,qwen3_32b_think,verified,,MATCH,MATCH,MATCH,MATCH,ABSENT,,,,,,,,,,,,,,,,,,,,,,,,,,,,,1.000,0.000
"Zhang, Q., et al. (2015). Transboundary health impacts of transported global air pollution and international trade. *Proceedings of the National Academy of Sciences, 112*(34), 10574–10579. https://doi.org/10.1073/pnas.1503582112",Environmental Science,qwen3_32b_think,verified-with-error,,MATCH,MATCH,CONTRADICTION,CONTRADICTION,ABSENT,,,,,,,,,,,,,,,,,,,,,,,,,,,,,0.200,0.800
"Doney, S. C., et al. (2009). Ocean acidification: The other CO₂ problem. *Annual Review of Marine Science, 1*(1), 169–192. https://doi.org/10.1146/annurev.marine.030408.100307",Environmental Science,qwen3_32b_think,verified-with-error,,CONTAINS,MATCH,MATCH,MATCH,ABSENT,,,,,,,,,,,,,,,,,,,,,,,,,,,,,0.833,0.167
"Jacobson, M. Z., et al. (2017). 100% clean and renewable wind, water, and sunlight all-sector energy roadmaps for 139 countries of the world. *Joule, 1*(1), 108–127. https://doi.org/10.1016/j.joule.2017.07.005",Environmental Science,qwen3_32b_think,verified-with-error,,CONTAINS,MATCH,MATCH,MATCH,ABSENT,,,,,,,,,,,,,,,,,,,,,,,,,,,,,0.833,0.167
"Mohai, P., et al. (2019). Environmental justice and the siting of renewable energy infrastructure in the United States. *Environmental Research Letters, 14*(1), 014001. https://doi.org/10.1088/1748-9326/aaf60e",Environmental Science,qwen3_32b_think,unverified,,UNCONFIRMED,UNCONFIRMED,UNCONFIRMED,UNCONFIRMED,UNCONFIRMED,,,,,,,,,,,,,,,,,,,,,,,,,,,,,0.000,1.000
World Resources Institute. (2020). *Global forest watch: Deforestation trends and drivers in the tropics*. World Resources Institute.,Environmental Science,qwen3_32b_think,verified-with-error,,CONTAINS,MATCH,UNCONFIRMED,MATCH,ABSENT,,,,,,,,,,,,,,,,,,,,,,,,,,,,,0.633,0.367
"Smith, J. M. (2021). Urban sustainability transitions: A comparative analysis of policy frameworks in North America and Europe. *Dissertation, University of California, Berkeley*.",Environmental Science,qwen3_32b_think,unverified,,UNCONFIRMED,UNCONFIRMED,UNCONFIRMED,UNCONFIRMED,UNCONFIRMED,,,,,,,,,,,,,,,,,,,,,,,,,,,,,0.000,1.000
"Gupta, A., et al. (2022). Climate policy in a post-pandemic world: Lessons from the 2021 United Nations Climate Change Conference. *Proceedings of the 12th International Conference on Environmental Policy and Governance*, 45–58. https://doi.org/10.1115/ICEPG2022-12345",Environmental Science,qwen3_32b_think,unverified,,CONTRADICTION,CONTRADICTION,CONTAINS,CONTRADICTION,ABSENT,,,,,,,,,,,,,,,,,,,,,,,,,,,,,0.000,1.000
"Mwaura, S. K., & Muthuri, N. (2016). Barriers to girls’ education in rural Kenya: A qualitative study. *Journal of Educational Research, 109*(4), 456–468. https://doi.org/10.1080/00220671.2016.11449234",Girls education,qwen3_32b_think,unverified,,CONTAINS,CONTRADICTION,CONTAINS,CONTRADICTION,ABSENT,,,,,,,,,,,,,,,,,,,,,,,,,,,,,0.000,1.000
"Nalwadzi, M., & Mwaura, S. K. (2019). Cultural practices and girls’ access to education in Zimbabwe. *Gender and Education, 31*(3), 345–362. https://doi.org/10.1080/09540253.2018.1523456",Girls education,qwen3_32b_think,unverified,,UNCONFIRMED,UNCONFIRMED,UNCONFIRMED,UNCONFIRMED,UNCONFIRMED,,,,,,,,,,,,,,,,,,,,,,,,,,,,,0.000,1.000
"Akinyemi, O., & Ogunyemi, J. (2020). The impact of community schools on girls’ enrollment in Nigeria. *Proceedings of the African Educational Research Conference*, 112–125.",Girls education,qwen3_32b_think,unverified,,UNCONFIRMED,UNCONFIRMED,UNCONFIRMED,UNCONFIRMED,UNCONFIRMED,,,,,,,,,,,,,,,,,,,,,,,,,,,,,0.000,1.000
"Smith, L. (2017). *Factors influencing girls’ educational attainment in rural India: A case study* (Doctoral dissertation). University of California, Berkeley.",Girls education,qwen3_32b_think,unverified,,CONTRADICTION,UNCONFIRMED,CONTAINS,CONTRADICTION,ABSENT,,,,,,,,,,,,,,,,,,,,,,,,,,,,,0.000,1.000
"Aker, J. C., & Mbiti, I. M. (2010). Mobile phones and economic development in Africa. *Journal of Economic Perspectives, 24*(3), 207–232. https://doi.org/10.1257/jep.24.3.207",Girls education,qwen3_32b_think,verified,,MATCH,MATCH,MATCH,MATCH,ABSENT,,,,,,,,,,,,,,,,,,,,,,,,,,,,,1.000,0.000
World Health Organization. (2020). *Mental health and psychosocial considerations during the COVID-19 outbreak*. Geneva: World Health Organization.,Health,qwen3_32b_think,verified,,MATCH,MATCH,MATCH,MATCH,ABSENT,,,,,,,,,,,,,,,,,,,,,,,,,,,,,1.000,0.000
"Smith, J., & Lee, K. (2021). Global health disparities and the role of social determinants. *The Lancet*, 397(10285), 1234–1245. https://doi.org/10.1016/S0140-6736(21)00001-2",Health,qwen3_32b_think,unverified,,CONTRADICTION,CONTRADICTION,CONTAINS,CONTRADICTION,ABSENT,,,,,,,,,,,,,,,,,,,,,,,,,,,,,0.000,1.000
"Centers for Disease Control and Prevention. (2018). *Health equity: A key to improving health outcomes*. Atlanta, GA: U.S. Department of Health and Human Services.",Health,qwen3_32b_think,unverified,,CONTRADICTION,MATCH,UNCONFIRMED,CONTAINS,ABSENT,,,,,,,,,,,,,,,,,,,,,,,,,,,,,0.033,0.967
"Patel, V., & Kleinman, A. (2020). The global mental health movement: A new vision for the post-2015 era. *New England Journal of Medicine*, 382(12), 1111–1113. https://doi.org/10.1056/NEJMp2000001",Health,qwen3_32b_think,unverified,,CONTRADICTION,CONTRADICTION,CONTRADICTION,MATCH,ABSENT,,,,,,,,,,,,,,,,,,,,,,,,,,,,,0.000,1.000
"Brown, T. (2022). *Health policy and equity in the United States: A critical analysis* (Doctoral dissertation). Harvard University.",Health,qwen3_32b_think,unverified,,CONTRADICTION,CONTRADICTION,MATCH,CONTRADICTION,ABSENT,,,,,,,,,,,,,,,,,,,,,,,,,,,,,0.000,1.000
American Public Health Association. (2020). *Addressing climate change to protect public health*. Proceedings of the 150th APHA Annual Meeting.,Health,qwen3_32b_think,unverified,,CONTRADICTION,CONTRADICTION,CONTAINS,CONTRADICTION,ABSENT,,,,,,,,,,,,,,,,,,,,,,,,,,,,,0.000,1.000
"Johnson, R., & Williams, D. (2019). Racial disparities in health outcomes: A systematic review. *Journal of the American Medical Association*, 321(15), 1475–1484. https://doi.org/10.1001/jama.2019.0500",Health,qwen3_32b_think,unverified,,MATCH,CONTRADICTION,CONTRADICTION,CONTRADICTION,ABSENT,,,,,,,,,,,,,,,,,,,,,,,,,,,,,0.000,1.000
World Health Organization. (2021). *Non-communicable diseases: Progress report 2021*. Geneva: World Health Organization.,Health,qwen3_32b_think,verified-with-error,,CONTAINS,MATCH,UNCONFIRMED,MATCH,ABSENT,,,,,,,,,,,,,,,,,,,,,,,,,,,,,0.633,0.367
"Miller, L., & Thompson, G. (2022). Mental health interventions in low-resource settings: A meta-analysis. *Journal of the American Academy of Child & Adolescent Psychiatry*, 61(4), 456–467. https://doi.org/10.1016/j.jaac.2021.12.001",Health,qwen3_32b_think,unverified,,CONTRADICTION,UNCONFIRMED,UNCONFIRMED,UNCONFIRMED,ABSENT,,,,,,,,,,,,,,,,,,,,,,,,,,,,,0.000,1.000
"Flaxman, S., Mishra, S., Gandy, A., et al. (2020). Estimating the effects of non-pharmaceutical interventions on COVID-19 in Europe. *Nature*, *584*(7820), 257–261. https://doi.org/10.1038/s41586-020-2405-7",Infectious disease,qwen3_32b_think,unverified,,UNCONFIRMED,UNCONFIRMED,UNCONFIRMED,UNCONFIRMED,UNCONFIRMED,,,,,,,,,,,,,,,,,,,,,,,,,,,,,0.000,1.000
"Fridman, D., Hershberg, U., & Kishony, R. (2014). The challenges of antibiotic resistance. *The Lancet Infectious Diseases*, *14*(5), 435–443. https://doi.org/10.1016/S1473-3099(14)70691-6",Infectious disease,qwen3_32b_think,unverified,,CONTRADICTION,CONTRADICTION,CONTAINS,CONTRADICTION,ABSENT,,,,,,,,,,,,,,,,,,,,,,,,,,,,,0.000,1.000
"Zhou, D., & Barouch, D. H. (2021). SARS-CoV-2 vaccines: Development, challenges, and opportunities. *Nature Immunology*, *22*(3), 297–306. https://doi.org/10.1038/s41590-021-00890-0",Infectious disease,qwen3_32b_think,unverified,,CONTRADICTION,CONTRADICTION,MATCH,CONTRADICTION,ABSENT,,,,,,,,,,,,,,,,,,,,,,,,,,,,,0.000,1.000
"Garry, R. F., Garry, M. F., & Garry, P. F. (2019). Emerging and reemerging zoonotic diseases: The role of wildlife. *Science*, *363*(6433), eaav4698. https://doi.org/10.1126/science.aav4698",Infectious disease,qwen3_32b_think,unverified,,CONTRADICTION,CONTRADICTION,CONTAINS,CONTRADICTION,ABSENT,,,,,,,,,,,,,,,,,,,,,,,,,,,,,0.000,1.000
Centers for Disease Control and Prevention. (2020). *Rapid antigen testing for SARS-CoV-2: Technical report*. U.S. Department of Health and Human Services.,Infectious disease,qwen3_32b_think,verified-with-error,,CONTAINS,MATCH,MATCH,CONTAINS,ABSENT,,,,,,,,,,,,,,,,,,,,,,,,,,,,,0.733,0.267
"Smith, J. M., & Anderson, R. M. (1988). The evolution of disease resistance. *Science*, *238*(4824), 193–197. https://doi.org/10.1126/science.3434859",Infectious disease,qwen3_32b_think,unverified,,CONTAINS,UNCONFIRMED,UNCONFIRMED,UNCONFIRMED,ABSENT,,,,,,,,,,,,,,,,,,,,,,,,,,,,,0.167,0.833
"Alizon, S., Hurford, A., Mideo, N., & Van Baalen, M. (2009). Parasite strategies of resource allocation to reproduction and virulence. *The American Naturalist*, *174*(5), 634–647. https://doi.org/10.1086/644394",Infectious disease,qwen3_32b_think,unverified,,CONTRADICTION,MATCH,MATCH,UNCONFIRMED,ABSENT,,,,,,,,,,,,,,,,,,,,,,,,,,,,,0.133,0.867
"Johnson, P. C. D. (2018). *The evolution of host-parasite interactions in a changing climate: A case study of malaria in Africa* (Doctoral dissertation). Harvard University.",Infectious disease,qwen3_32b_think,unverified,,UNCONFIRMED,UNCONFIRMED,UNCONFIRMED,UNCONFIRMED,UNCONFIRMED,,,,,,,,,,,,,,,,,,,,,,,,,,,,,0.000,1.000
"Kaur, R., & Singh, S. (2022). CRISPR-Cas systems in combating antibiotic-resistant pathogens. *PLOS Pathogens*, *18*(4), e1010456. https://doi.org/10.1371/journal.ppat.1010456",Infectious disease,qwen3_32b_think,unverified,,CONTRADICTION,UNCONFIRMED,UNCONFIRMED,MATCH,ABSENT,,,,,,,,,,,,,,,,,,,,,,,,,,,,,0.000,1.000
"Lines, J. R., & Williams, G. T. (1992). Insecticide-treated bed nets for preventing malaria. *Cochrane Database of Systematic Reviews*(2). https://doi.org/10.1002/14651858.CD000363",Insecticide-treated bed nets for malaria,qwen3_32b_think,unverified,,UNCONFIRMED,UNCONFIRMED,UNCONFIRMED,UNCONFIRMED,UNCONFIRMED,,,,,,,,,,,,,,,,,,,,,,,,,,,,,0.000,1.000
World Health Organization. (2006). *Insecticide-treated mosquito nets for malaria prevention: Technical report*. World Health Organization.,Insecticide-treated bed nets for malaria,qwen3_32b_think,unverified,,UNCONFIRMED,UNCONFIRMED,UNCONFIRMED,UNCONFIRMED,UNCONFIRMED,,,,,,,,,,,,,,,,,,,,,,,,,,,,,0.000,1.000
"Lindsay, S. W., et al. (2011). Insecticide-treated bed nets and curtains for preventing malaria. *The Lancet*, 376(9742), 1360–1375. https://doi.org/10.1016/S0140-6736(11)60810-8",Insecticide-treated bed nets for malaria,qwen3_32b_think,unverified,,MATCH,CONTRADICTION,CONTRADICTION,CONTRADICTION,ABSENT,,,,,,,,,,,,,,,,,,,,,,,,,,,,,0.000,1.000
"Corbel, V., et al. (2007). Insecticide resistance in Anopheles gambiae: Data from the 2006–2007 ITN project in Benin. *PLoS ONE*, 2(12), e1293. https://doi.org/10.1371/journal.pone.0001293",Insecticide-treated bed nets for malaria,qwen3_32b_think,unverified,,UNCONFIRMED,UNCONFIRMED,UNCONFIRMED,UNCONFIRMED,UNCONFIRMED,,,,,,,,,,,,,,,,,,,,,,,,,,,,,0.000,1.000
"Okumu, F. O., & Killeen, G. F. (2014). Implications of mosquito behavioral adaptations for malaria control. *PLoS ONE*, 9(12), e113182. https://doi.org/10.1371/journal.pone.0113182",Insecticide-treated bed nets for malaria,qwen3_32b_think,unverified,,UNCONFIRMED,UNCONFIRMED,UNCONFIRMED,UNCONFIRMED,UNCONFIRMED,,,,,,,,,,,,,,,,,,,,,,,,,,,,,0.000,1.000
"Bhatt, S., et al. (2019). The global impact of insecticide-treated nets on child mortality and malaria burden. *Nature*, 570(7760), 127–134. https://doi.org/10.1038/s41586-020-2169-0",Insecticide-treated bed nets for malaria,qwen3_32b_think,unverified,,UNCONFIRMED,UNCONFIRMED,UNCONFIRMED,UNCONFIRMED,UNCONFIRMED,,,,,,,,,,,,,,,,,,,,,,,,,,,,,0.000,1.000
"Killeen, G. F., et al. (2015). Effectiveness of insecticide-treated nets in reducing malaria transmission in different ecological settings. *Malaria Journal*, 14(1), 1–12. https://doi.org/10.1186/s12936-015-0600-5",Insecticide-treated bed nets for malaria,qwen3_32b_think,unverified,,UNCONFIRMED,UNCONFIRMED,UNCONFIRMED,UNCONFIRMED,UNCONFIRMED,,,,,,,,,,,,,,,,,,,,,,,,,,,,,0.000,1.000
"Smith, H. A., et al. (2006). Cost-effectiveness of insecticide-treated bed nets for malaria prevention in sub-Saharan Africa. *The Lancet*, 367(9513), 1035–1040. https://doi.org/10.1016/S0140-6736(06)68427-8",Insecticide-treated bed nets for malaria,qwen3_32b_think,unverified,,UNCONFIRMED,UNCONFIRMED,UNCONFIRMED,UNCONFIRMED,UNCONFIRMED,,,,,,,,,,,,,,,,,,,,,,,,,,,,,0.000,1.000
"Steketee, R. W., et al. (2001). The impact of insecticide-treated nets on malaria transmission in Africa. *The Lancet*, 358(9289), 1171–1175. https://doi.org/10.1016/S0140-6736(01)06184-2",Insecticide-treated bed nets for malaria,qwen3_32b_think,unverified,,CONTRADICTION,CONTRADICTION,CONTRADICTION,CONTRADICTION,ABSENT,,,,,,,,,,,,,,,,,,,,,,,,,,,,,0.000,1.000
"Chanda, P., et al. (2013). Community use of insecticide-treated nets and its impact on malaria transmission in Zambia. *PLoS ONE*, 8(10), e77345. https://doi.org/10.1371/journal.pone.0077345",Insecticide-treated bed nets for malaria,qwen3_32b_think,unverified,,UNCONFIRMED,UNCONFIRMED,UNCONFIRMED,UNCONFIRMED,UNCONFIRMED,,,,,,,,,,,,,,,,,,,,,,,,,,,,,0.000,1.000
World Health Organization. (2022). *World malaria report 2022*. World Health Organization.,Malaria prevention,qwen3_32b_think,verified,,MATCH,MATCH,MATCH,MATCH,ABSENT,,,,,,,,,,,,,,,,,,,,,,,,,,,,,1.000,0.000
"Bhatt, S., Gething, P. W., Brady, O. J., et al. (2015). The global distribution and burden of dengue. *Nature, 496*(7446), 504–507. https://doi.org/10.1038/nature12060",Malaria prevention,qwen3_32b_think,verified-with-error,,MATCH,MATCH,CONTRADICTION,MATCH,ABSENT,,,,,,,,,,,,,,,,,,,,,,,,,,,,,0.600,0.400
"Chen, R., Zhou, X., Cao, Z., et al. (2021). Insecticide-treated mosquito nets for preventing malaria. *Cochrane Database of Systematic Reviews*(10). https://doi.org/10.1002/14651858.CD000363.pub4",Malaria prevention,qwen3_32b_think,unverified,,UNCONFIRMED,UNCONFIRMED,UNCONFIRMED,UNCONFIRMED,UNCONFIRMED,,,,,,,,,,,,,,,,,,,,,,,,,,,,,0.000,1.000
"Jacobson, M. Z., Delucchi, M. A., Bauer, Z. A., Bowers, J. M., Cameron, M. A., & et al. (2017). 100% clean and renewable wind, water, and sunlight all-sector energy roadmaps for 139 countries of the world. *Joule, 1*(1), 108–121. https://doi.org/10.1016/j.joule.2017.03.002",Energy,qwen3_32b_think,verified-with-error,,CONTAINS,MATCH,MATCH,MATCH,ABSENT,,,,,,,,,,,,,,,,,,,,,,,,,,,,,0.833,0.167
"Duflo, E. (2012). Girls’ schooling: A randomized evaluation of incentives in Malawi. *American Economic Journal: Applied Economics, 4*(4), 1–24. https://doi.org/10.1257/app.4.4.1",Girls education,qwen3_32b_think,unverified,,CONTRADICTION,UNCONFIRMED,UNCONFIRMED,UNCONFIRMED,ABSENT,,,,,,,,,,,,,,,,,,,,,,,,,,,,,0.000,1.000
"Bernanke, B. S. (1983). Nonmonetary effects of the monetary regime: An empirical assessment. *The American Economic Review, 73*(2), 254–258.",Economics,qwen3_32b_think,needs-human,,CONTRADICTION,MATCH,MATCH,MATCH,ABSENT,,,,,,,,,,,,,,,,,,,,,,,,,,,,,0.333,0.667
"Darling-Hammond, L., Hyler, M. E., & Gardner, M. (2017). *Effective teacher practices: What matters for student achievement*. Learning Policy Institute.",Education,qwen3_32b_think,verified-with-error,,CONTRADICTION,MATCH,MATCH,MATCH,ABSENT,,,,,,,,,,,,,,,,,,,,,,,,,,,,,0.333,0.667
"U.S. Department of Energy (DOE). (2019). *Hydrogen and fuel cell technologies office: Research, development, and demonstration roadmap*. U.S. Department of Energy. https://www.energy.gov/eere/fuelcells/hydrogen-and-fuel-cell-technologies-office-research-development-and-demonstration",Energy,qwen3_32b_think,needs-human,,CONTRADICTION,CONTAINS,MATCH,MATCH,ABSENT,,,,,,,,,,,,,,,,,,,,,,,,,,,,,0.200,0.800
International Energy Agency (IEA). (2022). *Energy crisis: Impacts and responses*. International Energy Agency. https://www.iea.org/reports/energy-crisis-impacts-and-responses,Energy,qwen3_32b_think,needs-human,,CONTRADICTION,MATCH,MATCH,MATCH,ABSENT,,,,,,,,,,,,,,,,,,,,,,,,,,,,,0.333,0.667
UNESCO. (2014). *Global education monitoring report: Gender review*. UNESCO Publishing.,Girls education,qwen3_32b_think,needs-human,,CONTRADICTION,MATCH,MATCH,CONTAINS,ABSENT,,,,,,,,,,,,,,,,,,,,,,,,,,,,,0.233,0.767
World Bank. (2018). *The economic returns to investing in girls’ education: A synthesis of the evidence*. World Bank Group.,Girls education,qwen3_32b_think,needs-human,,CONTRADICTION,MATCH,MATCH,CONTAINS,ABSENT,,,,,,,,,,,,,,,,,,,,,,,,,,,,,0.233,0.767
Malala Fund. (2021). *The state of the world’s girls: Progress and challenges in education*. Malala Fund.,Girls education,qwen3_32b_think,needs-human,,CONTRADICTION,MATCH,MATCH,MATCH,ABSENT,,,,,,,,,,,,,,,,,,,,,,,,,,,,,0.333,0.667
UNICEF. (2015). *Early marriage: A harmful traditional practice*. UNICEF Office of Research.,Girls education,qwen3_32b_think,verified-with-error,,CONTAINS,MATCH,CONTRADICTION,CONTAINS,ABSENT,,,,,,,,,,,,,,,,,,,,,,,,,,,,,0.333,0.667
"Institute of Medicine. (2015). *Improving the quality of health care for medical and surgical conditions*. Washington, DC: National Academies Press.",Health,qwen3_32b_think,needs-human,,CONTRADICTION,CONTAINS,MATCH,MATCH,ABSENT,,,,,,,,,,,,,,,,,,,,,,,,,,,,,0.200,0.800
World Health Organization. (2021). *Global antimicrobial resistance and use of antibiotics: Interim global summary report 2021*. World Health Organization.,Infectious disease,qwen3_32b_think,verified-with-error,,CONTRADICTION,MATCH,MATCH,MATCH,ABSENT,,,,,,,,,,,,,,,,,,,,,,,,,,,,,0.333,0.667
"Little, J. W. (1993). Teachers’ professional development in a climate of educational change. *Educational Researcher, 22*(8), 5–12.",Education,qwen3_32b_think,verified-with-error,,CONTAINS,MATCH,MATCH,CONTRADICTION,ABSENT,,,,,,,,,,,,,,,,,,,,,,,,,,,,,0.433,0.567
"Allister, I., & Studlar, D. (2020). The role of trust in democratic elections: Evidence from the 2016 U.S. presidential election. *Political Behavior, 42*(3), 789–812. https://doi.org/10.1007/s11109-018-09473-5",Democratic elections,qwen3_32b_think,unverified,,UNCONFIRMED,UNCONFIRMED,UNCONFIRMED,UNCONFIRMED,UNCONFIRMED,,,,,,,,,,,,,,,,,,,,,,,,,,,,,0.000,1.000
"Dhorda, M., Nwakanma, D. C., Sumari, D., et al. (2010). Evidence of artemisinin-resistant malaria in the Greater Mekong Subregion. *New England Journal of Medicine, 362*(25), 2308–2315. https://doi.org/10.1056/NEJMoa1003797",Malaria prevention,qwen3_32b_think,verified-with-error,,CONTAINS,UNCONFIRMED,MATCH,UNCONFIRMED,MATCH,,,,,,,,,,,,,,,,,,,,,,,,,,,,,0.525,0.475
"Gething, P. W., Smith, D. L., Patil, A. P., et al. (2011). A new world malaria map: Plasmodium falciparum endemicity in 2010. *Malaria Journal, 10*(1), 378. https://doi.org/10.1186/1475-2875-10-378",Malaria prevention,qwen3_32b_think,verified,,MATCH,MATCH,MATCH,MATCH,MATCH,,,,,,,,,,,,,,,,,,,,,,,,,,,,,1.000,0.000
"Killeen, G. F., Fillinger, U., Kiche, I., et al. (2009). Evidence of the superior efficacy of insecticide-treated bed nets over mosquito coils for malaria vector control in western Kenya. *Transactions of the Royal Society of Tropical Medicine and Hygiene, 103*(10), 1052–1059. https://doi.org/10.1016/j.trstmh.2009.06.004",Malaria prevention,qwen3_32b_think,needs-human,,CONTRADICTION,CONTRADICTION,MATCH,MATCH,MATCH,,,,,,,,,,,,,,,,,,,,,,,,,,,,,0.100,0.900
"Lum, G., Mabunda, S., Mutekanga, K., et al. (2018). Efficacy of the RTS,S/AS01 malaria vaccine during a phase 3 trial in sub-Saharan Africa: A post-hoc analysis. *The Lancet, 392*(10160), 2015–2025. https://doi.org/10.1016/S0140-6736(18)31706-6",Malaria prevention,qwen3_32b_think,unverified,,UNCONFIRMED,UNCONFIRMED,UNCONFIRMED,UNCONFIRMED,UNCONFIRMED,,,,,,,,,,,,,,,,,,,,,,,,,,,,,0.000,1.000
"O’Meara, W. P., Breman, J. G., McElroy, S. K., et al. (2008). Malaria vaccines: The long road to success. *Nature Reviews Microbiology, 6*(11), 783–795. https://doi.org/10.1038/nrmicro1987",Malaria prevention,qwen3_32b_think,needs-human,,CONTRADICTION,CONTRADICTION,MATCH,MATCH,MATCH,,,,,,,,,,,,,,,,,,,,,,,,,,,,,0.100,0.900
"Sachs, J. D., & Malaney, P. (2002). The economic and social burden of malaria. *Nature, 415*(6870), 680–685. https://doi.org/10.1038/415680a",Malaria prevention,qwen3_32b_think,verified,,MATCH,MATCH,MATCH,MATCH,MATCH,,,,,,,,,,,,,,,,,,,,,,,,,,,,,1.000,0.000
"Aghion, B., & Morduch, J. (2005). *The economics of microfinance* (2nd ed.). MIT Press.",Microfinance loan repayment,qwen3_32b_think,verified-with-error,,CONTAINS,MATCH,MATCH,MATCH,ABSENT,,,,,,,,,,,,,,,,,,,,,,,,,,,,,0.833,0.167
"Karlan, D., & Zinman, J. (2009). Expanding credit access: Using randomization to evaluate the long-run effects of a microcredit program. *Quarterly Journal of Economics, 124*(4), 1433–1462. https://doi.org/10.1162/qjec.2 |||IP_ADDRESS||| 3",Microfinance loan repayment,qwen3_32b_think,unverified,,UNCONFIRMED,UNCONFIRMED,UNCONFIRMED,UNCONFIRMED,UNCONFIRMED,,,,,,,,,,,,,,,,,,,,,,,,,,,,,0.000,1.000
"Arya, A., & Sunder, S. (2017). Microfinance loan repayment behavior: Evidence from Bangladesh. *Journal of Development Studies, 53*(1), 123–140. https://doi.org/10.1080/00220388.2016.11473921",Microfinance loan repayment,qwen3_32b_think,unverified,,UNCONFIRMED,UNCONFIRMED,UNCONFIRMED,UNCONFIRMED,UNCONFIRMED,,,,,,,,,,,,,,,,,,,,,,,,,,,,,0.000,1.000
"Morduch, J. (1999). The microfinance promise. *World Bank Research Observer, 14*(2), 201–220. https://doi.org/10.1093/wbro/14.2.201",Microfinance loan repayment,qwen3_32b_think,verified-with-error,,MATCH,MATCH,MATCH,CONTRADICTION,CONTRADICTION,,,,,,,,,,,,,,,,,,,,,,,,,,,,,0.200,0.800
"Rosenberg, M. (2008). *Microfinance and poverty reduction: A review of the evidence*. World Bank Technical Paper No. 567. World Bank.",Microfinance loan repayment,qwen3_32b_think,needs-human,,CONTAINS,UNCONFIRMED,UNCONFIRMED,MATCH,ABSENT,,,,,,,,,,,,,,,,,,,,,,,,,,,,,0.367,0.633
"Pitt, M. M., & Khandker, S. H. (1998). Gender and poverty in Bangladesh: Impact of credit programs. *Policy Research Working Paper Series, World Bank*. https://doi.org/10.1596/1813-9450-1998",Microfinance loan repayment,qwen3_32b_think,needs-human,,CONTRADICTION,CONTAINS,CONTAINS,MATCH,MATCH,,,,,,,,,,,,,,,,,,,,,,,,,,,,,0.325,0.675
"Dupas, P., & Robinson, J. (2013). Female social networks and health behavior: Evidence from a field experiment in Kenya. *American Economic Journal: Applied Economics, 5*(4), 1–30. https://doi.org/10.1257/app.5.4.1",Microfinance loan repayment,qwen3_32b_think,needs-human,,CONTRADICTION,CONTRADICTION,MATCH,MATCH,MATCH,,,,,,,,,,,,,,,,,,,,,,,,,,,,,0.100,0.900
"Fafchamps, M., & Lund, S. (2003). Risk sharing within groups: The anatomy of a microfinance program. *Journal of Human Resources, 38*(3), 697–738. https://doi.org/10.3368/jhr.xviii.3.697",Microfinance loan repayment,qwen3_32b_think,unverified,,UNCONFIRMED,UNCONFIRMED,UNCONFIRMED,UNCONFIRMED,UNCONFIRMED,,,,,,,,,,,,,,,,,,,,,,,,,,,,,0.000,1.000
"Hulme, D., & Shepherd, A. (2003). *Microfinance and development: A critical review of the literature*. Overseas Development Institute.",Microfinance loan repayment,qwen3_32b_think,unverified,,CONTRADICTION,UNCONFIRMED,UNCONFIRMED,MATCH,ABSENT,,,,,,,,,,,,,,,,,,,,,,,,,,,,,0.000,1.000
"Gagnon, L., & Doyon, M. (2018). Mini-grids for rural electrification in sub-Saharan Africa: A review of the literature. *Energy Policy, 115*, 444–455. https://doi.org/10.1016/j.enpol.2017.12.034",Mini-grid electrification,qwen3_32b_think,unverified,,CONTRADICTION,CONTRADICTION,MATCH,MATCH,UNCONFIRMED,,,,,,,,,,,,,,,,,,,,,,,,,,,,,0.000,1.000
"Mnzava, A. P., Killeen, G. F., & Kariuki, S. K. (2019). Malaria prevention through indoor residual spraying: A review of current evidence. *Journal of Vector Borne Diseases, 56*(2), 101–110. https://doi.org/10.4103/jvbd.JVBD_10_19",Malaria prevention,qwen3_32b_think,unverified,,UNCONFIRMED,UNCONFIRMED,UNCONFIRMED,UNCONFIRMED,UNCONFIRMED,,,,,,,,,,,,,,,,,,,,,,,,,,,,,0.000,1.000
"Kammen, D. M., & Schäfer, A. (2020). Decentralized energy systems for rural electrification: A case study of mini-grids in India. *Nature Energy, 5*(3), 189–198. https://doi.org/10.1038/s41560-020-0590-1",Mini-grid electrification,qwen3_32b_think,unverified,,UNCONFIRMED,UNCONFIRMED,UNCONFIRMED,UNCONFIRMED,UNCONFIRMED,,,,,,,,,,,,,,,,,,,,,,,,,,,,,0.000,1.000
"Rao, N. D., & Garg, A. (2019). Hybrid mini-grids for rural electrification: A techno-economic analysis. *Applied Energy, 233*, 105–118. https://doi.org/10.1016/j.apenergy.2018.10.085",Mini-grid electrification,qwen3_32b_think,needs-human,,CONTRADICTION,CONTRADICTION,CONTAINS,MATCH,MATCH,,,,,,,,,,,,,,,,,,,,,,,,,,,,,0.025,0.975
"Bandyopadhyay, S. (2016). Mini-grid systems for rural electrification: A review of technologies, challenges, and opportunities. *Renewable and Sustainable Energy Reviews, 54*, 1348–1360. https://doi.org/10.1016/j.rser.2015.10.045",Mini-grid electrification,qwen3_32b_think,needs-human,,CONTRADICTION,CONTRADICTION,CONTAINS,MATCH,MATCH,,,,,,,,,,,,,,,,,,,,,,,,,,,,,0.025,0.975
"Nyang, D. N., & Kaldellis, J. K. (2021). Policy frameworks for mini-grid electrification in sub-Saharan Africa: A comparative analysis. *Energy for Sustainable Development, 58*, 1–12. https://doi.org/10.1016/j.esd.2020.12.003",Mini-grid electrification,qwen3_32b_think,needs-human,,CONTRADICTION,CONTRADICTION,MATCH,MATCH,MATCH,,,,,,,,,,,,,,,,,,,,,,,,,,,,,0.100,0.900
"Garg, A., & Rao, N. D. (2015). Technical challenges in the design and operation of mini-grids for rural electrification. *Proceedings of the IEEE International Conference on Sustainable Energy Technologies (ICSET)*, 1–6. https://doi.org/10.1109/ICSET.2015.7385678",Mini-grid electrification,qwen3_32b_think,unverified,,UNCONFIRMED,UNCONFIRMED,UNCONFIRMED,UNCONFIRMED,UNCONFIRMED,,,,,,,,,,,,,,,,,,,,,,,,,,,,,0.000,1.000
"Smith, J. (2019). Socio-economic impacts of mini-grid electrification in rural communities: A case study of Kenya. *University of Oxford, Department of Geography, Dissertation*.",Mini-grid electrification,qwen3_32b_think,unverified,,CONTRADICTION,CONTRADICTION,CONTRADICTION,CONTRADICTION,ABSENT,,,,,,,,,,,,,,,,,,,,,,,,,,,,,0.000,1.000
"Dhar, S., & Singh, R. (2020). Financing models for mini-grid electrification in India: A policy perspective. *Energy Policy, 146*, 111832. https://doi.org/10.1016/j.enpol.2020.111832",Mini-grid electrification,qwen3_32b_think,needs-human,,CONTRADICTION,CONTRADICTION,MATCH,MATCH,MATCH,,,,,,,,,,,,,,,,,,,,,,,,,,,,,0.100,0.900
International Renewable Energy Agency (IRENA). (2022). *Renewable mini-grids: A technical and economic review*. IRENA Technical Report. https://www.irena.org/publications/2022/May/Renewable-mini-grids,Mini-grid electrification,qwen3_32b_think,verified,,MATCH,MATCH,MATCH,CONTAINS,MATCH,,,,,,,,,,,,,,,,,,,,,,,,,,,,,0.925,0.075
"Al-Rahmi, R. M., & Gani, S. A. (2010). Security challenges in mobile banking: A review. *Journal of Business Research, 63*(11), 1123–1130. https://doi.org/10.1016/j.jbusres.2010.04.001",Mobile banking,qwen3_32b_think,needs-human,,CONTRADICTION,CONTRADICTION,MATCH,MATCH,MATCH,,,,,,,,,,,,,,,,,,,,,,,,,,,,,0.100,0.900
"Dwivedi, Y. K., Lal, B., & Williams, M. D. (2011). Factors influencing the adoption of mobile banking: An empirical study. *International Journal of Bank Marketing, 29*(4), 287–305. https://doi.org/10.1108/02652321111147456",Mobile banking,qwen3_32b_think,unverified,,UNCONFIRMED,UNCONFIRMED,UNCONFIRMED,UNCONFIRMED,UNCONFIRMED,,,,,,,,,,,,,,,,,,,,,,,,,,,,,0.000,1.000
"Osei, A., & Dwivedi, Y. K. (2013). Understanding user behavior in mobile banking: A study of the technology acceptance model. *Computers in Human Behavior, 29*(6), 2345–2354. https://doi.org/10.1016/j.chb.2013.05.012",Mobile banking,qwen3_32b_think,needs-human,,CONTRADICTION,CONTRADICTION,MATCH,MATCH,MATCH,,,,,,,,,,,,,,,,,,,,,,,,,,,,,0.100,0.900
"Adebayo, A. A., & Adeyemi, O. A. (2015). Mobile banking adoption in emerging economies: A case study of Nigeria. *Journal of Financial Services Marketing, 20*(2), 112–123. https://doi.org/10.1057/jfsm.2015.10",Mobile banking,qwen3_32b_think,unverified,,UNCONFIRMED,UNCONFIRMED,UNCONFIRMED,UNCONFIRMED,UNCONFIRMED,,,,,,,,,,,,,,,,,,,,,,,,,,,,,0.000,1.000
"Zhang, Y., Li, X., & Wang, H. (2017). Blockchain technology for secure mobile banking transactions. *IEEE Transactions on Mobile Computing, 16*(8), 2145–2158. https://doi.org/10.1109/TMC.2017.2650987",Mobile banking,qwen3_32b_think,unverified,,UNCONFIRMED,UNCONFIRMED,UNCONFIRMED,UNCONFIRMED,UNCONFIRMED,,,,,,,,,,,,,,,,,,,,,,,,,,,,,0.000,1.000
"Kumar, R., & Singh, P. (2018). Privacy concerns in mobile banking: A comparative analysis. *Information & Management, 55*(3), 456–467. https://doi.org/10.1016/j.im.2018.01.003",Mobile banking,qwen3_32b_think,needs-human,,CONTRADICTION,CONTRADICTION,MATCH,MATCH,MATCH,,,,,,,,,,,,,,,,,,,,,,,,,,,,,0.100,0.900
"Lee, J., & Kim, S. (2019). Trust and perceived risk in mobile banking: A cross-cultural study. *Journal of Strategic Information Systems, 28*(2), 101–115. https://doi.org/10.1016/j.jsis.2019.03.002",Mobile banking,qwen3_32b_think,unverified,,UNCONFIRMED,UNCONFIRMED,UNCONFIRMED,UNCONFIRMED,UNCONFIRMED,,,,,,,,,,,,,,,,,,,,,,,,,,,,,0.000,1.000
"Patel, M., & Shah, R. (2020). User experience design in mobile banking applications: A systematic review. *International Journal of Human-Computer Interaction, 36*(9), 887–901. https://doi.org/10.1080/10447318.2020.1758912",Mobile banking,qwen3_32b_think,unverified,,UNCONFIRMED,UNCONFIRMED,UNCONFIRMED,UNCONFIRMED,UNCONFIRMED,,,,,,,,,,,,,,,,,,,,,,,,,,,,,0.000,1.000
World Bank. (2021). *Mobile banking in sub-Saharan Africa: A technical report on financial inclusion*. World Bank Publications.,Mobile banking,qwen3_32b_think,unverified,,CONTRADICTION,MATCH,UNCONFIRMED,CONTAINS,ABSENT,,,,,,,,,,,,,,,,,,,,,,,,,,,,,0.033,0.967
"Smith, J. (2022). *The impact of mobile banking on financial literacy in the United States* (Doctoral dissertation). University of California, Los Angeles. https://doi.org/10.26451/ucal.2022.001",Mobile banking,qwen3_32b_think,unverified,,UNCONFIRMED,UNCONFIRMED,UNCONFIRMED,UNCONFIRMED,UNCONFIRMED,,,,,,,,,,,,,,,,,,,,,,,,,,,,,0.000,1.000
"Waltz, K. N. (1979). *Theory of international politics*. Addison-Wesley.",Political Science,qwen3_32b_think,verified,,MATCH,CONTAINS,MATCH,MATCH,ABSENT,,,,,,,,,,,,,,,,,,,,,,,,,,,,,0.867,0.133
"Lijphart, A. (1984). Democracy, development, and the quality of government in Latin America. *American Journal of Political Science*, *28*(1), 66–98. https://doi.org/10.2307/2110881",Political Science,qwen3_32b_think,needs-human,,CONTRADICTION,UNCONFIRMED,MATCH,MATCH,MATCH,,,,,,,,,,,,,,,,,,,,,,,,,,,,,0.300,0.700
"Sandel, M. J. (1996). Deliberative democracy and the problem of self-government. *Journal of Democracy*, *7*(4), 66–78. https://doi.org/10.1353/jod.1996.0066",Political Science,qwen3_32b_think,verified,,MATCH,MATCH,MATCH,MATCH,UNCONFIRMED,,,,,,,,,,,,,,,,,,,,,,,,,,,,,0.750,0.250
"Ostrom, E. (1990). Governing the commons: A review of the theory. *Annual Review of Political Science*, *3*(1), 115–142. https://doi.org/10.1146/annurev.ps.03.010190.001003",Political Science,qwen3_32b_think,verified,,MATCH,MATCH,MATCH,MATCH,MATCH,,,,,,,,,,,,,,,,,,,,,,,,,,,,,1.000,0.000
"Stokes, S. C. (1999). Electoral systems and the quality of government. *Comparative Political Studies*, *32*(3), 324–355. https://doi.org/10.1177/001041499903200302",Political Science,qwen3_32b_think,verified,,MATCH,MATCH,MATCH,MATCH,MATCH,,,,,,,,,,,,,,,,,,,,,,,,,,,,,1.000,0.000
"Gerber, A. S., & Green, D. P. (2000). The effects of canvassing, mailing, and robocalling on voter turnout: Evidence from a large-scale field experiment. *American Political Science Review*, *94*(3), 603–613. https://doi.org/10.2307/2585881",Political Science,qwen3_32b_think,needs-human,,CONTRADICTION,CONTRADICTION,MATCH,MATCH,MATCH,,,,,,,,,,,,,,,,,,,,,,,,,,,,,0.100,0.900
"Acemoglu, D., & Robinson, J. A. (2012). Why nations fail: The origins of power, prosperity, and poverty. *Columbia University Press*.",Political Science,qwen3_32b_think,verified-with-error,,MATCH,MATCH,MATCH,CONTRADICTION,ABSENT,,,,,,,,,,,,,,,,,,,,,,,,,,,,,0.600,0.400
"Collier, P. (2000). Reversing the tide: The long war against poverty. *Journal of Economic Perspectives*, *14*(1), 77–90. https://doi.org/10.1257/jep.14.1.77",Political Science,qwen3_32b_think,unverified,,UNCONFIRMED,UNCONFIRMED,UNCONFIRMED,UNCONFIRMED,UNCONFIRMED,,,,,,,,,,,,,,,,,,,,,,,,,,,,,0.000,1.000
World Bank. (2017). *Mini-grid development in sub-Saharan Africa: A technical and economic review*. World Bank Publications. https://doi.org/10.1596/978-1-4648-1132-5,Mini-grid electrification,qwen3_32b_think,unverified,,CONTRADICTION,MATCH,UNCONFIRMED,MATCH,UNCONFIRMED,,,,,,,,,,,,,,,,,,,,,,,,,,,,,0.100,0.900
"Nye, J. S. (2004). Soft power: The myths of the 21st century. *International Journal*, *59*(2), 414–419. https://doi.org/10.1177/002070200405900212",Political Science,qwen3_32b_think,unverified,,CONTAINS,MATCH,MATCH,UNCONFIRMED,UNCONFIRMED,,,,,,,,,,,,,,,,,,,,,,,,,,,,,0.000,1.000
"Pinker, S. (2010). The decline of violence. *Annual Review of Political Science*, *13*(1), 39–58. https://doi.org/10.1146/annurev.polisci.12.052907.133954",Political Science,qwen3_32b_think,unverified,,CONTRADICTION,MATCH,MATCH,CONTRADICTION,UNCONFIRMED,,,,,,,,,,,,,,,,,,,,,,,,,,,,,0.000,1.000
"Jacobson, M. Z., Delucchi, M. A., Cameron, M. A., & Payne, C. (2017). Low-cost solution to the grid reliability problem with 100% penetration of wind, water, and solar. *Proceedings of the National Academy of Sciences*, 114(14), 3637–3642. https://doi.org/10.1073/pnas.1619010114",Renewable energy,qwen3_32b_think,unverified,,CONTAINS,CONTAINS,CONTRADICTION,MATCH,CONTRADICTION,,,,,,,,,,,,,,,,,,,,,,,,,,,,,0.000,1.000
"Smith, J. M., Brown, T. R., & Lee, K. (2019). Wind energy integration challenges in modern power grids. *IEEE Conference on Sustainable Energy Technologies*, 1–6. https://doi.org/10.1109/ISET.2019.8903456",Renewable energy,qwen3_32b_think,unverified,,CONTAINS,UNCONFIRMED,UNCONFIRMED,UNCONFIRMED,UNCONFIRMED,,,,,,,,,,,,,,,,,,,,,,,,,,,,,0.125,0.875
International Renewable Energy Agency (IRENA). (2021). *Global trends in renewable energy investment 2021*. IRENA. https://www.irena.org/publications/2021/Jun/Global-trends-in-renewable-energy-investment-2021,Renewable energy,qwen3_32b_think,verified,,MATCH,MATCH,MATCH,MATCH,MATCH,,,,,,,,,,,,,,,,,,,,,,,,,,,,,1.000,0.000
"Gupta, R. (2020). *Bioenergy systems and sustainability: A techno-economic analysis*. Dissertation, Stanford University. https://doi.org/10.1234/stanford.2020.001",Renewable energy,qwen3_32b_think,unverified,,UNCONFIRMED,UNCONFIRMED,UNCONFIRMED,UNCONFIRMED,UNCONFIRMED,,,,,,,,,,,,,,,,,,,,,,,,,,,,,0.000,1.000
"Delucchi, M. A., & Jacobson, M. Z. (2011). Providing all global energy with wind, water, and solar power, Part I: Technologies, energy resources, quantities and areas of infrastructure, and materials. *Energy Policy*, 39(3), 1154–1169. https://doi.org/10.1016/j.enpol.2010.11.039",Renewable energy,qwen3_32b_think,verified,,MATCH,MATCH,MATCH,MATCH,MATCH,,,,,,,,,,,,,,,,,,,,,,,,,,,,,1.000,0.000
"Garg, A., Singh, R., & Kumar, A. (2019). Decentralized solar power systems for rural electrification in India: A case study. *Renewable and Sustainable Energy Reviews, 105*, 456–467. https://doi.org/10.1016/j.rser.2019.01.058",Rural electrification,qwen3_32b_think,verified,,MATCH,MATCH,MATCH,MATCH,MATCH,,,,,,,,,,,,,,,,,,,,,,,,,,,,,1.000,0.000
World Bank. (2018). *Rural electrification in Sub-Saharan Africa: Challenges and opportunities*. World Bank Publications.,Rural electrification,qwen3_32b_think,needs-human,,CONTRADICTION,CONTAINS,CONTAINS,CONTAINS,ABSENT,,,,,,,,,,,,,,,,,,,,,,,,,,,,,0.000,1.000
"Zhang, Y., Li, X., & Wang, J. (2020). Microgrid technologies for rural electrification in China: Progress and prospects. *Energy Policy, 146*, 111789. https://doi.org/10.1016/j.enpol.2020.111789",Rural electrification,qwen3_32b_think,needs-human,,CONTRADICTION,CONTRADICTION,MATCH,MATCH,MATCH,,,,,,,,,,,,,,,,,,,,,,,,,,,,,0.100,0.900
IRENA. (2017). *Renewable energy for rural electrification: A global review of status and trends*. International Renewable Energy Agency.,Rural electrification,qwen3_32b_think,needs-human,,CONTRADICTION,MATCH,MATCH,MATCH,ABSENT,,,,,,,,,,,,,,,,,,,,,,,,,,,,,0.333,0.667
"Smith, J., & Patel, R. (2016). Policy frameworks for rural electrification: A comparative analysis. In *Proceedings of the IEEE Conference on Sustainable Energy* (pp. 123–130). IEEE.",Rural electrification,qwen3_32b_think,unverified,,UNCONFIRMED,UNCONFIRMED,UNCONFIRMED,UNCONFIRMED,UNCONFIRMED,,,,,,,,,,,,,,,,,,,,,,,,,,,,,0.000,1.000
"Kumar, S., Gupta, R., & Sharma, P. (2022). Hybrid renewable energy systems for rural electrification in Nepal. *Energy for Sustainable Development, 68*, 88–99. https://doi.org/10.1016/j.esd.2022.04.003",Rural electrification,qwen3_32b_think,needs-human,,CONTRADICTION,CONTRADICTION,MATCH,MATCH,MATCH,,,,,,,,,,,,,,,,,,,,,,,,,,,,,0.100,0.900
"Brown, T., & Davis, M. (2015). Financing rural electrification: Lessons from Latin America. *World Bank Working Paper, 123*.",Rural electrification,qwen3_32b_think,needs-human,,CONTAINS,CONTAINS,UNCONFIRMED,CONTAINS,ABSENT,,,,,,,,,,,,,,,,,,,,,,,,,,,,,0.400,0.600
"Lee, H., & Kim, J. (2023). Smart grid technologies for rural electrification: A review. *Sustainable Energy Technologies and Assessments, 63*, 102567. https://doi.org/10.1016/j.seta.2023.102567",Rural electrification,qwen3_32b_think,unverified,,UNCONFIRMED,UNCONFIRMED,UNCONFIRMED,UNCONFIRMED,UNCONFIRMED,,,,,,,,,,,,,,,,,,,,,,,,,,,,,0.000,1.000
UNDP. (2020). *Rural electrification in Southeast Asia: Strategies for inclusive development*. United Nations Development Programme.,Rural electrification,qwen3_32b_think,unverified,,CONTRADICTION,MATCH,UNCONFIRMED,MATCH,ABSENT,,,,,,,,,,,,,,,,,,,,,,,,,,,,,0.133,0.867
"Balfanz, R., & Byrnes, V. (2004). High school dropouts: A review of the literature. *Journal of Education and Human Development, 1*(1), 1–22.",School dropout,qwen3_32b_think,unverified,,UNCONFIRMED,UNCONFIRMED,UNCONFIRMED,UNCONFIRMED,UNCONFIRMED,,,,,,,,,,,,,,,,,,,,,,,,,,,,,0.000,1.000
"Rumberger, R. W. (2011). Dropping out: Why students drop out of school and what can be done about it. Harvard University Press.",School dropout,qwen3_32b_think,verified-with-error,,CONTAINS,MATCH,MATCH,MATCH,ABSENT,,,,,,,,,,,,,,,,,,,,,,,,,,,,,0.833,0.167
"Entwisle, D. R., & Alexander, K. L. (2007). Early school leaving in the UK: Causes and consequences. *British Educational Research Journal, 33*(4), 511–530.",School dropout,qwen3_32b_think,unverified,,CONTRADICTION,MATCH,MATCH,CONTRADICTION,ABSENT,,,,,,,,,,,,,,,,,,,,,,,,,,,,,0.000,1.000
"DeLuca, C. M., & Rosenbaum, J. E. (2020). The long-term effects of high school dropout on employment and earnings. *Educational Evaluation and Policy Analysis, 42*(3), 345–368.",School dropout,qwen3_32b_think,unverified,,UNCONFIRMED,UNCONFIRMED,UNCONFIRMED,UNCONFIRMED,UNCONFIRMED,,,,,,,,,,,,,,,,,,,,,,,,,,,,,0.000,1.000
"Alexander, K. L., Entwisle, D. R., & Olson, L. S. (2007). Lasting consequences of the K–12 track: Are they really diminishing? *American Sociological Review, 72*(3), 337–359.",School dropout,qwen3_32b_think,needs-human,,CONTRADICTION,MATCH,MATCH,MATCH,ABSENT,,,,,,,,,,,,,,,,,,,,,,,,,,,,,0.333,0.667
"Huang, Y., Li, X., & Zhang, L. (2018). Factors influencing school dropout in rural China: A mixed-methods study. *Journal of Educational Research, 111*(5), 678–692.",School dropout,qwen3_32b_think,unverified,,UNCONFIRMED,UNCONFIRMED,UNCONFIRMED,UNCONFIRMED,UNCONFIRMED,,,,,,,,,,,,,,,,,,,,,,,,,,,,,0.000,1.000
"Smith, J. T. (2017). *Understanding rural school dropout rates: A case study of Appalachian communities*. Dissertation, University of Kentucky.",School dropout,qwen3_32b_think,unverified,,CONTRADICTION,CONTRADICTION,CONTRADICTION,UNCONFIRMED,ABSENT,,,,,,,,,,,,,,,,,,,,,,,,,,,,,0.000,1.000
"McCombs, J. S., Balfanz, R., & MacIver, D. J. (2015). Policy approaches to reducing high school dropout rates. *Education Policy Analysis Archives, 23*(1), 1–25.",School dropout,qwen3_32b_think,unverified,,UNCONFIRMED,UNCONFIRMED,UNCONFIRMED,UNCONFIRMED,UNCONFIRMED,,,,,,,,,,,,,,,,,,,,,,,,,,,,,0.000,1.000
"Jeynes, W. H. (2016). Racial disparities in high school dropout rates: A multivariate analysis. *Urban Education, 51*(4), 456–478.",School dropout,qwen3_32b_think,unverified,,UNCONFIRMED,UNCONFIRMED,UNCONFIRMED,UNCONFIRMED,UNCONFIRMED,,,,,,,,,,,,,,,,,,,,,,,,,,,,,0.000,1.000
"McCombs, J. S., & Hoge, R. D. (2010). Dropout prevention in rural schools: A review of the literature. *Journal of Rural Education, 25*(2), 123–135.",School dropout prevention programs in rural areas,qwen3_32b_think,unverified,,UNCONFIRMED,UNCONFIRMED,UNCONFIRMED,UNCONFIRMED,UNCONFIRMED,,,,,,,,,,,,,,,,,,,,,,,,,,,,,0.000,1.000
"Zhang, Y., & Chen, B. (2020). Techno-economic analysis of solar photovoltaic systems: A review. *Renewable and Sustainable Energy Reviews*, 120, 109645. https://doi.org/10.1016/j.rser.2019.109645",Renewable energy,qwen3_32b_think,needs-human,,CONTRADICTION,CONTRADICTION,CONTAINS,MATCH,MATCH,,,,,,,,,,,,,,,,,,,,,,,,,,,,,0.025,0.975
"Lund, H. (2018). Renewable energy systems: A smart energy systems approach. *Energy Policy*, 115, 1–10. https://doi.org/10.1016/j.enpol.2017.12.033",Renewable energy,qwen3_32b_think,needs-human,,CONTRADICTION,CONTRADICTION,MATCH,MATCH,MATCH,,,,,,,,,,,,,,,,,,,,,,,,,,,,,0.100,0.900
"Wang, L., Zhao, X., & Li, Y. (2021). Advances in energy storage technologies for renewable energy integration. *Nature Energy*, 6(3), 215–225. https://doi.org/10.1038/s41560-021-00789-1",Renewable energy,qwen3_32b_think,needs-human,,MATCH,UNCONFIRMED,UNCONFIRMED,UNCONFIRMED,UNCONFIRMED,,,,,,,,,,,,,,,,,,,,,,,,,,,,,0.250,0.750
"Breyer, C., Bogdanov, D., & Gulagi, A. (2019). The role of hydrogen in future renewable energy systems. *Applied Energy*, 233, 102–114. https://doi.org/10.1016/j.apenergy.2018.10.045",Renewable energy,qwen3_32b_think,needs-human,,CONTRADICTION,CONTRADICTION,CONTAINS,MATCH,MATCH,,,,,,,,,,,,,,,,,,,,,,,,,,,,,0.025,0.975
REN21. (2022). *Renewables 2022: Global status report*. REN21 Secretariat. https://www.ren21.net/reports/global-status-report/,Renewable energy,qwen3_32b_think,verified,,MATCH,MATCH,MATCH,MATCH,ABSENT,,,,,,,,,,,,,,,,,,,,,,,,,,,,,1.000,0.000
"Johnson, L. (2021). Community-based rural electrification models: A case study of Kenya. *Doctoral dissertation, University of Nairobi*.",Rural electrification,qwen3_32b_think,unverified,,CONTRADICTION,CONTRADICTION,CONTRADICTION,CONTRADICTION,ABSENT,,,,,,,,,,,,,,,,,,,,,,,,,,,,,0.000,1.000
National Center for Education Statistics. (2019). *The condition of education 2019: High school dropout rates*. U.S. Department of Education.,School dropout,qwen3_32b_think,verified-with-error,,CONTAINS,MATCH,MATCH,CONTAINS,ABSENT,,,,,,,,,,,,,,,,,,,,,,,,,,,,,0.733,0.267
"Smith, A. R., & Johnson, L. M. (2018). Community-based interventions for rural school retention: A case study of Appalachian schools. *Rural Education, 33*(1), 45–62.",School dropout prevention programs in rural areas,qwen3_32b_think,unverified,,UNCONFIRMED,UNCONFIRMED,UNCONFIRMED,UNCONFIRMED,UNCONFIRMED,,,,,,,,,,,,,,,,,,,,,,,,,,,,,0.000,1.000
National Rural Education Association. (2019). *Strategies for preventing school dropouts in rural communities*. Technical Report.,School dropout prevention programs in rural areas,qwen3_32b_think,unverified,,CONTRADICTION,UNCONFIRMED,UNCONFIRMED,UNCONFIRMED,UNCONFIRMED,,,,,,,,,,,,,,,,,,,,,,,,,,,,,0.000,1.000
"Ramirez, C. M., & Lee, T. (2017). Policy and practice: Evaluating rural dropout prevention programs in the U.S. Southwest. *Education and Urban Society, 49*(4), 512–530.",School dropout prevention programs in rural areas,qwen3_32b_think,unverified,,UNCONFIRMED,UNCONFIRMED,UNCONFIRMED,UNCONFIRMED,UNCONFIRMED,,,,,,,,,,,,,,,,,,,,,,,,,,,,,0.000,1.000
"Patel, R. K., & Thompson, G. (2016). Technology integration in rural dropout prevention: A conference paper. *Proceedings of the Rural Education Research Conference*, 88–102.",School dropout prevention programs in rural areas,qwen3_32b_think,unverified,,UNCONFIRMED,UNCONFIRMED,UNCONFIRMED,UNCONFIRMED,UNCONFIRMED,,,,,,,,,,,,,,,,,,,,,,,,,,,,,0.000,1.000
"Johnson, K. L. (2015). *Factors influencing school completion in rural Appalachia: A qualitative study*. Dissertation, University of Kentucky.",School dropout prevention programs in rural areas,qwen3_32b_think,unverified,,CONTRADICTION,UNCONFIRMED,UNCONFIRMED,UNCONFIRMED,UNCONFIRMED,,,,,,,,,,,,,,,,,,,,,,,,,,,,,0.000,1.000
"Lee, S. H., & Kim, J. (2020). Mentorship programs and rural student retention: A longitudinal analysis. *Journal of Educational Psychology, 112*(3), 567–582.",School dropout prevention programs in rural areas,qwen3_32b_think,unverified,,CONTRADICTION,CONTRADICTION,CONTRADICTION,UNCONFIRMED,UNCONFIRMED,,,,,,,,,,,,,,,,,,,,,,,,,,,,,0.000,1.000
Rural School and Community Trust. (2012). *Closing the gap: Dropout prevention in rural schools*. Technical Report.,School dropout prevention programs in rural areas,qwen3_32b_think,unverified,,UNCONFIRMED,UNCONFIRMED,UNCONFIRMED,UNCONFIRMED,UNCONFIRMED,,,,,,,,,,,,,,,,,,,,,,,,,,,,,0.000,1.000
"Thompson, M. A., & Davis, R. (2014). Culturally responsive dropout prevention in rural Native American schools. *American Indian Quarterly, 38*(2), 189–207.",School dropout prevention programs in rural areas,qwen3_32b_think,unverified,,UNCONFIRMED,UNCONFIRMED,UNCONFIRMED,UNCONFIRMED,UNCONFIRMED,,,,,,,,,,,,,,,,,,,,,,,,,,,,,0.000,1.000
"Hoge, R. D., & McCombs, J. S. (2011). Family engagement in rural dropout prevention: A comparative study. *Journal of School Psychology, 49*(4), 511–526.",School dropout prevention programs in rural areas,qwen3_32b_think,unverified,,UNCONFIRMED,UNCONFIRMED,UNCONFIRMED,UNCONFIRMED,UNCONFIRMED,,,,,,,,,,,,,,,,,,,,,,,,,,,,,0.000,1.000
"Rosenbaum, J. R., & Wolfinger, R. H. (1998). *Who votes?* Princeton University Press.",Voter turnout,qwen3_32b_think,needs-human,,MATCH,CONTRADICTION,CONTRADICTION,CONTRADICTION,ABSENT,,,,,,,,,,,,,,,,,,,,,,,,,,,,,0.000,1.000
"Blais, A. (2000). Voter turnout in developed democracies. *Electoral Studies, 19*(3), 441–456. https://doi.org/10.1016/S0261-3794(00)00025-2",Voter turnout,qwen3_32b_think,unverified,,UNCONFIRMED,UNCONFIRMED,UNCONFIRMED,UNCONFIRMED,UNCONFIRMED,,,,,,,,,,,,,,,,,,,,,,,,,,,,,0.000,1.000
"Hainmueller, J., & Hangartner, D. (2013). Compulsory voting: A systematic review of the literature. *Annual Review of Political Science, 16*(1), 349–372. https://doi.org/10.1146/annurev-polisci-052012-100954",Voter turnout,qwen3_32b_think,unverified,,UNCONFIRMED,UNCONFIRMED,UNCONFIRMED,UNCONFIRMED,UNCONFIRMED,,,,,,,,,,,,,,,,,,,,,,,,,,,,,0.000,1.000
"Matsusaka, J. G. (2004). Voter turnout and education. *American Political Science Review, 98*(4), 763–775. https://doi.org/10.1017/S0003055404041373",Voter turnout,qwen3_32b_think,unverified,,UNCONFIRMED,UNCONFIRMED,UNCONFIRMED,UNCONFIRMED,UNCONFIRMED,,,,,,,,,,,,,,,,,,,,,,,,,,,,,0.000,1.000
"Lassen, D. D., & Serritzlew, S. (2010). Compulsory voting: A new look at the evidence. *American Economic Journal: Applied Economics, 2*(3), 1–24. https://doi.org/10.1257/app.2.3.1",Voter turnout,qwen3_32b_think,needs-human,,CONTRADICTION,CONTRADICTION,MATCH,MATCH,MATCH,,,,,,,,,,,,,,,,,,,,,,,,,,,,,0.100,0.900
"Andersen, M. S., & Schlueter, A. (2017). The effect of compulsory voting on voter turnout: Evidence from Denmark. *Journal of Public Economics, 152*, 1–14. https://doi.org/10.1016/j.jpubeco.2017.06.003",Voter turnout,qwen3_32b_think,needs-human,,CONTRADICTION,CONTRADICTION,MATCH,MATCH,MATCH,,,,,,,,,,,,,,,,,,,,,,,,,,,,,0.100,0.900
"Evans, T., & Schwemmer, C. (2018). The effect of voter identification laws on turnout: Evidence from the 2012 and 2016 U.S. elections. *American Politics Research, 46*(5), 785–812. https://doi.org/10.1177/1532673X17730545",Voter turnout,qwen3_32b_think,needs-human,,CONTAINS,CONTAINS,CONTRADICTION,CONTAINS,UNCONFIRMED,,,,,,,,,,,,,,,,,,,,,,,,,,,,,0.150,0.850
"Gimpel, J. G., & Treier, S. (2005). The effect of voter registration laws on turnout in U.S. elections. *American Journal of Political Science, 49*(1), 165–178. https://doi.org/10.1111/j.0092-5853.2005.00105.x",Voter turnout,qwen3_32b_think,unverified,,CONTAINS,UNCONFIRMED,UNCONFIRMED,UNCONFIRMED,UNCONFIRMED,,,,,,,,,,,,,,,,,,,,,,,,,,,,,0.125,0.875
"Scherer, N., & Scarrow, S. E. (2019). Voter turnout in the United States: A comparative perspective. *Annual Review of Political Science, 22*(1), 255–273. https://doi.org/10.1146/annurev-polisci-052018-020154",Voter turnout,qwen3_32b_think,unverified,,UNCONFIRMED,UNCONFIRMED,UNCONFIRMED,UNCONFIRMED,UNCONFIRMED,,,,,,,,,,,,,,,,,,,,,,,,,,,,,0.000,1.000
"Hainmueller, J., Hangartner, D., & Yamamoto, T. (2020). The effect of compulsory voting on political knowledge and engagement. *Journal of Politics, 82*(2), 543–558. https://doi.org/10.1086/705645",Voter turnout,qwen3_32b_think,unverified,,CONTAINS,UNCONFIRMED,UNCONFIRMED,UNCONFIRMED,UNCONFIRMED,,,,,,,,,,,,,,,,,,,,,,,,,,,,,0.125,0.875
