reference,topic,model,svris_status,svris_reference,field_title,field_authors,field_year,field_venue,field_id,candidate_title,candidate_authors,candidate_year,candidate_venue,candidate_doi,candidate_url,candidate_source,candidate_matches,candidate_contradictions,candidate_contains,candidate_absent,candidate_unconfirmed,cmp_title_citation,cmp_title_candidate,cmp_authors_citation,cmp_authors_candidate,cmp_year_citation,cmp_year_candidate,cmp_venue_citation,cmp_venue_candidate,cmp_id_citation,cmp_id_candidate,match_set_size,contained_set_size,total_candidates,sources_queried,processing_time_ms,svris_message,score,error_distance
"Adepoju, J. (2012). Analysis of the use of biometric technology in the 2011 Nigerian elections. *Journal of Emerging Trends in Computing and Information Sciences*.",Biometric voter registration,qwen35_397b_a17b,unverified,Reference could not be verified.,UNCONFIRMED,UNCONFIRMED,UNCONFIRMED,UNCONFIRMED,UNCONFIRMED,,,,,,,,,,,,,,,,,,,,,,,0.0,0.0,0.0,,0.0,"? Title | ? Authors | ? Year | ? Venue | ? ID

### Summary
No matching article could be found for the reference by Adepoju, J. (2012) on the use of biometric technology in the 2011 Nigerian elections. The search did not confirm the title, authors, year, or journal details.

### Details
A search in OpenAlex returned no matching records for this work. Additional web searches found related articles on biometric technology in Nigerian elections but none matching the exact title, author, or year provided. The year 2012 and the journal ""Journal of Emerging Trends in Computing and Information Sciences"" could not be confirmed from available sources.

- https://ray.yorksj.ac.uk/id/eprint/12078/
- https://www.researchgate.net/publication/222959857_Empirical_analysis_of_biometric_technology_adoption_and_acceptance_in_Botswana
- https://upjournals.up.ac.za/index.php/strategic_review/article/download/80/626/2806
- https://www.semanticscholar.org/paper/The-Use-of-Biometric-Technology-in-the-Success-of-Fatai-Adisa/6f620672394ef57b41bdfa4d00f04a5c7b82982e",0.0,1.0
"Gyamfi, E. (2012). Biometric voter registration: The Ghanaian experience. *African Journal of Political Science and International Relations*.",Biometric voter registration,qwen35_397b_a17b,unverified,Reference could not be verified.,UNCONFIRMED,UNCONFIRMED,UNCONFIRMED,UNCONFIRMED,UNCONFIRMED,,,,,,,,,,,,,,,,,,,,,,,0.0,0.0,0.0,,0.0,"? Title | ? Authors | ? Year | ? Venue | ? ID

### Summary
No matching article titled ""Biometric voter registration: The Ghanaian experience"" by Gyamfi, E. from 2012 could be found in the African Journal of Political Science and International Relations or other sources.

### Details
A search was conducted in OpenAlex and through Google, but no records or references matching the author, title, year, or journal were found. There was no evidence to confirm any part of the citation.

- [OpenAlex](https://openalex.org)
- [Google Search](https://www.google.com)",0.0,1.0
International IDEA. (2016). *Biometric voter registration: An International IDEA handbook*. International Institute for Democracy and Electoral Assistance.,Biometric voter registration,qwen35_397b_a17b,needs-human,"Wolf, P., Alim, A., Kasaro, B., Namugera, P., Saneem, M., & Zorigt, T. (2017). *Introducing biometric technology in elections*. International Institute for Democracy and Electoral Assistance (International IDEA). https://play.google.com/store/books/details?id=5FrXDwAAQBAJ&source=gbs_api",CONTRADICTION,CONTAINS,CONTAINS,MATCH,ABSENT,Introducing Biometric Technology in Elections,Peter Wolf; Abdul Alim; Brown Kasaro; Pontius Namugera; Mohammed Saneem; Tamir Zorigt,2017.0,International Institute for Democracy and Electoral Assistance (International IDEA),,https://play.google.com/store/books/details?id=5FrXDwAAQBAJ&source=gbs_api,GOOGLE,1.0,1.0,2.0,1.0,0.0,Biometric voter registration: An International IDEA handbook,Introducing Biometric Technology in Elections,International IDEA,Peter Wolf; Abdul Alim; Brown Kasaro; Pontius Namugera; Mohammed Saneem; Tamir Zorigt,2016.0,2017.0,International Institute for Democracy and Electoral Assistance,International Institute for Democracy and Electoral Assistance (International IDEA),,https://play.google.com/store/books/details?id=5FrXDwAAQBAJ&source=gbs_api,0.0,0.0,1.0,GOOGLE,0.0,"✗ Title | ◐ Authors | ◐ Year | ✓ Venue | ○ ID

### Summary
The reference could not be fully verified because the title in the citation does not match the title found in the best available source. While the organization (International IDEA) and the publication year (2016 vs. 2017) are close, the titles describe different documents. This discrepancy means human review is needed to confirm the correct reference.

### Details
A matching record was found for a publication by the International Institute for Democracy and Electoral Assistance (International IDEA) titled ""Introducing Biometric Technology in Elections"" published in 2017. This differs from the cited title ""Biometric voter registration: An International IDEA handbook"" from 2016. The authors listed in the found record are different individuals, whereas the citation lists the organization as author. The venue matches as the same organization. No identifier such as a DOI was found in the citation to aid verification.

- https://play.google.com/store/books/details?id=5FrXDwAAQBAJ&source=gbs_api
- https://books.google.com/books?hl=en&lr=&id=5FrXDwAAQBAJ&oi=fnd&pg=PA4&dq=Biometric+voter+registration+International+IDEA+2016&ots=xUZPGh4sCC&sig=FD7Jo3-sfR4spAEKIttutD3DsiM",0.1,0.9
"Kumar, M., & Vaish, A. (2018). Security and privacy issues in biometric based voting systems. *IEEE Access*.",Biometric voter registration,qwen35_397b_a17b,unverified,Reference could not be verified.,UNCONFIRMED,UNCONFIRMED,UNCONFIRMED,UNCONFIRMED,UNCONFIRMED,,,,,,,,,,,,,,,,,,,,,,,0.0,0.0,0.0,,1.0,"? Title | ? Authors | ? Year | ? Venue | ? ID

### Summary
No matching article titled ""Security and privacy issues in biometric based voting systems"" by Kumar and Vaish from 2018 in IEEE Access or any other source could be found. The reference could not be verified.

### Details
A search in OpenAlex and Google did not return any records matching the title, authors, year, or journal. There were no potential matches found in the databases checked, and no identifier or other metadata was confirmed.

- [OpenAlex](https://openalex.org)
- [Google Search](https://www.google.com)",0.0,1.0
"Mwalongo, F. (2015). Biometric voter registration in Tanzania: Challenges and prospects. *Journal of African Elections*.",Biometric voter registration,qwen35_397b_a17b,unverified,Reference could not be verified.,UNCONFIRMED,UNCONFIRMED,UNCONFIRMED,UNCONFIRMED,UNCONFIRMED,,,,,,,,,,,,,,,,,,,,,,,0.0,0.0,0.0,,0.0,"? Title | ? Authors | ? Year | ? Venue | ? ID

### Summary
No matching article titled ""Biometric voter registration in Tanzania: Challenges and prospects"" by F. Mwalongo from 2015 could be found in the searched databases or sources.

### Details
A search was conducted in OpenAlex and Google Scholar for the article and author details, but no records matched the title, author, year, or journal. Related articles on biometric voter registration in Tanzania and Africa were found, but none matched the exact reference provided. The year 2015 and the journal ""Journal of African Elections"" did not appear in any matching records.

- https://www.diva-portal.org/smash/record.jsf?pid=diva2:1972227
- https://brill.com/view/journals/tare/aop/article-10.1163-1821889x-bja10140/article-10.1163-1821889x-bja10140.xml
- https://www.tandfonline.com/doi/abs/10.1080/13600834.2017.1321097
- https://www.eisa.org/storage/2023/05/edited-volume-2010-voter-registration-comparative-analysis-south-africa-eisa-publication.pdf",0.0,1.0
"Nwankwo, C. O. (2014). Biometric voter registration and electoral integrity in Nigeria. *Journal of Public Administration and Policy Research*.",Biometric voter registration,qwen35_397b_a17b,unverified,Reference could not be verified.,UNCONFIRMED,UNCONFIRMED,UNCONFIRMED,UNCONFIRMED,UNCONFIRMED,,,,,,,,,,,,,,,,,,,,,,,0.0,0.0,0.0,,0.0,"? Title | ? Authors | ? Year | ? Venue | ? ID

### Summary
No matching article titled ""Biometric voter registration and electoral integrity in Nigeria"" by Nwankwo, C. O. from 2014 could be found in the searched databases or online sources. The verification process did not find any record confirming the authorship, title, year, or journal for this reference.

### Details
A search in OpenAlex returned no matching work. Google Scholar and general web searches also did not find any article matching the exact title, author, and year. Several related articles on biometric voter registration and electoral integrity in Nigeria were found, but none matched the 2014 publication by Nwankwo. The year 2014 and the journal ""Journal of Public Administration and Policy Research"" were not confirmed by any source.

- https://openalex.org
- https://scholar.google.com
- https://www.google.com/search",0.0,1.0
"Okoye, M. O., & Eze, U. A. (2013). The impact of biometric technology on election management in Nigeria. *International Journal of Scientific and Research Publications*.",Biometric voter registration,qwen35_397b_a17b,unverified,Reference could not be verified.,UNCONFIRMED,UNCONFIRMED,UNCONFIRMED,UNCONFIRMED,UNCONFIRMED,,,,,,,,,,,,,,,,,,,,,,,0.0,0.0,0.0,,0.0,"? Title | ? Authors | ? Year | ? Venue | ? ID

### Summary
No matching article titled ""The impact of biometric technology on election management in Nigeria"" by Okoye, M. O., & Eze, U. A. from 2013 could be found in the searched databases or online sources.

### Details
A search was conducted across OpenAlex, Google, and Google Scholar databases, but no record matching the title, authors, year, or journal was identified. Several related articles on biometric technology and election management in Nigeria were found, but none matched the exact reference details provided. The year 2013 and the authors Okoye and Eze did not appear in any verified records.

- https://openalex.org
- https://scholar.google.com
- https://www.google.com/search",0.0,1.0
"Oluwagbemi, O. O., & Kolo, I. (2014). Design and implementation of a biometric voter registration system. *International Journal of Computer Applications*.",Biometric voter registration,qwen35_397b_a17b,unverified,Reference could not be verified.,UNCONFIRMED,UNCONFIRMED,UNCONFIRMED,UNCONFIRMED,UNCONFIRMED,,,,,,,,,,,,,,,,,,,,,,,0.0,0.0,0.0,,0.0,"? Title | ? Authors | ? Year | ? Venue | ? ID

### Summary
No matching article titled ""Design and implementation of a biometric voter registration system"" by Oluwagbemi and Kolo from 2014 could be found in the International Journal of Computer Applications or other sources.

### Details
A search in OpenAlex did not find any record matching the title, authors, year, or journal. Additionally, a scholar search returned unrelated articles on electronic elections but none matching the given reference. There were no potential matches to verify the reference.

- [OpenAlex](https://openalex.org)
- [Scholar Search Results]",0.0,1.0
"Alabi, O. (2015). Effectiveness of biometric voter registration in curbing electoral fraud in Nigeria. *European Journal of Social Sciences*.",Biometric voter registration,qwen35_397b_a17b,unverified,Reference could not be verified.,UNCONFIRMED,UNCONFIRMED,UNCONFIRMED,UNCONFIRMED,UNCONFIRMED,,,,,,,,,,,,,,,,,,,,,,,0.0,0.0,0.0,,0.0,"? Title | ? Authors | ? Year | ? Venue | ? ID

### Summary
No matching article titled ""Effectiveness of biometric voter registration in curbing electoral fraud in Nigeria"" by Alabi, O. from 2015 could be found in the searched databases or sources.

### Details
A search was conducted in OpenAlex and through academic search engines, but no record matching the author, title, year, or journal was found. Several related articles on biometric voter registration and electoral fraud in Nigeria were found, but none matched the exact reference details provided. The year 2015 and the author Alabi, O. did not appear in the search results for this specific title.

- [OpenAlex](https://openalex.org)
- [Scholar Search Results](https://scholar.google.com)",0.0,1.0
"Umeanozoru, P. C. (2016). An assessment of biometric voter registration system in Nigeria. *International Journal of Innovative Research in Computer and Communication Engineering*.",Biometric voter registration,qwen35_397b_a17b,unverified,Reference could not be verified.,UNCONFIRMED,UNCONFIRMED,UNCONFIRMED,UNCONFIRMED,UNCONFIRMED,,,,,,,,,,,,,,,,,,,,,,,0.0,0.0,0.0,,1.0,"? Title | ? Authors | ? Year | ? Venue | ? ID

### Summary
No matching article titled ""An assessment of biometric voter registration system in Nigeria"" by P. C. Umeanozoru from 2016 could be found in the searched databases or sources. The reference could not be confirmed in the International Journal of Innovative Research in Computer and Communication Engineering or other relevant sources.

### Details
A search in OpenAlex returned no matching records for this article. Additionally, a scholar search did not find any article with the exact title, author, or year. Several related articles on biometric voter registration in Nigeria were found, but none matched the given reference details. The year 2016, author name, and journal title did not appear in any verified records.

- [OpenAlex](https://openalex.org)
- [Scholar Search Results](https://scholar.google.com)",0.0,1.0
Intergovernmental Panel on Climate Change. (2021). *Climate Change 2021: The Physical Science Basis*. Cambridge University Press.,Climate change,qwen35_397b_a17b,verified,Intergovernmental Panel on Climate Change. (2021). *Climate Change 2021 - The Physical Science Basis* (Working Group I contribution to the Sixth Assessment Report). Cambridge University Press. ISBN 9781009157889. https://books.google.com/books?id=IRQq0AEACAAJ&dq=Climate+Change+2021%3A+The+Physical+Science+Basis+Cambridge+University+Press+2021,MATCH,MATCH,MATCH,CONTAINS,ABSENT,Climate Change 2021 - The Physical Science Basis,INTERGOVERNMENTAL PANEL ON CLIMATE CHANGE.,2021.0,Working Group I Contribution to the Sixth Assessment Report of the Intergovernmental Panel on Climate Change,,http://books.google.com/books?id=IRQq0AEACAAJ&dq=Climate+Change+2021%3A+The+Physical+Science+Basis+Cambridge+University+Press+2021,GOOGLE,3.0,0.0,1.0,1.0,0.0,Climate Change 2021: The Physical Science Basis,Climate Change 2021 - The Physical Science Basis,Intergovernmental Panel on Climate Change,INTERGOVERNMENTAL PANEL ON CLIMATE CHANGE.,2021.0,2021.0,Cambridge University Press,Working Group I Contribution to the Sixth Assessment Report of the Intergovernmental Panel on Climate Change,,http://books.google.com/books?id=IRQq0AEACAAJ&dq=Climate+Change+2021%3A+The+Physical+Science+Basis+Cambridge+University+Press+2021,1.0,1.0,1.0,GOOGLE,0.0,"✓ Title | ✓ Authors | ✓ Year | ◐ Venue | ○ ID

### Summary
This book was confirmed as published by Cambridge University Press in 2021 with the exact title ""Climate Change 2021: The Physical Science Basis"" and the author listed as the Intergovernmental Panel on Climate Change. The publication matches the official Working Group I contribution to the Sixth Assessment Report.

### Details
A matching record was found with the exact title and author name. The year 2021 matched exactly. The publisher Cambridge University Press is correctly associated with this IPCC report. Although no DOI was present, the evidence includes a Google Books link confirming the publication details and ISBN 9781009157889. The publication is identified as the Working Group I contribution to the Sixth Assessment Report of the Intergovernmental Panel on Climate Change.

- [Google Books Record](http://books.google.com/books?id=IRQq0AEACAAJ&dq=Climate+Change+2021%3A+The+Physical+Science+Basis+Cambridge+University+Press+2021)",0.9,0.1
"Hansen, J., Sato, M., Ruedy, R., Lo, K., Lea, D. W., & Medina-Elizade, M. (2006). Global temperature change. *Proceedings of the National Academy of Sciences, 103*(39), 14288-14293.",Climate change,qwen35_397b_a17b,verified,"Hansen, J. E., Sato, M., Rüedy, R., Lo, K., Lea, D. W., & Medina-Elizade, M. (2006). Global temperature change. *Proceedings of the National Academy of Sciences*, *103*(39), 14288–14293. https://doi.org/10.1073/pnas.0606291103",MATCH,MATCH,MATCH,MATCH,ABSENT,Global temperature change,James E. Hansen; Makiko Sato; Reto Rüedy; Ken Lo; David W. Lea; Martin Medina-Elizade,2006.0,Proceedings of the National Academy of Sciences,10.1073/pnas.0606291103,https://doi.org/10.1073/pnas.0606291103,GOOGLE,4.0,0.0,0.0,1.0,0.0,Global temperature change,Global temperature change,"Hansen, J.; Sato, M.; Ruedy, R.; Lo, K.; Lea, D. W.; Medina-Elizade, M.",James E. Hansen; Makiko Sato; Reto Rüedy; Ken Lo; David W. Lea; Martin Medina-Elizade,2006.0,2006.0,Proceedings of the National Academy of Sciences,Proceedings of the National Academy of Sciences,,10.1073/pnas.0606291103,1.0,1.0,1.0,GOOGLE,0.0,"✓ Title | ✓ Authors | ✓ Year | ✓ Venue | ○ ID

### Summary
This article was confirmed in the Proceedings of the National Academy of Sciences with matching authors and year. The title ""Global temperature change"" was verified exactly as cited.

### Details
A matching record was found with the exact title ""Global temperature change"" published in 2006. All six authors correspond to the cited individuals, including full names and initials, with only minor transliteration differences (e.g., Ruedy vs Rüedy). The journal name, volume, issue, and page numbers also matched perfectly. The article's DOI is 10.1073/pnas.0606291103, confirming the citation's accuracy.

- https://doi.org/10.1073/pnas.0606291103",1.0,0.0
"Mann, M. E., Bradley, R. S., & Hughes, M. K. (1999). Northern hemisphere temperatures during the past millennium: Inferences, uncertainties, and limitations. *Geophysical Research Letters, 26*(6), 759-762.",Climate change,qwen35_397b_a17b,verified,"Mann, M. E., Bradley, R. S., & Hughes, M. K. (1999). Northern hemisphere temperatures during the past millennium: Inferences, uncertainties, and limitations. *Geophysical Research Letters*, 26(6), 759-762. https://doi.org/10.1029/1999gl900070",MATCH,MATCH,MATCH,MATCH,ABSENT,"Northern hemisphere temperatures during the past millennium: Inferences, uncertainties, and limitations",Michael Mann; Raymond S. Bradley; Malcolm K. Hughes,1999.0,Geophysical Research Letters,10.1029/1999gl900070,https://doi.org/10.1029/1999gl900070,GOOGLE,4.0,0.0,0.0,1.0,0.0,"Northern hemisphere temperatures during the past millennium: Inferences, uncertainties, and limitations","Northern hemisphere temperatures during the past millennium: Inferences, uncertainties, and limitations",M. E. Mann; R. S. Bradley; M. K. Hughes,Michael Mann; Raymond S. Bradley; Malcolm K. Hughes,1999.0,1999.0,Geophysical Research Letters,Geophysical Research Letters,,10.1029/1999gl900070,1.0,1.0,1.0,GOOGLE,0.0,"✓ Title | ✓ Authors | ✓ Year | ✓ Venue | ○ ID

### Summary
This article was confirmed in Geophysical Research Letters with matching authors Michael Mann, Raymond S. Bradley, and Malcolm K. Hughes, and the year 1999. The title ""Northern hemisphere temperatures during the past millennium: Inferences, uncertainties, and limitations"" was exactly matched.

### Details
A matching record was found with the exact title and author names corresponding to the citation. The year 1999 and journal Geophysical Research Letters also matched exactly. Although no identifier was present in the original citation, the article's DOI is 10.1029/1999gl900070, confirming the reference. The article details include volume 26, issue 6, and pages 759-762. The URL provided leads to the publisher's page, but access was denied likely due to a paywall.

- https://doi.org/10.1029/1999gl900070",1.0,0.0
"Stern, N. (2007). *The Economics of Climate Change: The Stern Review*. Cambridge University Press.",Climate change,qwen35_397b_a17b,verified,"Stern, N. (2007). *The Economics of Climate Change: The Stern Review*. Cambridge University Press. https://play.google.com/store/books/details?id=2HC_AwAAQBAJ&source=gbs_api",MATCH,MATCH,MATCH,MATCH,ABSENT,The Economics of Climate Change: The Stern Review,Nicholas Stern,2007.0,Cambridge University Press,,https://play.google.com/store/books/details?id=2HC_AwAAQBAJ&source=gbs_api,GOOGLE,4.0,0.0,0.0,1.0,0.0,The Economics of Climate Change: The Stern Review,The Economics of Climate Change: The Stern Review,"Stern, N.",Nicholas Stern,2007.0,2007.0,Cambridge University Press,Cambridge University Press,,https://play.google.com/store/books/details?id=2HC_AwAAQBAJ&source=gbs_api,1.0,1.0,1.0,GOOGLE,0.0,"✓ Title | ✓ Authors | ✓ Year | ✓ Venue | ○ ID

### Summary
This book was confirmed as ""The Economics of Climate Change: The Stern Review"" by Nicholas Stern, published in 2007 by Cambridge University Press. The title, author, year, and publisher all matched exactly.

### Details
A matching record was found with the exact title ""The Economics of Climate Change: The Stern Review"" and author Nicholas Stern, confirming the citation's author as the same person despite the use of initials. The publication year 2007 and publisher Cambridge University Press also matched perfectly. No identifier such as a DOI was present in the citation. The source URL for this book is from Google Books: https://play.google.com/store/books/details?id=2HC_AwAAQBAJ&source=gbs_api

- https://play.google.com/store/books/details?id=2HC_AwAAQBAJ&source=gbs_api",1.0,0.0
"Rockström, J., Steffen, W., Noone, K., Persson, Å., Chapin, F. S., Lambin, E. F., ... & Foley, J. A. (2009). A safe operating space for humanity. *Nature, 461*(7263), 472-475.",Climate change,qwen35_397b_a17b,verified,"Rockström, J., Steffen, W., Noone, K. J., Persson, Å., Chapin, F. S., Lambin, É. F., Lenton, T. M., Scheffer, M., Folke, C., Schellnhuber, H. J., Nykvist, B., de Wit, C. A., Hughes, T. P., van der Leeuw, S., Rodhe, H., Sörlin, S., Snyder, P. K., Costanza, R., Svedin, U., Falkenmark, M., Karlberg, L., Corell, R. W., Fabry, V. J., Hansen, J. E., Walker, B., Liverman, D., Richardson, K., Crutzen, P. J., & Foley, J. A. (2009). A safe operating space for humanity. *Nature*, *461*(7263), 472-475. https://doi.org/10.1038/461472a",MATCH,CONTAINS,MATCH,MATCH,ABSENT,A safe operating space for humanity,Johan Rockström; Will Steffen; Kevin J. Noone; Åsa Persson; F. Stuart Chapin; Éric F. Lambin; Timothy M. Lenton; Marten Scheffer; Carl Folke; Hans Joachim Schellnhuber; Björn Nykvist; Cynthia A. de Wit; Terry P. Hughes; Sander van der Leeuw; Henning Rodhe; Sverker Sörlin; P. K. Snyder; Robert Costanza; Uno Svedin; Malin Falkenmark; Louise Karlberg; Robert W. Corell; Victoria J. Fabry; James E. Hansen; Brian Walker; Diana Liverman; Katherine Richardson; Paul J. Crutzen; Jonathan A. Foley,2009.0,Nature,10.1038/461472a,https://doi.org/10.1038/461472a,GOOGLE,3.0,0.0,1.0,1.0,0.0,A safe operating space for humanity.,A safe operating space for humanity,"Rockström, J.; Steffen, W.; Noone, K.; Persson, Å.; Chapin, F. S.; Lambin, E. F.; Foley, J. A.",Johan Rockström; Will Steffen; Kevin J. Noone; Åsa Persson; F. Stuart Chapin; Éric F. Lambin; Timothy M. Lenton; Marten Scheffer; Carl Folke; Hans Joachim Schellnhuber; Björn Nykvist; Cynthia A. de Wit; Terry P. Hughes; Sander van der Leeuw; Henning Rodhe; Sverker Sörlin; P. K. Snyder; Robert Costanza; Uno Svedin; Malin Falkenmark; Louise Karlberg; Robert W. Corell; Victoria J. Fabry; James E. Hansen; Brian Walker; Diana Liverman; Katherine Richardson; Paul J. Crutzen; Jonathan A. Foley,2009.0,2009.0,Nature,Nature,,10.1038/461472a,1.0,1.0,1.0,GOOGLE,0.0,"✓ Title | ◐ Authors | ✓ Year | ✓ Venue | ○ ID

### Summary
This article was confirmed in Nature with the title ""A safe operating space for humanity"" and matching year 2009. The seven authors listed in the citation were all found within the full author list of the verified record.

### Details
A matching record was found via DOI 10.1038/461472a with the exact title ""A safe operating space for humanity"". The year 2009 and journal Nature matched exactly. The citation's seven authors (Rockström, Steffen, Noone, Persson, Chapin, Lambin, Foley) were all contained within the longer author list of the verified article, which includes many additional authors. No identifier was present in the citation, but the match was confirmed through other fields.

- https://doi.org/10.1038/461472a",0.867,0.133
"Parmesan, C., & Yohe, G. (2003). A globally coherent fingerprint of climate change impacts across natural systems. *Nature, 421*(6918), 37-42.",Climate change,qwen35_397b_a17b,verified,"Parmesan, C., & Yohe, G. (2003). A globally coherent fingerprint of climate change impacts across natural systems. *Nature*, 421(6918), 37-42. https://doi.org/10.1038/nature01286",MATCH,MATCH,MATCH,MATCH,ABSENT,A globally coherent fingerprint of climate change impacts across natural systems,Camille Parmesan; Gary Yohe,2003.0,Nature,10.1038/nature01286,https://doi.org/10.1038/nature01286,GOOGLE,4.0,0.0,0.0,1.0,0.0,A globally coherent fingerprint of climate change impacts across natural systems,A globally coherent fingerprint of climate change impacts across natural systems,"Parmesan, C.; Yohe, G.",Camille Parmesan; Gary Yohe,2003.0,2003.0,Nature,Nature,,10.1038/nature01286,1.0,1.0,1.0,GOOGLE,0.0,"✓ Title | ✓ Authors | ✓ Year | ✓ Venue | ○ ID

### Summary
This article was confirmed in the journal Nature with matching authors Camille Parmesan and Gary Yohe, and the publication year 2003. The title ""A globally coherent fingerprint of climate change impacts across natural systems"" was verified exactly as cited.

### Details
A matching record was found with exact matches for the title, authors (noting the citation used initials while the evidence used full names), year, and journal name. Although no identifier was provided in the original citation, the article corresponds to DOI 10.1038/nature01286. The article details include volume 421, issue 6918, and pages 37-42, published by Nature Portfolio. Relevant sources include the DOI link and OpenAlex database entry.

- [DOI Link](https://doi.org/10.1038/nature01286)
- [OpenAlex Record](https://doi.org/10.1038/nature01286)",1.0,0.0
"Nordhaus, W. D. (2007). A review of the Stern Review on the economics of climate change. *Journal of Economic Literature, 45*(3), 686-702.",Climate change,qwen35_397b_a17b,verified,"Nordhaus, W. D. (2007). A review of the Stern Review on the economics of climate change. *Journal of Economic Literature*, 45(3), 686-702. https://doi.org/10.1257/jel.45.3.686",MATCH,MATCH,MATCH,MATCH,ABSENT,A Review of the Stern Review on the Economics of Climate Change,William D. Nordhaus,2007.0,Journal of Economic Literature,10.1257/jel.45.3.686,https://doi.org/10.1257/jel.45.3.686,GOOGLE,4.0,0.0,0.0,1.0,0.0,A review of the Stern Review on the economics of climate change,A Review of the Stern Review on the Economics of Climate Change,"Nordhaus, W. D.",William D. Nordhaus,2007.0,2007.0,Journal of Economic Literature,Journal of Economic Literature,,10.1257/jel.45.3.686,1.0,1.0,1.0,GOOGLE,0.0,"✓ Title | ✓ Authors | ✓ Year | ✓ Venue | ○ ID

### Summary
This article was confirmed in the Journal of Economic Literature with matching authors and year. The title ""A Review of the Stern Review on the Economics of Climate Change"" was exactly matched, and the author William D. Nordhaus was verified despite the citation using initials.

### Details
A matching record was found with the exact title and year 2007. The author name matched with an abbreviation in the citation and full name in the evidence. The journal name also matched exactly. No identifier was provided in the citation, but the DOI 10.1257/jel.45.3.686 was found in the evidence, confirming the article's identity.

- https://doi.org/10.1257/jel.45.3.686",1.0,0.0
"Allen, M. R., Stott, P. A., Mitchell, J. F., Schnur, R., & Delworth, T. L. (2000). Quantifying the uncertainty in forecasts of anthropogenic climate change. *Nature, 407*(6804), 617-620.",Climate change,qwen35_397b_a17b,verified,"Allen, M., Stott, P. A., Mitchell, J. F. B., Schnur, R., & Delworth, T. L. (2000). Quantifying the uncertainty in forecasts of anthropogenic climate change. *Nature*, 407(6804), 617-620. https://doi.org/10.1038/35036559",MATCH,MATCH,MATCH,MATCH,ABSENT,Quantifying the uncertainty in forecasts of anthropogenic climate change,Myles Allen; Peter A. Stott; J. F. B. Mitchell; Reiner Schnur; Thomas L. Delworth,2000.0,Nature,10.1038/35036559,https://doi.org/10.1038/35036559,GOOGLE,4.0,0.0,0.0,1.0,0.0,Quantifying the uncertainty in forecasts of anthropogenic climate change,Quantifying the uncertainty in forecasts of anthropogenic climate change,"Allen, M. R.; Stott, P. A.; Mitchell, J. F.; Schnur, R.; Delworth, T. L.",Myles Allen; Peter A. Stott; J. F. B. Mitchell; Reiner Schnur; Thomas L. Delworth,2000.0,2000.0,Nature,Nature,,10.1038/35036559,1.0,1.0,1.0,GOOGLE,0.0,"✓ Title | ✓ Authors | ✓ Year | ✓ Venue | ○ ID

### Summary
This article was confirmed in the journal Nature with matching authors and year. The title ""Quantifying the uncertainty in forecasts of anthropogenic climate change"" was exactly matched, and all five authors correspond to the same individuals despite minor variations in initials.

### Details
A matching record was found with the exact title and year 2000. The authors Myles Allen, Peter A. Stott, J. F. B. Mitchell, Reiner Schnur, and Thomas L. Delworth were all confirmed, matching the citation despite some differences in name formatting. The article was published in Nature, volume 407, issue 6804, pages 617-620. The DOI 10.1038/35036559 provides a direct link to the source.

- https://doi.org/10.1038/35036559",1.0,0.0
"Lenton, T. M., Held, H., Kriegler, E., Hall, J. W., Lucht, W., Rahmstorf, S., & Schellnhuber, H. J. (2008). Tipping elements in the Earth's climate system. *Proceedings of the National Academy of Sciences, 105*(6), 1786-1793.",Climate change,qwen35_397b_a17b,verified,"Lenton, T. M., Held, H., Kriegler, E., Hall, J. W., Lucht, W., Rahmstorf, S., & Schellnhuber, H. J. (2008). Tipping elements in the Earth's climate system. *Proceedings of the National Academy of Sciences*, 105(6), 1786-1793. https://doi.org/10.1073/pnas.0705414105",MATCH,MATCH,MATCH,MATCH,ABSENT,Tipping elements in the Earth's climate system,Timothy M. Lenton; Hermann Held; Elmar Kriegler; Jim W. Hall; Wolfgang Lucht; Stefan Rahmstorf; Hans Joachim Schellnhuber,2008.0,Proceedings of the National Academy of Sciences,10.1073/pnas.0705414105,https://doi.org/10.1073/pnas.0705414105,GOOGLE,4.0,0.0,0.0,1.0,0.0,Tipping elements in the Earth's climate system.,Tipping elements in the Earth's climate system,"Lenton, T. M.; Held, H.; Kriegler, E.; Hall, J. W.; Lucht, W.; Rahmstorf, S.; Schellnhuber, H. J.",Timothy M. Lenton; Hermann Held; Elmar Kriegler; Jim W. Hall; Wolfgang Lucht; Stefan Rahmstorf; Hans Joachim Schellnhuber,2008.0,2008.0,Proceedings of the National Academy of Sciences,Proceedings of the National Academy of Sciences,,10.1073/pnas.0705414105,1.0,1.0,1.0,GOOGLE,36.0,"✓ Title | ✓ Authors | ✓ Year | ✓ Venue | ○ ID

### Summary
This article was confirmed in the Proceedings of the National Academy of Sciences with matching authors and year. The title ""Tipping elements in the Earth's climate system"" was exactly matched, and all seven authors corresponded perfectly despite abbreviation differences.

### Details
A matching record was found with the exact title and year 2008. All seven authors listed in the citation matched the full names in the evidence, confirming the author list. The journal name also matched exactly. Although no identifier was provided in the citation, the article's DOI is 10.1073/pnas.0705414105, linking to the official source.

- https://doi.org/10.1073/pnas.0705414105",1.0,0.0
"Oreskes, N. (2004). The scientific consensus on climate change. *Science, 306*(5702), 1686.",Climate change,qwen35_397b_a17b,verified,"Наоми Орескес. (2004). The Scientific Consensus on Climate Change. *Science*, 306(5702), 1686. https://doi.org/10.1126/science.1103618",MATCH,UNCONFIRMED,MATCH,MATCH,ABSENT,The Scientific Consensus on Climate Change,Наоми Орескес,2004.0,Science,10.1126/science.1103618,https://doi.org/10.1126/science.1103618,GOOGLE,3.0,0.0,0.0,1.0,1.0,The scientific consensus on climate change,The Scientific Consensus on Climate Change,"Oreskes, N.",Наоми Орескес,2004.0,2004.0,Science,Science,,10.1126/science.1103618,1.0,1.0,1.0,GOOGLE,0.0,"✓ Title | ? Authors | ✓ Year | ✓ Venue | ○ ID

### Summary
This article was confirmed in the journal Science with a matching title and year. Although the author name was not fully confirmed due to language differences, the other key details align perfectly.

### Details
A matching record was found with the exact title ""The Scientific Consensus on Climate Change"" published in 2004 in Science, volume 306, issue 5702, page 1686. The DOI 10.1126/science.1103618 corresponds to this article. The author name appears in a different script (Наоми Орескес), which caused the author field to be unconfirmed, but this is consistent with the known author Naomi Oreskes. The URL check was unsuccessful due to access restrictions, but the bibliographic data strongly supports verification.

- https://doi.org/10.1126/science.1103618",0.733,0.267
"Howden, S. M., Soussana, J. F., Tubiello, F. N., Chhetri, N., Dunlop, M., & Meinke, H. (2007). Adapting agriculture to climate change. Proceedings of the National Academy of Sciences, 104(50), 19691–19",Climate change adaptation in agriculture,qwen35_397b_a17b,verified,"Howden, M., Soussana, J.-F., Tubiello, F. N., Chhetri, N., Dunlop, M., & Meinke, H. (2007). Adapting agriculture to climate change. *Proceedings of the National Academy of Sciences*, 104(50), 19691-19696. https://doi.org/10.1073/pnas.0701890104",MATCH,MATCH,MATCH,MATCH,ABSENT,Adapting agriculture to climate change,Mark Howden; Jean‐François Soussana; Francesco N. Tubiello; Netra Chhetri; Michael Dunlop; Holger Meinke,2007.0,Proceedings of the National Academy of Sciences,10.1073/pnas.0701890104,https://doi.org/10.1073/pnas.0701890104,GOOGLE,4.0,0.0,0.0,1.0,0.0,Adapting agriculture to climate change.,Adapting agriculture to climate change,"Howden, S. M.; Soussana, J. F.; Tubiello, F. N.; Chhetri, N.; Dunlop, M.; Meinke, H.",Mark Howden; Jean‐François Soussana; Francesco N. Tubiello; Netra Chhetri; Michael Dunlop; Holger Meinke,2007.0,2007.0,Proceedings of the National Academy of Sciences,Proceedings of the National Academy of Sciences,,10.1073/pnas.0701890104,1.0,1.0,1.0,GOOGLE,0.0,"✓ Title | ✓ Authors | ✓ Year | ✓ Venue | ○ ID

### Summary
This article was confirmed in the Proceedings of the National Academy of Sciences with matching authors and year. The title ""Adapting agriculture to climate change"" was exactly matched, and all listed authors correspond between the citation and the verified record.

### Details
A matching record was found with the exact title ""Adapting agriculture to climate change"" published in 2007. The authors Mark Howden, Jean‐François Soussana, Francesco N. Tubiello, Netra Chhetri, Michael Dunlop, and Holger Meinke were all confirmed, despite differences in name formatting. The journal name and publication year matched exactly. The article is accessible via DOI https://doi.org/10.1073/pnas.0701890104.

- https://doi.org/10.1073/pnas.0701890104",1.0,0.0
"Lipper, L., Thornton, P., Campbell, B. M., Baedeker, T., Braimoh, A., Bwalya, M., ... & Torquebiau, E. F. (2014). Climate-smart agriculture for food security. Nature Climate Change, 4(12), 1068-1072.",Climate-smart agriculture for smallholder farmers,qwen35_397b_a17b,verified,"Lipper, L., Thornton, P. K., Campbell, B. M., Baedeker, T., Braimoh, A. K., Bwalya, M., Caron, P., Cattaneo, A., Garrity, D. P., Henry, K., Hottle, R., Jackson, L., Jarvis, A., Kossam, F., Mann, W. N., McCarthy, N., Meybeck, A., Neufeldt, H., Remington, T., ..., Torquebiau, E. (2014). Climate-smart agriculture for food security. *Nature Climate Change*, *4*(12), 1068-1072. https://doi.org/10.1038/nclimate2437",MATCH,MATCH,MATCH,MATCH,ABSENT,Climate-smart agriculture for food security,Leslie Lipper; Philip K. Thornton; Bruce Campbell; Tobias Baedeker; Ademola K. Braimoh; Martin Bwalya; Patrick Caron; Andrea Cattaneo; Dennis P. Garrity; Kevin Henry; Ryan Hottle; Louise Jackson; Andy Jarvis; Fred Kossam; W. Neal Mann; Nancy McCarthy; A. Meybeck; Henry Neufeldt; Tom Remington; Pham Thi Sen; Reuben Sessa; Reynolds Shula; Austin Tibu; Emmanuel Torquebiau,2014.0,Nature Climate Change,10.1038/nclimate2437,https://doi.org/10.1038/nclimate2437,GOOGLE,4.0,0.0,0.0,1.0,0.0,Climate-smart agriculture for food security.,Climate-smart agriculture for food security,"Lipper, L.; Thornton, P.; Campbell, B. M.; Baedeker, T.; Braimoh, A.; Bwalya, M.; ... & Torquebiau, E. F.",Leslie Lipper; Philip K. Thornton; Bruce Campbell; Tobias Baedeker; Ademola K. Braimoh; Martin Bwalya; Patrick Caron; Andrea Cattaneo; Dennis P. Garrity; Kevin Henry; Ryan Hottle; Louise Jackson; Andy Jarvis; Fred Kossam; W. Neal Mann; Nancy McCarthy; A. Meybeck; Henry Neufeldt; Tom Remington; Pham Thi Sen; Reuben Sessa; Reynolds Shula; Austin Tibu; Emmanuel Torquebiau,2014.0,2014.0,Nature Climate Change,Nature Climate Change,,10.1038/nclimate2437,1.0,1.0,1.0,GOOGLE,0.0,"✓ Title | ✓ Authors | ✓ Year | ✓ Venue | ○ ID

### Summary
This article was confirmed in Nature Climate Change with matching authors and year. The title ""Climate-smart agriculture for food security"" was exactly matched, and the list of authors corresponds well despite some abbreviation differences.

### Details
A matching record was found with the exact title ""Climate-smart agriculture for food security"" published in 2014 in Nature Climate Change. The authors listed in the citation align closely with those in the evidence, including Leslie Lipper, Philip K. Thornton, Bruce Campbell, Tobias Baedeker, Ademola K. Braimoh, and others. The year 2014 and the journal name also matched exactly. No identifier was provided in the citation, but the evidence includes the DOI 10.1038/nclimate2437.

- https://doi.org/10.1038/nclimate2437",1.0,0.0
Food and Agriculture Organization. (2013). Climate-smart agriculture sourcebook. FAO.,Climate-smart agriculture for smallholder farmers,qwen35_397b_a17b,verified,Food and Agriculture Organization (FAO). (2014). *Climate-smart Agriculture Sourcebook* (illustrated ed.). Food and Agriculture Organization of the United Nations. https://books.google.com/books?id=VpgprgEACAAJ&dq=Climate-smart+agriculture+sourcebook+Food+and+Agriculture+Organization+2013,MATCH,MATCH,CONTAINS,MATCH,ABSENT,Climate-smart Agriculture Sourcebook,Food and Agriculture Organization (FAO),2014.0,Food and Agriculture Organization of the United Nations,,http://books.google.com/books?id=VpgprgEACAAJ&dq=Climate-smart+agriculture+sourcebook+Food+and+Agriculture+Organization+2013,GOOGLE,3.0,0.0,1.0,1.0,0.0,Climate-smart agriculture sourcebook,Climate-smart Agriculture Sourcebook,Food and Agriculture Organization,Food and Agriculture Organization (FAO),2013.0,2014.0,FAO,Food and Agriculture Organization of the United Nations,,http://books.google.com/books?id=VpgprgEACAAJ&dq=Climate-smart+agriculture+sourcebook+Food+and+Agriculture+Organization+2013,1.0,1.0,1.0,GOOGLE,0.0,"✓ Title | ✓ Authors | ◐ Year | ✓ Venue | ○ ID

### Summary
This book titled ""Climate-smart Agriculture Sourcebook"" was confirmed as published by the Food and Agriculture Organization (FAO). The title and author organization match exactly, and the publication venue is consistent with the FAO. The year shows a minor discrepancy, with the citation listing 2013 and the evidence indicating 2014, which is within an acceptable range.

### Details
A matching record was found with the exact title ""Climate-smart Agriculture Sourcebook"" authored by the Food and Agriculture Organization (FAO). The author is identified as the same organization, with the citation using the full name and the evidence including the abbreviation FAO. The publication year in the evidence is 2014, slightly different from the cited 2013, but this is considered a minor issue. The publisher is the Food and Agriculture Organization of the United Nations, matching the citation's venue. No digital object identifier (DOI) was found. The source is available at [Google Books](http://books.google.com/books?id=VpgprgEACAAJ&dq=Climate-smart+agriculture+sourcebook+Food+and+Agriculture+Organization+2013).",0.9,0.1
"Arslan, A., McCarthy, N., Lipper, L., Asfaw, S., & Cattaneo, A. (2014). Climate smart agriculture? Assessing the adoption implications of conservation agriculture practices in Zambia. Journal of Agricultural Economics, 65(3), 653-674.",Climate-smart agriculture for smallholder farmers,qwen35_397b_a17b,needs-human,"Arslan, A., McCarthy, N., Lipper, L., Asfaw, S., Cattaneo, A., & Kokwe, M. (2015). Climate Smart Agriculture? Assessing the Adaptation Implications in Zambia. *Journal of Agricultural Economics*, 66(3), 753-780. https://doi.org/10.1111/1477-9552.12107",CONTAINS,CONTAINS,CONTAINS,MATCH,ABSENT,Climate Smart Agriculture? Assessing the Adaptation Implications in Zambia,Aslıhan Arslan; Nancy McCarthy; Leslie Lipper; Solomon Asfaw; Andrea Cattaneo; Misael Kokwe,2015.0,Journal of Agricultural Economics,10.1111/1477-9552.12107,https://doi.org/10.1111/1477-9552.12107,GOOGLE,1.0,0.0,3.0,1.0,0.0,Climate smart agriculture? Assessing the adoption implications of conservation agriculture practices in Zambia.,Climate Smart Agriculture? Assessing the Adaptation Implications in Zambia,"Arslan, A.; McCarthy, N.; Lipper, L.; Asfaw, S.; Cattaneo, A.",Aslıhan Arslan; Nancy McCarthy; Leslie Lipper; Solomon Asfaw; Andrea Cattaneo; Misael Kokwe,2014.0,2015.0,Journal of Agricultural Economics,Journal of Agricultural Economics,,10.1111/1477-9552.12107,1.0,1.0,1.0,GOOGLE,1.0,"◐ Title | ◐ Authors | ◐ Year | ✓ Venue | ○ ID

### Summary
The reference could not be fully verified because the closest matching article was published in 2015, not 2014 as cited, and has a slightly different subtitle and an additional author. The journal name and main title phrase ""Climate Smart Agriculture?"" were confirmed, but the year and author list differences require human review.

### Details
A matching record was found in the Journal of Agricultural Economics with the title ""Climate Smart Agriculture? Assessing the Adaptation Implications in Zambia,"" which contains the core title phrase and location. All cited authors appear in the candidate list, which also includes an extra author not in the original citation. The year in the candidate record is 2015, one year later than the cited 2014. No DOI was provided in the original citation to confirm the match definitively.

- https://doi.org/10.1111/1477-9552.12107
- https://onlinelibrary.wiley.com/doi/abs/10.1111/1477-9552.12107",0.6,0.4
"Mbow, C., Smith, P., Skole, D., Duguma, L., & Bustamante, M. (2014). Achieving mitigation and adaptation to climate change through sustainable agroforestry practices in Africa. Current Opinion in Environmental Sustainability, 6, 8-14.",Climate-smart agriculture for smallholder farmers,qwen35_397b_a17b,verified,"Mbow, C., Smith, P., Skole, D. L., Duguma, L., & Bustamante, M. (2013). Achieving mitigation and adaptation to climate change through sustainable agroforestry practices in Africa. *Current Opinion in Environmental Sustainability*, 6, 8-14. https://doi.org/10.1016/j.cosust.2013.09.002",MATCH,MATCH,CONTAINS,MATCH,ABSENT,Achieving mitigation and adaptation to climate change through sustainable agroforestry practices in Africa,Cheikh Mbow; Pete Smith; David L. Skole; Lalisa Duguma; Mercedes Bustamante,2013.0,Current Opinion in Environmental Sustainability,10.1016/j.cosust.2013.09.002,https://doi.org/10.1016/j.cosust.2013.09.002,GOOGLE,3.0,0.0,1.0,1.0,0.0,Achieving mitigation and adaptation to climate change through sustainable agroforestry practices in Africa,Achieving mitigation and adaptation to climate change through sustainable agroforestry practices in Africa,"Mbow, C.; Smith, P.; Skole, D.; Duguma, L.; Bustamante, M.",Cheikh Mbow; Pete Smith; David L. Skole; Lalisa Duguma; Mercedes Bustamante,2014.0,2013.0,Current Opinion in Environmental Sustainability,Current Opinion in Environmental Sustainability,,10.1016/j.cosust.2013.09.002,1.0,1.0,1.0,GOOGLE,0.0,"✓ Title | ✓ Authors | ◐ Year | ✓ Venue | ○ ID

### Summary
This article was confirmed in the journal Current Opinion in Environmental Sustainability with matching authors and year. The title and journal name matched exactly, and the authors correspond closely despite differences in name formatting.

### Details
A matching record was found with the exact title ""Achieving mitigation and adaptation to climate change through sustainable agroforestry practices in Africa"". The authors listed in the citation and evidence are the same five individuals, with initials and full names differing in format but clearly corresponding. The journal name matched exactly. The year in the citation is 2014, while the evidence shows 2013, which is within an acceptable range for verification. No identifier was present in the citation. Relevant sources include the DOI link and multiple search results confirming the article's details.

- [DOI link](https://doi.org/10.1016/j.cosust.2013.09.002)
- [ScienceDirect article](https://www.sciencedirect.com/science/article/pii/S1877343513001255)
- [ResearchGate publication](https://www.researchgate.net/publication/257801732_Achieving_mitigation_and_adaptation_to_climate_change_through_sustainable_agroforestry_practices_in_Africa)",0.9,0.1
"Rosenstock, T. S., Torquebiau, E., Zougmoré, R., & Lamanna, C. (2016). Climate-smart agriculture: Successes and opportunities for scaling. Current Opinion in Environmental Sustainability, 18, 1-8.",Climate-smart agriculture for smallholder farmers,qwen35_397b_a17b,unverified,Reference could not be verified.,UNCONFIRMED,UNCONFIRMED,UNCONFIRMED,UNCONFIRMED,UNCONFIRMED,,,,,,,,,,,,,,,,,,,,,,,0.0,0.0,0.0,,0.0,"? Title | ? Authors | ? Year | ? Venue | ? ID

### Summary
No matching article with the exact title, authors, year, or journal could be found for the reference ""Climate-smart agriculture: Successes and opportunities for scaling"" by Rosenstock et al. (2016). The search did not locate any record confirming this specific publication.

### Details
A search through multiple databases and sources found no evidence of an article matching the title, authors, year, or journal details provided. Although related works by Todd S. Rosenstock and Robert B. Zougmoré on climate-smart agriculture were found, none matched the exact citation. The year 2016 and author names appeared in other publications, but the specific article and journal ""Current Opinion in Environmental Sustainability"" with volume 18, pages 1-8, was not confirmed.

- https://doi.org/10.3389/fsufs.2021.637007
- https://cgspace.cgiar.org/items/f385bda0-ae52-4282-af83-50b9149dbbcb
- https://papers.ssrn.com/sol3/papers.cfm?abstract_id=3300006
- https://www.mdpi.com/2071-1050/10/6/1990",0.0,1.0
"Shirsath, P. B., Aggarwal, P. K., Thornton, P. K., & Dunnett, A. (2017). Prioritizing climate-smart agricultural land use options at a regional scale. Agricultural Systems, 151, 174-183.",Climate-smart agriculture for smallholder farmers,qwen35_397b_a17b,verified,"Shirsath, P., Aggarwal, P. K., Thornton, P. K., & Dunnett, A. (2016). Prioritizing climate-smart agricultural land use options at a regional scale. *Agricultural Systems*, 151, 174-183. https://doi.org/10.1016/j.agsy.2016.09.018",MATCH,MATCH,CONTAINS,MATCH,ABSENT,Prioritizing climate-smart agricultural land use options at a regional scale,Paresh Shirsath; Pramod Aggarwal; Philip K. Thornton; A. Dunnett,2016.0,Agricultural Systems,10.1016/j.agsy.2016.09.018,https://doi.org/10.1016/j.agsy.2016.09.018,GOOGLE,3.0,0.0,1.0,1.0,0.0,Prioritizing climate-smart agricultural land use options at a regional scale,Prioritizing climate-smart agricultural land use options at a regional scale,"Shirsath, P. B.; Aggarwal, P. K.; Thornton, P. K.; Dunnett, A.",Paresh Shirsath; Pramod Aggarwal; Philip K. Thornton; A. Dunnett,2017.0,2016.0,Agricultural Systems,Agricultural Systems,,10.1016/j.agsy.2016.09.018,1.0,1.0,1.0,GOOGLE,0.0,"✓ Title | ✓ Authors | ◐ Year | ✓ Venue | ○ ID

### Summary
This article was confirmed in Agricultural Systems with matching authors and title. The publication year differs slightly, with the reference listing 2017 and the verified source showing 2016, but this minor discrepancy does not affect the overall match.

### Details
A matching record was found with the exact title ""Prioritizing climate-smart agricultural land use options at a regional scale"" and the same four authors: Paresh Shirsath, Pramod Aggarwal, Philip K. Thornton, and A. Dunnett. The journal Agricultural Systems was confirmed, and the volume and page numbers also matched. The year in the verified source is 2016, which is one year earlier than the cited 2017, a common minor variation in publication dates. The DOI 10.1016/j.agsy.2016.09.018 provides a direct link to the article.

- https://doi.org/10.1016/j.agsy.2016.09.018",0.9,0.1
World Bank. (2015). Climate-smart agriculture: A call to action. World Bank Group.,Climate-smart agriculture for smallholder farmers,qwen35_397b_a17b,verified-with-error,World Bank Group. (2011). Climate-smart agriculture: A call to action. World Bank Group. https://documents.worldbank.org/en/publication/documents-reports/documentdetail/992021468197391264,MATCH,MATCH,CONTRADICTION,UNCONFIRMED,ABSENT,Climate-smart agriculture : a call to action,World Bank Group,2011.0,,,https://documents.worldbank.org/en/publication/documents-reports/documentdetail/992021468197391264,GOOGLE,2.0,1.0,0.0,1.0,1.0,Climate-smart agriculture: A call to action,Climate-smart agriculture : a call to action,World Bank,World Bank Group,2015.0,2011.0,World Bank Group,,,https://documents.worldbank.org/en/publication/documents-reports/documentdetail/992021468197391264,0.0,0.0,1.0,GOOGLE,0.0,"✓ Title | ✓ Authors | ✗ Year | ? Venue | ○ ID

### Summary
This reference was confirmed as a publication by the World Bank Group with the exact title ""Climate-smart agriculture: A call to action."" However, there is a discrepancy in the publication year: the citation states 2015, while the verified source shows the year as 2011. The authoring organization is correctly identified, though named slightly differently as ""World Bank"" versus ""World Bank Group.""

### Details
A matching document was found with the exact title ""Climate-smart agriculture: A call to action"" authored by the World Bank Group. The citation's year of 2015 conflicts with the verified publication year of 2011, which is beyond the acceptable one-year difference. The venue or publisher is consistent with the World Bank Group, but no unique identifier like a DOI was present in the citation. The source URL for the verified document is https://documents.worldbank.org/en/publication/documents-reports/documentdetail/992021468197391264.

- [World Bank Document](https://documents.worldbank.org/en/publication/documents-reports/documentdetail/992021468197391264)",0.4,0.6
"Andrieu, N., Sogoba, A., Gravelle, J., Lapeyre, R., Wieck, C., & Blanchard, M. (2017). Climate-smart agriculture: Farmers' perceptions and adoption barriers in Mali. Agricultural Systems, 157, 143-154.",Climate-smart agriculture for smallholder farmers,qwen35_397b_a17b,unverified,Reference could not be verified.,CONTRADICTION,CONTAINS,MATCH,CONTRADICTION,ABSENT,Prioritizing investments for Climate Smart Agriculture in Mali,N Andrieu,2017.0,Agritrop,,https://agritrop.cirad.fr/583845/1/Prioritizing%20investments%20for%20Climate%20SMart%20Agriculture%20in%20Mali.pdf,GOOGLE,1.0,2.0,1.0,1.0,0.0,Climate-smart agriculture: Farmers' perceptions and adoption barriers in Mali,Prioritizing investments for Climate Smart Agriculture in Mali,"Andrieu, N.; Sogoba, A.; Gravelle, J.; Lapeyre, R.; Wieck, C.; Blanchard, M.",N Andrieu,2017.0,2017.0,Agricultural Systems,Agritrop,,https://agritrop.cirad.fr/583845/1/Prioritizing%20investments%20for%20Climate%20SMart%20Agriculture%20in%20Mali.pdf,0.0,0.0,1.0,GOOGLE,0.0,"✗ Title | ◐ Authors | ✓ Year | ✗ Venue | ○ ID

### Summary
The reference could not be verified because the title and journal do not match any found records. Although the year 2017 and one author, N. Andrieu, are consistent, the article titled ""Climate-smart agriculture: Farmers' perceptions and adoption barriers in Mali"" in Agricultural Systems was not found.

### Details
A matching record was found for a 2017 work by N. Andrieu, but it has a different title: ""Prioritizing investments for Climate Smart Agriculture in Mali"" and is published in Agritrop, an institutional repository, not the journal Agricultural Systems. The author list in the candidate is a subset of the citation authors, but the title and venue differ significantly, indicating these are different documents. No DOI or other identifiers were available to confirm the citation.

- https://agritrop.cirad.fr/583845/1/Prioritizing%20investments%20for%20Climate%20SMart%20Agriculture%20in%20Mali.pdf",0.0,1.0
"Kuyah, S., Whitney, C. W., Jonsson, M., Sileshi, G. W., Muthuri, C., & Luedeling, E. (2019). Agroforestry delivers a win-win solution for ecosystem services in Sub-Saharan Africa. A meta-analysis. Agronomy for Sustainable Development, 39(5), 47.",Climate-smart agriculture for smallholder farmers,qwen35_397b_a17b,verified,"Kuyah, S., Whitney, C., Jonsson, M., Sileshi, G. W., Öborn, I., Muthuri, C., & Luedeling, E. (2019). Agroforestry delivers a win-win solution for ecosystem services in sub-Saharan Africa. A meta-analysis. *Agronomy for Sustainable Development*, 39(5). https://doi.org/10.1007/s13593-019-0589-8",MATCH,CONTAINS,MATCH,MATCH,ABSENT,Agroforestry delivers a win-win solution for ecosystem services in sub-Saharan Africa. A meta-analysis,Shem Kuyah; Cory Whitney; Mattias Jonsson; Gudeta W. Sileshi; Ingrid Öborn; Catherine Muthuri; Eike Luedeling,2019.0,Agronomy for Sustainable Development,10.1007/s13593-019-0589-8,https://doi.org/10.1007/s13593-019-0589-8,GOOGLE,3.0,0.0,1.0,1.0,0.0,Agroforestry delivers a win-win solution for ecosystem services in Sub-Saharan Africa. A meta-analysis.,Agroforestry delivers a win-win solution for ecosystem services in sub-Saharan Africa. A meta-analysis,"Kuyah, S.; Whitney, C. W.; Jonsson, M.; Sileshi, G. W.; Muthuri, C.; Luedeling, E.",Shem Kuyah; Cory Whitney; Mattias Jonsson; Gudeta W. Sileshi; Ingrid Öborn; Catherine Muthuri; Eike Luedeling,2019.0,2019.0,Agronomy for Sustainable Development,Agronomy for Sustainable Development,,10.1007/s13593-019-0589-8,1.0,1.0,1.0,GOOGLE,0.0,"✓ Title | ◐ Authors | ✓ Year | ✓ Venue | ○ ID

### Summary
This article was confirmed in the journal Agronomy for Sustainable Development with matching title, authors, year, and journal name. All original authors were found in the evidence, with one additional author also listed.

### Details
A matching record was found with the exact title ""Agroforestry delivers a win-win solution for ecosystem services in sub-Saharan Africa. A meta-analysis"" published in 2019. The journal name matched exactly as Agronomy for Sustainable Development. The authors Shem Kuyah, Cory Whitney, Mattias Jonsson, Gudeta W. Sileshi, Catherine Muthuri, and Eike Luedeling were all present, along with an additional author Ingrid Öborn. The DOI 10.1007/s13593-019-0589-8 and URL https://doi.org/10.1007/s13593-019-0589-8 provide direct access to the article.

- https://doi.org/10.1007/s13593-019-0589-8",0.867,0.133
"Campbell, B. M., Thornton, P., Zougmoré, R., Kristjanson, P., & Sebastian, K. (2014). Climate-smart agriculture: Smallholder adoption and implications for climate change adaptation and mitigation. Mitigation and Adaptation Strategies for Global Change, 19(6), 769-783.",Climate-smart agriculture for smallholder farmers,qwen35_397b_a17b,unverified,Reference could not be verified.,MATCH,CONTRADICTION,CONTRADICTION,CONTRADICTION,ABSENT,Climate-smart agriculture: smallholder adoption and implications for climate change adaptation and mitigation,Nancy McCarthy; Leslie Lipper; Giacomo Branca,2011.0,CGSPace A Repository of Agricultural Research Outputs (Consultative Group for International Agricultural Research),,https://hdl.handle.net/10568/33461,GOOGLE,1.0,3.0,0.0,1.0,0.0,Climate-smart agriculture: Smallholder adoption and implications for climate change adaptation and mitigation,Climate-smart agriculture: smallholder adoption and implications for climate change adaptation and mitigation,"Campbell, B. M.; Thornton, P.; Zougmoré, R.; Kristjanson, P.; Sebastian, K.",Nancy McCarthy; Leslie Lipper; Giacomo Branca,2014.0,2011.0,Mitigation and Adaptation Strategies for Global Change,CGSPace A Repository of Agricultural Research Outputs (Consultative Group for International Agricultural Research),,https://hdl.handle.net/10568/33461,0.0,0.0,1.0,GOOGLE,1.0,"✓ Title | ✗ Authors | ✗ Year | ✗ Venue | ○ ID

### Summary
No matching article could be found for the original reference by Campbell et al. (2014) in the journal ""Mitigation and Adaptation Strategies for Global Change."" Although the title matches exactly with a found record, the authors, year, and publication venue differ significantly.

### Details
A matching record was found with the exact title ""Climate-smart agriculture: smallholder adoption and implications for climate change adaptation and mitigation,"" but it was authored by Nancy McCarthy, Leslie Lipper, and Giacomo Branca, not Campbell and colleagues. The year of publication is 2011, which is three years earlier than the cited 2014. Additionally, the publication venue is ""CGSPace A Repository of Agricultural Research Outputs (Consultative Group for International Agricultural Research),"" a research repository, rather than the cited peer-reviewed journal. No DOI was available for the original citation.

- https://hdl.handle.net/10568/33461",0.0,1.0
"Anderson, C. J., & Guillory, C. A. (1997). Political institutions and satisfaction with democracy: A cross-national analysis of consensus and majoritarian systems. *American Political Science Review, 91*(1), 66-81.",Democratic elections,qwen35_397b_a17b,verified,"Anderson, C. J., & Guillory, C. A. (1997). Political institutions and satisfaction with democracy: A cross-national analysis of consensus and majoritarian systems. *American Political Science Review*, *91*(1), 66-81. https://doi.org/10.2307/2952259",MATCH,MATCH,MATCH,MATCH,ABSENT,Political Institutions and Satisfaction with Democracy: A Cross-National Analysis of Consensus and Majoritarian Systems,Christopher J. Anderson; Christine A. Guillory,1997.0,American Political Science Review,10.2307/2952259,https://doi.org/10.2307/2952259,GOOGLE,4.0,0.0,0.0,1.0,0.0,Political institutions and satisfaction with democracy: A cross-national analysis of consensus and majoritarian systems,Political Institutions and Satisfaction with Democracy: A Cross-National Analysis of Consensus and Majoritarian Systems,"Anderson, C. J.; Guillory, C. A.",Christopher J. Anderson; Christine A. Guillory,1997.0,1997.0,American Political Science Review,American Political Science Review,,10.2307/2952259,1.0,1.0,1.0,GOOGLE,0.0,"✓ Title | ✓ Authors | ✓ Year | ✓ Venue | ○ ID

### Summary
This article was confirmed in the American Political Science Review with matching authors Christopher J. Anderson and Christine A. Guillory, and the year 1997. The title and journal details matched exactly, confirming the reference's accuracy.

### Details
A matching record was found with the exact title ""Political Institutions and Satisfaction with Democracy: A Cross-National Analysis of Consensus and Majoritarian Systems."" Both authors correspond to the citation, with full names matching the initials given. The year 1997 and the journal American Political Science Review matched exactly. The article's DOI is 10.2307/2952259, providing a direct link to the source.

- https://doi.org/10.2307/2952259",1.0,0.0
"Blais, A., & Dobrzynska, A. (1998). Turnout in electoral democracies. *European Journal of Political Research, 33*(2), 239-261.",Democratic elections,qwen35_397b_a17b,verified,"Blais, A., & Dobrzynska, A. (1998). Turnout in electoral democracies. *European Journal of Political Research*, *33*(2), 239-261. https://doi.org/10.1111/1475-6765.00382",MATCH,MATCH,MATCH,MATCH,ABSENT,Turnout in Electoral Democracies,André Blais; Agnieszka Dobrzynska,1998.0,European Journal of Political Research,10.1111/1475-6765.00382,https://doi.org/10.1111/1475-6765.00382,GOOGLE,4.0,0.0,0.0,1.0,0.0,Turnout in electoral democracies,Turnout in Electoral Democracies,"Blais, A.; Dobrzynska, A.",André Blais; Agnieszka Dobrzynska,1998.0,1998.0,European Journal of Political Research,European Journal of Political Research,,10.1111/1475-6765.00382,1.0,1.0,1.0,GOOGLE,0.0,"✓ Title | ✓ Authors | ✓ Year | ✓ Venue | ○ ID

### Summary
This article was confirmed in the European Journal of Political Research with matching authors André Blais and Agnieszka Dobrzynska, and the year 1998. The title ""Turnout in Electoral Democracies"" and the journal details matched exactly.

### Details
A matching record was found with the exact title ""Turnout in Electoral Democracies"" published in 1998. Both authors listed in the citation correspond to the full names found in the evidence. The journal name, volume 33, issue 2, and page numbers 239-261 also matched perfectly. The article's DOI is 10.1111/1475-6765.00382, confirming the reference.

- https://doi.org/10.1111/1475-6765.00382",1.0,0.0
"Cheibub, J. A., Gandhi, J., & Vreeland, J. R. (2010). Democracy and dictatorship revisited. *Public Choice, 143*(1), 67-101.",Democratic elections,qwen35_397b_a17b,verified,"Cheibub, J. A., Gandhi, J., & Vreeland, J. R. (2009). Democracy and dictatorship revisited. *Public Choice*, 143(1-2), 67-101. https://doi.org/10.1007/s11127-009-9491-2",MATCH,MATCH,CONTAINS,MATCH,ABSENT,Democracy and dictatorship revisited,José Antônio Cheibub; Jennifer Gandhi; James Raymond Vreeland,2009.0,Public Choice,10.1007/s11127-009-9491-2,https://doi.org/10.1007/s11127-009-9491-2,GOOGLE,3.0,0.0,1.0,1.0,0.0,Democracy and dictatorship revisited,Democracy and dictatorship revisited,"Cheibub, J. A.; Gandhi, J.; Vreeland, J. R.",José Antônio Cheibub; Jennifer Gandhi; James Raymond Vreeland,2010.0,2009.0,Public Choice,Public Choice,,10.1007/s11127-009-9491-2,1.0,1.0,1.0,GOOGLE,0.0,"✓ Title | ✓ Authors | ◐ Year | ✓ Venue | ○ ID

### Summary
This article was confirmed in the journal Public Choice with matching authors Cheibub, Gandhi, and Vreeland, and a closely matching year. The title ""Democracy and dictatorship revisited"" was exactly confirmed.

### Details
A matching record was found with the exact title ""Democracy and dictatorship revisited"" and the same three authors: José Antônio Cheibub, Jennifer Gandhi, and James Raymond Vreeland. The journal name Public Choice matched exactly. The year in the evidence was 2009, which is within one year of the cited 2010, a minor discrepancy often seen in publication dates. No identifier was provided in the citation, but the DOI 10.1007/s11127-009-9491-2 was found for the article. The article details including volume 143, issue 1-2, and pages 67-101 also matched.

- [DOI link](https://doi.org/10.1007/s11127-009-9491-2)",0.9,0.1
"Diamond, L. (2015). Facing up to the democratic recession. *Journal of Democracy, 26*(1), 141-155.",Democratic elections,qwen35_397b_a17b,verified,"Diamond, L. (2015). Facing up to the democratic recession. *Journal of democracy*, 26(1), 141-155. https://doi.org/10.1353/jod.2015.0009",MATCH,MATCH,MATCH,MATCH,ABSENT,Facing Up to the Democratic Recession,Larry Diamond,2015.0,Journal of democracy,10.1353/jod.2015.0009,https://doi.org/10.1353/jod.2015.0009,GOOGLE,4.0,0.0,0.0,1.0,0.0,Facing up to the democratic recession,Facing Up to the Democratic Recession,"Diamond, L.",Larry Diamond,2015.0,2015.0,Journal of Democracy,Journal of democracy,,10.1353/jod.2015.0009,1.0,1.0,1.0,GOOGLE,0.0,"✓ Title | ✓ Authors | ✓ Year | ✓ Venue | ○ ID

### Summary
This article was confirmed in the Journal of Democracy with matching author Larry Diamond and the year 2015. The title ""Facing Up to the Democratic Recession"" was exactly matched, and the journal details correspond perfectly.

### Details
A matching record was found with the exact title ""Facing Up to the Democratic Recession"" and author Larry Diamond, confirming the citation's author and year 2015. The journal name ""Journal of Democracy"" also matched exactly. Although no identifier was provided in the citation, the article's DOI is 10.1353/jod.2015.0009, accessible at the provided URL.

- https://doi.org/10.1353/jod.2015.0009",1.0,0.0
"Foa, R. S., & Mounk, Y. (2017). The danger of deconsolidation: The democratic disconnect. *Journal of Democracy, 27*(3), 5-17.",Democratic elections,qwen35_397b_a17b,verified,"Foa, R. S., & Mounk, Y. (2016). The danger of deconsolidation: The democratic disconnect. *Journal of Democracy*, 27(3), 5-17. https://doi.org/10.1353/jod.2016.0049",MATCH,MATCH,CONTAINS,MATCH,ABSENT,The Danger of Deconsolidation: The Democratic Disconnect,Roberto Stefan Foa; Yascha Mounk,2016.0,Journal of Democracy,10.1353/jod.2016.0049,https://muse.jhu.edu/pub/1/article/623602,GOOGLE,3.0,0.0,1.0,1.0,0.0,The danger of deconsolidation: The democratic disconnect,The Danger of Deconsolidation: The Democratic Disconnect,"Foa, R. S.; Mounk, Y.",Roberto Stefan Foa; Yascha Mounk,2017.0,2016.0,Journal of Democracy,Journal of Democracy,,10.1353/jod.2016.0049,1.0,1.0,1.0,GOOGLE,0.0,"✓ Title | ✓ Authors | ◐ Year | ✓ Venue | ○ ID

### Summary
This article was confirmed in the Journal of Democracy with matching authors Roberto Stefan Foa and Yascha Mounk, and the title ""The Danger of Deconsolidation: The Democratic Disconnect"" was exactly matched. The publication year differs slightly, with the citation listing 2017 and the evidence showing 2016, but this minor discrepancy does not affect the overall verification.

### Details
A matching record was found with the exact title and authors, confirming the article's presence in the Journal of Democracy. The year in the citation is 2017, while the evidence shows 2016, which is within an acceptable range for verification. The volume (27), issue (3), and page numbers (5-17) also align with the evidence. The article is accessible via the DOI link https://doi.org/10.1353/jod.2016.0049 and the Project MUSE page https://muse.jhu.edu/pub/1/article/623602.

- https://doi.org/10.1353/jod.2016.0049
- https://muse.jhu.edu/pub/1/article/623602",0.9,0.1
"Gerber, A. S., & Green, D. P. (2000). The effects of canvassing, telephone calls, and direct mail on voter turnout: A field experiment. *American Political Science Review, 94*(3), 653-663.",Democratic elections,qwen35_397b_a17b,verified,"Gerber, A. S., & Green, D. P. (2000). The effects of canvassing, telephone calls, and direct mail on voter turnout: A field experiment. *American Political Science Review*, *94*(3), 653-663. https://doi.org/10.2307/2585837",MATCH,MATCH,MATCH,MATCH,ABSENT,"The Effects of Canvassing, Telephone Calls, and Direct Mail on Voter Turnout: A Field Experiment",Alan S. Gerber; Donald P. Green,2000.0,American Political Science Review,10.2307/2585837,https://doi.org/10.2307/2585837,GOOGLE,4.0,0.0,0.0,1.0,0.0,"The effects of canvassing, telephone calls, and direct mail on voter turnout: A field experiment","The Effects of Canvassing, Telephone Calls, and Direct Mail on Voter Turnout: A Field Experiment","Gerber, A. S.; Green, D. P.",Alan S. Gerber; Donald P. Green,2000.0,2000.0,American Political Science Review,American Political Science Review,,10.2307/2585837,1.0,1.0,1.0,GOOGLE,0.0,"✓ Title | ✓ Authors | ✓ Year | ✓ Venue | ○ ID

### Summary
This article was confirmed in the American Political Science Review with matching authors Alan S. Gerber and Donald P. Green, and the year 2000. The title and journal details matched exactly.

### Details
A matching record was found with the exact title ""The Effects of Canvassing, Telephone Calls, and Direct Mail on Voter Turnout: A Field Experiment."" The authors correspond exactly to Alan S. Gerber and Donald P. Green, matching the citation's initials. The year 2000 and the journal American Political Science Review also matched perfectly. The article's DOI is 10.2307/2585837, and it appears in volume 94, issue 3, pages 653-663.

- https://doi.org/10.2307/2585837",1.0,0.0
"Hyde, S. D., & Marinov, N. (2012). Which elections can be lost? *Political Analysis, 20*(2), 191-210.",Democratic elections,qwen35_397b_a17b,verified,"Hyde, S. D., & Marinov, N. (2011). Which Elections Can Be Lost? *Political Analysis*, 20(2), 191–210. https://doi.org/10.1093/pan/mpr040",MATCH,MATCH,CONTAINS,MATCH,ABSENT,Which Elections Can Be Lost?,Susan Hyde; Nikolay Marinov,2011.0,Political Analysis,10.1093/pan/mpr040,https://doi.org/10.1093/pan/mpr040,GOOGLE,3.0,0.0,1.0,1.0,0.0,Which elections can be lost?,Which Elections Can Be Lost?,"Hyde, S. D.; Marinov, N.",Susan Hyde; Nikolay Marinov,2012.0,2011.0,Political Analysis,Political Analysis,,10.1093/pan/mpr040,1.0,1.0,1.0,GOOGLE,0.0,"✓ Title | ✓ Authors | ◐ Year | ✓ Venue | ○ ID

### Summary
This article was confirmed in the journal Political Analysis with matching authors Susan Hyde and Nikolay Marinov and a closely matching year. The title ""Which Elections Can Be Lost?"" and the journal name matched exactly.

### Details
A matching record was found with the exact title ""Which Elections Can Be Lost?"" and authors Susan Hyde and Nikolay Marinov. The journal Political Analysis was confirmed as the publication venue. The year in the citation is 2012, while the evidence shows 2011, which is within an acceptable range for verification. No identifier such as a DOI was present in the citation, but the article's DOI is 10.1093/pan/mpr040. The article details including volume 20, issue 2, and pages 191-210 also match.

- https://doi.org/10.1093/pan/mpr040
- https://www.cambridge.org/core/journals/political-analysis/article/which-elections-can-be-lost/0474B124646DF486D1FD9A8E26D31DEC
- https://www.jstor.org/stable/23260172",0.9,0.1
"Norris, P. (2013). The new research agenda studying electoral integrity. *Electoral Studies, 32*(4), 563-575.",Democratic elections,qwen35_397b_a17b,verified,"Norris, P. (2013). The new research agenda studying electoral integrity. *Electoral Studies*, 32(4), 563-575. https://doi.org/10.1016/j.electstud.2013.07.015",MATCH,MATCH,MATCH,MATCH,ABSENT,The new research agenda studying electoral integrity,Pippa Norris,2013.0,Electoral Studies,10.1016/j.electstud.2013.07.015,https://doi.org/10.1016/j.electstud.2013.07.015,GOOGLE,4.0,0.0,0.0,1.0,0.0,The new research agenda studying electoral integrity.,The new research agenda studying electoral integrity,"Norris, P.",Pippa Norris,2013.0,2013.0,Electoral Studies,Electoral Studies,,10.1016/j.electstud.2013.07.015,1.0,1.0,1.0,GOOGLE,0.0,"✓ Title | ✓ Authors | ✓ Year | ✓ Venue | ○ ID

### Summary
This article was confirmed in the journal Electoral Studies with matching authors and year. The title ""The new research agenda studying electoral integrity"" and the author Pippa Norris were exactly matched, along with the publication year 2013 and the journal name.

### Details
A matching record was found with the exact title ""The new research agenda studying electoral integrity"". The author listed as Pippa Norris corresponds to the citation author Norris, P., confirming the match. The year 2013 and the journal Electoral Studies also matched exactly. Although no identifier was provided in the original citation, the article's DOI is 10.1016/j.electstud.2013.07.015, which links to the official publication.

- https://doi.org/10.1016/j.electstud.2013.07.015",1.0,0.0
"Powell, G. B. (2004). The chain of responsiveness. *Journal of Democracy, 15*(4), 91-105.",Democratic elections,qwen35_397b_a17b,verified-with-error,"Powell, G. B. (2004). The quality of democracy: The chain of responsiveness. *Journal of Democracy*, 15(4), 91–105. https://doi.org/10.1353/jod.2004.0070",CONTAINS,MATCH,MATCH,MATCH,ABSENT,The Quality of Democracy: The Chain of Responsiveness,G. Bingham Powell,2004.0,Journal of democracy,10.1353/jod.2004.0070,https://doi.org/10.1353/jod.2004.0070,GOOGLE,3.0,0.0,1.0,1.0,0.0,The chain of responsiveness,The Quality of Democracy: The Chain of Responsiveness,"Powell, G. B.",G. Bingham Powell,2004.0,2004.0,Journal of Democracy,Journal of democracy,,10.1353/jod.2004.0070,1.0,1.0,1.0,GOOGLE,0.0,"◐ Title | ✓ Authors | ✓ Year | ✓ Venue | ○ ID

### Summary
This article was confirmed in the Journal of Democracy with matching author G. Bingham Powell and the year 2004. The title matched closely, with the shorter title ""The chain of responsiveness"" appearing as part of the longer official title ""The Quality of Democracy: The Chain of Responsiveness.""

### Details
A matching record was found with the title ""The Quality of Democracy: The Chain of Responsiveness"" published in the Journal of Democracy in 2004. The author G. Bingham Powell matches the citation author Powell, G. B. The year 2004 matched exactly. The venue also matched exactly as the Journal of Democracy. The main discrepancy is the title length, where the citation uses a shorter form that appears as a subtitle in the official title. No identifier was present in the original citation. The DOI for the official record is 10.1353/jod.2004.0070.

- https://doi.org/10.1353/jod.2004.0070
- https://muse.jhu.edu/pub/1/article/174009/summary",0.833,0.167
U.S. Department of Education. (2017). *Reimagining the role of technology in education: 2017 national education technology plan update*. Office of Educational Technology.,Education,qwen35_397b_a17b,verified,"U.S. Department of Education, Office of Educational Technology. (2017). *Reimagining the role of technology in education: 2017 National Education Technology Plan Update*. U.S. Department of Education. https://files.eric.ed.gov/fulltext/ED577592.pdf",MATCH,CONTAINS,MATCH,MATCH,ABSENT,Reimagining the Role of Technology in Education: 2017 National Education Technology Plan Update,"U.S. Department of Education, Office of Educational Technology",2017.0,Office of Educational Technology,,https://files.eric.ed.gov/fulltext/ED577592.pdf,GOOGLE,3.0,0.0,1.0,1.0,0.0,Reimagining the role of technology in education: 2017 national education technology plan update,Reimagining the Role of Technology in Education: 2017 National Education Technology Plan Update,U.S. Department of Education.,"U.S. Department of Education, Office of Educational Technology",2017.0,2017.0,Office of Educational Technology,Office of Educational Technology,,https://files.eric.ed.gov/fulltext/ED577592.pdf,1.0,1.0,1.0,GOOGLE,0.0,"✓ Title | ◐ Authors | ✓ Year | ✓ Venue | ○ ID

### Summary
This report was confirmed as published by the U.S. Department of Education's Office of Educational Technology in 2017. The title ""Reimagining the Role of Technology in Education: 2017 National Education Technology Plan Update"" matched exactly, and the authoring organization and publisher details were consistent with the citation.

### Details
A matching record was found with the exact title and year 2017. The authorship includes the U.S. Department of Education and its Office of Educational Technology, which aligns with the citation's author information. The publisher is also the Office of Educational Technology, confirming the venue match. Although no DOI was present, the official report is accessible via the U.S. Department of Education's ERIC repository at https://files.eric.ed.gov/fulltext/ED577592.pdf.

- https://files.eric.ed.gov/fulltext/ED577592.pdf
- https://www.boarddocs.com/mabe/mcpsmd/Board.nsf/files/BGYMW35CE7D7/$file/5%20US%20Dept%20of%20Ed%20Education%20Technology%20Plan%20Update%202017%20-%20excerpt.pdf",0.867,0.133
"Wood, D., Bruner, J. S., & Ross, G. (1976). The role of tutoring in problem solving. *Journal of Child Psychology and Psychiatry, 17*(2), 89–100.",Education,qwen35_397b_a17b,verified,"Wood, D., Bruner, J. S., & Ross, G. (1976). The role of tutoring in problem solving. *Journal of Child Psychology and Psychiatry*, 17(2), 89-100. https://doi.org/10.1111/j.1469-7610.1976.tb00381.x",MATCH,MATCH,MATCH,MATCH,ABSENT,THE ROLE OF TUTORING IN PROBLEM SOLVING *,David Wood; Jerome S. Bruner; Gail Ross,1976.0,Journal of Child Psychology and Psychiatry,10.1111/j.1469-7610.1976.tb00381.x,https://doi.org/10.1111/j.1469-7610.1976.tb00381.x,GOOGLE,4.0,0.0,0.0,1.0,0.0,The role of tutoring in problem solving.,THE ROLE OF TUTORING IN PROBLEM SOLVING *,"Wood, D.; Bruner, J. S.; Ross, G.",David Wood; Jerome S. Bruner; Gail Ross,1976.0,1976.0,Journal of Child Psychology and Psychiatry,Journal of Child Psychology and Psychiatry,,10.1111/j.1469-7610.1976.tb00381.x,1.0,1.0,1.0,GOOGLE,0.0,"✓ Title | ✓ Authors | ✓ Year | ✓ Venue | ○ ID

### Summary
This article was confirmed in the Journal of Child Psychology and Psychiatry with matching authors David Wood, Jerome S. Bruner, and Gail Ross, and the year 1976. The title and journal details matched exactly, verifying the reference.

### Details
A matching record was found with the exact title ""The role of tutoring in problem solving"" and the same three authors, confirming the citation's accuracy. The year 1976 and the journal name also matched perfectly. Although no identifier was provided in the original citation, the article's DOI is 10.1111/j.1469-7610.1976.tb00381.x, linking to the publisher Wiley. The URL check showed access restrictions, likely due to a paywall.

- https://doi.org/10.1111/j.1469-7610.1976.tb00381.x",1.0,0.0
"Jacobson, M. Z., & Delucchi, M. A. (2011). Providing all global energy with wind, water, and solar power, Part I: Technologies, energy resources, quantities and areas of infrastructure, and materials. *Energy Policy*.",Energy,qwen35_397b_a17b,verified,"Jacobson, M. Z., & Delucchi, M. A. (2010). Providing all global energy with wind, water, and solar power, Part I: Technologies, energy resources, quantities and areas of infrastructure, and materials. *Energy Policy*, 39(3), 1154-1169. https://doi.org/10.1016/j.enpol.2010.11.040",MATCH,MATCH,CONTAINS,MATCH,ABSENT,"Providing all global energy with wind, water, and solar power, Part I: Technologies, energy resources, quantities and areas of infrastructure, and materials",Mark Z. Jacobson; Mark A. Delucchi,2010.0,Energy Policy,10.1016/j.enpol.2010.11.040,https://doi.org/10.1016/j.enpol.2010.11.040,GOOGLE,3.0,0.0,1.0,1.0,0.0,"Providing all global energy with wind, water, and solar power, Part I: Technologies, energy resources, quantities and areas of infrastructure, and materials.","Providing all global energy with wind, water, and solar power, Part I: Technologies, energy resources, quantities and areas of infrastructure, and materials","Jacobson, M. Z.; Delucchi, M. A.",Mark Z. Jacobson; Mark A. Delucchi,2011.0,2010.0,Energy Policy,Energy Policy,,10.1016/j.enpol.2010.11.040,1.0,1.0,1.0,GOOGLE,0.0,"✓ Title | ✓ Authors | ◐ Year | ✓ Venue | ○ ID

### Summary
This article was confirmed in the journal Energy Policy with matching authors Mark Z. Jacobson and Mark A. Delucchi. The title was exactly matched, and the publication year was very close, differing by only one year (2011 cited vs. 2010 found).

### Details
A matching record was found with the exact title ""Providing all global energy with wind, water, and solar power, Part I: Technologies, energy resources, quantities and areas of infrastructure, and materials."" The authors matched exactly, with the citation using initials and the evidence listing full names in the same order. The journal name Energy Policy matched perfectly. The year in the citation was 2011, while the evidence showed 2010, which is a minor discrepancy but still considered a match. No identifier was provided in the citation. The source URL is https://doi.org/10.1016/j.enpol.2010.11.040.

- [DOI link](https://doi.org/10.1016/j.enpol.2010.11.040)",0.9,0.1
"Dunn, B., Kamath, H., & Tarascon, J. M. (2011). Electrical energy storage for the grid: A battery of choices. *Science*.",Energy,qwen35_397b_a17b,verified,"Dunn, B., Kamath, H., & Tarascon, J.-M. (2011). Electrical energy storage for the grid: A battery of choices. *Science*, 334(6058), 928-935. https://doi.org/10.1126/science.1212741",MATCH,MATCH,MATCH,MATCH,ABSENT,Electrical Energy Storage for the Grid: A Battery of Choices,Bruce Dunn; Haresh Kamath; Jean‐Marie Tarascon,2011.0,Science,10.1126/science.1212741,https://doi.org/10.1126/science.1212741,GOOGLE,4.0,0.0,0.0,1.0,0.0,Electrical energy storage for the grid: A battery of choices.,Electrical Energy Storage for the Grid: A Battery of Choices,"Dunn, B.; Kamath, H.; Tarascon, J. M.",Bruce Dunn; Haresh Kamath; Jean‐Marie Tarascon,2011.0,2011.0,Science,Science,,10.1126/science.1212741,1.0,1.0,1.0,GOOGLE,0.0,"✓ Title | ✓ Authors | ✓ Year | ✓ Venue | ○ ID

### Summary
This article was confirmed in the journal Science with matching authors Bruce Dunn, Haresh Kamath, and Jean-Marie Tarascon, and the publication year 2011. The title ""Electrical Energy Storage for the Grid: A Battery of Choices"" was verified exactly as cited.

### Details
A matching record was found in OpenAlex with the exact title and author names corresponding to the citation's initials. The year 2011 and journal Science matched perfectly. Although no identifier was provided in the citation, the article's DOI is 10.1126/science.1212741. The URL check showed access restrictions, likely due to paywall, but the bibliographic details confirm the match.

- https://doi.org/10.1126/science.1212741
- https://openalex.org/works/https://doi.org/10.1126/science.1212741",1.0,0.0
"Chu, S., & Majumdar, A. (2012). Opportunities and challenges for a sustainable energy future. *Nature*.",Energy,qwen35_397b_a17b,verified,"Chu, S., & Majumdar, A. (2012). Opportunities and challenges for a sustainable energy future. *Nature*, *488*(7411), 294–303. https://doi.org/10.1038/nature11475",MATCH,MATCH,MATCH,MATCH,ABSENT,Opportunities and challenges for a sustainable energy future,Steven Chu; Arun Majumdar,2012.0,Nature,10.1038/nature11475,https://doi.org/10.1038/nature11475,GOOGLE,4.0,0.0,0.0,1.0,0.0,Opportunities and challenges for a sustainable energy future,Opportunities and challenges for a sustainable energy future,"Chu, S.; Majumdar, A.",Steven Chu; Arun Majumdar,2012.0,2012.0,Nature,Nature,,10.1038/nature11475,1.0,1.0,1.0,GOOGLE,0.0,"✓ Title | ✓ Authors | ✓ Year | ✓ Venue | ○ ID

### Summary
This article was confirmed in the journal Nature with matching authors Steven Chu and Arun Majumdar, and the publication year 2012. The title ""Opportunities and challenges for a sustainable energy future"" was verified exactly as cited.

### Details
A matching record was found with the exact title, authors, year, and journal name. The authors correspond to Steven Chu and Arun Majumdar, matching the citation's initials. The year 2012 matched exactly. Although no identifier was provided in the citation, the article's DOI is 10.1038/nature11475, confirming the reference. The article appears in Nature, volume 488, issue 7411, pages 294-303.

- https://doi.org/10.1038/nature11475",1.0,0.0
International Energy Agency. (2023). *World Energy Outlook 2023*. IEA Publications.,Energy,qwen35_397b_a17b,verified,International Energy Agency. (2023). *World Energy Outlook 2023*. IEA Publications. https://iea.blob.core.windows.net/assets/ed1e4c42-5726-4269-b801-97b3d32e117c/WorldEnergyOutlook2023.pdf,MATCH,MATCH,MATCH,MATCH,ABSENT,World Energy Outlook 2023,International Energy Agency,2023.0,IEA Publications,,https://iea.blob.core.windows.net/assets/ed1e4c42-5726-4269-b801-97b3d32e117c/WorldEnergyOutlook2023.pdf,GOOGLE,4.0,0.0,0.0,1.0,0.0,World Energy Outlook 2023,World Energy Outlook 2023,International Energy Agency,International Energy Agency,2023.0,2023.0,IEA Publications,IEA Publications,,https://iea.blob.core.windows.net/assets/ed1e4c42-5726-4269-b801-97b3d32e117c/WorldEnergyOutlook2023.pdf,1.0,1.0,1.0,GOOGLE,0.0,"✓ Title | ✓ Authors | ✓ Year | ✓ Venue | ○ ID

### Summary
This report was confirmed as the ""World Energy Outlook 2023"" published by the International Energy Agency in 2023 through IEA Publications. The title, author, year, and publisher all matched exactly with the verified source.

### Details
A matching record was found with the exact title ""World Energy Outlook 2023"" and author ""International Energy Agency"" published in 2023 by IEA Publications. The year and publisher details matched perfectly. Although no DOI was available, the official PDF version of the report was located on the IEA website, confirming the citation's accuracy. The report contains 355 pages and is widely referenced in energy analysis contexts.

- [IEA Official Report PDF](https://iea.blob.core.windows.net/assets/ed1e4c42-5726-4269-b801-97b3d32e117c/WorldEnergyOutlook2023.pdf)
- [IEA Report Webpage](https://www.iea.org/reports/world-energy-outlook-2023)",1.0,0.0
"Sovacool, B. K. (2016). How long will it take? Conceptualizing the temporal dynamics of energy transitions. *Energy Research & Social Science*.",Energy,qwen35_397b_a17b,verified,"Sovacool, B. K. (2016). How long will it take? Conceptualizing the temporal dynamics of energy transitions. *Energy Research & Social Science*, 13, 202–215. https://doi.org/10.1016/j.erss.2015.12.020",MATCH,MATCH,MATCH,MATCH,ABSENT,How long will it take? Conceptualizing the temporal dynamics of energy transitions,Benjamin K. Sovacool,2016.0,Energy Research & Social Science,10.1016/j.erss.2015.12.020,https://doi.org/10.1016/j.erss.2015.12.020,GOOGLE,4.0,0.0,0.0,1.0,0.0,How long will it take? Conceptualizing the temporal dynamics of energy transitions.,How long will it take? Conceptualizing the temporal dynamics of energy transitions,"Sovacool, B. K.",Benjamin K. Sovacool,2016.0,2016.0,Energy Research & Social Science,Energy Research & Social Science,,10.1016/j.erss.2015.12.020,1.0,1.0,1.0,GOOGLE,0.0,"✓ Title | ✓ Authors | ✓ Year | ✓ Venue | ○ ID

### Summary
This article was confirmed in Energy Research & Social Science with matching author Benjamin K. Sovacool and the year 2016. The title ""How long will it take? Conceptualizing the temporal dynamics of energy transitions"" was exactly matched.

### Details
A matching record was found with the exact title and author name corresponding to Benjamin K. Sovacool. The year 2016 matched exactly, and the journal name Energy Research & Social Science was confirmed. Although no identifier was provided in the original citation, the article has a DOI: 10.1016/j.erss.2015.12.020. The article appears in volume 13, pages 202-215, published by Elsevier BV.

- https://doi.org/10.1016/j.erss.2015.12.020",1.0,0.0
"Lewis, N. S. (2007). Powering the planet. *Chemical Engineering Progress*.",Energy,qwen35_397b_a17b,verified-with-error,"Lewis, N. S. (2007). Powering the Planet. *MRS Bulletin*, 32(10), 808-820. https://doi.org/10.1557/mrs2007.168",MATCH,MATCH,MATCH,CONTRADICTION,ABSENT,Powering the Planet,Nathan S. Lewis,2007.0,MRS Bulletin,10.1557/mrs2007.168,https://doi.org/10.1557/mrs2007.168,GOOGLE,3.0,1.0,0.0,1.0,0.0,Powering the planet.,Powering the Planet,"Lewis, N. S.",Nathan S. Lewis,2007.0,2007.0,Chemical Engineering Progress,MRS Bulletin,,10.1557/mrs2007.168,0.0,0.0,2.0,GOOGLE,0.0,"✓ Title | ✓ Authors | ✓ Year | ✗ Venue | ○ ID

### Summary
This article titled ""Powering the Planet"" by Nathan S. Lewis from 2007 was confirmed, with matching title, author, and year. However, the journal name in the original reference was incorrect; the article was actually published in *MRS Bulletin*, not *Chemical Engineering Progress*.

### Details
A matching record was found with the exact title ""Powering the Planet"" and author Nathan S. Lewis, published in 2007. The original citation listed the journal as *Chemical Engineering Progress*, but the verified source shows it was published in *MRS Bulletin*, volume 32, issue 10, pages 808-820. No DOI was provided in the original citation, but the verified article has DOI 10.1557/mrs2007.168. This discrepancy in the journal name is the reason for the minor verification error.

- [DOI link to article](https://doi.org/10.1557/mrs2007.168)
- [Springer Nature MRS Bulletin page](https://link.springer.com/article/10.1557/mrs2007.168)",0.6,0.4
"Zakeri, B., & Syri, S. (2015). Electrical energy storage systems: A comparative life cycle cost analysis. *Renewable and Sustainable Energy Reviews*.",Energy,qwen35_397b_a17b,verified,"Zakeri, B., & Syri, S. (2014). Electrical energy storage systems: A comparative life cycle cost analysis. *Renewable and Sustainable Energy Reviews*, 42, 569-596. https://doi.org/10.1016/j.rser.2014.10.011",MATCH,MATCH,CONTAINS,MATCH,ABSENT,Electrical energy storage systems: A comparative life cycle cost analysis,Behnam Zakeri; Sanna Syri,2014.0,Renewable and Sustainable Energy Reviews,10.1016/j.rser.2014.10.011,https://doi.org/10.1016/j.rser.2014.10.011,GOOGLE,3.0,0.0,1.0,1.0,0.0,Electrical energy storage systems: A comparative life cycle cost analysis.,Electrical energy storage systems: A comparative life cycle cost analysis,"Zakeri, B.; Syri, S.",Behnam Zakeri; Sanna Syri,2015.0,2014.0,Renewable and Sustainable Energy Reviews,Renewable and Sustainable Energy Reviews,,10.1016/j.rser.2014.10.011,1.0,1.0,1.0,GOOGLE,0.0,"✓ Title | ✓ Authors | ◐ Year | ✓ Venue | ○ ID

### Summary
This article was confirmed in Renewable and Sustainable Energy Reviews with matching authors Behnam Zakeri and Sanna Syri and a closely matching year. The title ""Electrical energy storage systems: A comparative life cycle cost analysis"" was exactly matched.

### Details
A matching record was found with the exact title and authors corresponding to the citation, where initials matched full names. The year in the citation is 2015, while the evidence shows 2014, which is within an acceptable range. The journal name matches exactly. No identifier was provided in the citation, but the evidence includes a DOI: 10.1016/j.rser.2014.10.011. The article is published in volume 42, pages 569-596 of Renewable and Sustainable Energy Reviews.

- https://doi.org/10.1016/j.rser.2014.10.011",0.9,0.1
"Grubb, M. (1991). The integration of renewable electricity sources. *Energy Policy*.",Energy,qwen35_397b_a17b,verified,"Grubb, M. (1991). The integration of renewable electricity sources. *Energy Policy*, 19(7), 670-688. https://doi.org/10.1016/0301-4215(91)90100-3",MATCH,MATCH,MATCH,MATCH,ABSENT,The integration of renewable electricity sources,Michael Grubb,1991.0,Energy Policy,10.1016/0301-4215(91)90100-3,https://doi.org/10.1016/0301-4215(91)90100-3,GOOGLE,4.0,0.0,0.0,1.0,0.0,The integration of renewable electricity sources,The integration of renewable electricity sources,"Grubb, M.",Michael Grubb,1991.0,1991.0,Energy Policy,Energy Policy,,10.1016/0301-4215(91)90100-3,1.0,1.0,1.0,GOOGLE,0.0,"✓ Title | ✓ Authors | ✓ Year | ✓ Venue | ○ ID

### Summary
This article was confirmed in the journal Energy Policy with matching author Michael Grubb and the year 1991. The title ""The integration of renewable electricity sources"" was exactly matched.

### Details
A matching record was found with the exact title ""The integration of renewable electricity sources"" published in Energy Policy in 1991. The author listed as Michael Grubb corresponds to the citation author ""Grubb, M."". Although no identifier was provided in the citation, the article's DOI is 10.1016/0301-4215(91)90100-3, confirming the match. The article appears in volume 19, issue 7, pages 670-688.

- https://doi.org/10.1016/0301-4215(91)90100-3",1.0,0.0
"Smil, V. (2010). *Energy transitions: History, requirements, prospects*. Praeger.",Energy,qwen35_397b_a17b,verified-with-error,"Smil, V. (2010). *Energy Transitions: History, Requirements, Prospects*. Bloomsbury Publishing USA. https://play.google.com/store/books/details?id=cOnEEAAAQBAJ&source=gbs_api",MATCH,MATCH,MATCH,CONTRADICTION,ABSENT,"Energy Transitions: History, Requirements, Prospects",Vaclav Smil,2010.0,Bloomsbury Publishing USA,,https://play.google.com/store/books/details?id=cOnEEAAAQBAJ&source=gbs_api,GOOGLE,3.0,1.0,0.0,1.0,0.0,"Energy transitions: History, requirements, prospects","Energy Transitions: History, Requirements, Prospects","Smil, V.",Vaclav Smil,2010.0,2010.0,Praeger,Bloomsbury Publishing USA,,https://play.google.com/store/books/details?id=cOnEEAAAQBAJ&source=gbs_api,0.0,0.0,1.0,GOOGLE,0.0,"✓ Title | ✓ Authors | ✓ Year | ✗ Venue | ○ ID

### Summary
This book by Vaclav Smil titled ""Energy Transitions: History, Requirements, Prospects"" was confirmed with matching title, author, and year. However, there is a minor discrepancy in the publisher name: the citation lists Praeger, while the evidence shows Bloomsbury Publishing USA as the publisher.

### Details
A matching record was found with the exact title and author (Vaclav Smil) and the year 2010. The citation uses the publisher Praeger, but the evidence from Google Books and other sources indicates the publisher as Bloomsbury Publishing USA, which is a different entity. No identifier such as a DOI was present in the citation. The book is listed with ISBN 9780313381782 and a link to the Google Books page is available.

- https://play.google.com/store/books/details?id=cOnEEAAAQBAJ&source=gbs_api
- https://vaclavsmil.com
- https://books.google.com/books?id=cOnEEAAAQBAJ",0.6,0.4
Intergovernmental Panel on Climate Change. (2022). *Climate Change 2022: Mitigation of Climate Change*. Cambridge University Press.,Energy,qwen35_397b_a17b,needs-human,Climate Change 2022. (2022). *Mitigation of Climate Change*. http://books.google.com/books?id=EOdTzwEACAAJ&dq=Climate+Change+2022%3A+Mitigation+of+Climate+Change+IPCC+2022,CONTAINS,CONTAINS,CONTAINS,CONTAINS,ABSENT,Climate Change 2022,,2022.0,Mitigation of Climate Change,,http://books.google.com/books?id=EOdTzwEACAAJ&dq=Climate+Change+2022%3A+Mitigation+of+Climate+Change+IPCC+2022,GOOGLE,0.0,0.0,4.0,1.0,0.0,Climate Change 2022: Mitigation of Climate Change,Climate Change 2022,Intergovernmental Panel on Climate Change,,2022.0,2022.0,Cambridge University Press,Mitigation of Climate Change,,http://books.google.com/books?id=EOdTzwEACAAJ&dq=Climate+Change+2022%3A+Mitigation+of+Climate+Change+IPCC+2022,0.0,2.0,2.0,GOOGLE,0.0,"◐ Title | ◐ Authors | ◐ Year | ◐ Venue | ○ ID

### Summary
The reference to ""Climate Change 2022: Mitigation of Climate Change"" by the Intergovernmental Panel on Climate Change was found with matching title elements and authorship, but there is some uncertainty about the exact publication year and publisher details. Because the year in some sources is 2023 instead of 2022 and the publisher information is not fully consistent, human review is recommended to confirm the citation.

### Details
A matching record was found with the main title ""Climate Change 2022"" and the subtitle ""Mitigation of Climate Change,"" confirming the core title. The authorship includes the Intergovernmental Panel on Climate Change with the addition of ""Working Group III,"" indicating the same organization with a subdivision. The year is reported as 2022 in some sources but 2023 in others, creating ambiguity. The publisher is identified as Cambridge University Press in the citation, but some evidence sources do not clearly confirm this. No DOI or unique identifier was found to conclusively verify the reference.

- [Google Books: Climate Change 2022](http://books.google.com/books?id=EOdTzwEACAAJ&dq=Climate+Change+2022%3A+Mitigation+of+Climate+Change+IPCC+2022)
- [Google Books: Climate Change 2022 - Mitigation of Climate Change](http://books.google.com/books?id=WFQe0AEACAAJ&dq=Climate+Change+2022%3A+Mitigation+of+Climate+Change+IPCC+2022)
- [Scholar Search: Climate change 2022: Mitigation of climate change](https://escholarship.org/uc/item/23n103jv)",0.5,0.5
"Rockström, J., Steffen, W., Noone, K., Persson, Å., Chapin, F. S., Lambin, E. F., ... & Foley, J. A. (2009). A safe operating space for humanity. *Nature, 461*(7263), 472-475.",Environmental Science,qwen35_397b_a17b,verified,"Rockström, J., Steffen, W., Noone, K. J., Persson, Å., Chapin, F. S., Lambin, É. F., Lenton, T. M., Scheffer, M., Folke, C., Schellnhuber, H. J., Nykvist, B., de Wit, C. A., Hughes, T. P., van der Leeuw, S., Rodhe, H., Sörlin, S., Snyder, P. K., Costanza, R., Svedin, U., ... Foley, J. A. (2009). A safe operating space for humanity. *Nature*, 461(7263), 472-475. https://doi.org/10.1038/461472a",MATCH,CONTAINS,MATCH,MATCH,ABSENT,A safe operating space for humanity,Johan Rockström; Will Steffen; Kevin J. Noone; Åsa Persson; F. Stuart Chapin; Éric F. Lambin; Timothy M. Lenton; Marten Scheffer; Carl Folke; Hans Joachim Schellnhuber; Björn Nykvist; Cynthia A. de Wit; Terry P. Hughes; Sander van der Leeuw; Henning Rodhe; Sverker Sörlin; P. K. Snyder; Robert Costanza; Uno Svedin; Malin Falkenmark; Louise Karlberg; Robert W. Corell; Victoria J. Fabry; James E. Hansen; Brian Walker; Diana Liverman; Katherine Richardson; Paul J. Crutzen; Jonathan A. Foley,2009.0,Nature,10.1038/461472a,https://doi.org/10.1038/461472a,GOOGLE,3.0,0.0,1.0,1.0,0.0,A safe operating space for humanity,A safe operating space for humanity,"Rockström, J.; Steffen, W.; Noone, K.; Persson, Å.; Chapin, F. S.; Lambin, E. F.; Foley, J. A.",Johan Rockström; Will Steffen; Kevin J. Noone; Åsa Persson; F. Stuart Chapin; Éric F. Lambin; Timothy M. Lenton; Marten Scheffer; Carl Folke; Hans Joachim Schellnhuber; Björn Nykvist; Cynthia A. de Wit; Terry P. Hughes; Sander van der Leeuw; Henning Rodhe; Sverker Sörlin; P. K. Snyder; Robert Costanza; Uno Svedin; Malin Falkenmark; Louise Karlberg; Robert W. Corell; Victoria J. Fabry; James E. Hansen; Brian Walker; Diana Liverman; Katherine Richardson; Paul J. Crutzen; Jonathan A. Foley,2009.0,2009.0,Nature,Nature,,10.1038/461472a,1.0,1.0,1.0,GOOGLE,0.0,"✓ Title | ◐ Authors | ✓ Year | ✓ Venue | ○ ID

### Summary
This article titled ""A safe operating space for humanity"" was confirmed in the journal Nature with matching authors and year. The original authors listed were all found within a larger group of contributors in the verified record.

### Details
A matching record was found through OpenAlex with the exact title ""A safe operating space for humanity"" published in Nature in 2009. The year and journal matched exactly. The author list in the verified record includes all seven original authors (Rockström, Steffen, Noone, Persson, Chapin, Lambin, Foley) plus many additional contributors, confirming the citation's authors as a subset. The article's volume (461), issue (7263), and page numbers (472-475) also correspond. The DOI 10.1038/461472a provides a direct link to the source.

- https://doi.org/10.1038/461472a",0.867,0.133
"Steffen, W., Richardson, K., Rockström, J., Cornell, S. E., Fetzer, I., Bennett, E. M., ... & Sörlin, S. (2015). Planetary boundaries: Guiding human development on a changing planet. *Science, 347*(6223), 1259855.",Environmental Science,qwen35_397b_a17b,verified,"Steffen, W., Richardson, K., Rockström, J., Cornell, S. E., Fetzer, I., Bennett, E. M., Biggs, R., Carpenter, S. R., de Vries, W., de Wit, C. A., Folke, C., Gerten, D., Heinke, J., Mace, G. M., Persson, L., Ramanathan, V., Reyers, B., & Sörlin, S. (2015). Planetary boundaries: Guiding human development on a changing planet. *Science*, *347*(6223), 1259855. https://doi.org/10.1126/science.1259855",MATCH,MATCH,MATCH,MATCH,ABSENT,Planetary boundaries: Guiding human development on a changing planet,Will Steffen; Katherine Richardson; Johan Rockström; Sarah Cornell; Ingo Fetzer; Elena M. Bennett; Reinette Biggs; Stephen R. Carpenter; W. de Vries; Cynthia A. de Wit; Carl Folke; Dieter Gerten; Jens Heinke; Georgina M. Mace; Linn Persson; V. Ramanathan; Belinda Reyers; Sverker Sörlin,2015.0,Science,10.1126/science.1259855,https://doi.org/10.1126/science.1259855,GOOGLE,4.0,0.0,0.0,1.0,0.0,Planetary boundaries: Guiding human development on a changing planet.,Planetary boundaries: Guiding human development on a changing planet,"Steffen, W.; Richardson, K.; Rockström, J.; Cornell, S. E.; Fetzer, I.; Bennett, E. M.; Sörlin, S.",Will Steffen; Katherine Richardson; Johan Rockström; Sarah Cornell; Ingo Fetzer; Elena M. Bennett; Reinette Biggs; Stephen R. Carpenter; W. de Vries; Cynthia A. de Wit; Carl Folke; Dieter Gerten; Jens Heinke; Georgina M. Mace; Linn Persson; V. Ramanathan; Belinda Reyers; Sverker Sörlin,2015.0,2015.0,Science,Science,,10.1126/science.1259855,1.0,1.0,1.0,GOOGLE,0.0,"✓ Title | ✓ Authors | ✓ Year | ✓ Venue | ○ ID

### Summary
This article was confirmed in the journal Science with matching authors and year. The title ""Planetary boundaries: Guiding human development on a changing planet"" was exactly matched, and all original authors were found with full names, along with additional co-authors.

### Details
A matching record was found in OpenAlex with the exact title and year 2015. The journal name Science matched exactly. The authors listed in the evidence included all original authors from the citation, with full names instead of initials, confirming the match. No identifier was present in the original citation, but the DOI 10.1126/science.1259855 was found in the evidence, providing a reliable link to the article.

- https://doi.org/10.1126/science.1259855",1.0,0.0
"Vitousek, P. M., Mooney, H. A., Lubchenco, J., & Melillo, J. M. (1997). Human domination of Earth's ecosystems. *Science, 277*(5325), 494-499.",Environmental Science,qwen35_397b_a17b,verified,"Vitousek, P. M., Mooney, H. A., Lubchenco, J., & Melillo, J. M. (1997). Human domination of Earth's ecosystems. *Science*, 277(5325), 494-499. https://doi.org/10.1126/science.277.5325.494",MATCH,MATCH,MATCH,MATCH,ABSENT,Human Domination of Earth's Ecosystems,Peter M. Vitousek; Harold A. Mooney; Jane Lubchenco; Jerry M. Melillo,1997.0,Science,10.1126/science.277.5325.494,https://doi.org/10.1126/science.277.5325.494,GOOGLE,4.0,0.0,0.0,1.0,0.0,Human domination of Earth's ecosystems.,Human Domination of Earth's Ecosystems,"Vitousek, P. M.; Mooney, H. A.; Lubchenco, J.; Melillo, J. M.",Peter M. Vitousek; Harold A. Mooney; Jane Lubchenco; Jerry M. Melillo,1997.0,1997.0,Science,Science,,10.1126/science.277.5325.494,1.0,1.0,1.0,GOOGLE,0.0,"✓ Title | ✓ Authors | ✓ Year | ✓ Venue | ○ ID

### Summary
This article was confirmed in the journal Science with matching authors Peter M. Vitousek, Harold A. Mooney, Jane Lubchenco, and Jerry M. Melillo, and the year 1997. The title ""Human Domination of Earth's Ecosystems"" was verified exactly as cited.

### Details
A matching record was found with the exact title ""Human Domination of Earth's Ecosystems"" published in Science in 1997. The authors matched fully, with both initials and full names corresponding correctly. The journal name and publication year matched exactly. Although no identifier was provided in the citation, the article's DOI is 10.1126/science.277.5325.494, confirming the reference's accuracy.

- https://doi.org/10.1126/science.277.5325.494",1.0,0.0
"Crutzen, P. J. (2002). Geology of mankind. *Nature, 415*(6867), 23.",Environmental Science,qwen35_397b_a17b,verified,"Crutzen, P. J. (2002). Geology of mankind. *Nature*, 415(6867), 23. https://doi.org/10.1038/415023a",MATCH,MATCH,MATCH,MATCH,ABSENT,Geology of mankind,Paul J. Crutzen,2002.0,Nature,10.1038/415023a,https://doi.org/10.1038/415023a,GOOGLE,4.0,0.0,0.0,1.0,0.0,Geology of mankind.,Geology of mankind,"Crutzen, P. J.",Paul J. Crutzen,2002.0,2002.0,Nature,Nature,,10.1038/415023a,1.0,1.0,1.0,GOOGLE,0.0,"✓ Title | ✓ Authors | ✓ Year | ✓ Venue | ○ ID

### Summary
This article was confirmed in Nature with matching authors and year. The title ""Geology of mankind"" and the author Paul J. Crutzen were verified exactly as cited.

### Details
A matching record was found with the exact title ""Geology of mankind"" published in 2002 in the journal Nature. The author listed as Paul J. Crutzen corresponds to the citation's abbreviated form P. J. Crutzen. The volume 415 and issue 6867 also match, with the article appearing on page 23. No identifier was provided in the original citation, but the DOI 10.1038/415023a was found for the article.

- https://doi.org/10.1038/415023a",1.0,0.0
"Parmesan, C., & Yohe, G. (2003). A globally coherent fingerprint of climate change impacts across natural systems. *Nature, 421*(6918), 37-42.",Environmental Science,qwen35_397b_a17b,verified,"Parmesan, C., & Yohe, G. (2003). A globally coherent fingerprint of climate change impacts across natural systems. *Nature*. https://doi.org/10.1038/421037a",MATCH,MATCH,MATCH,MATCH,ABSENT,A globally coherent fingerprint of climate change impacts across natural systems,C Parmesan; G Yohe,2003.0,nature,10.1038/421037a,https://www.nature.com/articles/nature01286,GOOGLE,4.0,0.0,0.0,1.0,0.0,A globally coherent fingerprint of climate change impacts across natural systems,A globally coherent fingerprint of climate change impacts across natural systems,"Parmesan, C.; Yohe, G.",C Parmesan; G Yohe,2003.0,2003.0,Nature,nature,,10.1038/421037a,1.0,1.0,1.0,GOOGLE,0.0,"✓ Title | ✓ Authors | ✓ Year | ✓ Venue | ○ ID

### Summary
This article was confirmed in the journal Nature with matching authors Parmesan and Yohe, and the year 2003. The title ""A globally coherent fingerprint of climate change impacts across natural systems"" was verified exactly as cited.

### Details
A matching record was found with the exact title and author names, confirming the citation's accuracy. The year 2003 and the journal Nature also matched perfectly. Although no DOI was present in the original citation, the article is accessible via the Nature website at https://www.nature.com/articles/nature01286, which supports the verification.

- https://www.nature.com/articles/nature01286",1.0,0.0
"Tilman, D., Fargione, J., Wolff, B., D'Antonio, C., Dobson, A., Howarth, R., ... & Swackhamer, D. (2001). Forecasting agriculturally driven global environmental change. *Science, 292*(5515), 281-284.",Environmental Science,qwen35_397b_a17b,verified,"Tilman, D., Fargione, J., Wolff, B. A., D’Antonio, C. M., Dobson, A. P., Howarth, R. W., Schindler, D. W., Schlesinger, W. H., Simberloff, D., & Swackhamer, D. L. (2001). Forecasting agriculturally driven global environmental change. *Science*, *292*(5515), 281–284. https://doi.org/10.1126/science.1057544",MATCH,CONTAINS,MATCH,MATCH,ABSENT,Forecasting Agriculturally Driven Global Environmental Change,David Tilman; Joseph Fargione; Brian A. Wolff; Carla M. D’Antonio; Andrew P. Dobson; Robert W. Howarth; David W. Schindler; William H. Schlesinger; Daniel Simberloff; Deborah L. Swackhamer,2001.0,Science,10.1126/science.1057544,https://doi.org/10.1126/science.1057544,GOOGLE,3.0,0.0,1.0,1.0,0.0,Forecasting agriculturally driven global environmental change.,Forecasting Agriculturally Driven Global Environmental Change,"Tilman, D.; Fargione, J.; Wolff, B.; D'Antonio, C.; Dobson, A.; Howarth, R.; Swackhamer, D.",David Tilman; Joseph Fargione; Brian A. Wolff; Carla M. D’Antonio; Andrew P. Dobson; Robert W. Howarth; David W. Schindler; William H. Schlesinger; Daniel Simberloff; Deborah L. Swackhamer,2001.0,2001.0,Science,Science,,10.1126/science.1057544,1.0,1.0,1.0,GOOGLE,0.0,"✓ Title | ◐ Authors | ✓ Year | ✓ Venue | ○ ID

### Summary
This article was confirmed in the journal Science with matching title, year, and all cited authors present among the full author list. The publication details align exactly with the original reference.

### Details
A matching record was found with the exact title ""Forecasting Agriculturally Driven Global Environmental Change"" published in 2001 in Science. All seven authors listed in the citation are included in the full author list of ten authors in the evidence. The volume (292), issue (5515), and page numbers (281-284) also match perfectly. The DOI 10.1126/science.1057544 provides a direct link to the publication.

- https://doi.org/10.1126/science.1057544",0.867,0.133
"Vörösmarty, C. J., Rogers, P., Birkett, C., & Döll, P. (2000). Global water resources: Vulnerability from climate change and population growth. *Science, 289*(5487), 284-288.",Environmental Science,qwen35_397b_a17b,verified-with-error,"Vörösmarty, C. J., Green, P., Salisbury, J., & Lammers, R. B. (2000). Global water resources: Vulnerability from climate change and population growth. *Science*, 289(5487), 284-288. https://doi.org/10.1126/science.289.5487.284",MATCH,CONTRADICTION,MATCH,MATCH,ABSENT,Global Water Resources: Vulnerability from Climate Change and Population Growth,Charles J. Vörösmarty; Pamela Green; Joseph Salisbury; Richard B. Lammers,2000.0,Science,,https://pubmed.ncbi.nlm.nih.gov/10894773/,GOOGLE,3.0,1.0,0.0,1.0,0.0,Global water resources: Vulnerability from climate change and population growth,Global Water Resources: Vulnerability from Climate Change and Population Growth,"Vörösmarty, C. J.; Rogers, P.; Birkett, C.; Döll, P.",Charles J. Vörösmarty; Pamela Green; Joseph Salisbury; Richard B. Lammers,2000.0,2000.0,Science,Science,,https://pubmed.ncbi.nlm.nih.gov/10894773/,0.0,0.0,1.0,GOOGLE,0.0,"✓ Title | ✗ Authors | ✓ Year | ✓ Venue | ○ ID

### Summary
This article was confirmed in the journal Science with the title ""Global Water Resources: Vulnerability from Climate Change and Population Growth"" and the year 2000 matching exactly. However, there is a discrepancy in the authors listed: only Charles J. Vörösmarty matches, while the other authors differ from those in the original reference.

### Details
A matching record was found with the exact title and year 2000 in Science. The authors in the verified record are Charles J. Vörösmarty, Pamela Green, Joseph Salisbury, and Richard B. Lammers, differing from the original citation's authors Rogers, P., Birkett, C., and Döll, P. No DOI was found, but multiple sources including PubMed and a PDF of the article confirm the title, year, and journal. This explains the verification status as verified-with-error due to the author mismatch.

- [PubMed record](https://pubmed.ncbi.nlm.nih.gov/10894773/)
- [PDF of article](http://iron2.eko.uj.edu.pl/stat/II/V%C3%B6r%C3%B6smarty%20et%20al%202000.pdf)",0.467,0.533
Intergovernmental Panel on Climate Change. (2014). *Climate change 2014: Synthesis report*. IPCC.,Environmental Science,qwen35_397b_a17b,verified-with-error,"Intergovernmental Panel on Climate Change. (2014). *Climate Change 2014: Synthesis Report. Contribution of Working Groups I, II and III to the Fifth Assessment Report of the Intergovernmental Panel on Climate Change* (Core Writing Team, Pachauri, & Meyer, Eds.). IPCC. https://www.ipcc.ch/report/ar5/syr/",CONTAINS,MATCH,MATCH,UNCONFIRMED,ABSENT,AR5 Synthesis Report: Climate Change 2014 — IPCC,Intergovernmental Panel on Climate Change,2014.0,,,https://www.ipcc.ch/report/ar5/syr/,GOOGLE,2.0,0.0,1.0,1.0,1.0,Climate change 2014: Synthesis report,AR5 Synthesis Report: Climate Change 2014 — IPCC,Intergovernmental Panel on Climate Change,Intergovernmental Panel on Climate Change,2014.0,2014.0,IPCC,,,https://www.ipcc.ch/report/ar5/syr/,2.0,2.0,2.0,GOOGLE,0.0,"◐ Title | ✓ Authors | ✓ Year | ? Venue | ○ ID

### Summary
This report was confirmed as the Intergovernmental Panel on Climate Change's 2014 Synthesis Report. The authors and year matched exactly, and the title was recognized as the same document despite minor differences in phrasing and order. However, the publication venue was not explicitly confirmed.

### Details
A matching record was found titled ""AR5 Synthesis Report: Climate Change 2014 — IPCC"" authored by the Intergovernmental Panel on Climate Change in 2014. The core identifying phrases in the title such as ""Synthesis Report"" and ""Climate Change 2014"" were preserved, confirming it as the same report. The year 2014 and the authoring organization matched exactly. The venue field was unconfirmed because the potential match did not explicitly list a venue, though the publisher is IPCC. No digital object identifier (DOI) was found in the citation. The official IPCC website and multiple PDF sources confirm the report's details and availability.

- [IPCC AR5 Synthesis Report](https://www.ipcc.ch/report/ar5/syr/)
- [IPCC AR5 Synthesis Report PDF Front Matters](https://www.ipcc.ch/site/assets/uploads/2018/02/AR5_SYR_FINAL_Front_matters.pdf)
- [UNT Digital Library - Climate Change 2014 Synthesis Report](https://digital.library.unt.edu/ark:/67531/metadc501464/)
- [EPIC - IPCC AR5 SYR Final PDF](https://epic.awi.de/37530/1/IPCC_AR5_SYR_Final.pdf)",0.633,0.367
"O'Neill, J. (2016). *Tackling drug-resistant infections globally: Final report and recommendations*. Review on Antimicrobial Resistance.",Infectious disease,qwen35_397b_a17b,verified,"O’Neill, J. (2016). Tackling drug-resistant infections globally: Final report and recommendations. The Review on Antimicrobial Resistance. https://apo.org.au/sites/default/files/resource-files/2016-05/apo-nid63983.pdf",MATCH,MATCH,MATCH,MATCH,ABSENT,Tackling drug-resistant infections globally: final report and recommendations,Jim O’Neill,2016.0,The Review on Antimicrobial Resistance,,https://apo.org.au/sites/default/files/resource-files/2016-05/apo-nid63983.pdf,GOOGLE,4.0,0.0,0.0,1.0,0.0,Tackling drug-resistant infections globally: Final report and recommendations,Tackling drug-resistant infections globally: final report and recommendations,"O'Neill, J.",Jim O’Neill,2016.0,2016.0,Review on Antimicrobial Resistance,The Review on Antimicrobial Resistance,,https://apo.org.au/sites/default/files/resource-files/2016-05/apo-nid63983.pdf,1.0,1.0,1.0,GOOGLE,0.0,"✓ Title | ✓ Authors | ✓ Year | ✓ Venue | ○ ID

### Summary
This report was confirmed as authored by Jim O’Neill in 2016, titled ""Tackling drug-resistant infections globally: Final report and recommendations,"" and published by The Review on Antimicrobial Resistance. The key details including the title, author, year, and publisher matched exactly.

### Details
A matching record was found with the exact title and year 2016. The author listed as ""O'Neill, J."" corresponds to ""Jim O’Neill,"" confirming the identity. The venue name matched closely, with the article ""The"" omitted in the citation but present in the source. No DOI was available, but the report is accessible via a reliable URL from apo.org.au. The document is an 84-page final report on antimicrobial resistance chaired by Jim O’Neill.

- [Report PDF on apo.org.au](https://apo.org.au/sites/default/files/resource-files/2016-05/apo-nid63983.pdf)",1.0,0.0
World Health Organization. (2021). *Global tuberculosis report 2021*. World Health Organization.,Infectious disease,qwen35_397b_a17b,verified,World Health Organization. (2021). *Global tuberculosis report 2021*. World Health Organization. https://www.who.int/publications/i/item/9789240037021,MATCH,MATCH,MATCH,MATCH,ABSENT,Global tuberculosis report 2021,World Health Organization,2021.0,World Health Organization,,https://www.who.int/publications/i/item/9789240037021,GOOGLE,4.0,0.0,0.0,1.0,0.0,Global tuberculosis report 2021,Global tuberculosis report 2021,World Health Organization,World Health Organization,2021.0,2021.0,World Health Organization,World Health Organization,,https://www.who.int/publications/i/item/9789240037021,1.0,1.0,1.0,GOOGLE,0.0,"✓ Title | ✓ Authors | ✓ Year | ✓ Venue | ○ ID

### Summary
This report was confirmed as the ""Global tuberculosis report 2021"" published by the World Health Organization in 2021. The title, authoring organization, publication year, and publisher all matched exactly with the verified source.

### Details
A matching record was found with the exact title ""Global tuberculosis report 2021"" and author ""World Health Organization."" The publication year 2021 also matched perfectly. The publisher was confirmed as the World Health Organization, consistent with the citation. Although no DOI was provided, the official report is available on the WHO website at https://www.who.int/publications/i/item/9789240037021. Multiple sources from WHO confirm the report's existence and details, including official WHO publication pages and digital report links.

- https://www.who.int/publications/i/item/9789240037021
- https://www.who.int/publications/digital/global-tuberculosis-report-2021
- https://www.who.int/publications/m/item/factsheet-global-tb-report-2021
- https://www.who.int/publications/b/58335",1.0,0.0
World Health Organization. (2020). *World malaria report 2020*. World Health Organization.,Infectious disease,qwen35_397b_a17b,verified,World Health Organization & WHO Team. (2020). *World malaria report 2020: 20 years of global progress and challenges*. World Health Organization. https://www.who.int/publications/i/item/9789240015791,MATCH,CONTAINS,MATCH,MATCH,ABSENT,World malaria report 2020,World Health Organization; WHO Team,2020.0,World Health Organization,,https://www.who.int/publications/i/item/9789240015791,GOOGLE,3.0,0.0,1.0,1.0,0.0,World malaria report 2020,World malaria report 2020,World Health Organization,World Health Organization; WHO Team,2020.0,2020.0,World Health Organization,World Health Organization,,https://www.who.int/publications/i/item/9789240015791,1.0,1.0,1.0,GOOGLE,0.0,"✓ Title | ◐ Authors | ✓ Year | ✓ Venue | ○ ID

### Summary
This report was confirmed as the ""World malaria report 2020"" published by the World Health Organization in 2020. The title, year, and publisher all matched exactly, and the author listed in the citation is included among the authors of the official report.

### Details
A matching record was found with the exact title ""World malaria report 2020"" and the year 2020. The citation author ""World Health Organization"" is a subset of the official authors which also include ""WHO Team."" The publisher is also the World Health Organization, matching the citation venue. Although no DOI was provided in the citation, the official report is available online at the WHO website with ISBN 978-92-4-001579-1. The report is a comprehensive document of 299 pages detailing global malaria progress and challenges.

- https://www.who.int/publications/i/item/9789240015791
- https://www.who.int/teams/global-malaria-programme/reports/world-malaria-report-2020
- https://www.who.int/docs/default-source/malaria/world-malaria-reports/9789240015791-double-page-view.pdf?sfvrsn=2c24349d_5",0.867,0.133
"Lengeler, C. (2004). Insecticide-treated bed nets and curtains for preventing malaria. *Cochrane Database of Systematic Reviews*.",Insecticide-treated bed nets for malaria,qwen35_397b_a17b,verified,"Lengeler, C. (2004). Insecticide-treated bed nets and curtains for preventing malaria. *Cochrane Database of Systematic Reviews*, (2), CD000363. https://doi.org/10.1002/14651858.cd000363.pub2",MATCH,MATCH,MATCH,MATCH,ABSENT,Insecticide-treated bed nets and curtains for preventing malaria,Christian Lengeler,2004.0,Cochrane Database of Systematic Reviews,10.1002/14651858.cd000363.pub2,https://doi.org/10.1002/14651858.cd000363.pub2,GOOGLE,4.0,0.0,0.0,1.0,0.0,Insecticide-treated bed nets and curtains for preventing malaria.,Insecticide-treated bed nets and curtains for preventing malaria,"Lengeler, C.",Christian Lengeler,2004.0,2004.0,Cochrane Database of Systematic Reviews,Cochrane Database of Systematic Reviews,,10.1002/14651858.cd000363.pub2,1.0,1.0,1.0,GOOGLE,0.0,"✓ Title | ✓ Authors | ✓ Year | ✓ Venue | ○ ID

### Summary
This article was confirmed in the Cochrane Database of Systematic Reviews with matching author Christian Lengeler and publication year 2004. The title ""Insecticide-treated bed nets and curtains for preventing malaria"" was verified exactly as cited.

### Details
A matching record was found with the exact title and author name corresponding to Christian Lengeler. The year 2004 matched exactly, and the journal name was confirmed as Cochrane Database of Systematic Reviews. Although no identifier was provided in the original citation, the article's DOI is 10.1002/14651858.cd000363.pub2. The URL leads to the official DOI link, but access is restricted behind a paywall.

- [DOI link](https://doi.org/10.1002/14651858.cd000363.pub2)",1.0,0.0
"Killeen, G. F., Smith, T. A., Ferguson, H. M., Mshinda, H., Abdulla, S., Lengeler, C., & Kachur, S. P. (2007). Preventing childhood malaria in Africa by protecting adults from mosquitoes with insecticide-treated nets. *PLoS Medicine*.",Insecticide-treated bed nets for malaria,qwen35_397b_a17b,verified,"Killeen, G. F., Smith, T. A., Ferguson, H. M., Mshinda, H., Abdulla, S., Lengeler, C., & Kachur, S. P. (2007). Preventing Childhood Malaria in Africa by Protecting Adults from Mosquitoes with Insecticide-Treated Nets. *PLoS Medicine*, 4(7), e229. https://doi.org/10.1371/journal.pmed.0040229",MATCH,MATCH,MATCH,MATCH,ABSENT,Preventing Childhood Malaria in Africa by Protecting Adults from Mosquitoes with Insecticide-Treated Nets,Gerry F. Killeen; Thomas A. Smith; Heather M. Ferguson; Hassan Mshinda; Salim Abdulla; Christian Lengeler; Steven P Kachur,2007.0,PLoS Medicine,10.1371/journal.pmed.0040229,https://doi.org/10.1371/journal.pmed.0040229,GOOGLE,4.0,0.0,0.0,1.0,0.0,Preventing childhood malaria in Africa by protecting adults from mosquitoes with insecticide-treated nets,Preventing Childhood Malaria in Africa by Protecting Adults from Mosquitoes with Insecticide-Treated Nets,"Killeen, G. F.; Smith, T. A.; Ferguson, H. M.; Mshinda, H.; Abdulla, S.; Lengeler, C.; Kachur, S. P.",Gerry F. Killeen; Thomas A. Smith; Heather M. Ferguson; Hassan Mshinda; Salim Abdulla; Christian Lengeler; Steven P Kachur,2007.0,2007.0,PLoS Medicine,PLoS Medicine,,10.1371/journal.pmed.0040229,1.0,1.0,1.0,GOOGLE,1.0,"✓ Title | ✓ Authors | ✓ Year | ✓ Venue | ○ ID

### Summary
This article was confirmed in PLoS Medicine with matching authors and year. The title ""Preventing Childhood Malaria in Africa by Protecting Adults from Mosquitoes with Insecticide-Treated Nets"" was exactly matched, and all listed authors correspond to the verified record.

### Details
A matching record was found in the PLoS Medicine journal for the year 2007. The title matched exactly, and the authors matched fully despite differences in name formatting (initials versus full names). The venue also matched exactly. No identifier was provided in the original citation, but the verified record includes the DOI 10.1371/journal.pmed.0040229.

- https://doi.org/10.1371/journal.pmed.0040229",1.0,0.0
"Lim, S. S., Fullman, N., Stock, A., et al. (2015). Insecticide-treated net use before and after mass distribution in sub-Saharan Africa. *The Lancet*.",Insecticide-treated bed nets for malaria,qwen35_397b_a17b,unverified,Reference could not be verified.,CONTAINS,CONTRADICTION,CONTAINS,CONTRADICTION,ABSENT,"Insecticide-treated net use before and after mass distribution in a fishing community along Lake Victoria, Kenya: successes and unavoidable pitfalls",Peter S Larson,2014.0,Malaria Journal,,https://pubmed.ncbi.nlm.nih.gov/25431086/,GOOGLE,0.0,2.0,2.0,1.0,0.0,Insecticide-treated net use before and after mass distribution in sub-Saharan Africa,"Insecticide-treated net use before and after mass distribution in a fishing community along Lake Victoria, Kenya: successes and unavoidable pitfalls","Lim, S. S.; Fullman, N.; Stock, A.",Peter S Larson,2015.0,2014.0,The Lancet,Malaria Journal,,https://pubmed.ncbi.nlm.nih.gov/25431086/,0.0,0.0,1.0,GOOGLE,0.0,"◐ Title | ✗ Authors | ◐ Year | ✗ Venue | ○ ID

### Summary
No matching article could be found for the reference by Lim et al. (2015) in The Lancet. The closest found article has a similar title but different authors, year, and journal, indicating they are distinct publications.

### Details
A matching record was found with a very similar title: ""Insecticide-treated net use before and after mass distribution in a fishing community along Lake Victoria, Kenya: successes and unavoidable pitfalls."" However, this article is authored by Peter S Larson, published in 2014 in Malaria Journal, which differs from the cited authors Lim, Fullman, and Stock, and the cited journal The Lancet. The year also differs by one year. No DOI or direct identifier was found for the original citation. The evidence suggests these are two separate works despite the title similarity.

- https://pubmed.ncbi.nlm.nih.gov/25431086/
- https://pmc.ncbi.nlm.nih.gov/articles/PMC4289357/",0.0,1.0
"Maxwell, C. A., Msuya, E., Magesa, L., Myamba, J., Rwegoshora, R., & Curtis, C. F. (2002). Comparison of insecticide-treated nets and indoor residual spraying on the morbidity and prevalence of malaria in Tanzania. *The American Journal of Tropical Medicine and Hygiene*.",Insecticide-treated bed nets for malaria,qwen35_397b_a17b,unverified,Reference could not be verified.,CONTRADICTION,CONTRADICTION,MATCH,CONTRADICTION,ABSENT,Effect of community‐wide use of insecticide‐treated nets for 3–4 years on malarial morbidity in Tanzania,C A Maxwell; E Msuya; M Sudi,2002.0,Tropical Medicine & International Health,10.1046/j.1365-3156.2002.00966.x,https://onlinelibrary.wiley.com/doi/abs/10.1046/j.1365-3156.2002.00966.x,GOOGLE,1.0,3.0,0.0,1.0,0.0,Comparison of insecticide-treated nets and indoor residual spraying on the morbidity and prevalence of malaria in Tanzania.,Effect of community‐wide use of insecticide‐treated nets for 3–4 years on malarial morbidity in Tanzania,"Maxwell, C. A.; Msuya, E.; Magesa, L.; Myamba, J.; Rwegoshora, R.; Curtis, C. F.",C A Maxwell; E Msuya; M Sudi,2002.0,2002.0,The American Journal of Tropical Medicine and Hygiene,Tropical Medicine & International Health,,10.1046/j.1365-3156.2002.00966.x,0.0,0.0,2.0,GOOGLE,0.0,"✗ Title | ✗ Authors | ✓ Year | ✗ Venue | ○ ID

### Summary
The reference could not be verified because the details do not match any known publication. Although the year 2002 matches, the title, authors, and journal differ significantly from the closest found record.

### Details
A matching record was found for a 2002 article by Maxwell, C. A., Msuya, E., and Sudi, M. titled ""Effect of community‐wide use of insecticide‐treated nets for 3–4 years on malarial morbidity in Tanzania"" published in Tropical Medicine & International Health. However, this differs from the cited article's title, author list, and journal, which mention a comparison of insecticide-treated nets and indoor residual spraying in The American Journal of Tropical Medicine and Hygiene. No identifier was provided to aid verification.

- https://onlinelibrary.wiley.com/doi/abs/10.1046/j.1365-3156.2002.00966.x",0.0,1.0
"Gimnig, J. E., Kolczak, M. S., Hightower, A. W., Vulule, J. M., Schoute, E., Kamau, L., ... & Hawley, W. A. (2005). Effect of permethrin-treated bed nets on the spatial distribution of malaria vectors in western Kenya. *The American Journal of Tropical Medicine and Hygiene*.",Insecticide-treated bed nets for malaria,qwen35_397b_a17b,verified-with-error,"Gimnig, J. E., Kolczak, M. S., Hightower, A. W., Vulule, J. M., Schoute, E., Kamau, L., Phillips‐Howard, P. A., ter Kuile, F. O., Nahlen, B. L., & Phillips‐Howard, P. A. (2003). Effect of permethrin-treated bed nets on the spatial distribution of malaria vectors in western Kenya. *American Journal of Tropical Medicine and Hygiene*, 68(4_suppl), 115-120. https://doi.org/10.4269/ajtmh.2003.68.115",MATCH,CONTAINS,CONTRADICTION,MATCH,ABSENT,EFFECT OF PERMETHRIN-TREATED BED NETS ON THE SPATIAL DISTRIBUTION OF MALARIA VECTORS IN WESTERN KENYA,John E. Gimnig; MARGARETTE S. KOLCZAK; Allen W. Hightower; JOHN M. VULULE; ERIK SCHOUTE; Luna Kamau; Penelope A. Phillips‐Howard; Feiko O. ter Kuile; BERNARD L. NAHLEN; Penelope A. Phillips‐Howard,2003.0,American Journal of Tropical Medicine and Hygiene,10.4269/ajtmh.2003.68.115,https://doi.org/10.4269/ajtmh.2003.68.115,GOOGLE,2.0,1.0,1.0,1.0,0.0,Effect of permethrin-treated bed nets on the spatial distribution of malaria vectors in western Kenya,EFFECT OF PERMETHRIN-TREATED BED NETS ON THE SPATIAL DISTRIBUTION OF MALARIA VECTORS IN WESTERN KENYA,"Gimnig, J. E.; Kolczak, M. S.; Hightower, A. W.; Vulule, J. M.; Schoute, E.; Kamau, L.; Hawley, W. A.",John E. Gimnig; MARGARETTE S. KOLCZAK; Allen W. Hightower; JOHN M. VULULE; ERIK SCHOUTE; Luna Kamau; Penelope A. Phillips‐Howard; Feiko O. ter Kuile; BERNARD L. NAHLEN; Penelope A. Phillips‐Howard,2005.0,2003.0,The American Journal of Tropical Medicine and Hygiene,American Journal of Tropical Medicine and Hygiene,,10.4269/ajtmh.2003.68.115,0.0,0.0,1.0,GOOGLE,0.0,"✓ Title | ◐ Authors | ✗ Year | ✓ Venue | ○ ID

### Summary
This article was confirmed in the American Journal of Tropical Medicine and Hygiene with a matching title, journal name, and authors. However, there is a discrepancy in the publication year: the verified record shows the year as 2003, while the citation states 2005.

### Details
A matching record was found with the exact title ""Effect of permethrin-treated bed nets on the spatial distribution of malaria vectors in western Kenya"". The journal name matched exactly, ignoring the leading article ""The"". All six authors listed in the citation were included in the verified author list, which also contained additional authors. The publication year differed by two years, with the verified record showing 2003 instead of 2005. No identifier was present in the original citation.

- [DOI link](https://doi.org/10.4269/ajtmh.2003.68.115)",0.467,0.533
"Protopopoff, N., Mosha, J. F., Lukole, E., Charlwood, J. D., Wright, A., Mwalimu, C. D., ... & Rowland, M. (2013). Effectiveness of a long-lasting piperonyl butoxide-treated insecticidal net and indoor residual spraying interventions, separately and together, against malaria transmitted by pyrethroid-resistant mosquitoes: A cluster, randomised controlled, two-by-two factorial trial. *The Lancet*.",Insecticide-treated bed nets for malaria,qwen35_397b_a17b,needs-human,"Protopopoff, N., Mosha, J. F., Lukole, E., Charlwood, J. D., Wright, A., Mwalimu, C. D., & Rowland, M. (2018). Effectiveness of a long-lasting piperonyl butoxide-treated insecticidal net and indoor residual spray interventions, separately and together, against malaria transmitted by pyrethroid-resistant mosquitoes: a cluster, randomised controlled, two-by-two factorial design trial. *The Lancet*, 391(10130), 1577-1588. https://doi.org/10.1016/S0140-6736(18)30427-6",CONTAINS,MATCH,CONTRADICTION,MATCH,ABSENT,"Effectiveness of a long-lasting piperonyl butoxide-treated insecticidal net and indoor residual spray interventions, separately and together, against malaria transmitted by pyrethroid-resistant mosquitoes: a cluster, randomised controlled, two-by-two factorial design trial","Protopopoff, N.; Mosha, J. F.; Lukole, E.; Charlwood, J. D.; Wright, A.; Mwalimu, C. D.; Rowland, M.",2018.0,The Lancet,10.1016/S0140-6736(18)30427-6,https://www.thelancet.com/journals/lancet/article/PIIS0140-6736(18)30427-6/fulltext,GOOGLE,2.0,1.0,1.0,1.0,0.0,"Effectiveness of a long-lasting piperonyl butoxide-treated insecticidal net and indoor residual spraying interventions, separately and together, against malaria transmitted by pyrethroid-resistant mosquitoes: A cluster, randomised controlled, two-by-two factorial trial","Effectiveness of a long-lasting piperonyl butoxide-treated insecticidal net and indoor residual spray interventions, separately and together, against malaria transmitted by pyrethroid-resistant mosquitoes: a cluster, randomised controlled, two-by-two factorial design trial","Protopopoff, N.; Mosha, J. F.; Lukole, E.; Charlwood, J. D.; Wright, A.; Mwalimu, C. D.; Rowland, M.","Protopopoff, N.; Mosha, J. F.; Lukole, E.; Charlwood, J. D.; Wright, A.; Mwalimu, C. D.; Rowland, M.",2013.0,2018.0,The Lancet,The Lancet,,10.1016/S0140-6736(18)30427-6,0.0,0.0,1.0,GOOGLE,0.0,"◐ Title | ✓ Authors | ✗ Year | ✓ Venue | ○ ID

### Summary
The reference matches an article published in The Lancet with the same authors and a very similar title, confirming it is the same study. However, there is a discrepancy in the publication year: the citation states 2013, while the verified article was published in 2018. This difference requires human review to confirm the correct year.

### Details
A matching record was found with the title ""Effectiveness of a long-lasting piperonyl butoxide-treated insecticidal net and indoor residual spray interventions, separately and together, against malaria transmitted by pyrethroid-resistant mosquitoes: a cluster, randomised controlled, two-by-two factorial design trial"" in The Lancet. The authors Protopopoff, Mosha, Lukole, Charlwood, Wright, Mwalimu, and Rowland matched exactly. The venue also matched The Lancet. The main issue is the year: the citation lists 2013, but the verified article was published in 2018. No DOI was provided in the original citation. The article is accessible at https://www.thelancet.com/journals/lancet/article/PIIS0140-6736(18)30427-6/fulltext.

- https://www.thelancet.com/journals/lancet/article/PIIS0140-6736(18)30427-6/fulltext
- https://pubmed.ncbi.nlm.nih.gov/29655496/",0.433,0.567
"Tusting, L. S., Thwing, J., Sinclair, D., Fillinger, U., Gimnig, J., Bonner, K. E., ... & Lindsay, S. W. (2013). The expansion of insecticide-treated net coverage in Africa and its effect on malaria exposure. *Malaria Journal*.",Insecticide-treated bed nets for malaria,qwen35_397b_a17b,unverified,Reference could not be verified.,UNCONFIRMED,UNCONFIRMED,UNCONFIRMED,UNCONFIRMED,UNCONFIRMED,,,,,,,,,,,,,,,,,,,,,,,0.0,0.0,0.0,,0.0,"? Title | ? Authors | ? Year | ? Venue | ? ID

### Summary
No matching article could be found for the reference by Tusting et al. (2013) titled ""The expansion of insecticide-treated net coverage in Africa and its effect on malaria exposure"" in Malaria Journal or any other source.

### Details
A search in OpenAlex and Google Scholar did not return any records matching the title, authors, year, or journal. There were no potential matches found to confirm any part of the reference.

- https://openalex.org
- https://scholar.google.com",0.0,1.0
"Rowland, M., Boko, P., Odjo, A., Asidi, A., Akogbeto, M., & N'Guessan, R. (2004). Experimental hut trials of permethrin-treated bed-nets against insecticide-resistant Anopheles gambiae and Culex quinquefasciatus mosquitoes in West Africa. *Medical and Veterinary Entomology*.",Insecticide-treated bed nets for malaria,qwen35_397b_a17b,unverified,Reference could not be verified.,CONTRADICTION,MATCH,CONTRADICTION,CONTRADICTION,ABSENT,"Loss of Household Protection from Use of Insecticide-Treated Nets against Pyrethroid-Resistant Mosquitoes, Benin",Alex Asidi; Raphaël N’Guessan; Martin Akogbéto; C. F. Curtis; Mark Rowland,2012.0,Emerging infectious diseases,10.3201/eid1807.120218,https://doi.org/10.3201/eid1807.120218,GOOGLE,1.0,3.0,0.0,1.0,0.0,Experimental hut trials of permethrin-treated bed-nets against insecticide-resistant Anopheles gambiae and Culex quinquefasciatus mosquitoes in West Africa,"Loss of Household Protection from Use of Insecticide-Treated Nets against Pyrethroid-Resistant Mosquitoes, Benin","Rowland, M.; Boko, P.; Odjo, A.; Asidi, A.; Akogbeto, M.; N'Guessan, R.",Alex Asidi; Raphaël N’Guessan; Martin Akogbéto; C. F. Curtis; Mark Rowland,2004.0,2012.0,Medical and Veterinary Entomology,Emerging infectious diseases,,10.3201/eid1807.120218,0.0,0.0,3.0,GOOGLE,0.0,"✗ Title | ✓ Authors | ✗ Year | ✗ Venue | ○ ID

### Summary
No matching article could be found for the reference provided. Although some authors overlap, the title, year, and journal do not match any known records, indicating this exact article is not verified.

### Details
A matching record was not found for the title ""Experimental hut trials of permethrin-treated bed-nets against insecticide-resistant Anopheles gambiae and Culex quinquefasciatus mosquitoes in West Africa"" published in 2004 in Medical and Veterinary Entomology. The closest candidate found was a different article titled ""Loss of Household Protection from Use of Insecticide-Treated Nets against Pyrethroid-Resistant Mosquitoes, Benin"" published in 2012 in Emerging Infectious Diseases, which shares some authors but differs significantly in title, year, and journal. No DOI or other identifier was available to confirm the original reference.

- https://doi.org/10.3201/eid1807.120218",0.0,1.0
World Health Organization. (2017). *Global plan for insecticide resistance management in malaria vectors*. WHO Press.,Insecticide-treated bed nets for malaria,qwen35_397b_a17b,needs-human,World Health Organization. (2012). Global plan for insecticide resistance management in malaria vectors. *World Health Organization*. https://iris.who.int/server/api/core/bitstreams/20a87710-78b9-4a92-879b-a135434e35e3/content,CONTAINS,MATCH,CONTRADICTION,CONTAINS,ABSENT,GLOBAL PLAN FOR INSECTICIDE RESISTANCE mANAGEmENT,World Health Organization,2012.0,World Health Organization,,https://iris.who.int/server/api/core/bitstreams/20a87710-78b9-4a92-879b-a135434e35e3/content,GOOGLE,1.0,1.0,2.0,1.0,0.0,Global plan for insecticide resistance management in malaria vectors,GLOBAL PLAN FOR INSECTICIDE RESISTANCE mANAGEmENT,World Health Organization,World Health Organization,2017.0,2012.0,WHO Press,World Health Organization,,https://iris.who.int/server/api/core/bitstreams/20a87710-78b9-4a92-879b-a135434e35e3/content,0.0,0.0,2.0,GOOGLE,0.0,"◐ Title | ✓ Authors | ✗ Year | ◐ Venue | ○ ID

### Summary
The reference matches a document authored by the World Health Organization with a very similar title and related publisher. However, there is a discrepancy in the publication year: the reference states 2017, while the best matching document was published in 2012.

### Details
A matching record was found titled ""Global Plan for Insecticide Resistance Management in malaria vectors"" authored by the World Health Organization. The title in the reference contains the core phrase but omits the qualifier ""in malaria vectors,"" indicating a shortened version of the same document. The publisher information aligns as WHO Press is part of the World Health Organization. The main issue is the year difference, with the reference citing 2017 and the evidence showing 2012. No unique identifier was found to confirm the exact edition.

- https://iris.who.int/server/api/core/bitstreams/20a87710-78b9-4a92-879b-a135434e35e3/content
- https://www.who.int/teams/global-malaria-programme/prevention/vector-control/insecticide-resistance
- https://pmc.ncbi.nlm.nih.gov/articles/PMC5666625/",0.333,0.667
"Koenker, H., Yukich, J., & Moniz, T. (2018). *Keep up the momentum: A review of the evidence on insecticide-treated net durability*. PMI VectorLink Project.",Insecticide-treated bed nets for malaria,qwen35_397b_a17b,unverified,Reference could not be verified.,UNCONFIRMED,UNCONFIRMED,UNCONFIRMED,UNCONFIRMED,UNCONFIRMED,,,,,,,,,,,,,,,,,,,,,,,0.0,0.0,0.0,,0.0,"? Title | ? Authors | ? Year | ? Venue | ? ID

### Summary
No matching publication titled ""Keep up the momentum: A review of the evidence on insecticide-treated net durability"" by Koenker, Yukich, and Moniz from 2018 could be found. The search did not confirm the authors, title, year, or publisher information.

### Details
A thorough search across multiple sources including Google, OpenAlex, and Google Scholar found no record of this specific work. While related works by H. Koenker and J. Yukich on insecticide-treated nets and their durability were found, none matched the exact title, author combination, or year 2018. The year, authors, and title remain unconfirmed, and no digital identifier or publisher record was located.

- https://pubmed.ncbi.nlm.nih.gov/
- https://www.researchgate.net/profile/Hannah-Koenker
- https://link.springer.com/
- https://journals.plos.org/plosone/
- https://openalex.org/",0.0,1.0
"Bhatt, S., Weiss, D. J., Cameron, E., Bisanzio, D., Mappin, B., Dalrymple, U., ... & Hay, S. I. (2015). The effect of malaria control on Plasmodium falciparum in Africa between 2000 and 2015. *Nature*, *526*(7572), 207–211.",Malaria prevention,qwen35_397b_a17b,verified,"Bhatt, S., Weiss, D. J., Cameron, E., Bisanzio, D., Mappin, B., Dalrymple, U., Battle, K. E., Moyes, C. L., Henry, A. L., Eckhoff, P. A., Wenger, E. A., Briët, O., Penny, M. A., Smith, T. A., Bennett, A., Yukich, J., Eisele, T. P., Griffin, J. T., Fergus, C., ... & Gething, P. W. (2015). The effect of malaria control on Plasmodium falciparum in Africa between 2000 and 2015. *Nature*, *526*(7572), 207-211. https://doi.org/10.1038/nature15535",MATCH,MATCH,MATCH,MATCH,ABSENT,The effect of malaria control on Plasmodium falciparum in Africa between 2000 and 2015,Samir Bhatt; D. J. Weiss; Ewan Cameron; Donal Bisanzio; Bonnie Mappin; Ursula Dalrymple; Katherine E. Battle; Catherine L. Moyes; Alasdair L. Henry; Philip A. Eckhoff; Edward A. Wenger; Olivier Briët; Melissa A. Penny; Thomas A. Smith; Adam Bennett; Joshua Yukich; Thomas P. Eisele; Jamie T. Griffin; Cristin Fergus; Michael Lynch; Finn Lindgren; Justin M Cohen; Christopher Murray; David L. Smith; Simon I Hay; Richard Cibulskis; Peter W. Gething,2015.0,Nature,10.1038/nature15535,https://doi.org/10.1038/nature15535,GOOGLE,4.0,0.0,0.0,1.0,0.0,The effect of malaria control on Plasmodium falciparum in Africa between 2000 and 2015,The effect of malaria control on Plasmodium falciparum in Africa between 2000 and 2015,"Bhatt, S.; Weiss, D. J.; Cameron, E.; Bisanzio, D.; Mappin, B.; Dalrymple, U.;  ... & Hay, S. I.",Samir Bhatt; D. J. Weiss; Ewan Cameron; Donal Bisanzio; Bonnie Mappin; Ursula Dalrymple; Katherine E. Battle; Catherine L. Moyes; Alasdair L. Henry; Philip A. Eckhoff; Edward A. Wenger; Olivier Briët; Melissa A. Penny; Thomas A. Smith; Adam Bennett; Joshua Yukich; Thomas P. Eisele; Jamie T. Griffin; Cristin Fergus; Michael Lynch; Finn Lindgren; Justin M Cohen; Christopher Murray; David L. Smith; Simon I Hay; Richard Cibulskis; Peter W. Gething,2015.0,2015.0,Nature,Nature,,10.1038/nature15535,1.0,1.0,1.0,GOOGLE,0.0,"✓ Title | ✓ Authors | ✓ Year | ✓ Venue | ○ ID

### Summary
This article was confirmed in Nature with matching authors and year. The title ""The effect of malaria control on Plasmodium falciparum in Africa between 2000 and 2015"" was exactly matched, and the core authors listed in the citation were found in the full author list from the evidence.

### Details
A matching record was found in OpenAlex with the exact title and year 2015. The journal Nature was confirmed as the publication venue. The author list from the evidence includes all the cited authors (Bhatt, Weiss, Cameron, Bisanzio, Mappin, Dalrymple, Hay) along with additional co-authors, which is expected in a full author list. No identifier was provided in the citation, but the evidence includes the DOI 10.1038/nature15535. The article appears in volume 526, issue 7572, pages 207-211.

- https://doi.org/10.1038/nature15535",1.0,0.0
World Health Organization. (2021). *World malaria report 2021*. World Health Organization.,Malaria prevention,qwen35_397b_a17b,verified,World Health Organization. (2021). *World malaria report 2021*. World Health Organization. ISBN 978-92-4-004049-6. https://cdn.who.int/media/docs/default-source/malaria/world-malaria-reports/978924004049-eng.pdf,MATCH,MATCH,MATCH,MATCH,ABSENT,World malaria report 2021,World Health Organization,2021.0,World Health Organization,,https://cdn.who.int/media/docs/default-source/malaria/world-malaria-reports/978924004049-eng.pdf,GOOGLE,4.0,0.0,0.0,1.0,0.0,World malaria report 2021,World malaria report 2021,World Health Organization,World Health Organization,2021.0,2021.0,World Health Organization,World Health Organization,,https://cdn.who.int/media/docs/default-source/malaria/world-malaria-reports/978924004049-eng.pdf,1.0,1.0,1.0,GOOGLE,0.0,"✓ Title | ✓ Authors | ✓ Year | ✓ Venue | ○ ID

### Summary
This report was confirmed as the ""World malaria report 2021"" published by the World Health Organization in 2021. The title, authoring organization, year, and publisher all matched exactly with the verified source.

### Details
A matching record was found with the exact title ""World malaria report 2021"" authored and published by the World Health Organization in 2021. The citation details align perfectly with the official publication, which is available as a 322-page report. Although no DOI was provided, the report is accessible through official WHO URLs, including a direct PDF link. The ISBN 9789240040496 further supports the identification of this authoritative source.

- [WHO World Malaria Report 2021 landing page](https://www.who.int/teams/global-malaria-programme/reports/world-malaria-report-2021)
- [Direct PDF of the report](https://cdn.who.int/media/docs/default-source/malaria/world-malaria-reports/978924004049-eng.pdf)
- [WHO publication page](https://www.who.int/publications/i/item/9789240040496)",1.0,0.0
"Ranson, H., N'Guessan, R., Lines, J., Moiroux, N., Ziane, Z., Djogbenou, L., & Corbel, V. (2011). Pyrethroid resistance in African anopheline mosquitoes: What are the implications for malaria control? *Trends in Parasitology*, *27*(2), 91–97.",Malaria prevention,qwen35_397b_a17b,verified,"Ranson, H., N’Guessan, R., Lines, J., Moiroux, N., Nkuni, Z. J., & Corbel, V. (2010). Pyrethroid resistance in African anopheline mosquitoes: what are the implications for malaria control? *Trends in Parasitology*, *27*(2), 91–98. https://doi.org/10.1016/j.pt.2010.08.004",MATCH,MATCH,CONTAINS,MATCH,ABSENT,Pyrethroid resistance in African anopheline mosquitoes: what are the implications for malaria control?,Hilary Ranson; Raphaël N’Guessan; Jo Lines; Nicolas Moiroux; Zinga José Nkuni; Vincent Corbel,2010.0,Trends in Parasitology,10.1016/j.pt.2010.08.004,https://doi.org/10.1016/j.pt.2010.08.004,GOOGLE,3.0,0.0,1.0,1.0,0.0,Pyrethroid resistance in African anopheline mosquitoes: What are the implications for malaria control?,Pyrethroid resistance in African anopheline mosquitoes: what are the implications for malaria control?,"Ranson, H.; N'Guessan, R.; Lines, J.; Moiroux, N.; Ziane, Z.; Djogbenou, L.; Corbel, V.",Hilary Ranson; Raphaël N’Guessan; Jo Lines; Nicolas Moiroux; Zinga José Nkuni; Vincent Corbel,2011.0,2010.0,Trends in Parasitology,Trends in Parasitology,,10.1016/j.pt.2010.08.004,1.0,1.0,1.0,GOOGLE,0.0,"✓ Title | ✓ Authors | ◐ Year | ✓ Venue | ○ ID

### Summary
This article was confirmed in the journal Trends in Parasitology with matching title, authors, and journal name. The publication year differs slightly, with the citation listing 2011 and the evidence showing 2010, but this minor discrepancy does not affect the overall verification.

### Details
A matching record was found with the exact title ""Pyrethroid resistance in African anopheline mosquitoes: what are the implications for malaria control?"" and the journal Trends in Parasitology. Most authors correspond closely, including Hilary Ranson, Raphaël N’Guessan, Jo Lines, Nicolas Moiroux, and Vincent Corbel, with one author name differing slightly but clearly referring to the same person. The year in the citation is 2011, while the evidence shows 2010, which is within an acceptable range. No DOI was provided in the citation, but the evidence includes DOI 10.1016/j.pt.2010.08.004.

- https://doi.org/10.1016/j.pt.2010.08.004
- https://www.sciencedirect.com/science/article/pii/S1471492210001753
- https://pubmed.ncbi.nlm.nih.gov/20843745/",0.9,0.1
"Lengeler, C. (2004). Insecticide-treated bed nets and curtains for preventing malaria. *Cochrane Database of Systematic Reviews*, *2004*(2).",Malaria prevention,qwen35_397b_a17b,verified,"Lengeler, C. (2004). Insecticide-treated bed nets and curtains for preventing malaria. *Cochrane Database of Systematic Reviews*, *2004*(2), CD000363. https://doi.org/10.1002/14651858.cd000363.pub2",MATCH,MATCH,MATCH,MATCH,ABSENT,Insecticide-treated bed nets and curtains for preventing malaria,Christian Lengeler,2004.0,Cochrane Database of Systematic Reviews,10.1002/14651858.cd000363.pub2,https://doi.org/10.1002/14651858.cd000363.pub2,GOOGLE,4.0,0.0,0.0,1.0,0.0,Insecticide-treated bed nets and curtains for preventing malaria.,Insecticide-treated bed nets and curtains for preventing malaria,"Lengeler, C.",Christian Lengeler,2004.0,2004.0,Cochrane Database of Systematic Reviews,Cochrane Database of Systematic Reviews,,10.1002/14651858.cd000363.pub2,1.0,1.0,1.0,GOOGLE,0.0,"✓ Title | ✓ Authors | ✓ Year | ✓ Venue | ○ ID

### Summary
This article was confirmed in the Cochrane Database of Systematic Reviews with matching author Christian Lengeler and publication year 2004. The title ""Insecticide-treated bed nets and curtains for preventing malaria"" was found to match exactly.

### Details
A matching record was found with the exact title and year 2004. The author listed as ""Christian Lengeler"" corresponds to the citation author ""Lengeler, C."", confirming the same individual. The journal name also matched exactly. Although no identifier was provided in the original citation, the article's DOI is 10.1002/14651858.cd000363.pub2, linking to the official publication. The URL check indicated access restrictions, likely due to paywall or login requirements.

- https://doi.org/10.1002/14651858.cd000363.pub2",1.0,0.0
"Greenwood, B., Diallo, D., Renoux, C., & Ndiaye, J. L. (2005). Seasonal intermittent preventive treatment for malaria in African children. *The Lancet*, *365*(9471), 1471–1472.",Malaria prevention,qwen35_397b_a17b,unverified,Reference could not be verified.,CONTRADICTION,CONTRADICTION,CONTRADICTION,CONTRADICTION,ABSENT,Estimating the potential public health impact of seasonal malaria chemoprevention in African children,Matthew Cairns; Arantxa Roca‐Feltrer; Tini Garske; Anne L. Wilson; Diadier Diallo; Paul Milligan; Azra C. Ghani; Brian Greenwood,2012.0,Nature Communications,10.1038/ncomms1879,https://doi.org/10.1038/ncomms1879,GOOGLE,0.0,4.0,0.0,1.0,0.0,Seasonal intermittent preventive treatment for malaria in African children,Estimating the potential public health impact of seasonal malaria chemoprevention in African children,"Greenwood, B.; Diallo, D.; Renoux, C.; Ndiaye, J. L.",Matthew Cairns; Arantxa Roca‐Feltrer; Tini Garske; Anne L. Wilson; Diadier Diallo; Paul Milligan; Azra C. Ghani; Brian Greenwood,2005.0,2012.0,The Lancet,Nature Communications,,10.1038/ncomms1879,0.0,0.0,3.0,GOOGLE,1.0,"✗ Title | ✗ Authors | ✗ Year | ✗ Venue | ○ ID

### Summary
No matching article could be found for the reference by Greenwood et al. (2005) titled ""Seasonal intermittent preventive treatment for malaria in African children"" in The Lancet. The details such as title, authors, year, and journal do not align with any known records.

### Details
A search found a different article with overlapping authors but distinct title, year, and journal: ""Estimating the potential public health impact of seasonal malaria chemoprevention in African children"" published in Nature Communications in 2012. The original citation's year (2005) and journal (The Lancet) differ from this candidate's 2012 and Nature Communications. Only two authors (Diallo and Greenwood) overlap, while the rest differ. No exact or close match was found in the search results or online sources.

- https://doi.org/10.1038/ncomms1879",0.0,1.0
"White, N. J., Pukrittayakamee, S., Hien, T. T., Faiz, E. A., Mokuolu, O. A., & Dondorp, A. M. (2014). Artemisinin resistance: Current status and scenarios for containment. *Nature Reviews Microbiology*, *12*(4), 253–264.",Malaria prevention,qwen35_397b_a17b,needs-human,"Dondorp, A. M., Yeung, S., White, L. J., Nguon, C., Day, N., Socheat, D., & von Seidlein, L. (2010). Artemisinin resistance: current status and scenarios for containment. *Nature Reviews Microbiology*, *8*(4), 272-280. https://doi.org/10.1038/nrmicro2331",MATCH,CONTRADICTION,CONTRADICTION,MATCH,ABSENT,Artemisinin resistance: current status and scenarios for containment,Arjen M. Dondorp; Shunmay Yeung; Lisa J. White; Chea Nguon; Nicholas Day; Duong Socheat; Lorenz von Seidlein,2010.0,Nature Reviews Microbiology,10.1038/nrmicro2331,https://doi.org/10.1038/nrmicro2331,GOOGLE,2.0,2.0,0.0,1.0,0.0,Artemisinin resistance: Current status and scenarios for containment,Artemisinin resistance: current status and scenarios for containment,"White, N. J.; Pukrittayakamee, S.; Hien, T. T.; Faiz, E. A.; Mokuolu, O. A.; Dondorp, A. M.",Arjen M. Dondorp; Shunmay Yeung; Lisa J. White; Chea Nguon; Nicholas Day; Duong Socheat; Lorenz von Seidlein,2014.0,2010.0,Nature Reviews Microbiology,Nature Reviews Microbiology,,10.1038/nrmicro2331,0.0,0.0,1.0,GOOGLE,0.0,"✓ Title | ✗ Authors | ✗ Year | ✓ Venue | ○ ID

### Summary
The reference could not be fully verified because the authors and publication year differ from the best matching article found. While the title and journal ""Nature Reviews Microbiology"" match exactly, the authors mostly do not, and the year is 2014 in the citation but 2010 in the evidence.

### Details
A matching article was found with the exact title ""Artemisinin resistance: current status and scenarios for containment"" published in ""Nature Reviews Microbiology"". However, the authors in the citation differ significantly from those in the found article, with only one author (Dondorp) in common. The year also differs by four years (2014 vs 2010). No DOI was provided in the citation to confirm the match. The best potential match is a 2010 article with authors including Arjen M. Dondorp, Shunmay Yeung, and Lisa J. White. This discrepancy suggests the citation may refer to a different or incorrectly dated article.

- https://doi.org/10.1038/nrmicro2331
- https://pubmed.ncbi.nlm.nih.gov/20208550/
- https://www.nature.com/articles/nrmicro2385",0.067,0.933
"Killeen, G. F., Smith, T. A., Ferguson, H. M., Mshinda, H., Abdulla, S., Lengeler, C., & Kachur, S. P. (2007). Preventing childhood malaria in Africa by protecting adults from mosquitoes with insecticide-treated nets. *PLoS Medicine*, *4*(7), e229.",Malaria prevention,qwen35_397b_a17b,verified,"Killeen, G. F., Smith, T. A., Ferguson, H. M., Mshinda, H., Abdulla, S., Lengeler, C., & Kachur, S. P. (2007). Preventing childhood malaria in Africa by protecting adults from mosquitoes with insecticide-treated nets. *PLoS Medicine*, *4*(7), e229. https://doi.org/10.1371/journal.pmed.0040229",MATCH,MATCH,MATCH,MATCH,ABSENT,Preventing Childhood Malaria in Africa by Protecting Adults from Mosquitoes with Insecticide-Treated Nets,Gerry F. Killeen; Thomas A. Smith; Heather M. Ferguson; Hassan Mshinda; Salim Abdulla; Christian Lengeler; Steven P Kachur,2007.0,PLoS Medicine,10.1371/journal.pmed.0040229,https://doi.org/10.1371/journal.pmed.0040229,GOOGLE,4.0,0.0,0.0,1.0,0.0,Preventing childhood malaria in Africa by protecting adults from mosquitoes with insecticide-treated nets,Preventing Childhood Malaria in Africa by Protecting Adults from Mosquitoes with Insecticide-Treated Nets,"Killeen, G. F.; Smith, T. A.; Ferguson, H. M.; Mshinda, H.; Abdulla, S.; Lengeler, C.; Kachur, S. P.",Gerry F. Killeen; Thomas A. Smith; Heather M. Ferguson; Hassan Mshinda; Salim Abdulla; Christian Lengeler; Steven P Kachur,2007.0,2007.0,PLoS Medicine,PLoS Medicine,,10.1371/journal.pmed.0040229,1.0,1.0,1.0,GOOGLE,0.0,"✓ Title | ✓ Authors | ✓ Year | ✓ Venue | ○ ID

### Summary
This article was confirmed in PLoS Medicine with matching authors and year. The title, author list, publication year, and journal all matched exactly with the verified record.

### Details
A matching record was found with the exact title ""Preventing Childhood Malaria in Africa by Protecting Adults from Mosquitoes with Insecticide-Treated Nets."" The seven authors listed correspond exactly, with initials matching full names. The year 2007 and the journal PLoS Medicine also matched perfectly. Although no identifier was provided in the citation, the article's DOI is 10.1371/journal.pmed.0040229, confirming the source.

- https://doi.org/10.1371/journal.pmed.0040229",1.0,0.0
"RTS,S Clinical Trials Partnership. (2015). A phase 3 trial of RTS,S/AS01 malaria vaccine in African children. *New England Journal of Medicine*, *373*(23), 2235–2246.",Malaria prevention,qwen35_397b_a17b,needs-human,"RTS,S Clinical Trials Partnership. (2011). First results of a phase 3 trial of RTS,S/AS01 malaria vaccine in African children. *New England Journal of Medicine*, *365*(20), 1863–1875. https://doi.org/10.1056/NEJMoa1102287",CONTAINS,MATCH,CONTRADICTION,MATCH,ABSENT,"First results of a phase 3 trial of RTS,S/AS01 malaria vaccine in African children","RTS,S Clinical Trials Partnership",2011.0,New England Journal of Medicine,10.1056/NEJMoa1102287,,GOOGLE,2.0,1.0,1.0,1.0,0.0,"A phase 3 trial of RTS,S/AS01 malaria vaccine in African children","First results of a phase 3 trial of RTS,S/AS01 malaria vaccine in African children","RTS,S Clinical Trials Partnership","RTS,S Clinical Trials Partnership",2015.0,2011.0,New England Journal of Medicine,New England Journal of Medicine,,10.1056/NEJMoa1102287,0.0,0.0,1.0,GOOGLE,1.0,"◐ Title | ✓ Authors | ✗ Year | ✓ Venue | ○ ID

### Summary
This reference needs human review because the authors and journal match the known publication, but the year differs significantly. The cited year is 2015, while the closest matching article was published in 2011, which suggests they may be different versions or related studies.

### Details
A matching record was found with the title containing the core phrase about the phase 3 trial of the RTS,S/AS01 malaria vaccine in African children, authored by the RTS,S Clinical Trials Partnership, and published in the New England Journal of Medicine. However, the year in the citation (2015) contradicts the year of the found article (2011), which is a notable discrepancy. No DOI was provided in the original citation, and the best match has DOI 10.1056/NEJMoa1102287. This difference in publication year requires human judgment to confirm if these references refer to the same work or different related publications.

- https://pmc.ncbi.nlm.nih.gov/articles/PMC4492580/
- https://academic.oup.com/jid/article/214/5/762/2238035
- https://www.tandfonline.com/doi/full/10.2147/IDR.S401247
- https://www.sciencedirect.com/science/article/pii/S0264410X14008226",0.433,0.567
"Tusting, L. S., Bottomley, C., Gibson, H., Kleinschmidt, I., Tatem, A. J., Lindsay, S. W., & Gething, P. W. (2013). Housing improvements and malaria risk in Sub-Saharan Africa: A multi-country analysis of survey data. *PLoS Medicine*, *10*(2), e1001387.",Malaria prevention,qwen35_397b_a17b,verified-with-error,"Tusting, L. S., Bottomley, C., Gibson, H. S., Kleinschmidt, I., Tatem, A. J., Lindsay, S. W., & Gething, P. W. (2017). Housing Improvements and Malaria Risk in Sub-Saharan Africa: A Multi-Country Analysis of Survey Data. *PLoS Medicine*, 14(2), e1002234. https://doi.org/10.1371/journal.pmed.1002234",MATCH,MATCH,CONTRADICTION,MATCH,ABSENT,Housing Improvements and Malaria Risk in Sub-Saharan Africa: A Multi-Country Analysis of Survey Data,Lucy S. Tusting; Christian Bottomley; Harry S. Gibson; Immo Kleinschmidt; Andrew J. Tatem; Steve W. Lindsay; Peter W. Gething,2017.0,PLoS Medicine,10.1371/journal.pmed.1002234,https://doi.org/10.1371/journal.pmed.1002234,GOOGLE,3.0,1.0,0.0,1.0,0.0,Housing improvements and malaria risk in Sub-Saharan Africa: A multi-country analysis of survey data,Housing Improvements and Malaria Risk in Sub-Saharan Africa: A Multi-Country Analysis of Survey Data,"Tusting, L. S.; Bottomley, C.; Gibson, H.; Kleinschmidt, I.; Tatem, A. J.; Lindsay, S. W.; Gething, P. W.",Lucy S. Tusting; Christian Bottomley; Harry S. Gibson; Immo Kleinschmidt; Andrew J. Tatem; Steve W. Lindsay; Peter W. Gething,2013.0,2017.0,PLoS Medicine,PLoS Medicine,,10.1371/journal.pmed.1002234,0.0,0.0,1.0,GOOGLE,0.0,"✓ Title | ✓ Authors | ✗ Year | ✓ Venue | ○ ID

### Summary
This article was found in PLoS Medicine with matching title, authors, and journal. However, there is a discrepancy in the publication year: the citation states 2013, but the verified record shows 2017.

### Details
A matching record was found with the exact title ""Housing Improvements and Malaria Risk in Sub-Saharan Africa: A Multi-Country Analysis of Survey Data"" and the same seven authors, though some names use full names instead of initials. The journal name PLoS Medicine also matched exactly. The publication year in the verified record is 2017, which differs from the cited year 2013 by four years. No identifier such as a DOI was present in the original citation.

- https://doi.org/10.1371/journal.pmed.1002234",0.6,0.4
"Griffin, J. T., Ferguson, N. M., & Ghani, A. C. (2010). Reducing Plasmodium falciparum malaria transmission in Africa: A model-based evaluation of intervention strategies. *PLoS Medicine*, *7*(8), e1000324.",Malaria prevention,qwen35_397b_a17b,verified,"Griffin, J. T., Hollingsworth, T. D., Okell, L., Churcher, T. S., White, M., Hinsley, W., Bousema, T., Drakeley, C., Ferguson, N. M., María‑Gloria Basáñez, & Ghani, A. C. (2010). Reducing Plasmodium falciparum malaria transmission in Africa: A model-based evaluation of intervention strategies. *PLoS Medicine*, *7*(8), e1000324. https://doi.org/10.1371/journal.pmed.1000324",MATCH,CONTAINS,MATCH,MATCH,ABSENT,Reducing Plasmodium falciparum Malaria Transmission in Africa: A Model-Based Evaluation of Intervention Strategies,Jamie T. Griffin; T. Déirdre Hollingsworth; Lucy Okell; Thomas S. Churcher; Michael White; Wes Hinsley; Teun Bousema; Chris Drakeley; Neil M. Ferguson; María‐Gloria Basáñez; Azra C. Ghani,2010.0,PLoS Medicine,10.1371/journal.pmed.1000324,https://doi.org/10.1371/journal.pmed.1000324,GOOGLE,3.0,0.0,1.0,1.0,0.0,Reducing Plasmodium falciparum malaria transmission in Africa: A model-based evaluation of intervention strategies,Reducing Plasmodium falciparum Malaria Transmission in Africa: A Model-Based Evaluation of Intervention Strategies,"Griffin, J. T.; Ferguson, N. M.; Ghani, A. C.",Jamie T. Griffin; T. Déirdre Hollingsworth; Lucy Okell; Thomas S. Churcher; Michael White; Wes Hinsley; Teun Bousema; Chris Drakeley; Neil M. Ferguson; María‐Gloria Basáñez; Azra C. Ghani,2010.0,2010.0,PLoS Medicine,PLoS Medicine,,10.1371/journal.pmed.1000324,1.0,1.0,1.0,GOOGLE,0.0,"✓ Title | ◐ Authors | ✓ Year | ✓ Venue | ○ ID

### Summary
This article was confirmed in PLoS Medicine with the exact title and year 2010 matching. The cited authors Griffin, Ferguson, and Ghani were found among a larger group of authors listed in the publication.

### Details
A matching record was found with the exact title ""Reducing Plasmodium falciparum Malaria Transmission in Africa: A Model-Based Evaluation of Intervention Strategies"" and the year 2010. The journal PLoS Medicine also matched exactly. The citation authors Griffin, Ferguson, and Ghani appear as part of a longer author list in the evidence, confirming the citation is a subset of the full author group. No identifier was provided in the citation, but the DOI 10.1371/journal.pmed.1000324 corresponds to the article.

- https://doi.org/10.1371/journal.pmed.1000324",0.867,0.133
"Godquin, M. (2004). Microfinance repayment performance in Bangladesh: How to improve the allocation of loans? World Development, 32(11), 1903-1926.",Microfinance loan repayment,qwen35_397b_a17b,verified-with-error,"Godquin, M. (2004). Microfinance Repayment Performance in Bangladesh: How to Improve the Allocation of Loans by MFIs. *World Development*, 32(11), 1909-1926. https://doi.org/10.1016/j.worlddev.2004.05.011",CONTAINS,MATCH,MATCH,MATCH,ABSENT,Microfinance Repayment Performance in Bangladesh: How to Improve the Allocation of Loans by MFIs,Marie Godquin,2004.0,World Development,10.1016/j.worlddev.2004.05.011,https://doi.org/10.1016/j.worlddev.2004.05.011,GOOGLE,3.0,0.0,1.0,1.0,0.0,Microfinance repayment performance in Bangladesh: How to improve the allocation of loans?,Microfinance Repayment Performance in Bangladesh: How to Improve the Allocation of Loans by MFIs,"Godquin, M.",Marie Godquin,2004.0,2004.0,World Development,World Development,,10.1016/j.worlddev.2004.05.011,1.0,1.0,1.0,GOOGLE,0.0,"◐ Title | ✓ Authors | ✓ Year | ✓ Venue | ○ ID

### Summary
This article was confirmed in the journal World Development with matching author Marie Godquin and the year 2004. The main title matches exactly, though the verified version includes a subtitle ""by MFIs"" which is a minor difference.

### Details
A matching record was found with the title ""Microfinance Repayment Performance in Bangladesh: How to Improve the Allocation of Loans by MFIs"" published in World Development in 2004. The author name matches as Marie Godquin corresponds to the abbreviated ""Godquin, M."" The year and journal name match exactly. The only minor discrepancy is the subtitle addition in the verified title. The article is accessible via DOI https://doi.org/10.1016/j.worlddev.2004.05.011.

- https://doi.org/10.1016/j.worlddev.2004.05.011
- https://www.sciencedirect.com/science/article/abs/pii/S0305750X04001433
- https://ideas.repec.org/a/eee/wdevel/v32y2004i11p1909-1926.html",0.833,0.167
"D'Espallier, B., Guérin, I., & Mersland, R. (2011). Women and repayment in microfinance: A global analysis. World Development, 39(5), 758-772.",Microfinance loan repayment,qwen35_397b_a17b,verified,"D’Espallier, B., Guérin, I., & Mersland, R. (2010). Women and repayment in microfinance: A global analysis. *World Development*, 39(5), 758–772. https://doi.org/10.1016/j.worlddev.2010.10.008",MATCH,MATCH,CONTAINS,MATCH,ABSENT,Women and Repayment in Microfinance: A Global Analysis,Bert D’Espallier; Isabelle Guérin; Roy Mersland,2010.0,World Development,10.1016/j.worlddev.2010.10.008,https://doi.org/10.1016/j.worlddev.2010.10.008,GOOGLE,3.0,0.0,1.0,1.0,0.0,Women and repayment in microfinance: A global analysis,Women and Repayment in Microfinance: A Global Analysis,"D'Espallier, B.; Guérin, I.; Mersland, R.",Bert D’Espallier; Isabelle Guérin; Roy Mersland,2011.0,2010.0,World Development,World Development,,10.1016/j.worlddev.2010.10.008,1.0,1.0,1.0,GOOGLE,1.0,"✓ Title | ✓ Authors | ◐ Year | ✓ Venue | ○ ID

### Summary
This article was confirmed in the journal World Development with matching authors and title. The publication year differs slightly, with the citation listing 2011 and the evidence showing 2010, but this minor discrepancy does not affect the overall verification.

### Details
A matching record was found with the exact title ""Women and Repayment in Microfinance: A Global Analysis"" and the same three authors: Bert D’Espallier, Isabelle Guérin, and Roy Mersland. The journal name World Development matched exactly. The year in the citation is 2011, while the evidence shows 2010, which is within an acceptable range for verification. No DOI was provided in the citation, but the evidence includes the DOI 10.1016/j.worlddev.2010.10.008. Additional confirmation comes from multiple search results linking to the article on reputable platforms.

- https://doi.org/10.1016/j.worlddev.2010.10.008
- https://www.sciencedirect.com/science/article/pii/S0305750X10002330
- https://ideas.repec.org/a/eee/wdevel/v39y2011i5p758-772.html",0.9,0.1
"Giné, X., & Karlan, D. (2014). Group versus individual liability: Short and long term evidence from Philippine microcredit lending groups. Journal of Development Economics, 107, 65-83.",Microfinance loan repayment,qwen35_397b_a17b,verified,"Giné, X., & Karlan, D. (2013). Group versus individual liability: Short and long term evidence from Philippine microcredit lending groups. *Journal of Development Economics*, 107, 65-83. https://doi.org/https://doi.org/10.1016/j.jdeveco.2013.11.003",MATCH,MATCH,CONTAINS,MATCH,ABSENT,Group versus individual liability: Short and long term evidence from Philippine microcredit lending groups,Xavier Giné; Dean Karlan,2013.0,Journal of Development Economics,10.1016/j.jdeveco.2013.11.003,https://doi.org/10.1016/j.jdeveco.2013.11.003,GOOGLE,3.0,0.0,1.0,1.0,0.0,Group versus individual liability: Short and long term evidence from Philippine microcredit lending groups,Group versus individual liability: Short and long term evidence from Philippine microcredit lending groups,"Giné, X.; Karlan, D.",Xavier Giné; Dean Karlan,2014.0,2013.0,Journal of Development Economics,Journal of Development Economics,,10.1016/j.jdeveco.2013.11.003,1.0,1.0,1.0,GOOGLE,0.0,"✓ Title | ✓ Authors | ◐ Year | ✓ Venue | ○ ID

### Summary
This article was confirmed in the Journal of Development Economics with matching authors Xavier Giné and Dean Karlan, and the title was exactly matched. The publication year shows a minor discrepancy, with the citation listing 2014 and the evidence indicating 2013, but this is within an acceptable range.

### Details
A matching record was found with the exact title ""Group versus individual liability: Short and long term evidence from Philippine microcredit lending groups"" and the same authors, though the evidence uses full names while the citation uses initials. The journal name matched exactly as ""Journal of Development Economics."" The year in the evidence is 2013, which is one year earlier than the citation's 2014, a common minor variation in publication dates. The article's DOI is 10.1016/j.jdeveco.2013.11.003, and the volume and page numbers also correspond. Relevant sources include:
- [DOI link](https://doi.org/10.1016/j.jdeveco.2013.11.003)
- [ScienceDirect article](https://www.sciencedirect.com/science/article/pii/S030438781300165X)",0.9,0.1
"Karlan, D. (2007). Social connections and group banking. The Economic Journal, 117(517), F52-F84.",Microfinance loan repayment,qwen35_397b_a17b,verified,"Karlan, D. (2007). Social connections and group banking. *The Economic Journal*, *117*(517), F52–F84. https://doi.org/10.1111/j.1468-0297.2007.02015.x",MATCH,MATCH,MATCH,MATCH,ABSENT,Social Connections and Group Banking,Dean Karlan,2007.0,The Economic Journal,10.1111/j.1468-0297.2007.02015.x,https://doi.org/10.1111/j.1468-0297.2007.02015.x,GOOGLE,4.0,0.0,0.0,1.0,0.0,Social connections and group banking,Social Connections and Group Banking,"Karlan, D.",Dean Karlan,2007.0,2007.0,The Economic Journal,The Economic Journal,,10.1111/j.1468-0297.2007.02015.x,1.0,1.0,1.0,GOOGLE,0.0,"✓ Title | ✓ Authors | ✓ Year | ✓ Venue | ○ ID

### Summary
This article was confirmed in The Economic Journal with matching authors and year. The title ""Social Connections and Group Banking"" and the author Dean Karlan were verified exactly as cited, along with the publication year 2007 and the journal name.

### Details
A matching record was found with the exact title ""Social Connections and Group Banking"" and author Dean Karlan, confirming the citation's accuracy. The year 2007 and the journal The Economic Journal also matched exactly. Although no identifier was provided in the citation, the article's DOI is 10.1111/j.1468-0297.2007.02015.x, which links to the official publication.

- https://doi.org/10.1111/j.1468-0297.2007.02015.x",1.0,0.0
"Morduch, J. (1999). The microfinance promise. Journal of Economic Literature, 37(4), 1569-1614.",Microfinance loan repayment,qwen35_397b_a17b,verified,"Morduch, J. (1999). The microfinance promise. *Journal of Economic Literature*, 37(4), 1569–1614. https://doi.org/10.1257/jel.37.4.1569",MATCH,MATCH,MATCH,MATCH,ABSENT,The Microfinance Promise,Jonathan Morduch,1999.0,Journal of Economic Literature,10.1257/jel.37.4.1569,https://doi.org/10.1257/jel.37.4.1569,GOOGLE,4.0,0.0,0.0,1.0,0.0,The microfinance promise,The Microfinance Promise,"Morduch, J.",Jonathan Morduch,1999.0,1999.0,Journal of Economic Literature,Journal of Economic Literature,,10.1257/jel.37.4.1569,1.0,1.0,1.0,GOOGLE,0.0,"✓ Title | ✓ Authors | ✓ Year | ✓ Venue | ○ ID

### Summary
This article was confirmed in the Journal of Economic Literature with matching author Jonathan Morduch and the year 1999. The title ""The Microfinance Promise"" and the journal details matched exactly.

### Details
A matching record was found with the exact title ""The Microfinance Promise"" and author Jonathan Morduch, confirming the citation's author representation as ""Morduch, J."" The year 1999 matched exactly, and the journal name ""Journal of Economic Literature"" was confirmed. Although no identifier was provided in the original citation, the evidence includes a DOI link (https://doi.org/10.1257/jel.37.4.1569) that corresponds to the article. The volume, issue, and page numbers also align with the citation.

- https://doi.org/10.1257/jel.37.4.1569",1.0,0.0
"Ahlin, C., & Jiang, S. (2008). Can micro-credit bring development? Journal of Development Economics, 86(1), 1-21.",Microfinance loan repayment,qwen35_397b_a17b,verified,"Ahlin, C., & Jiang, N. (2007). Can micro-credit bring development? *Journal of Development Economics*, 86(1), 1-21. https://doi.org/https://doi.org/10.1016/j.jdeveco.2007.08.002",MATCH,MATCH,CONTAINS,MATCH,ABSENT,Can micro-credit bring development?,Christian Ahlin; Neville Jiang,2007.0,Journal of Development Economics,10.1016/j.jdeveco.2007.08.002,https://doi.org/10.1016/j.jdeveco.2007.08.002,GOOGLE,3.0,0.0,1.0,1.0,0.0,Can micro-credit bring development?,Can micro-credit bring development?,"Ahlin, C.; Jiang, S.",Christian Ahlin; Neville Jiang,2008.0,2007.0,Journal of Development Economics,Journal of Development Economics,,10.1016/j.jdeveco.2007.08.002,1.0,1.0,1.0,GOOGLE,0.0,"✓ Title | ✓ Authors | ◐ Year | ✓ Venue | ○ ID

### Summary
This article was confirmed in the Journal of Development Economics with matching authors Ahlin and Jiang, and the title ""Can micro-credit bring development?"". The publication year differs slightly, with the citation listing 2008 and the evidence showing 2007, but this minor discrepancy does not affect the overall verification.

### Details
A matching record was found with the exact title ""Can micro-credit bring development?"" and authors Christian Ahlin and Neville Jiang, corresponding to the citation's Ahlin, C., and Jiang, S. The journal name matched exactly as Journal of Development Economics. The year in the evidence is 2007, which is within one year of the cited 2008, a common minor variation in publication dates. No DOI was provided in the citation, but the evidence includes DOI 10.1016/j.jdeveco.2007.08.002, confirming the source.

- [DOI link](https://doi.org/10.1016/j.jdeveco.2007.08.002)",0.9,0.1
"Abbink, K., Irlenbusch, B., & Renner, E. (2006). Group size and social ties in microfinance institutions. Economic Inquiry, 44(4), 614-628.",Microfinance loan repayment,qwen35_397b_a17b,verified,"Abbink, K., Irlenbusch, B., & Renner, E. (2006). Group size and social ties in microfinance institutions. *Economic Inquiry*, 44(4), 614-628. https://doi.org/10.1093/ei/cb1001",MATCH,MATCH,MATCH,MATCH,ABSENT,GROUP SIZE AND SOCIAL TIES IN MICROFINANCE INSTITUTIONS,Klaus Abbink; Bernd Irlenbusch; Elke Renner,2006.0,Economic Inquiry,10.1093/ei/cb1001,https://doi.org/10.1093/ei/cb1001,GOOGLE,4.0,0.0,0.0,1.0,0.0,Group size and social ties in microfinance institutions.,GROUP SIZE AND SOCIAL TIES IN MICROFINANCE INSTITUTIONS,"Abbink, K.; Irlenbusch, B.; Renner, E.",Klaus Abbink; Bernd Irlenbusch; Elke Renner,2006.0,2006.0,Economic Inquiry,Economic Inquiry,,10.1093/ei/cb1001,1.0,1.0,1.0,GOOGLE,0.0,"✓ Title | ✓ Authors | ✓ Year | ✓ Venue | ○ ID

### Summary
This article was confirmed in the journal Economic Inquiry with matching authors Klaus Abbink, Bernd Irlenbusch, and Elke Renner, published in 2006. The title ""Group size and social ties in microfinance institutions"" was verified exactly as cited.

### Details
A matching record was found with the exact title and author names, confirming the year 2006 and the journal Economic Inquiry. The authors matched fully, with the citation using initials and the evidence listing full names. The article's volume (44), issue (4), and page numbers (614-628) also correspond. The DOI 10.1093/ei/cb1001 was identified, linking to the official publication.

- https://doi.org/10.1093/ei/cb1001
- https://onlinelibrary.wiley.com/doi/full/10.1093/ei/cb1001
- https://research.monash.edu/en/publications/group-size-and-social-ties-in-microfinance-institutions",1.0,0.0
"Serrano-Cinca, C., & Gutiérrez-Nieto, B. (2013). The use of profit scoring as an alternative to credit scoring systems in microfinance. Decision Support Systems, 55(1), 115-122.",Microfinance loan repayment,qwen35_397b_a17b,unverified,Reference could not be verified.,CONTRADICTION,MATCH,CONTRADICTION,MATCH,ABSENT,The use of profit scoring as an alternative to credit scoring systems in peer-to-peer (P2P) lending,C Serrano-Cinca; B Gutiérrez-Nieto,2016.0,Decision Support Systems,,https://www.sciencedirect.com/science/article/pii/S0167923616301063,GOOGLE,2.0,2.0,0.0,1.0,0.0,The use of profit scoring as an alternative to credit scoring systems in microfinance,The use of profit scoring as an alternative to credit scoring systems in peer-to-peer (P2P) lending,"Serrano-Cinca, C.; Gutiérrez-Nieto, B.",C Serrano-Cinca; B Gutiérrez-Nieto,2013.0,2016.0,Decision Support Systems,Decision Support Systems,,https://www.sciencedirect.com/science/article/pii/S0167923616301063,0.0,0.0,1.0,GOOGLE,0.0,"✗ Title | ✓ Authors | ✗ Year | ✓ Venue | ○ ID

### Summary
No matching article could be found for the original reference as given. Although the authors and journal match, the title and year differ significantly, indicating that the cited article and the found article are about different topics and were published in different years.

### Details
A matching record was found with the same authors (Serrano-Cinca and Gutiérrez-Nieto) and journal (Decision Support Systems), but the title refers to peer-to-peer (P2P) lending rather than microfinance, and the publication year is 2016 instead of 2013. This difference in title focus and year suggests the original reference does not correspond to the found article. No identifier was available to confirm the match further.

- https://www.sciencedirect.com/science/article/pii/S0167923616301063",0.0,1.0
"Khandker, S. R. (2005). Microfinance and poverty: Evidence using panel data from Bangladesh. The World Bank Economic Review, 19(2), 263-286.",Microfinance loan repayment,qwen35_397b_a17b,verified,"Khandker, S. R. (2005). Microfinance and poverty: Evidence using panel data from Bangladesh. *The World Bank Economic Review*, 19(2), 263-286. https://doi.org/10.1093/wber/lhi008",MATCH,MATCH,MATCH,MATCH,ABSENT,Microfinance and Poverty: Evidence Using Panel Data from Bangladesh,Shahidur R. Khandker,2005.0,The World Bank Economic Review,10.1093/wber/lhi008,https://doi.org/10.1093/wber/lhi008,GOOGLE,4.0,0.0,0.0,1.0,0.0,Microfinance and poverty: Evidence using panel data from Bangladesh.,Microfinance and Poverty: Evidence Using Panel Data from Bangladesh,"Khandker, S. R.",Shahidur R. Khandker,2005.0,2005.0,The World Bank Economic Review,The World Bank Economic Review,,10.1093/wber/lhi008,1.0,1.0,1.0,GOOGLE,0.0,"✓ Title | ✓ Authors | ✓ Year | ✓ Venue | ○ ID

### Summary
This article was confirmed in The World Bank Economic Review with matching author Shahidur R. Khandker and the year 2005. The title and journal details matched exactly, verifying the reference.

### Details
A matching record was found with the exact title ""Microfinance and Poverty: Evidence Using Panel Data from Bangladesh"". The author Shahidur R. Khandker corresponds to the citation author S. R. Khandker. The publication year 2005 and the journal name The World Bank Economic Review matched exactly. The article details include volume 19, issue 2, pages 263-286, and a DOI link https://doi.org/10.1093/wber/lhi008.

- https://doi.org/10.1093/wber/lhi008",1.0,0.0
"Aggarwal, R., Goodell, J. W., & Goodell, S. M. (2015). Microfinance repayment and interest rates: A cross-country analysis. The Quarterly Review of Economics and Finance, 55, 1-10.",Microfinance loan repayment,qwen35_397b_a17b,unverified,Reference could not be verified.,UNCONFIRMED,UNCONFIRMED,UNCONFIRMED,UNCONFIRMED,UNCONFIRMED,,,,,,,,,,,,,,,,,,,,,,,0.0,0.0,0.0,,0.0,"? Title | ? Authors | ? Year | ? Venue | ? ID

### Summary
No matching article could be found for the reference by Aggarwal, Goodell, and Goodell (2015) titled ""Microfinance repayment and interest rates: A cross-country analysis"" in The Quarterly Review of Economics and Finance.

### Details
A search in OpenAlex and Google Scholar did not return any records matching the title, authors, year, or journal. There was no evidence found to confirm any part of the reference, including the publication year 2015 and the journal name. This suggests the article either does not exist in these databases or the details provided are incorrect.

- [OpenAlex](https://openalex.org)
- [Google Scholar](https://scholar.google.com)",0.0,1.0
"Blechinger, F., Cader, C., Bertheau, P., Huyskens, H., Mende, R., & Breyer, C. (2016). Global off-grid electrification analysis: 100% renewable electricity as a solution for remote areas. *Energy Procedia, 99*, 1-18.",Mini-grid electrification,qwen35_397b_a17b,needs-human,"Cader, C., Blechinger, P., & Bertheau, P. (2016). Electrification planning with focus on hybrid mini-grids–A comprehensive modelling approach for the Global South. *Energy Procedia*. https://www.sciencedirect.com/science/article/pii/S1876610216310773",CONTRADICTION,CONTAINS,MATCH,MATCH,ABSENT,Electrification planning with focus on hybrid mini-grids–A comprehensive modelling approach for the Global South,C Cader; P Blechinger; P Bertheau,2016.0,Energy Procedia,,https://www.sciencedirect.com/science/article/pii/S1876610216310773,GOOGLE,2.0,1.0,1.0,1.0,0.0,Global off-grid electrification analysis: 100% renewable electricity as a solution for remote areas,Electrification planning with focus on hybrid mini-grids–A comprehensive modelling approach for the Global South,"Blechinger, F.; Cader, C.; Bertheau, P.; Huyskens, H.; Mende, R.; Breyer, C.",C Cader; P Blechinger; P Bertheau,2016.0,2016.0,Energy Procedia,Energy Procedia,,https://www.sciencedirect.com/science/article/pii/S1876610216310773,0.0,0.0,2.0,GOOGLE,0.0,"✗ Title | ◐ Authors | ✓ Year | ✓ Venue | ○ ID

### Summary
The reference could not be conclusively verified because the title does not match the best available candidate document, even though the authors, year, and journal are consistent. The titles focus on different subjects, indicating they are likely different works.

### Details
A matching record was found with the same authors (Cader, Blechinger, Bertheau), year (2016), and journal (Energy Procedia), but the title differs significantly. The candidate title is ""Electrification planning with focus on hybrid mini-grids–A comprehensive modelling approach for the Global South,"" which contrasts with the cited title advocating 100% renewable off-grid electrification for remote areas. No DOI was available to confirm the match further. This discrepancy suggests the need for human review to determine the correct reference.

- https://www.sciencedirect.com/science/article/pii/S1876610216310773",0.2,0.8
"Moner-Girona, M., Korkovelos, A., Arderne, C., & Fuso Nerini, F. (2019). Decentralized renewable energy: Scope, opportunities and challenges of powering electrification at the bottom of the pyramid. *Energy for Sustainable Development, 50*, 13-26.",Mini-grid electrification,qwen35_397b_a17b,unverified,Reference could not be verified.,UNCONFIRMED,UNCONFIRMED,UNCONFIRMED,UNCONFIRMED,UNCONFIRMED,,,,,,,,,,,,,,,,,,,,,,,0.0,0.0,0.0,,0.0,"? Title | ? Authors | ? Year | ? Venue | ? ID

### Summary
No matching article could be found for the reference by Moner-Girona et al. (2019) titled ""Decentralized renewable energy: Scope, opportunities and challenges of powering electrification at the bottom of the pyramid"" in the journal Energy for Sustainable Development.

### Details
A search in OpenAlex did not find any matching record for this work. Additionally, a scholar search returned related articles by Moner-Girona and colleagues but none matched the exact title, year, or journal of the reference. The closest related works were published in 2021 and 2022, but they differ in title and publication details.

- https://www.academia.edu/download/99313724/2021_Moner_Joule_health.pdf
- https://www.cell.com/joule/fulltext/S2542-4351(21)00438-4
- https://www.thelancet.com/journals/langlo/article/PIIS2214-109X(25)00537-6/fulltext",0.0,1.0
"Obeng-Darko, N. (2019). Why Ghana's mini-grid policy has failed to attract private investment. *Energy Policy, 128*, 86-96.",Mini-grid electrification,qwen35_397b_a17b,unverified,Reference could not be verified.,UNCONFIRMED,UNCONFIRMED,UNCONFIRMED,UNCONFIRMED,UNCONFIRMED,,,,,,,,,,,,,,,,,,,,,,,0.0,0.0,0.0,,0.0,"? Title | ? Authors | ? Year | ? Venue | ? ID

### Summary
No matching article could be found for the reference by Obeng-Darko (2019) titled ""Why Ghana's mini-grid policy has failed to attract private investment"" in the journal Energy Policy or elsewhere. The search did not confirm the title, authors, year, or publication venue.

### Details
A search in OpenAlex returned no matching records for this work. Google Scholar searches found related works discussing mini-grid policies in Ghana and some by authors named Obeng-Darko, but none matched the exact title, year 2019, or journal Energy Policy. The closest related works were from different years (2017, 2025) and different titles. No evidence was found to confirm the existence of this specific article.

- https://www.econstor.eu/handle/10419/322125
- https://openresearch-repository.anu.edu.au/entities/publication/4f43a16f-678f-46cb-a802-d7a5eedba849
- https://researchportal.murdoch.edu.au/esploro/outputs/doctoral/A-MULTI-STAGE-FRAMEWORK-FOR-THE-SUSTAINABLE/991005835762107891
- https://www.elgaronline.com/view/journals/relp/8-2/relp.2017.02.01.xml",0.0,1.0
"Peterschmidt, N., & Rohrer, M. (2015). *Mini-grid development toolkit*. World Bank.",Mini-grid electrification,qwen35_397b_a17b,unverified,Reference could not be verified.,CONTRADICTION,CONTAINS,CONTAINS,UNCONFIRMED,ABSENT,Mini-grid policy toolkit: policy and business frameworks for successful mini…,Michael Franz; Nico Peterschmidt; Michael Rohrer; Bozhil,2014.0,,,,GOOGLE,0.0,1.0,2.0,1.0,1.0,Mini-grid development toolkit,Mini-grid policy toolkit: policy and business frameworks for successful mini…,"Peterschmidt, N.; Rohrer, M.",Michael Franz; Nico Peterschmidt; Michael Rohrer; Bozhil,2015.0,2014.0,World Bank,,,,0.0,0.0,2.0,GOOGLE,0.0,"✗ Title | ◐ Authors | ◐ Year | ? Venue | ○ ID

### Summary
The reference could not be verified as matching the original citation. Although the authors Nico Peterschmidt and Michael Rohrer were found in a related document, the title and year differ significantly, indicating these are likely different works.

### Details
A matching record was found with authors Nico Peterschmidt and Michael Rohrer, along with two additional authors, but the title was ""Mini-grid policy toolkit: policy and business frameworks for successful mini…"" rather than ""Mini-grid development toolkit."" The year of the found document is 2014, which is one year earlier than the cited 2015. The venue ""World Bank"" could not be confirmed. No DOI or direct URL was available to confirm the exact match.

- https://podcast.inensus.com/2233651/episodes
- https://podcasts.apple.com/us/podcast/the-mini-grid-business/id1702688454
- http://www.ieomsociety.org/detroit2020/papers/157.pdf",0.0,1.0
"Mentis, D., Williges, K., Meyer, E., & Welsch, M. (2017). A geographic information system-based supply–demand model to determine the least-cost electrification options for Sub-Saharan Africa. *Energy Strategy Reviews, 17*, 1-12.",Mini-grid electrification,qwen35_397b_a17b,unverified,Reference could not be verified.,CONTAINS,CONTRADICTION,MATCH,CONTRADICTION,ABSENT,"Lighting the World: the first application of an open source, spatial electrification tool (OnSSET) on Sub-Saharan Africa",D Mentis; M Howells; H Rogner,2017.0,Environmental Research Letters,10.1088/1748-9326/aa7b29,https://iopscience.iop.org/article/10.1088/1748-9326/aa7b29/meta,GOOGLE,1.0,2.0,1.0,1.0,0.0,A geographic information system-based supply–demand model to determine the least-cost electrification options for Sub-Saharan Africa,"Lighting the World: the first application of an open source, spatial electrification tool (OnSSET) on Sub-Saharan Africa","Mentis, D.; Williges, K.; Meyer, E.; Welsch, M.",D Mentis; M Howells; H Rogner,2017.0,2017.0,Energy Strategy Reviews,Environmental Research Letters,,10.1088/1748-9326/aa7b29,0.0,0.0,3.0,GOOGLE,0.0,"◐ Title | ✗ Authors | ✓ Year | ✗ Venue | ○ ID

### Summary
No matching article could be found that exactly corresponds to the original reference. While the year 2017 and one author, D. Mentis, match, the other authors and the journal title differ significantly, indicating these are different works.

### Details
A matching record was found for a 2017 article titled ""Lighting the World: the first application of an open source, spatial electrification tool (OnSSET) on Sub-Saharan Africa"" published in Environmental Research Letters with authors D. Mentis, M. Howells, and H. Rogner. This differs from the original citation's authors and journal, which listed K. Williges, E. Meyer, and M. Welsch in Energy Strategy Reviews. The titles share thematic elements about least-cost electrification in Sub-Saharan Africa but are not identical. No DOI or other identifier was present in the original reference to aid verification.

- https://iopscience.iop.org/article/10.1088/1748-9326/aa7b29/meta",0.0,1.0
"Cader, C., Bertheau, P., Blechinger, F., & Breyer, C. (2016). PV mini-grid society: A global assessment of the potential for photovoltaic mini-grids. *Energy Procedia, 99*, 269-279.",Mini-grid electrification,qwen35_397b_a17b,needs-human,"C Cader, P Blechinger, & P Bertheau. (2016). Electrification planning with focus on hybrid mini-grids–A comprehensive modelling approach for the Global South. *Energy Procedia*. https://www.sciencedirect.com/science/article/pii/S1876610216310773",CONTRADICTION,MATCH,MATCH,MATCH,ABSENT,Electrification planning with focus on hybrid mini-grids–A comprehensive modelling approach for the Global South,C Cader; P Blechinger; P Bertheau,2016.0,Energy Procedia,,https://www.sciencedirect.com/science/article/pii/S1876610216310773,GOOGLE,3.0,1.0,0.0,1.0,0.0,PV mini-grid society: A global assessment of the potential for photovoltaic mini-grids,Electrification planning with focus on hybrid mini-grids–A comprehensive modelling approach for the Global South,"Cader, C.; Bertheau, P.; Blechinger, F.; Breyer, C.",C Cader; P Blechinger; P Bertheau,2016.0,2016.0,Energy Procedia,Energy Procedia,,https://www.sciencedirect.com/science/article/pii/S1876610216310773,0.0,0.0,2.0,GOOGLE,0.0,"✗ Title | ✓ Authors | ✓ Year | ✓ Venue | ○ ID

### Summary
The reference could not be conclusively verified because the title in the citation differs significantly from the title found in the best matching record, despite matching authors, year, and journal. This suggests the two titles likely refer to different documents.

### Details
A matching record was found in the journal Energy Procedia from 2016 with authors Cader, Blechinger, and Bertheau, which matches the citation's authors and year. However, the title in the citation focuses on a global assessment of photovoltaic mini-grids, while the found title emphasizes electrification planning with hybrid mini-grids in the Global South. No DOI or direct identifier was available to confirm a match. This discrepancy in titles indicates the need for human review to determine if these references are indeed the same work or different publications.

- https://www.sciencedirect.com/science/article/pii/S1876610216310773",0.333,0.667
"Azimoh, C. L., Klintberg, P., Wallin, F., Karlsson, B., & Molin, C. (2016). Illuminating sub-Saharan Africa: The role of renewable mini-grids. *Renewable and Sustainable Energy Reviews, 60*, 1040-1051.",Mini-grid electrification,qwen35_397b_a17b,needs-human,"Azimoh, C. L., Klintenberg, P., Wallin, F., & Karlsson, B. (2016). Electricity for development: Mini-grid solution for rural electrification in South Africa. *Energy Conversion and Management*. Elsevier. https://www.sciencedirect.com/science/article/pii/S0196890415011152",CONTRADICTION,CONTAINS,MATCH,CONTAINS,ABSENT,Electricity for development: Mini-grid solution for rural electrification in South Africa,C. L. Azimoh; P. Klintenberg; F. Wallin; B. Karlsson,2016.0,Energy Conversion and Management,,https://www.sciencedirect.com/science/article/pii/S0196890415011152,GOOGLE,1.0,1.0,2.0,1.0,0.0,Illuminating sub-Saharan Africa: The role of renewable mini-grids,Electricity for development: Mini-grid solution for rural electrification in South Africa,"Azimoh, C. L.; Klintberg, P.; Wallin, F.; Karlsson, B.; Molin, C.",C. L. Azimoh; P. Klintenberg; F. Wallin; B. Karlsson,2016.0,2016.0,Renewable and Sustainable Energy Reviews,Energy Conversion and Management,,https://www.sciencedirect.com/science/article/pii/S0196890415011152,0.0,0.0,3.0,GOOGLE,0.0,"✗ Title | ◐ Authors | ✓ Year | ◐ Venue | ○ ID

### Summary
The reference could not be conclusively verified because the title and journal differ from the best matching article found. While the authors and year mostly align, the topics and publication venues do not match exactly, indicating these are likely two distinct works.

### Details
A matching record was found for a 2016 article by Azimoh, Klintenberg, Wallin, and Karlsson titled ""Electricity for development: Mini-grid solution for rural electrification in South Africa"" published in the journal Energy Conversion and Management. This differs from the cited article's title ""Illuminating sub-Saharan Africa: The role of renewable mini-grids"" and its publication in Renewable and Sustainable Energy Reviews. The authors overlap but are not identical, with one author missing and a minor spelling variation. The year 2016 matches exactly. No digital identifier was available to confirm a direct match.

- https://www.sciencedirect.com/science/article/pii/S0196890415011152",0.1,0.9
International Renewable Energy Agency. (2016). *Solar PV mini-grids: A solution for universal electricity access*. IRENA.,Mini-grid electrification,qwen35_397b_a17b,needs-human,International Renewable Energy Agency. (2016). *Innovation Outlook: Renewable Mini-grids*. International Renewable Energy Agency. https://www.irena.org/-/media/Files/IRENA/Agency/Publication/2016/IRENA_Innovation_Outlook_Minigrids_2016.pdf,CONTRADICTION,MATCH,MATCH,MATCH,ABSENT,Innovation Outlook: Renewable Mini-grids,International Renewable Energy Agency (IRENA),2016.0,"International Renewable Energy Agency, Abu Dhabi",,https://www.irena.org/-/media/Files/IRENA/Agency/Publication/2016/IRENA_Innovation_Outlook_Minigrids_2016.pdf,GOOGLE,3.0,1.0,0.0,1.0,0.0,Solar PV mini-grids: A solution for universal electricity access,Innovation Outlook: Renewable Mini-grids,International Renewable Energy Agency,International Renewable Energy Agency (IRENA),2016.0,2016.0,International Renewable Energy Agency,"International Renewable Energy Agency, Abu Dhabi",,https://www.irena.org/-/media/Files/IRENA/Agency/Publication/2016/IRENA_Innovation_Outlook_Minigrids_2016.pdf,0.0,0.0,1.0,GOOGLE,1.0,"✗ Title | ✓ Authors | ✓ Year | ✓ Venue | ○ ID

### Summary
The reference could not be fully verified because the title in the citation does not match the title of the closest found document, even though the author, year, and publisher details align. The citation refers to a document titled ""Solar PV mini-grids: A solution for universal electricity access,"" while the best matching document found is titled ""Innovation Outlook: Renewable Mini-grids.""

### Details
A matching record was found from the International Renewable Energy Agency (IRENA) published in 2016, which matches the author, year, and publisher information. However, the titles differ significantly, indicating these are likely two distinct documents rather than different editions or subtitles of the same work. The found document is a comprehensive report available at IRENA's official website, while no exact match for the cited title was found in the search results or databases. This discrepancy suggests the citation may refer to a different or unpublished document, requiring human review for confirmation.

- https://www.irena.org/-/media/Files/IRENA/Agency/Publication/2016/IRENA_Innovation_Outlook_Minigrids_2016.pdf",0.333,0.667
World Bank. (2019). *Mini grids for half a billion people: Market outlook and handbook for decision makers*. ESMAP.,Mini-grid electrification,qwen35_397b_a17b,needs-human,Energy Sector Management Assistance Program. (2019). *Mini Grids for Half a Billion People*. World Bank. https://doi.org/10.1596/31926,CONTAINS,CONTAINS,MATCH,CONTAINS,ABSENT,Mini Grids for Half a Billion People,Energy Sector Management Assistance Program,2019.0,"World Bank, Washington, DC eBooks",10.1596/31926,https://doi.org/10.1596/31926,GOOGLE,1.0,0.0,3.0,1.0,0.0,Mini grids for half a billion people: Market outlook and handbook for decision makers,Mini Grids for Half a Billion People,World Bank,Energy Sector Management Assistance Program,2019.0,2019.0,ESMAP,"World Bank, Washington, DC eBooks",,10.1596/31926,1.0,1.0,1.0,GOOGLE,0.0,"◐ Title | ◐ Authors | ✓ Year | ◐ Venue | ○ ID

### Summary
The reference matches a known publication titled ""Mini Grids for Half a Billion People"" from 2019, authored by the Energy Sector Management Assistance Program, a World Bank program. However, the subtitle ""Market outlook and handbook for decision makers"" is omitted in the candidate, and the organizational authorship and publisher details show a close but not exact match, so human review is recommended.

### Details
A matching record was found with the title ""Mini Grids for Half a Billion People"" published in 2019 by the Energy Sector Management Assistance Program under the World Bank publisher. The candidate's title contains the main title but omits the subtitle. The author field contains the World Bank and ESMAP, which is a program within the World Bank, indicating a related but not identical author listing. The venue is related as ESMAP is part of the World Bank. No unique identifier like a DOI was present in the original reference, but the candidate has DOI 10.1596/31926. Due to these partial matches and organizational relationships, the verification is ambiguous and needs human review.

- https://doi.org/10.1596/31926
- https://www.worldbank.org/en/topic/energy/publication/mini-grids-for-half-a-billion-people
- https://www.esmap.org/mini_grids_for_half_a_billion_people_the_report",0.6,0.4
"Kirubi, V., Jacob, A., Opiyo, N., & Mammo, D. (2016). Community based mini-grids as a solution for rural electrification in Kenya. *Renewable Energy, 94*, 56-65.",Mini-grid electrification,qwen35_397b_a17b,unverified,Reference could not be verified.,UNCONFIRMED,UNCONFIRMED,UNCONFIRMED,UNCONFIRMED,UNCONFIRMED,,,,,,,,,,,,,,,,,,,,,,,0.0,0.0,0.0,,0.0,"? Title | ? Authors | ? Year | ? Venue | ? ID

### Summary
No matching article could be found for the reference by Kirubi et al. (2016) titled ""Community based mini-grids as a solution for rural electrification in Kenya"". None of the key details such as title, authors, year, or journal were confirmed.

### Details
A search through OpenAlex and other scholarly databases did not return any records matching the given title, authors, or publication year. The closest found document was a 2017 PhD thesis related to rural electrification in Kenya, but it did not match the authors or exact title. No DOI or journal information was found to verify the reference.

- [OpenAlex search results](https://backend.orbit.dtu.dk/ws/files/134853297/PHD_FINAL_til_print_MBP_August_2017_inkl_For_bagside.pdf)",0.0,1.0
"Luarn, P., & Lin, H. H. (2005). Toward an understanding of the behavioral intention to use mobile banking. *Computers in Human Behavior, 21*(6), 873–891.",Mobile banking,qwen35_397b_a17b,verified,"Luarn, P., & Lin, H.-H. (2004). Toward an understanding of the behavioral intention to use mobile banking. *Computers in Human Behavior*, 21(6), 873-891. https://doi.org/10.1016/j.chb.2004.03.003",MATCH,MATCH,CONTAINS,MATCH,ABSENT,Toward an understanding of the behavioral intention to use mobile banking,Pin Luarn; Hsin‐Hui Lin,2004.0,Computers in Human Behavior,10.1016/j.chb.2004.03.003,https://doi.org/10.1016/j.chb.2004.03.003,GOOGLE,3.0,0.0,1.0,1.0,0.0,Toward an understanding of the behavioral intention to use mobile banking.,Toward an understanding of the behavioral intention to use mobile banking,"Luarn, P.; Lin, H. H.",Pin Luarn; Hsin‐Hui Lin,2005.0,2004.0,Computers in Human Behavior,Computers in Human Behavior,,10.1016/j.chb.2004.03.003,1.0,1.0,1.0,GOOGLE,0.0,"✓ Title | ✓ Authors | ◐ Year | ✓ Venue | ○ ID

### Summary
This article was confirmed in the journal Computers in Human Behavior with matching authors Pin Luarn and Hsin-Hui Lin and nearly matching year (2004 vs. 2005). The title ""Toward an understanding of the behavioral intention to use mobile banking"" was exactly confirmed.

### Details
A matching record was found with the exact title and authors corresponding to the citation. The journal name matched exactly. The year in the citation is 2005, while the evidence shows 2004, which is within a one-year difference and considered acceptable. No identifier was present in the citation. The article details including volume 21, issue 6, and pages 873-891 align with the evidence.

- https://doi.org/10.1016/j.chb.2004.03.003",0.9,0.1
"Zhou, T. (2013). An empirical examination of continuous usage intention of mobile banking services. *International Journal of Mobile Communications, 11*(6), 597–613.",Mobile banking,qwen35_397b_a17b,unverified,Reference could not be verified.,UNCONFIRMED,UNCONFIRMED,UNCONFIRMED,UNCONFIRMED,UNCONFIRMED,,,,,,,,,,,,,,,,,,,,,,,0.0,0.0,0.0,,0.0,"? Title | ? Authors | ? Year | ? Venue | ? ID

### Summary
No matching article by Zhou, T. from 2013 on the continuous usage intention of mobile banking services was found. The search did not confirm the title, authors, year, or journal details provided.

### Details
A search in OpenAlex returned no matching records for this reference. Additionally, a scholar search found a somewhat related article from 2015 discussing continuous usage intention of mobile banking, but it has different authors and a different title. Therefore, the original reference could not be verified.

- https://dergipark.org.tr/en/pub/ijefi/article/352251",0.0,1.0
"Shaikh, A. A., & Karjaluoto, H. (2015). Mobile banking adoption: A literature review. *Telematics and Informatics, 32*(1), 129–142.",Mobile banking,qwen35_397b_a17b,verified,"Shaikh, A. A., & Karjaluoto, H. (2014). Mobile banking adoption: A literature review. *Telematics and Informatics*, 32(1), 129–142. https://doi.org/10.1016/j.tele.2014.05.003",MATCH,MATCH,CONTAINS,MATCH,ABSENT,Mobile banking adoption: A literature review,Aijaz A. Shaikh; Heikki Karjaluoto,2014.0,Telematics and Informatics,10.1016/j.tele.2014.05.003,https://doi.org/10.1016/j.tele.2014.05.003,GOOGLE,3.0,0.0,1.0,1.0,0.0,Mobile banking adoption: A literature review,Mobile banking adoption: A literature review,"Shaikh, A. A.; Karjaluoto, H.",Aijaz A. Shaikh; Heikki Karjaluoto,2015.0,2014.0,Telematics and Informatics,Telematics and Informatics,,10.1016/j.tele.2014.05.003,1.0,1.0,1.0,GOOGLE,0.0,"✓ Title | ✓ Authors | ◐ Year | ✓ Venue | ○ ID

### Summary
This article was confirmed in the journal Telematics and Informatics with matching authors Aijaz A. Shaikh and Heikki Karjaluoto and nearly matching year. The title ""Mobile banking adoption: A literature review"" was exactly confirmed.

### Details
A matching record was found with the exact title ""Mobile banking adoption: A literature review"" and authors Aijaz A. Shaikh and Heikki Karjaluoto, confirming the authorship despite differences in name formatting. The journal name Telematics and Informatics matched exactly. The year in the citation is 2015, while the evidence shows 2014, which is within an acceptable range. No identifier was provided in the citation. The article is accessible via DOI https://doi.org/10.1016/j.tele.2014.05.003.

- https://doi.org/10.1016/j.tele.2014.05.003",0.9,0.1
"Gu, J. C., Lee, S. C., & Suh, Y. H. (2009). Determinants of behavioral intention to mobile banking. *Expert Systems with Applications, 36*(9), 11605–11612.",Mobile banking,qwen35_397b_a17b,verified,"Gu, J.-C., Lee, S.-C., & Suh, Y.-H. (2009). Determinants of behavioral intention to mobile banking. *Expert Systems with Applications*, 36(9), 11605-11616. https://doi.org/10.1016/j.eswa.2009.03.024",MATCH,MATCH,MATCH,MATCH,ABSENT,Determinants of behavioral intention to mobile banking,Ja‐Chul Gu; Sang‐Chul Lee; Yung‐Ho Suh,2009.0,Expert Systems with Applications,10.1016/j.eswa.2009.03.024,https://doi.org/10.1016/j.eswa.2009.03.024,GOOGLE,4.0,0.0,0.0,1.0,0.0,Determinants of behavioral intention to mobile banking.,Determinants of behavioral intention to mobile banking,"Gu, J. C.; Lee, S. C.; Suh, Y. H.",Ja‐Chul Gu; Sang‐Chul Lee; Yung‐Ho Suh,2009.0,2009.0,Expert Systems with Applications,Expert Systems with Applications,,10.1016/j.eswa.2009.03.024,1.0,1.0,1.0,GOOGLE,0.0,"✓ Title | ✓ Authors | ✓ Year | ✓ Venue | ○ ID

### Summary
This article was confirmed in the journal Expert Systems with Applications with matching authors and year. The title ""Determinants of behavioral intention to mobile banking"" was verified exactly as cited.

### Details
A matching record was found with the exact title, authors Ja-Chul Gu, Sang-Chul Lee, and Yung-Ho Suh, and the publication year 2009. The journal name Expert Systems with Applications also matched perfectly. Although no identifier was provided in the original citation, the article's DOI is 10.1016/j.eswa.2009.03.024, confirming the reference's accuracy.

- https://doi.org/10.1016/j.eswa.2009.03.024
- https://www.sciencedirect.com/science/article/pii/S0957417409002735",1.0,0.0
"Amin, H. (2007). An analysis of mobile banking acceptance by Malaysian customers. *Sunway Academic Journal, 4*, 1–26.",Mobile banking,qwen35_397b_a17b,verified-with-error,"Amin, H., Baba, R., & Muhammad, M. Z. (2007). An analysis of mobile banking acceptance by Malaysian customers. *Sunway University College Academic Journal*, 4, 1-26. http://eprints.sunway.edu.my/37/",MATCH,CONTAINS,MATCH,CONTRADICTION,ABSENT,An analysis of mobile banking acceptance by Malaysian customers,Hanudin Amin; Ricardo Baba; Mohd Zulkifli Muhammad,2007.0,Sunway Institutional Repository (Sunway University),,http://eprints.sunway.edu.my/37/,GOOGLE,2.0,1.0,1.0,1.0,0.0,An analysis of mobile banking acceptance by Malaysian customers.,An analysis of mobile banking acceptance by Malaysian customers,"Amin, H.",Hanudin Amin; Ricardo Baba; Mohd Zulkifli Muhammad,2007.0,2007.0,Sunway Academic Journal,Sunway Institutional Repository (Sunway University),,http://eprints.sunway.edu.my/37/,0.0,0.0,1.0,GOOGLE,0.0,"✓ Title | ◐ Authors | ✓ Year | ✗ Venue | ○ ID

### Summary
This article was confirmed with the exact title ""An analysis of mobile banking acceptance by Malaysian customers"" and the year 2007. The author ""Amin, H."" corresponds to ""Hanudin Amin,"" but the verified record includes additional authors not listed in the original citation. However, there is a discrepancy in the publication venue: the citation lists ""Sunway Academic Journal,"" while the verified source is from the ""Sunway Institutional Repository (Sunway University).""

### Details
A matching record was found with the exact title and year 2007. The author ""Amin, H."" matches ""Hanudin Amin,"" but the verified record also includes ""Ricardo Baba"" and ""Mohd Zulkifli Muhammad."" The venue differs, as the citation states ""Sunway Academic Journal,"" but the evidence points to the article being hosted in the ""Sunway Institutional Repository (Sunway University),"" which is a different publication platform. No DOI was found for this article.

- [Sunway Institutional Repository](http://eprints.sunway.edu.my/37/)
- [ResearchGate](https://www.researchgate.net/publication/277166512_An_analysis_of_mobile_banking_acceptance_by_Malaysian_customers)
- [Semantic Scholar](https://www.semanticscholar.org/paper/AN-ANALYSIS-OF-MOBILE-BANKING-ACCEPTANCE-BY-Amin-Baba/10d696a97a2982fff4bdf9a39e429dfd714b2a67)",0.467,0.533
"Koenig-Lewis, N., Marzocchi, M., & Morosan, A. (2010). Satisfaction, trust and loyalty in the use of mobile banking. *Journal of Financial Services Marketing, 15*(3), 203–217.",Mobile banking,qwen35_397b_a17b,unverified,Reference could not be verified.,UNCONFIRMED,UNCONFIRMED,UNCONFIRMED,UNCONFIRMED,UNCONFIRMED,,,,,,,,,,,,,,,,,,,,,,,0.0,0.0,0.0,,0.0,"? Title | ? Authors | ? Year | ? Venue | ? ID

### Summary
No matching article could be found for the reference by Koenig-Lewis, Marzocchi, and Morosan (2010) titled ""Satisfaction, trust and loyalty in the use of mobile banking"" in the Journal of Financial Services Marketing. None of the search tools returned a record that confirmed the title, authors, year, or journal.

### Details
A search in OpenAlex did not find any matching work. Google Scholar searches returned related articles by Koenig-Lewis and others on mobile banking topics but none with the exact title or author combination. The year 2010 and the general topic of mobile banking were present in some results, but no record matched all key details of the original reference. No relevant results appeared in a general Google search either.

- https://openalex.org
- https://scholar.google.com
- https://www.google.com",0.0,1.0
"Laukkanen, T. (2007). Internet vs mobile banking: Comparing customer value perceptions. *Business Process Management Journal, 13*(6), 788–797.",Mobile banking,qwen35_397b_a17b,verified,"Laukkanen, T. (2007). Internet vs mobile banking: comparing customer value perceptions. *Business Process Management Journal*, 13(6), 788-797. Emerald Publishing Limited. https://doi.org/10.1108/14637150710834550",MATCH,MATCH,MATCH,MATCH,ABSENT,Internet vs mobile banking: comparing customer value perceptions,Tommi Laukkanen,2007.0,Business Process Management Journal,10.1108/14637150710834550,https://doi.org/10.1108/14637150710834550,GOOGLE,4.0,0.0,0.0,1.0,0.0,Internet vs mobile banking: Comparing customer value perceptions,Internet vs mobile banking: comparing customer value perceptions,"Laukkanen, T.",Tommi Laukkanen,2007.0,2007.0,Business Process Management Journal,Business Process Management Journal,,10.1108/14637150710834550,1.0,1.0,1.0,GOOGLE,0.0,"✓ Title | ✓ Authors | ✓ Year | ✓ Venue | ○ ID

### Summary
This article was confirmed in the Business Process Management Journal with matching author Tommi Laukkanen and the year 2007. The title ""Internet vs mobile banking: comparing customer value perceptions"" was verified exactly as cited.

### Details
A matching record was found with the exact title and author name, where the citation used initials (Laukkanen, T.) and the evidence showed the full name (Tommi Laukkanen). The year 2007 and the journal name matched exactly. The article details including volume 13, issue 6, and pages 788-797 were consistent with the citation. The DOI 10.1108/14637150710834550 confirms the source.

- https://doi.org/10.1108/14637150710834550",1.0,0.0
"Tiwari, R., Buse, S., & Herstatt, C. (2006). Customers' expectations of future mobile banking services in Germany. *International Journal of Bank Marketing, 24*(7), 474–493.",Mobile banking,qwen35_397b_a17b,needs-human,"Tiwari, R., Buse, S., & Herstatt, C. (2007). Customer on the Move: Strategic Implications of Mobile Banking for Banks and Financial Enterprises. *SSRN*. https://papers.ssrn.com/sol3/papers.cfm?abstract_id=1583825",CONTRADICTION,MATCH,CONTAINS,CONTAINS,ABSENT,Customer on the Move: Strategic Implications of Mobile Banking for Banks and Financial Enterprises,R. Tiwari; S. Buse; C. Herstatt,2007.0,SSRN,,https://papers.ssrn.com/sol3/papers.cfm?abstract_id=1583825,GOOGLE,1.0,1.0,2.0,1.0,0.0,Customers' expectations of future mobile banking services in Germany,Customer on the Move: Strategic Implications of Mobile Banking for Banks and Financial Enterprises,"Tiwari, R.; Buse, S.; Herstatt, C.",R. Tiwari; S. Buse; C. Herstatt,2006.0,2007.0,International Journal of Bank Marketing,SSRN,,https://papers.ssrn.com/sol3/papers.cfm?abstract_id=1583825,0.0,0.0,1.0,GOOGLE,0.0,"✗ Title | ✓ Authors | ◐ Year | ◐ Venue | ○ ID

### Summary
The reference could not be conclusively verified because the title in the original citation differs significantly from the title found in the best potential match. Although the authors are the same and the years are close, the titles and venues suggest these are two distinct works.

### Details
A matching record was found with the same three authors: Tiwari, Buse, and Herstatt. The year in the original reference is 2006, while the potential match is from 2007. The original reference cites the International Journal of Bank Marketing, whereas the potential match is a preprint on SSRN. The titles differ notably: the original focuses on customers' expectations of future mobile banking services in Germany, while the found work discusses strategic implications of mobile banking for banks and financial enterprises. This discrepancy in titles and venues indicates these are likely separate publications.

- https://papers.ssrn.com/sol3/papers.cfm?abstract_id=1583825
- https://www.econstor.eu/bitstream/10419/55462/1/684383195.pdf
- https://www.researchgate.net/publication/4245663_Customer_on_the_Move_Strategic_Implications_of_Mobile_Banking_for_Banks_and_Financial_Enterprises",0.133,0.867
"Hanafizadeh, M., & Khedmatgozar, M. (2012). A systematic review of empirical research on mobile banking. *Journal of Enterprise Information Management, 25*(2), 165–190.",Mobile banking,qwen35_397b_a17b,unverified,Reference could not be verified.,UNCONFIRMED,UNCONFIRMED,UNCONFIRMED,UNCONFIRMED,UNCONFIRMED,,,,,,,,,,,,,,,,,,,,,,,0.0,0.0,0.0,,0.0,"? Title | ? Authors | ? Year | ? Venue | ? ID

### Summary
No matching article could be found for the reference by Hanafizadeh and Khedmatgozar (2012) titled ""A systematic review of empirical research on mobile banking"" in the Journal of Enterprise Information Management.

### Details
A search in OpenAlex did not find any matching record for this work. Additionally, a scholar search returned several related articles on mobile banking but none matched the exact title, authors, year, or journal of the original reference. The closest results were different articles published in other years and journals, indicating no direct match was found.

- https://www.sciencedirect.com/science/article/pii/S0736585312001074
- https://search.informit.org/doi/abs/10.3316/informit.T2025110700007590436938326
- https://www.emerald.com/ijbm/article/41/1/1/103541
- https://www.emerald.com/ijbm/article/33/6/733/169000",0.0,1.0
"Baptista, G., & Oliveira, T. (2015). Understanding mobile banking: The unified theory of acceptance and use of technology combined with cultural moderators. *Computers in Human Behavior, 50*, 418–430.",Mobile banking,qwen35_397b_a17b,verified,"Baptista, G., & Oliveira, T. (2015). Understanding mobile banking: The unified theory of acceptance and use of technology combined with cultural moderators. *Computers in Human Behavior*, 50, 418–430. https://doi.org/10.1016/j.chb.2015.04.024",MATCH,MATCH,MATCH,MATCH,ABSENT,Understanding mobile banking: The unified theory of acceptance and use of technology combined with cultural moderators,Gonçalo Baptista; Tiago Oliveira,2015.0,Computers in Human Behavior,10.1016/j.chb.2015.04.024,https://doi.org/10.1016/j.chb.2015.04.024,GOOGLE,4.0,0.0,0.0,1.0,0.0,Understanding mobile banking: The unified theory of acceptance and use of technology combined with cultural moderators,Understanding mobile banking: The unified theory of acceptance and use of technology combined with cultural moderators,"Baptista, G.; Oliveira, T.",Gonçalo Baptista; Tiago Oliveira,2015.0,2015.0,Computers in Human Behavior,Computers in Human Behavior,,10.1016/j.chb.2015.04.024,1.0,1.0,1.0,GOOGLE,1.0,"✓ Title | ✓ Authors | ✓ Year | ✓ Venue | ○ ID

### Summary
This article was confirmed in the journal Computers in Human Behavior with matching authors Gonçalo Baptista and Tiago Oliveira, and the year 2015. The title was exactly matched, confirming the reference's accuracy.

### Details
A matching record was found with the exact title ""Understanding mobile banking: The unified theory of acceptance and use of technology combined with cultural moderators."" Both authors correspond to the same individuals, with initials in the citation matching full names in the evidence. The year 2015 and the journal Computers in Human Behavior matched exactly. Although no identifier was present in the citation, the DOI 10.1016/j.chb.2015.04.024 was found in the evidence, providing a reliable source link.

- https://doi.org/10.1016/j.chb.2015.04.024",1.0,0.0
"Putnam, R. D. (1988). Diplomacy and domestic politics: The logic of two-level games. International Organization.",Political Science,qwen35_397b_a17b,verified,"Putnam, R. D. (1988). Diplomacy and domestic politics: the logic of two-level games. *International Organization*, 42(3), 427-460. https://doi.org/10.1017/S0020818300027697",MATCH,MATCH,MATCH,MATCH,ABSENT,Diplomacy and domestic politics: the logic of two-level games,Robert D. Putnam,1988.0,International Organization,10.1017/S0020818300027697,https://doi.org/10.1017/S0020818300027697,GOOGLE,4.0,0.0,0.0,1.0,0.0,Diplomacy and domestic politics: The logic of two-level games,Diplomacy and domestic politics: the logic of two-level games,"Putnam, R. D.",Robert D. Putnam,1988.0,1988.0,International Organization,International Organization,,10.1017/S0020818300027697,1.0,1.0,1.0,GOOGLE,0.0,"✓ Title | ✓ Authors | ✓ Year | ✓ Venue | ○ ID

### Summary
This article was confirmed in the International Organization journal with matching author Robert D. Putnam and the publication year 1988. The title ""Diplomacy and domestic politics: the logic of two-level games"" was verified exactly as cited.

### Details
A matching record was found with the exact title and author name corresponding to Robert D. Putnam. The year 1988 and the journal International Organization also matched perfectly. Although no identifier was provided in the original citation, the article is associated with the DOI 10.1017/S0020818300027697, confirming its authenticity. Additional evidence from multiple sources, including Cambridge University Press and JSTOR, supports the verification.

- https://doi.org/10.1017/S0020818300027697
- https://www.cambridge.org/core/journals/international-organization/article/diplomacy-and-domestic-politics-the-logic-of-twolevel-games/B2E11FB757C4465C4097015BD421035F
- https://www.jstor.org/stable/2706785",1.0,0.0
"Acemoglu, D., & Robinson, J. A. (2001). The colonial origins of comparative development: An empirical investigation. American Economic Review.",Political Science,qwen35_397b_a17b,verified,"Acemoğlu, D., Johnson, S., & Robinson, J. A. (2001). The colonial origins of comparative development: An empirical investigation. *American Economic Review*, 91(5), 1369-1401. https://doi.org/10.1257/aer.91.5.1369",MATCH,CONTAINS,MATCH,MATCH,ABSENT,The Colonial Origins of Comparative Development: An Empirical Investigation,Daron Acemoğlu; Simon Johnson; James A. Robinson,2001.0,American Economic Review,10.1257/aer.91.5.1369,https://doi.org/10.1257/aer.91.5.1369,GOOGLE,3.0,0.0,1.0,1.0,0.0,The colonial origins of comparative development: An empirical investigation,The Colonial Origins of Comparative Development: An Empirical Investigation,"Acemoglu, D.; Robinson, J. A.",Daron Acemoğlu; Simon Johnson; James A. Robinson,2001.0,2001.0,American Economic Review,American Economic Review,,10.1257/aer.91.5.1369,1.0,1.0,1.0,GOOGLE,0.0,"✓ Title | ◐ Authors | ✓ Year | ✓ Venue | ○ ID

### Summary
This article was confirmed in the American Economic Review with the matching title ""The Colonial Origins of Comparative Development: An Empirical Investigation"" and the year 2001. The authors Acemoglu and Robinson were found as part of the author list, which also includes Simon Johnson.

### Details
A matching record was found with the exact title and year 2001. The journal name matched exactly as American Economic Review. The author list contains the original two authors Acemoglu and Robinson, along with an additional author, Simon Johnson, which is consistent with known versions of this publication. The DOI 10.1257/aer.91.5.1369 confirms the source.

- https://doi.org/10.1257/aer.91.5.1369",0.867,0.133
"Fiorina, M. P. (1978). Economic retrospective voting in American national elections: A micro-analysis. American Journal of Political Science.",Political Science,qwen35_397b_a17b,verified,"Fiorina, M. P. (1978). Economic retrospective voting in American national elections: A micro-analysis. *American Journal of Political Science*, 22(2), 426. https://doi.org/10.2307/2110623",MATCH,MATCH,MATCH,MATCH,ABSENT,Economic Retrospective Voting in American National Elections: A Micro-Analysis,Morris P. Fiorina,1978.0,American Journal of Political Science,10.2307/2110623,https://doi.org/10.2307/2110623,GOOGLE,4.0,0.0,0.0,1.0,0.0,Economic retrospective voting in American national elections: A micro-analysis,Economic Retrospective Voting in American National Elections: A Micro-Analysis,"Fiorina, M. P.",Morris P. Fiorina,1978.0,1978.0,American Journal of Political Science,American Journal of Political Science,,10.2307/2110623,1.0,1.0,1.0,GOOGLE,0.0,"✓ Title | ✓ Authors | ✓ Year | ✓ Venue | ○ ID

### Summary
This article was confirmed in the American Journal of Political Science with matching author Morris P. Fiorina and the year 1978. The title ""Economic Retrospective Voting in American National Elections: A Micro-Analysis"" was exactly matched.

### Details
A matching record was found with the exact title and year 1978. The author name matched with an abbreviation (M. P. Fiorina vs Morris P. Fiorina). The journal name also matched exactly. No identifier was provided in the citation, but the DOI 10.2307/2110623 corresponds to the article. The source URL is https://doi.org/10.2307/2110623.

- https://doi.org/10.2307/2110623",1.0,0.0
"Ostrom, E. (1999). Coping with tragedies of the commons. Annual Review of Political Science.",Political Science,qwen35_397b_a17b,verified,"Ostrom, E. (1999). Coping with tragedies of the commons. *Annual Review of Political Science*, 2(1), 493-535. https://doi.org/10.1146/annurev.polisci.2.1.493",MATCH,MATCH,MATCH,MATCH,ABSENT,COPING WITH TRAGEDIES OF THE COMMONS,Elinor Ostrom,1999.0,Annual Review of Political Science,10.1146/annurev.polisci.2.1.493,https://doi.org/10.1146/annurev.polisci.2.1.493,GOOGLE,4.0,0.0,0.0,1.0,0.0,Coping with tragedies of the commons.,COPING WITH TRAGEDIES OF THE COMMONS,"Ostrom, E.",Elinor Ostrom,1999.0,1999.0,Annual Review of Political Science,Annual Review of Political Science,,10.1146/annurev.polisci.2.1.493,1.0,1.0,1.0,GOOGLE,0.0,"✓ Title | ✓ Authors | ✓ Year | ✓ Venue | ○ ID

### Summary
This article was confirmed in the Annual Review of Political Science with matching author Elinor Ostrom and publication year 1999. The title ""Coping with tragedies of the commons"" was verified exactly as cited.

### Details
A matching record was found with the exact title and year 1999. The author listed as ""Ostrom, E."" corresponds to Elinor Ostrom, confirming the author match despite the difference in name format. The journal name also matched exactly. Although no identifier was provided in the original citation, the article is associated with DOI 10.1146/annurev.polisci.2.1.493, which links to the full article online.

- https://doi.org/10.1146/annurev.polisci.2.1.493",1.0,0.0
"Przeworski, A., & Limongi, F. (1997). Modernization: Theories and facts. World Politics.",Political Science,qwen35_397b_a17b,verified,"Przeworski, A., & Limongi, F. (1997). Modernization: Theories and facts. *World Politics*, 49(2), 155–183. https://doi.org/https://doi.org/10.1353/wp.1997.0004",MATCH,MATCH,MATCH,MATCH,ABSENT,Modernization: Theories and Facts,Adam Przeworski; Fernando Limongi,1997.0,World Politics,10.1353/wp.1997.0004,https://doi.org/10.1353/wp.1997.0004,GOOGLE,4.0,0.0,0.0,1.0,0.0,Modernization: Theories and facts,Modernization: Theories and Facts,"Przeworski, A.; Limongi, F.",Adam Przeworski; Fernando Limongi,1997.0,1997.0,World Politics,World Politics,,10.1353/wp.1997.0004,1.0,1.0,1.0,GOOGLE,0.0,"✓ Title | ✓ Authors | ✓ Year | ✓ Venue | ○ ID

### Summary
This article was confirmed in the journal World Politics with matching authors Adam Przeworski and Fernando Limongi, and the year 1997. The title ""Modernization: Theories and Facts"" was exactly matched, confirming the reference's accuracy.

### Details
A matching record was found with the exact title ""Modernization: Theories and Facts"" published in World Politics in 1997. The authors matched as the same individuals, though the citation used initials while the evidence had full names. The journal name and year matched exactly. The DOI 10.1353/wp.1997.0004 was identified, providing a direct link to the source.

- [DOI link](https://doi.org/10.1353/wp.1997.0004)",1.0,0.0
"Skinner, Q. (1969). Meaning and understanding in the history of ideas. History and Theory.",Political Science,qwen35_397b_a17b,verified,"Skinner, Q. (1969). Meaning and understanding in the history of ideas. *History and Theory*, 8(1), 3. https://doi.org/10.2307/2504188",MATCH,MATCH,MATCH,MATCH,ABSENT,Meaning and Understanding in the History of Ideas,Quentin Skinner,1969.0,History and Theory,10.2307/2504188,https://doi.org/10.2307/2504188,GOOGLE,4.0,0.0,0.0,1.0,0.0,Meaning and understanding in the history of ideas,Meaning and Understanding in the History of Ideas,"Skinner, Q.",Quentin Skinner,1969.0,1969.0,History and Theory,History and Theory,,10.2307/2504188,1.0,1.0,1.0,GOOGLE,0.0,"✓ Title | ✓ Authors | ✓ Year | ✓ Venue | ○ ID

### Summary
This article was confirmed in the journal History and Theory with matching author Quentin Skinner and the year 1969. The title ""Meaning and Understanding in the History of Ideas"" was verified exactly as cited.

### Details
A matching record was found with the exact title and author name corresponding to Quentin Skinner, confirming the citation's author initials. The year 1969 matched exactly, and the journal name History and Theory was also confirmed. Although no identifier was provided in the citation, the article is associated with the DOI 10.2307/2504188, accessible at https://doi.org/10.2307/2504188.

- https://doi.org/10.2307/2504188",1.0,0.0
"Downs, A. (1956). An economic theory of political action in a democracy. Journal of Political Economy.",Political Science,qwen35_397b_a17b,verified,"Downs, A. J. (1957). An economic theory of political action in a democracy. *Journal of Political Economy*, *65*(2), 135-150. https://doi.org/10.1086/257897",MATCH,MATCH,CONTAINS,MATCH,ABSENT,An Economic Theory of Political Action in a Democracy,Anthony J. Downs,1957.0,Journal of Political Economy,10.1086/257897,https://doi.org/10.1086/257897,GOOGLE,3.0,0.0,1.0,1.0,0.0,An economic theory of political action in a democracy.,An Economic Theory of Political Action in a Democracy,"Downs, A.",Anthony J. Downs,1956.0,1957.0,Journal of Political Economy,Journal of Political Economy,,10.1086/257897,1.0,1.0,1.0,GOOGLE,0.0,"✓ Title | ✓ Authors | ◐ Year | ✓ Venue | ○ ID

### Summary
This article was confirmed in the Journal of Political Economy with matching title, author, and journal name. The year differs slightly by one year, but this minor discrepancy does not affect the overall verification.

### Details
A matching record was found with the exact title ""An Economic Theory of Political Action in a Democracy"" and author Anthony J. Downs, which corresponds to the citation author Downs, A. The journal name ""Journal of Political Economy"" matched exactly. The citation year 1956 is close to the evidence year 1957, differing by only one year, which is a common minor variation in publication dates. No identifier was present in the citation. The DOI for the verified article is 10.1086/257897.

- [DOI link](https://doi.org/10.1086/257897)",0.9,0.1
"Krasner, S. D. (1982). Structural causes and regime consequences: Regimes as intervening variables. International Organization.",Political Science,qwen35_397b_a17b,verified,"Krasner, S. D. (1982). Structural causes and regime consequences: Regimes as intervening variables. *International Organization*, 36(2), 185-205. https://doi.org//https://doi.org/10.1017/s0020818300018920",MATCH,MATCH,MATCH,MATCH,ABSENT,Structural causes and regime consequences: regimes as intervening variables,Stephen D. Krasner,1982.0,International Organization,10.1017/s0020818300018920,https://doi.org/10.1017/s0020818300018920,GOOGLE,4.0,0.0,0.0,1.0,0.0,Structural causes and regime consequences: Regimes as intervening variables,Structural causes and regime consequences: regimes as intervening variables,"Krasner, S. D.",Stephen D. Krasner,1982.0,1982.0,International Organization,International Organization,,10.1017/s0020818300018920,1.0,1.0,1.0,GOOGLE,0.0,"✓ Title | ✓ Authors | ✓ Year | ✓ Venue | ○ ID

### Summary
This article was confirmed in the International Organization journal with matching authors and year. The title ""Structural causes and regime consequences: regimes as intervening variables"" was exactly matched, and the author Stephen D. Krasner corresponds to the citation's S. D. Krasner.

### Details
A matching record was found with the exact title and year 1982. The author name matched with the citation's initials representing Stephen D. Krasner. The journal name International Organization also matched exactly. The article is identified with DOI 10.1017/s0020818300018920, providing a direct link to the source.

- https://doi.org/10.1017/s0020818300018920",1.0,0.0
"Rosenstone, S. J., & Wolfinger, R. E. (1978). The effect of registration laws on voter turnout. American Political Science Review.",Political Science,qwen35_397b_a17b,verified,"Rosenstone, S. J., & Wolfinger, R. E. (1978). The effect of registration laws on voter turnout. *American Political Science Review*, 72(1), 22–45. https://doi.org/10.2307/1953597",MATCH,MATCH,MATCH,MATCH,ABSENT,The Effect of Registration Laws on Voter Turnout,Steven J. Rosenstone; Raymond E. Wolfinger,1978.0,American Political Science Review,10.2307/1953597,https://doi.org/10.2307/1953597,GOOGLE,4.0,0.0,0.0,1.0,0.0,The effect of registration laws on voter turnout,The Effect of Registration Laws on Voter Turnout,"Rosenstone, S. J.; Wolfinger, R. E.",Steven J. Rosenstone; Raymond E. Wolfinger,1978.0,1978.0,American Political Science Review,American Political Science Review,,10.2307/1953597,1.0,1.0,1.0,GOOGLE,0.0,"✓ Title | ✓ Authors | ✓ Year | ✓ Venue | ○ ID

### Summary
This article was confirmed in the American Political Science Review with matching authors Steven J. Rosenstone and Raymond E. Wolfinger, and the publication year 1978. The title ""The Effect of Registration Laws on Voter Turnout"" was verified exactly as cited.

### Details
A matching record was found with the exact title, authors (including matching initials and full names), year, and journal name. The article is published in volume 72, issue 1, pages 22-45 of the American Political Science Review by Cambridge University Press. The DOI 10.2307/1953597 and URL https://doi.org/10.2307/1953597 provide direct access to the source.

- https://doi.org/10.2307/1953597",1.0,0.0
"Fearon, J. D. (1995). Rationalist explanations for war. International Organization.",Political Science,qwen35_397b_a17b,verified,"Fearon, J. D. (1995). Rationalist explanations for war. *International Organization*, 49(3), 379-414. https://doi.org/10.1017/s0020818300033324",MATCH,MATCH,MATCH,MATCH,ABSENT,Rationalist explanations for war,James D. Fearon,1995.0,International Organization,10.1017/s0020818300033324,https://doi.org/10.1017/s0020818300033324,GOOGLE,4.0,0.0,0.0,1.0,0.0,Rationalist explanations for war,Rationalist explanations for war,"Fearon, J. D.",James D. Fearon,1995.0,1995.0,International Organization,International Organization,,10.1017/s0020818300033324,1.0,1.0,1.0,GOOGLE,0.0,"✓ Title | ✓ Authors | ✓ Year | ✓ Venue | ○ ID

### Summary
This article was confirmed in the journal International Organization with matching author James D. Fearon and the year 1995. The title ""Rationalist explanations for war"" was exactly matched, confirming the reference's accuracy.

### Details
A matching record was found with the exact title ""Rationalist explanations for war"" published in 1995 in International Organization. The author listed as James D. Fearon corresponds exactly to the citation's author initials J. D. Fearon. Although no identifier was provided in the original citation, the article's DOI is 10.1017/s0020818300033324, and it is accessible at https://doi.org/10.1017/s0020818300033324.

- https://doi.org/10.1017/s0020818300033324",1.0,0.0
"Blaabjerg, F., Teodorescu, R., Liserre, M., & Timbus, A. V. (2006). Overview of control and grid synchronization for distributed power generation systems. *IEEE Transactions on Industrial Electronics, 53*(5), 1398-1409.",Renewable energy,qwen35_397b_a17b,verified,"Blaabjerg, F., Teodorescu, R., Liserre, M., & Timbus, A. V. (2006). Overview of control and grid synchronization for distributed power generation systems. *IEEE Transactions on Industrial Electronics*, *53*(5), 1398–1409. https://doi.org/10.1109/tie.2006.881997",MATCH,MATCH,MATCH,MATCH,ABSENT,Overview of Control and Grid Synchronization for Distributed Power Generation Systems,Frede Blaabjerg; Remus Teodorescu; Marco Liserre; Adrian Timbus,2006.0,IEEE Transactions on Industrial Electronics,10.1109/tie.2006.881997,https://doi.org/10.1109/tie.2006.881997,GOOGLE,4.0,0.0,0.0,1.0,0.0,Overview of control and grid synchronization for distributed power generation systems,Overview of Control and Grid Synchronization for Distributed Power Generation Systems,"Blaabjerg, F.; Teodorescu, R.; Liserre, M.; Timbus, A. V.",Frede Blaabjerg; Remus Teodorescu; Marco Liserre; Adrian Timbus,2006.0,2006.0,IEEE Transactions on Industrial Electronics,IEEE Transactions on Industrial Electronics,,10.1109/tie.2006.881997,1.0,1.0,1.0,GOOGLE,0.0,"✓ Title | ✓ Authors | ✓ Year | ✓ Venue | ○ ID

### Summary
This article was confirmed in the IEEE Transactions on Industrial Electronics with matching authors and year. The title, authors, publication year, and journal all matched exactly, confirming the reference's accuracy.

### Details
A matching record was found with the exact title ""Overview of Control and Grid Synchronization for Distributed Power Generation Systems."" All four authors—Frede Blaabjerg, Remus Teodorescu, Marco Liserre, and Adrian Timbus—were identified in the same order, with initials corresponding correctly. The publication year 2006 and the journal IEEE Transactions on Industrial Electronics matched perfectly. Although no identifier was provided in the citation, the DOI 10.1109/tie.2006.881997 was found in the evidence, linking to the official publication page.

- https://doi.org/10.1109/tie.2006.881997
- https://2024.sci-hub.box/6723/ed6c6747fed14f57b999e4b5bfb27a9f/blaabjerg2006.pdf
- https://ui.adsabs.harvard.edu/abs/2006ITIE...53.1398B/abstract
- https://ieeexplore.ieee.org/document/881997",1.0,0.0
"Denholm, P., & Hand, M. (2011). Grid flexibility and storage required to achieve very high penetration of variable renewable electricity. *Energy Policy, 39*(3), 1817-1830.",Renewable energy,qwen35_397b_a17b,verified,"Denholm, P., & Hand, M. (2011). Grid flexibility and storage required to achieve very high penetration of variable renewable electricity. *Energy Policy*, 39(3), 1817-1830. https://doi.org/10.1016/j.enpol.2011.01.019",MATCH,MATCH,MATCH,MATCH,ABSENT,Grid flexibility and storage required to achieve very high penetration of variable renewable electricity,Paul Denholm; Maureen Hand,2011.0,Energy Policy,10.1016/j.enpol.2011.01.019,https://doi.org/10.1016/j.enpol.2011.01.019,GOOGLE,4.0,0.0,0.0,1.0,0.0,Grid flexibility and storage required to achieve very high penetration of variable renewable electricity,Grid flexibility and storage required to achieve very high penetration of variable renewable electricity,"Denholm, P.; Hand, M.",Paul Denholm; Maureen Hand,2011.0,2011.0,Energy Policy,Energy Policy,,10.1016/j.enpol.2011.01.019,1.0,1.0,1.0,GOOGLE,0.0,"✓ Title | ✓ Authors | ✓ Year | ✓ Venue | ○ ID

### Summary
This article was confirmed in Energy Policy with matching authors Paul Denholm and Maureen Hand, and the year 2011. The title and journal details matched exactly, verifying the reference.

### Details
A matching record was found with the exact title ""Grid flexibility and storage required to achieve very high penetration of variable renewable electricity."" The authors correspond to Paul Denholm and Maureen Hand, matching the citation initials. The year 2011 and the journal Energy Policy also matched exactly. The article's DOI is 10.1016/j.enpol.2011.01.019, providing a direct link to the source.

- https://doi.org/10.1016/j.enpol.2011.01.019",1.0,0.0
"Ellabban, O., Abu-Rub, H., & Blaabjerg, F. (2014). Renewable energy resources: Current status, future prospects and their enabling technology. *Renewable and Sustainable Energy Reviews, 39*, 748-764.",Renewable energy,qwen35_397b_a17b,verified,"Ellabban, O., Abu-Rub, H., & Blaabjerg, F. (2014). Renewable energy resources: Current status, future prospects and their enabling technology. *Renewable and Sustainable Energy Reviews*, 39, 748-764. https://doi.org/10.1016/j.rser.2014.07.113",MATCH,MATCH,MATCH,MATCH,ABSENT,"Renewable energy resources: Current status, future prospects and their enabling technology",Omar Ellabban; Haitham Abu‐Rub; Frede Blaabjerg,2014.0,Renewable and Sustainable Energy Reviews,10.1016/j.rser.2014.07.113,https://doi.org/10.1016/j.rser.2014.07.113,GOOGLE,4.0,0.0,0.0,1.0,0.0,"Renewable energy resources: Current status, future prospects and their enabling technology","Renewable energy resources: Current status, future prospects and their enabling technology","Ellabban, O.; Abu-Rub, H.; Blaabjerg, F.",Omar Ellabban; Haitham Abu‐Rub; Frede Blaabjerg,2014.0,2014.0,Renewable and Sustainable Energy Reviews,Renewable and Sustainable Energy Reviews,,10.1016/j.rser.2014.07.113,1.0,1.0,1.0,GOOGLE,0.0,"✓ Title | ✓ Authors | ✓ Year | ✓ Venue | ○ ID

### Summary
This article was confirmed in Renewable and Sustainable Energy Reviews with matching authors Omar Ellabban, Haitham Abu-Rub, and Frede Blaabjerg, and the publication year 2014. The title ""Renewable energy resources: Current status, future prospects and their enabling technology"" was verified exactly as cited.

### Details
A matching record was found with the exact title and author names, though the citation used initials while the evidence showed full names. The year 2014 and the journal Renewable and Sustainable Energy Reviews matched exactly. The article's volume 39 and page range 748-764 also correspond. The DOI 10.1016/j.rser.2014.07.113 confirms the source.

- https://doi.org/10.1016/j.rser.2014.07.113",1.0,0.0
Intergovernmental Panel on Climate Change. (2022). *Climate change 2022: Mitigation of climate change. Contribution of Working Group III to the Sixth Assessment Report of the Intergovernmental Panel on Climate Change*. Cambridge University Press.,Renewable energy,qwen35_397b_a17b,needs-human,Intergovernmental Panel on Climate Change. Working Group III. (2022). *Climate Change 2022: Mitigation of Climate Change : Working Group III Contribution to the Sixth Assessment Report of the Intergovernmental Panel on Climate Change*. http://books.google.com/books?id=JX8-0AEACAAJ&dq=Climate+Change+2022+-+Mitigation+of+Climate+Change+IPPC+Cambridge+University+Press+2022,CONTAINS,CONTAINS,MATCH,CONTAINS,ABSENT,Climate Change 2022,Intergovernmental Panel on Climate Change. Working Group III,2022.0,Working Group III Contribution to the Sixth Assessment Report of the Intergovernmental Panel on Climate Change,,http://books.google.com/books?id=JX8-0AEACAAJ&dq=Climate+Change+2022+-+Mitigation+of+Climate+Change+IPPC+Cambridge+University+Press+2022,GOOGLE,1.0,0.0,3.0,1.0,0.0,Climate change 2022: Mitigation of climate change. Contribution of Working Group III to the Sixth Assessment Report of the Intergovernmental Panel on Climate Change,Climate Change 2022,Intergovernmental Panel on Climate Change,Intergovernmental Panel on Climate Change. Working Group III,2022.0,2022.0,Cambridge University Press,Working Group III Contribution to the Sixth Assessment Report of the Intergovernmental Panel on Climate Change,,http://books.google.com/books?id=JX8-0AEACAAJ&dq=Climate+Change+2022+-+Mitigation+of+Climate+Change+IPPC+Cambridge+University+Press+2022,1.0,2.0,2.0,GOOGLE,0.0,"◐ Title | ◐ Authors | ✓ Year | ◐ Venue | ○ ID

### Summary
The reference to the 2022 report by the Intergovernmental Panel on Climate Change (IPCC) Working Group III on climate change mitigation needs human review due to some ambiguities. The title, authoring organization, year, and publisher information largely match, but the exact formal citation details and identifiers are not fully confirmed.

### Details
A matching record was found for the title ""Climate Change 2022"" with the extended subtitle indicating it is the Working Group III contribution to the Sixth Assessment Report of the IPCC. The authoring organization, Intergovernmental Panel on Climate Change Working Group III, is consistent with the citation. The year 2022 matches exactly. The publisher Cambridge University Press is associated with the report, though the venue is sometimes listed as the Working Group III contribution itself. No DOI or other unique identifier was found to conclusively verify the citation. The evidence includes Google Books entries and scholarly references confirming the report's existence and details, but the citation format and some metadata require human confirmation.

- http://books.google.com/books?id=JX8-0AEACAAJ&dq=Climate+Change+2022+-+Mitigation+of+Climate+Change+IPPC+Cambridge+University+Press+2022
- https://escholarship.org/uc/item/23n103jv
- https://gmd.copernicus.org/articles/15/9075/2022/gmd-15-9075-2022.html",0.6,0.4
International Energy Agency. (2023). *Renewables 2023: Analysis and forecast to 2028*. IEA Publications.,Renewable energy,qwen35_397b_a17b,verified,International Energy Agency. (2023). *Renewables 2023: Analysis and forecast to 2028*. IEA Publications. https://www.iea.org/reports/renewables-2023,MATCH,MATCH,MATCH,CONTAINS,ABSENT,Renewables 2023: Analysis and forecast to 2028,International Energy Agency,2023.0,IEA,,https://www.iea.org/reports/renewables-2023,GOOGLE,3.0,0.0,1.0,1.0,0.0,Renewables 2023: Analysis and forecast to 2028,Renewables 2023: Analysis and forecast to 2028,International Energy Agency,International Energy Agency,2023.0,2023.0,IEA Publications,IEA,,https://www.iea.org/reports/renewables-2023,1.0,1.0,1.0,GOOGLE,0.0,"✓ Title | ✓ Authors | ✓ Year | ◐ Venue | ○ ID

### Summary
This report titled ""Renewables 2023: Analysis and forecast to 2028"" by the International Energy Agency was confirmed with matching title, author, and year. The publisher ""IEA Publications"" is closely related to the organization ""IEA,"" supporting the venue match.

### Details
A matching record was found with the exact title ""Renewables 2023: Analysis and forecast to 2028"" and author ""International Energy Agency."" The publication year 2023 matched exactly. The venue was identified as ""IEA Publications,"" which is a sub-brand or imprint related to the International Energy Agency (IEA), indicating a related publisher rather than an exact name match. No digital identifier like a DOI was present in the citation. The report is available on the official IEA website: https://www.iea.org/reports/renewables-2023.

- https://www.iea.org/reports/renewables-2023
- https://managenergy.ec.europa.eu/publications/renewables-2023-analysis-and-forecast-2028_en?prefLang=sk
- https://www.scirp.org/reference/referencespapers?referenceid=3742515",0.9,0.1
"Jacobson, M. Z., Delucchi, M. A., Bauer, Z. A., Goodman, S. C., Chapman, W. E., Cameron, M. A., ... & Yachanin, A. S. (2017). 100% clean and renewable wind, water, and sunlight all-sector energy roadmaps for 139 countries of the world. *Joule, 1*(1), 108-121.",Renewable energy,qwen35_397b_a17b,verified,"Jacobson, M. Z., Delucchi, M. A., Bauer, Z. A. F., Goodman, S. B., Chapman, W. E., Cameron, M. A., Bozonnat, C., Chobadi, L., Clonts, H. A., Enevoldsen, P., Erwin, J. R., Fobi, S., Goldstrom, O. K., Hennessy, E. M., Liu, J., Lo, J. W., Meyer, C. B., Morris, S., Moy, K., ... & Yachanin, A. S. (2017). 100% Clean and Renewable Wind, Water, and Sunlight All-Sector Energy Roadmaps for 139 Countries of the World. *Joule*, *1*(1), 108-121. https://doi.org/10.1016/j.joule.2017.07.005",MATCH,CONTAINS,MATCH,MATCH,ABSENT,"100% Clean and Renewable Wind, Water, and Sunlight All-Sector Energy Roadmaps for 139 Countries of the World",Mark Z. Jacobson; Mark A. Delucchi; Zack A.F. Bauer; Stuart B. Goodman; William E. Chapman; Mary A. Cameron; Cedric Bozonnat; Liat Chobadi; Hailey A. Clonts; Peter Enevoldsen; Jenny R. Erwin; Simone Fobi; Owen K. Goldstrom; Eleanor M. Hennessy; Jingyi Liu; Jonathan W. Lo; Clayton B. Meyer; Sean Morris; Kevin Moy; Patrick L. O'Neill; Ivalin Petkov; Stephanie Redfern; Robin Schucker; Michael A. Sontag; Jingfan Wang; Eric J. Weiner; Alexander S. Yachanin,2017.0,Joule,10.1016/j.joule.2017.07.005,https://doi.org/10.1016/j.joule.2017.07.005,GOOGLE,3.0,0.0,1.0,1.0,0.0,"100% clean and renewable wind, water, and sunlight all-sector energy roadmaps for 139 countries of the world","100% Clean and Renewable Wind, Water, and Sunlight All-Sector Energy Roadmaps for 139 Countries of the World","Jacobson, M. Z.; Delucchi, M. A.; Bauer, Z. A.; Goodman, S. C.; Chapman, W. E.; Cameron, M. A.; ...; Yachanin, A. S.",Mark Z. Jacobson; Mark A. Delucchi; Zack A.F. Bauer; Stuart B. Goodman; William E. Chapman; Mary A. Cameron; Cedric Bozonnat; Liat Chobadi; Hailey A. Clonts; Peter Enevoldsen; Jenny R. Erwin; Simone Fobi; Owen K. Goldstrom; Eleanor M. Hennessy; Jingyi Liu; Jonathan W. Lo; Clayton B. Meyer; Sean Morris; Kevin Moy; Patrick L. O'Neill; Ivalin Petkov; Stephanie Redfern; Robin Schucker; Michael A. Sontag; Jingfan Wang; Eric J. Weiner; Alexander S. Yachanin,2017.0,2017.0,Joule,Joule,,10.1016/j.joule.2017.07.005,1.0,1.0,1.0,GOOGLE,0.0,"✓ Title | ◐ Authors | ✓ Year | ✓ Venue | ○ ID

### Summary
This article was confirmed in the journal Joule with matching title, authors, and year. The title ""100% Clean and Renewable Wind, Water, and Sunlight All-Sector Energy Roadmaps for 139 Countries of the World"" was exactly matched, and all cited authors were found within a larger author list.

### Details
A matching record was found with the exact title and year 2017. The journal name Joule matched exactly. The author list in the evidence included all cited authors plus additional contributors, confirming the citation authors as a subset. No identifier was present in the citation, but the DOI 10.1016/j.joule.2017.07.005 was found for the article. The article appears in volume 1, issue 1, pages 108-121.

- https://doi.org/10.1016/j.joule.2017.07.005",0.867,0.133
"Kabir, E., Kumar, P., Kumar, S., Adelodun, A. A., & Kim, K. H. (2018). Solar energy: Potential and future prospects. *Renewable and Sustainable Energy Reviews, 82*, 894-900.",Renewable energy,qwen35_397b_a17b,verified,"Kabir, E., Kumar, P., Kumar, S., Adelodun, A. A., & Kim, K.-H. (2017). Solar energy: Potential and future prospects. *Renewable and Sustainable Energy Reviews*, *82*, 894-900. https://doi.org/10.1016/j.rser.2017.09.094",MATCH,MATCH,CONTAINS,MATCH,ABSENT,Solar energy: Potential and future prospects,Ehsanul Kabir; Pawan Kumar; Sandeep Kumar; Adedeji A. Adelodun; Ki‐Hyun Kim,2017.0,Renewable and Sustainable Energy Reviews,10.1016/j.rser.2017.09.094,https://doi.org/10.1016/j.rser.2017.09.094,GOOGLE,3.0,0.0,1.0,1.0,0.0,Solar energy: Potential and future prospects.,Solar energy: Potential and future prospects,"Kabir, E.; Kumar, P.; Kumar, S.; Adelodun, A. A.; Kim, K. H.",Ehsanul Kabir; Pawan Kumar; Sandeep Kumar; Adedeji A. Adelodun; Ki‐Hyun Kim,2018.0,2017.0,Renewable and Sustainable Energy Reviews,Renewable and Sustainable Energy Reviews,,10.1016/j.rser.2017.09.094,1.0,1.0,1.0,GOOGLE,0.0,"✓ Title | ✓ Authors | ◐ Year | ✓ Venue | ○ ID

### Summary
This article was confirmed in Renewable and Sustainable Energy Reviews with matching authors and title. The publication year differs slightly, with the reference citing 2018 and the evidence showing 2017, but this minor discrepancy does not affect the overall verification.

### Details
A matching record was found with the exact title ""Solar energy: Potential and future prospects"" and the same five authors, though the names were formatted differently (initials vs full names). The journal name matched exactly. The year in the evidence is 2017, which is one year earlier than the cited 2018, a minor difference often seen in publication dates. No DOI was provided in the original reference, but the evidence includes a DOI: 10.1016/j.rser.2017.09.094.

- https://doi.org/10.1016/j.rser.2017.09.094",0.9,0.1
"Lund, H. (2007). Renewable energy strategies for sustainable development. *Energy, 32*(6), 912-919.",Renewable energy,qwen35_397b_a17b,verified,"Lund, H. (2006). Renewable energy strategies for sustainable development. *Energy*, 32(6), 912-919. https://doi.org/10.1016/j.energy.2006.10.017",MATCH,MATCH,CONTAINS,MATCH,ABSENT,Renewable energy strategies for sustainable development,Henrik Lund,2006.0,Energy,10.1016/j.energy.2006.10.017,https://doi.org/10.1016/j.energy.2006.10.017,GOOGLE,3.0,0.0,1.0,1.0,0.0,Renewable energy strategies for sustainable development.,Renewable energy strategies for sustainable development,"Lund, H.",Henrik Lund,2007.0,2006.0,Energy,Energy,,10.1016/j.energy.2006.10.017,1.0,1.0,1.0,GOOGLE,0.0,"✓ Title | ✓ Authors | ◐ Year | ✓ Venue | ○ ID

### Summary
This article was confirmed in the journal Energy with matching title and author. The publication year differs slightly by one year, but the core details align well.

### Details
A matching record was found with the exact title ""Renewable energy strategies for sustainable development"" and author Henrik Lund, corresponding to the citation's Lund, H. The journal name Energy matched exactly. The year in the evidence is 2006, which is one year earlier than the cited 2007, a minor discrepancy often seen in publication dates. The article details including volume 32, issue 6, and pages 912-919 also matched. The DOI 10.1016/j.energy.2006.10.017 confirms the source.

- https://doi.org/10.1016/j.energy.2006.10.017",0.9,0.1
"Singh, M., & Khare, V. (2011). Wind energy conversion systems: A review. *Renewable and Sustainable Energy Reviews, 15*(6), 2955-2964.",Renewable energy,qwen35_397b_a17b,unverified,Reference could not be verified.,CONTAINS,CONTRADICTION,CONTAINS,CONTRADICTION,ABSENT,Wind energy conversion system: A review,Tulika Shanker; Ravindra Kumar Singh,2012.0,2012 Students Conference on Engineering and Systems (Proceedings),10.1109/SCES.2012.6199044,https://ieeexplore.ieee.org/abstract/document/6199044/,GOOGLE,0.0,2.0,2.0,1.0,0.0,Wind energy conversion systems: A review.,Wind energy conversion system: A review,"Singh, M.; Khare, V.",Tulika Shanker; Ravindra Kumar Singh,2011.0,2012.0,Renewable and Sustainable Energy Reviews,2012 Students Conference on Engineering and Systems (Proceedings),,10.1109/SCES.2012.6199044,0.0,0.0,1.0,GOOGLE,0.0,"◐ Title | ✗ Authors | ◐ Year | ✗ Venue | ○ ID

### Summary
The reference could not be verified as the authors and publication venue do not match the provided citation. Although the title is very similar, the authors listed are completely different and the publication is from a conference proceeding rather than the stated journal.

### Details
A matching record was found with the title ""Wind energy conversion system: A review"" published in 2012 at the 2012 Students Conference on Engineering and Systems, authored by Tulika Shanker and Ravindra Kumar Singh. This differs from the citation authors Singh, M. and Khare, V. and the journal Renewable and Sustainable Energy Reviews from 2011. No DOI or other identifier was present in the original citation to confirm a match.

- https://ieeexplore.ieee.org/abstract/document/6199044/
- https://doi.org/10.1109/SCES.2012.6199044",0.0,1.0
"Sovacool, B. K. (2009). The cultural barriers to renewable energy and energy efficiency in the United States. *Technology in Society, 31*(4), 365-373.",Renewable energy,qwen35_397b_a17b,verified,"Sovacool, B. K. (2009). The cultural barriers to renewable energy and energy efficiency in the United States. *Technology in Society*, 31(4), 365-373. https://doi.org/10.1016/j.techsoc.2009.10.009",MATCH,MATCH,MATCH,MATCH,ABSENT,The cultural barriers to renewable energy and energy efficiency in the United States,Benjamin K. Sovacool,2009.0,Technology in Society,10.1016/j.techsoc.2009.10.009,https://doi.org/10.1016/j.techsoc.2009.10.009,GOOGLE,4.0,0.0,0.0,1.0,0.0,The cultural barriers to renewable energy and energy efficiency in the United States,The cultural barriers to renewable energy and energy efficiency in the United States,B. K. Sovacool,Benjamin K. Sovacool,2009.0,2009.0,Technology in Society,Technology in Society,,10.1016/j.techsoc.2009.10.009,1.0,1.0,1.0,GOOGLE,0.0,"✓ Title | ✓ Authors | ✓ Year | ✓ Venue | ○ ID

### Summary
This article was confirmed in the journal Technology in Society with matching authors and year. The title ""The cultural barriers to renewable energy and energy efficiency in the United States"" was found exactly as cited.

### Details
A matching record was found with the exact title, author Benjamin K. Sovacool, and publication year 2009. The journal name Technology in Society also matched perfectly. Although no identifier was provided in the original citation, the article corresponds to DOI 10.1016/j.techsoc.2009.10.009, confirming the reference's accuracy.

- [DOI link](https://doi.org/10.1016/j.techsoc.2009.10.009)",1.0,0.0
"Bhattacharyya, S. C. (2012). Rural electrification through decentralised off-grid systems in developing countries. *Renewable and Sustainable Energy Reviews*.",Rural electrification,qwen35_397b_a17b,verified-with-error,"Bhattacharyya, S. C. (2012). *Rural Electrification Through Decentralised Off-grid Systems in Developing Countries*. *Green energy and technology*. Springer Science+Business Media. https://doi.org/10.1007/978-1-4471-4673-5",MATCH,MATCH,MATCH,CONTRADICTION,ABSENT,Rural Electrification Through Decentralised Off-grid Systems in Developing Countries,Subhes C. Bhattacharyya,2012.0,Green energy and technology,10.1007/978-1-4471-4673-5,https://doi.org/10.1007/978-1-4471-4673-5,GOOGLE,3.0,1.0,0.0,1.0,0.0,Rural electrification through decentralised off-grid systems in developing countries,Rural Electrification Through Decentralised Off-grid Systems in Developing Countries,"Bhattacharyya, S. C.",Subhes C. Bhattacharyya,2012.0,2012.0,Renewable and Sustainable Energy Reviews,Green energy and technology,,10.1007/978-1-4471-4673-5,1.0,1.0,3.0,GOOGLE,0.0,"✓ Title | ✓ Authors | ✓ Year | ✗ Venue | ○ ID

### Summary
This reference was confirmed to be authored by Subhes C. Bhattacharyya in 2012 with the exact matching title ""Rural Electrification Through Decentralised Off-grid Systems in Developing Countries."" However, there is a discrepancy in the publication venue: the citation lists it as appearing in the journal ""Renewable and Sustainable Energy Reviews,"" but the verified source shows it published under ""Green energy and technology,"" a different venue.

### Details
A matching record was found with the exact title and author name corresponding to the citation. The year 2012 matched exactly. The venue, however, differs: the citation states ""Renewable and Sustainable Energy Reviews,"" while the evidence shows the work published by Springer under ""Green energy and technology."" No DOI was provided in the original citation, but the verified record includes DOI 10.1007/978-1-4471-4673-5. This suggests the reference is accurate in authorship, title, and year but has a minor error in the venue information.

- https://doi.org/10.1007/978-1-4471-4673-5
- https://link.springer.com/book/10.1007/978-1-4471-4673-5",0.6,0.4
"Palit, D., & Chaurey, A. (2011). Off-grid rural electrification experiences from South Asia. *Energy for Sustainable Development*.",Rural electrification,qwen35_397b_a17b,verified-with-error,"Palit, D., & Chaurey, A. (2011). Off-grid rural electrification experiences from South Asia: Status and best practices. *Energy for Sustainable Development*, 15, 266–276. https://www.sciencedirect.com/science/article/pii/S0973082611000500",CONTAINS,MATCH,MATCH,MATCH,ABSENT,Off-grid rural electrification experiences from South Asia: Status and best practices,D. Palit; A. Chaurey,2011.0,Energy for Sustainable Development,,https://www.sciencedirect.com/science/article/pii/S0973082611000500,GOOGLE,3.0,0.0,1.0,1.0,0.0,Off-grid rural electrification experiences from South Asia.,Off-grid rural electrification experiences from South Asia: Status and best practices,"Palit, D.; Chaurey, A.",D. Palit; A. Chaurey,2011.0,2011.0,Energy for Sustainable Development,Energy for Sustainable Development,,https://www.sciencedirect.com/science/article/pii/S0973082611000500,1.0,1.0,2.0,GOOGLE,0.0,"◐ Title | ✓ Authors | ✓ Year | ✓ Venue | ○ ID

### Summary
This article was confirmed in the journal Energy for Sustainable Development with matching authors Palit, D. and Chaurey, A., and the year 2011. The title matched closely, with the verified version including a subtitle ""Status and best practices,"" indicating it is the same or a closely related document.

### Details
A matching record was found with the title ""Off-grid rural electrification experiences from South Asia: Status and best practices,"" which contains the original title. Both authors and the publication year 2011 matched exactly. The journal name also matched perfectly. However, no DOI or other identifier was present in the original citation, which is a minor discrepancy. The article is accessible at [ScienceDirect](https://www.sciencedirect.com/science/article/pii/S0973082611000500).

- https://www.sciencedirect.com/science/article/pii/S0973082611000500",0.833,0.167
World Bank. (2017). *State of electricity access report 2017*. World Bank Group.,Rural electrification,qwen35_397b_a17b,verified,World Bank. (2017). *State of electricity access report 2017*. World Bank Group. https://openknowledge.worldbank.org/entities/publication/4c563278-6b5b-50cc-9867-83a3bb04bf5e,MATCH,MATCH,MATCH,CONTAINS,ABSENT,State of Electricity Access Report 2017,World Bank,2017.0,Open Knowledge Repository (World Bank),,https://openknowledge.worldbank.org/entities/publication/4c563278-6b5b-50cc-9867-83a3bb04bf5e,GOOGLE,3.0,0.0,1.0,1.0,0.0,State of electricity access report 2017,State of Electricity Access Report 2017,World Bank,World Bank,2017.0,2017.0,World Bank Group,Open Knowledge Repository (World Bank),,https://openknowledge.worldbank.org/entities/publication/4c563278-6b5b-50cc-9867-83a3bb04bf5e,1.0,1.0,3.0,GOOGLE,0.0,"✓ Title | ✓ Authors | ✓ Year | ◐ Venue | ○ ID

### Summary
This report titled ""State of Electricity Access Report 2017"" by the World Bank was confirmed with exact matching title, author, and year. The publication is associated with the World Bank Group, and the evidence was found in the World Bank's Open Knowledge Repository.

### Details
A matching record was found with the exact title ""State of Electricity Access Report 2017"" and author ""World Bank"" published in 2017. The venue in the citation is ""World Bank Group,"" while the evidence source is the Open Knowledge Repository, which is part of the World Bank's publication platform, indicating a close relationship. No digital object identifier (DOI) was present in the citation or evidence. The report is accessible at the World Bank's Open Knowledge Repository.

- https://openknowledge.worldbank.org/entities/publication/4c563278-6b5b-50cc-9867-83a3bb04bf5e
- https://documents.worldbank.org/en/publication/documents-reports/documentdetail/364571494517675149
- https://documents.worldbank.org/en/publication/documents-reports/documentdetail/285651494340762694",0.9,0.1
International Energy Agency. (2017). *Energy access outlook 2017: From poverty to prosperity*. International Energy Agency.,Rural electrification,qwen35_397b_a17b,verified,International Energy Agency. (2017). *Energy Access Outlook 2017: From Poverty to Prosperity*. International Energy Agency. https://www.iea.org/reports/energy-access-outlook-2017,MATCH,MATCH,MATCH,CONTAINS,ABSENT,Energy Access Outlook 2017: From Poverty to Prosperity,International Energy Agency,2017.0,World Energy Outlook Special Report,,https://www.iea.org/reports/energy-access-outlook-2017,GOOGLE,3.0,0.0,1.0,1.0,0.0,Energy access outlook 2017: From poverty to prosperity,Energy Access Outlook 2017: From Poverty to Prosperity,International Energy Agency,International Energy Agency,2017.0,2017.0,International Energy Agency,World Energy Outlook Special Report,,https://www.iea.org/reports/energy-access-outlook-2017,1.0,1.0,1.0,GOOGLE,0.0,"✓ Title | ✓ Authors | ✓ Year | ◐ Venue | ○ ID

### Summary
This report titled ""Energy Access Outlook 2017: From Poverty to Prosperity"" by the International Energy Agency was confirmed with matching title, author, and year. The publication is linked to the World Energy Outlook Special Report series by the same publisher, confirming the venue relationship.

### Details
A matching record was found with the exact title ""Energy Access Outlook 2017: From Poverty to Prosperity"" and author ""International Energy Agency"" published in 2017. The venue is identified as the World Energy Outlook Special Report, which is a publication produced by the International Energy Agency, explaining the containment relationship. No DOI was found, but the official report is available at the International Energy Agency website. The year 2017 matched exactly, and the publisher details align with the citation.

- https://www.iea.org/reports/energy-access-outlook-2017
- https://iea.blob.core.windows.net/assets/9a67c2fc-b605-4994-8eb5-29a0ac219499/WEO2017SpecialReport_EnergyAccessOutlook.pdf",0.9,0.1
"Khandker, S. R., Barnes, D. F., & Samad, H. A. (2013). The welfare impacts of rural electrification: A reassessment of the costs and benefits. *The Energy Journal*.",Rural electrification,qwen35_397b_a17b,unverified,Reference could not be verified.,MATCH,CONTAINS,CONTRADICTION,CONTRADICTION,ABSENT,The welfare impact of rural electrification: A reassessment of the costs and benefits,Independent Evaluation Group,2008.0,IEG An - Technical Report,,https://www.pseau.org/outils/ouvrages/world_bank_the_welfare_impact_of_rural_electrification_a_reassessment_of_the_costs_and_benefits_2008.pdf,GOOGLE,1.0,2.0,1.0,1.0,0.0,The welfare impacts of rural electrification: A reassessment of the costs and benefits.,The welfare impact of rural electrification: A reassessment of the costs and benefits,"Khandker, S. R.; Barnes, D. F.; Samad, H. A.",Independent Evaluation Group,2013.0,2008.0,The Energy Journal,IEG An - Technical Report,,https://www.pseau.org/outils/ouvrages/world_bank_the_welfare_impact_of_rural_electrification_a_reassessment_of_the_costs_and_benefits_2008.pdf,0.0,0.0,2.0,GOOGLE,0.0,"✓ Title | ◐ Authors | ✗ Year | ✗ Venue | ○ ID

### Summary
No matching article could be found for the 2013 publication in The Energy Journal by Khandker, Barnes, and Samad. Although the title matches exactly, the authors and publication year do not align with any records found.

### Details
A matching record was found with the exact title ""The welfare impact of rural electrification: A reassessment of the costs and benefits,"" but it is a 2008 World Bank technical report by the Independent Evaluation Group, not a 2013 journal article. The year 2013 and the journal ""The Energy Journal"" cited do not correspond to the 2008 report from the World Bank. No DOI or other identifiers were found to confirm the citation. Search results from OpenAlex and other scholarly sources did not locate a 2013 article matching the citation details.

- https://www.pseau.org/outils/ouvrages/world_bank_the_welfare_impact_of_rural_electrification_a_reassessment_of_the_costs_and_benefits_2008.pdf
- https://ideas.repec.org/b/wbk/wbpubs/6519.html",0.067,0.933
"Peters, M., Schmidt, T. S., & Watson, D. (2009). The challenges of rural electrification. *Energy Policy*.",Rural electrification,qwen35_397b_a17b,needs-human,"Peters, J., Harsdorff, M., & Ziegler, F. (2009). Rural electrification: Accelerating impacts with complementary services. *Energy for Sustainable Development*. https://www.sciencedirect.com/science/article/pii/S0973082609000088",CONTAINS,CONTRADICTION,MATCH,CONTAINS,ABSENT,Rural electrification: Accelerating impacts with complementary services,Jörg Peters; M. Harsdorff; F. Ziegler,2009.0,Energy for Sustainable Development,,https://www.sciencedirect.com/science/article/pii/S0973082609000088,GOOGLE,1.0,1.0,2.0,1.0,0.0,The challenges of rural electrification.,Rural electrification: Accelerating impacts with complementary services,"Peters, M.; Schmidt, T. S.; Watson, D.",Jörg Peters; M. Harsdorff; F. Ziegler,2009.0,2009.0,Energy Policy,Energy for Sustainable Development,,https://www.sciencedirect.com/science/article/pii/S0973082609000088,0.0,0.0,2.0,GOOGLE,0.0,"◐ Title | ✗ Authors | ✓ Year | ◐ Venue | ○ ID

### Summary
The reference could not be fully verified because the authors listed differ significantly from those in the closest matching article. While the year 2009 and the general topic of rural electrification align, the authors and journal titles do not match exactly, indicating this may be a different work.

### Details
A matching record was found for a 2009 article titled ""Rural electrification: Accelerating impacts with complementary services"" published in *Energy for Sustainable Development*. This article shares the year and a similar topic but has different authors (Jörg Peters, M. Harsdorff, F. Ziegler) compared to the cited authors (Peters, Schmidt, Watson). The cited journal *Energy Policy* and the matched journal *Energy for Sustainable Development* are distinct, though both published by Elsevier. No DOI or direct identifier was available in the citation to confirm a precise match.

- https://www.sciencedirect.com/science/article/pii/S0973082609000088",0.2,0.8
"Zomers, A. (2003). The challenge of rural electrification. *Energy for Sustainable Development*.",Rural electrification,qwen35_397b_a17b,verified,"Zomers, A. (2003). The challenge of rural electrification. *Energy Sustainable Development/Energy for sustainable development*, 7(1), 69-76. https://doi.org/10.1016/S0973-0826(08)60349-X",MATCH,MATCH,MATCH,MATCH,ABSENT,The challenge of rural electrification,Adriaan Zomers,2003.0,Energy Sustainable Development/Energy for sustainable development,10.1016/s0973-0826(08)60349-x,https://doi.org/10.1016/s0973-0826(08)60349-x,GOOGLE,4.0,0.0,0.0,1.0,0.0,The challenge of rural electrification.,The challenge of rural electrification,"Zomers, A.",Adriaan Zomers,2003.0,2003.0,Energy for Sustainable Development,Energy Sustainable Development/Energy for sustainable development,,10.1016/s0973-0826(08)60349-x,1.0,1.0,1.0,GOOGLE,0.0,"✓ Title | ✓ Authors | ✓ Year | ✓ Venue | ○ ID

### Summary
This article was confirmed in the journal Energy for Sustainable Development with matching author Adriaan Zomers and the year 2003. The title ""The challenge of rural electrification"" was exactly matched.

### Details
A matching record was found with the exact title ""The challenge of rural electrification"" and author Adriaan Zomers, which corresponds to the citation author ""Zomers, A."". The year 2003 matched exactly. The journal name matched as ""Energy for Sustainable Development"" despite a slight variation in formatting. No identifier was provided in the citation, but the matching record includes a DOI: 10.1016/s0973-0826(08)60349-x.

- https://doi.org/10.1016/s0973-0826(08)60349-x",1.0,0.0
"Ockwell, D., Mallett, A., Watson, J., & Urama, K. (2015). Low carbon innovation for rural electrification in Africa. *Energy Research & Social Science*.",Rural electrification,qwen35_397b_a17b,unverified,Reference could not be verified.,UNCONFIRMED,UNCONFIRMED,UNCONFIRMED,UNCONFIRMED,UNCONFIRMED,,,,,,,,,,,,,,,,,,,,,,,0.0,0.0,0.0,,0.0,"? Title | ? Authors | ? Year | ? Venue | ? ID

### Summary
No matching article could be found for the reference by Ockwell et al. (2015) titled ""Low carbon innovation for rural electrification in Africa"" in the journal Energy Research & Social Science.

### Details
A search in OpenAlex and Google Scholar did not return any records matching the title, authors, year, or journal. There were no potential matches found to confirm any part of the reference.

- [OpenAlex](https://openalex.org)
- [Google Scholar](https://scholar.google.com)",0.0,1.0
"Blechinger, P., Cader, C., Bertheau, P., Huyskens, H., Breyer, C., & Pleßmann, G. (2016). Global review of rural electrification strategies. *Renewable and Sustainable Energy Reviews*.",Rural electrification,qwen35_397b_a17b,needs-human,"Cader, C., Blechinger, P., & Bertheau, P. (2016). Electrification planning with focus on hybrid mini-grids–A comprehensive modelling approach for the Global South. *Energy Procedia*. https://www.sciencedirect.com/science/article/pii/S1876610216310773",CONTRADICTION,CONTAINS,MATCH,CONTAINS,ABSENT,Electrification planning with focus on hybrid mini-grids–A comprehensive modelling approach for the Global South,C. Cader; P. Blechinger; P. Bertheau,2016.0,Energy Procedia,,https://www.sciencedirect.com/science/article/pii/S1876610216310773,GOOGLE,1.0,1.0,2.0,1.0,0.0,Global review of rural electrification strategies.,Electrification planning with focus on hybrid mini-grids–A comprehensive modelling approach for the Global South,"Blechinger, P.; Cader, C.; Bertheau, P.; Huyskens, H.; Breyer, C.; Pleßmann, G.",C. Cader; P. Blechinger; P. Bertheau,2016.0,2016.0,Renewable and Sustainable Energy Reviews,Energy Procedia,,https://www.sciencedirect.com/science/article/pii/S1876610216310773,0.0,0.0,2.0,GOOGLE,0.0,"✗ Title | ◐ Authors | ✓ Year | ◐ Venue | ○ ID

### Summary
The reference could not be fully verified because the title in the original citation does not match the title found in the best potential match. While the authors and year correspond, the titles describe different documents with distinct focuses. This discrepancy means human review is needed to confirm the correct source.

### Details
A matching record was found with the authors C. Cader, P. Blechinger, and P. Bertheau, and the year 2016, which aligns with the original citation. However, the title in the found record is ""Electrification planning with focus on hybrid mini-grids–A comprehensive modelling approach for the Global South,"" differing significantly from the cited title ""Global review of rural electrification strategies."" The venues also differ: the original cites Renewable and Sustainable Energy Reviews, while the found record is from Energy Procedia, both published by Elsevier but distinct publications. No identifier such as a DOI was present to aid verification.

- https://www.sciencedirect.com/science/article/pii/S1876610216310773",0.1,0.9
"Mentis, D., Never, B., Baboli, A., & Kimmich, C. (2017). Electrification of rural areas in Kenya. *Energy for Sustainable Development*.",Rural electrification,qwen35_397b_a17b,unverified,Reference could not be verified.,CONTRADICTION,CONTRADICTION,MATCH,CONTRADICTION,ABSENT,Electrification pathways for Kenya–linking spatial electrification analysis and medium to long term energy planning,N. Moksnes; A. Korkovelos; D. Mentis,2017.0,Environmental Research Letters,,https://iopscience.iop.org/article/10.1088/1748-9326/aa7e18,GOOGLE,1.0,3.0,0.0,1.0,0.0,Electrification of rural areas in Kenya,Electrification pathways for Kenya–linking spatial electrification analysis and medium to long term energy planning,"Mentis, D.; Never, B.; Baboli, A.; Kimmich, C.",N. Moksnes; A. Korkovelos; D. Mentis,2017.0,2017.0,Energy for Sustainable Development,Environmental Research Letters,,https://iopscience.iop.org/article/10.1088/1748-9326/aa7e18,0.0,0.0,3.0,GOOGLE,0.0,"✗ Title | ✗ Authors | ✓ Year | ✗ Venue | ○ ID

### Summary
The reference could not be verified as matching the original citation. Although the year 2017 matches, the title, authors, and journal differ significantly from the original reference.

### Details
A matching record was found for a 2017 article titled ""Electrification pathways for Kenya–linking spatial electrification analysis and medium to long term energy planning"" published in *Environmental Research Letters*. This article has authors Moksnes, Korkovelos, and Mentis, which only partially overlaps with the original authorship. The original citation's title and journal, *Energy for Sustainable Development*, do not correspond to this record. No identifier was provided in the original reference to aid verification.

- https://iopscience.iop.org/article/10.1088/1748-9326/aa7e18",0.0,1.0
"Archambault, I.,Janosz, M., Morizot, J., & Pagani, L. (2009). Adolescent behavioral, affective, and cognitive engagement in school: Relationship to dropout. Journal of School Health, 79(9), 408-415.",School dropout,qwen35_397b_a17b,verified,"Archambault, I., Janosz, M., Morizot, J., & Pagani, L. S. (2009). Adolescent behavioral, affective, and cognitive engagement in school: Relationship to dropout. *Journal of School Health*, 79(9), 408-415. https://doi.org/10.1111/j.1746-1561.2009.00428.x",MATCH,MATCH,MATCH,MATCH,ABSENT,"Adolescent Behavioral, Affective, and Cognitive Engagement in School: Relationship to Dropout",Isabelle Archambault; Michel Janosz; Julien Morizot; Linda S. Pagani,2009.0,Journal of School Health,10.1111/j.1746-1561.2009.00428.x,https://doi.org/10.1111/j.1746-1561.2009.00428.x,GOOGLE,4.0,0.0,0.0,1.0,0.0,"Adolescent behavioral, affective, and cognitive engagement in school: Relationship to dropout","Adolescent Behavioral, Affective, and Cognitive Engagement in School: Relationship to Dropout","Archambault, I.; Janosz, M.; Morizot, J.; Pagani, L.",Isabelle Archambault; Michel Janosz; Julien Morizot; Linda S. Pagani,2009.0,2009.0,Journal of School Health,Journal of School Health,,10.1111/j.1746-1561.2009.00428.x,1.0,1.0,1.0,GOOGLE,0.0,"✓ Title | ✓ Authors | ✓ Year | ✓ Venue | ○ ID

### Summary
This article was confirmed in the Journal of School Health with matching authors and year. The title, authors, year, and journal all matched exactly, confirming the reference's accuracy.

### Details
A matching record was found with the exact title ""Adolescent Behavioral, Affective, and Cognitive Engagement in School: Relationship to Dropout."" The authors Isabelle Archambault, Michel Janosz, Julien Morizot, and Linda S. Pagani were confirmed, matching the citation despite differences in name formatting. The year 2009 and the journal ""Journal of School Health"" matched exactly. The article's DOI is 10.1111/j.1746-1561.2009.00428.x, providing a direct link to the source.

- https://doi.org/10.1111/j.1746-1561.2009.00428.x",1.0,0.0
"Battin-Pearson, S., Newcomb, M. D., Abbott, R. D., Hill, K. G., Catalano, R. F., & Hawkins, J. D. (2000). Predictors of early high school dropout: A test of five theories. Journal of Educational Psychology, 92(3), 568-582.",School dropout,qwen35_397b_a17b,verified,"Battin-Pearson, S., Newcomb, M. D., Abbott, R. D., Hemphill, S. A., Catalano, R. F., & Hawkins, J. D. (2000). Predictors of early high school dropout: A test of five theories. *Journal of Educational Psychology*, 92(3), 568-582. https://doi.org/10.1037/0022-0663.92.3.568",MATCH,MATCH,MATCH,MATCH,ABSENT,Predictors of early high school dropout: A test of five theories.,Sara Battin-Pearson; Michael D. Newcomb; Robert D. Abbott; Sheryl A. Hemphill; Richard F. Catalano; J. David Hawkins,2000.0,Journal of Educational Psychology,10.1037/0022-0663.92.3.568,https://doi.org/10.1037/0022-0663.92.3.568,GOOGLE,4.0,0.0,0.0,1.0,0.0,Predictors of early high school dropout: A test of five theories,Predictors of early high school dropout: A test of five theories.,"Battin-Pearson, S.; Newcomb, M. D.; Abbott, R. D.; Hill, K. G.; Catalano, R. F.; Hawkins, J. D.",Sara Battin-Pearson; Michael D. Newcomb; Robert D. Abbott; Sheryl A. Hemphill; Richard F. Catalano; J. David Hawkins,2000.0,2000.0,Journal of Educational Psychology,Journal of Educational Psychology,,10.1037/0022-0663.92.3.568,1.0,1.0,1.0,GOOGLE,0.0,"✓ Title | ✓ Authors | ✓ Year | ✓ Venue | ○ ID

### Summary
This article was confirmed in the Journal of Educational Psychology with matching authors and year. The title ""Predictors of early high school dropout: A test of five theories."" was exactly matched, and five of the six authors corresponded closely, with only one author name differing slightly but representing the same group.

### Details
A matching record was found with the exact title and year 2000. The journal name also matched perfectly. The authors mostly matched, with five of six authors corresponding between the citation and evidence, differing only in one author name format (Hill vs Hemphill). No identifier was present in the citation, but the DOI 10.1037/0022-0663.92.3.568 was found in the evidence. The article details, including volume 92, issue 3, and pages 568-582, were consistent with the citation.

- https://doi.org/10.1037/0022-0663.92.3.568
- https://psycnet.apa.org/record/2000-12129-015?doi=1",1.0,0.0
"Showalter, D., Klein, R., Johnson, J., & Hartman, S. L. (2017). *Why rural matters 2015-2016: The time is now*. Rural School and Community Trust.",School dropout prevention programs in rural areas,qwen35_397b_a17b,verified-with-error,"Showalter, D., Klein, R., Johnson, J., & Hartman, S. L. (2017). *Why Rural Matters 2015-2016: Understanding the Changing Landscape*. Rural School and Community Trust. https://files.eric.ed.gov/fulltext/ED590169.pdf",CONTAINS,MATCH,MATCH,MATCH,ABSENT,Why Rural Matters 2015-2016: Understanding the Changing Landscape,Daniel Showalter; Robert Klein; Jerry Johnson; Sara L. Hartman,2017.0,Rural School and Community Trust,,https://files.eric.ed.gov/fulltext/ED590169.pdf,GOOGLE,3.0,0.0,1.0,1.0,0.0,Why rural matters 2015-2016: The time is now,Why Rural Matters 2015-2016: Understanding the Changing Landscape,"Showalter, D.; Klein, R.; Johnson, J.; Hartman, S. L.",Daniel Showalter; Robert Klein; Jerry Johnson; Sara L. Hartman,2017.0,2017.0,Rural School and Community Trust,Rural School and Community Trust,,https://files.eric.ed.gov/fulltext/ED590169.pdf,1.0,1.0,1.0,GOOGLE,0.0,"◐ Title | ✓ Authors | ✓ Year | ✓ Venue | ○ ID

### Summary
This report was confirmed as published by the Rural School and Community Trust in 2017 with matching authors. The main title matches exactly, though the subtitle differs slightly, indicating a closely related edition or version.

### Details
A matching record was found for the report titled ""Why Rural Matters 2015-2016: Understanding the Changing Landscape"" authored by Daniel Showalter, Robert Klein, Jerry Johnson, and Sara L. Hartman, published in 2017 by the Rural School and Community Trust. The year and authors matched exactly, and the main title before the colon matched perfectly, while the subtitle showed minor differences. No digital identifier such as a DOI was found. The report is available at [ERIC](https://files.eric.ed.gov/fulltext/ED590169.pdf).

- https://files.eric.ed.gov/fulltext/ED590169.pdf
- https://eric.ed.gov/?id=ED590169
- https://www.instituteforchildsuccess.org/resource/rural-matters-2015-2016-understanding-changing-landscape/",0.833,0.167
"Barley, Z. A., & Beesley, A. D. (2007). Rural school success: What can we learn? *Journal of Research in Rural Education, 22*(1), 1-16.",School dropout prevention programs in rural areas,qwen35_397b_a17b,verified,"Barley, Z. A., & Beesley, A. D. (2007). Rural school success: What can we learn? *Journal of Research in Rural Education*, 22(1), 1–16. http://cep.org.au/files/2010/11/Rural-School-Success-What-can-We-learn.pdf",MATCH,MATCH,MATCH,MATCH,ABSENT,Rural School Success: What Can We Learn?.,Zoe A. Barley; Andrea D. Beesley,2007.0,Journal of Research in Rural Education,,http://cep.org.au/files/2010/11/Rural-School-Success-What-can-We-learn.pdf,GOOGLE,4.0,0.0,0.0,1.0,0.0,Rural school success: What can we learn?,Rural School Success: What Can We Learn?.,"Barley, Z. A.; Beesley, A. D.",Zoe A. Barley; Andrea D. Beesley,2007.0,2007.0,Journal of Research in Rural Education,Journal of Research in Rural Education,,http://cep.org.au/files/2010/11/Rural-School-Success-What-can-We-learn.pdf,1.0,1.0,1.0,GOOGLE,1.0,"✓ Title | ✓ Authors | ✓ Year | ✓ Venue | ○ ID

### Summary
This article was confirmed in the Journal of Research in Rural Education with matching authors Zoe A. Barley and Andrea D. Beesley, and the year 2007. The title ""Rural School Success: What Can We Learn?"" was exactly matched.

### Details
A matching record was found with the exact title, authors, year, and journal name as cited. The authors' names correspond exactly, with initials in the citation matching full names in the evidence. The year 2007 and the journal title also matched perfectly. Although no DOI was available, the citation details align fully with the verified record. The provided URL was checked but returned a 404 error, indicating the document may no longer be accessible at that link.

- http://cep.org.au/files/2010/11/Rural-School-Success-What-can-We-learn.pdf
- OpenAlex search results",1.0,0.0
"Dynarski, M., Clarke, L., Cobb, B., Finn, J., Rumberger, R., & Smink, J. (2008). *Dropout prevention practice guide (NCEE 2008-4025)*. Institute of Education Sciences.",School dropout prevention programs in rural areas,qwen35_397b_a17b,verified-with-error,"Dynarski, M., Clarke, L., Cobb, B., Finn, J. D., Rumberger, R. W., & Smink, J. (2008). *Dropout Prevention. IES Practice Guide. NCEE 2008-4025.* U.S. Department of Education, Institute of Education Sciences. https://files.eric.ed.gov/fulltext/ED502502.pdf",CONTAINS,MATCH,MATCH,CONTAINS,ABSENT,Dropout Prevention. IES Practice Guide. NCEE 2008-4025.,Mark Dynarski; Linda Clarke; Brian Cobb; Jeremy D. Finn; Russell W. Rumberger; Jay Smink,2008.0,"National Center for Education Evaluation and Regional Assistance, Institute of Education Sciences",,http://files.eric.ed.gov/fulltext/ED502502.pdf,GOOGLE,2.0,0.0,2.0,1.0,0.0,Dropout prevention practice guide (NCEE 2008-4025),Dropout Prevention. IES Practice Guide. NCEE 2008-4025.,"Dynarski, M.; Clarke, L.; Cobb, B.; Finn, J.; Rumberger, R.; Smink, J.",Mark Dynarski; Linda Clarke; Brian Cobb; Jeremy D. Finn; Russell W. Rumberger; Jay Smink,2008.0,2008.0,Institute of Education Sciences,"National Center for Education Evaluation and Regional Assistance, Institute of Education Sciences",,http://files.eric.ed.gov/fulltext/ED502502.pdf,1.0,1.0,1.0,GOOGLE,1.0,"◐ Title | ✓ Authors | ✓ Year | ◐ Venue | ○ ID

### Summary
This reference was confirmed as the same document titled ""Dropout Prevention. IES Practice Guide. NCEE 2008-4025"" published in 2008. The six authors matched exactly, though some use full names and others initials. The venue is a subunit of the Institute of Education Sciences, consistent with the citation. Minor differences in title formatting and venue naming explain the ""verified-with-error"" status.

### Details
A matching record was found with the title containing the key phrases ""Dropout Prevention"" and ""Practice Guide"" along with the identifier NCEE 2008-4025. The six authors matched perfectly in order, with one list using full names and the other initials. The year 2008 matched exactly. The venue in the citation is ""Institute of Education Sciences,"" while the evidence lists the ""National Center for Education Evaluation and Regional Assistance, Institute of Education Sciences,"" indicating a parent organization relationship. No DOI was present. The document is accessible at [http://files.eric.ed.gov/fulltext/ED502502.pdf](http://files.eric.ed.gov/fulltext/ED502502.pdf).

- http://files.eric.ed.gov/fulltext/ED502502.pdf",0.733,0.267
"Rumberger, R. W. (2011). *Dropping out: Why students drop out of high school and what can be done about it*. Harvard University Press.",School dropout prevention programs in rural areas,qwen35_397b_a17b,verified,"Rumberger, R. W. (2011). *Dropping Out: Why Students Drop Out of High School and What Can Be Done About It*. Harvard University Press. https://play.google.com/store/books/details?id=xc7qzKoMCCMC&source=gbs_api",MATCH,MATCH,MATCH,MATCH,ABSENT,Dropping Out: Why Students Drop Out of High School and What Can Be Done About It,Russell W. Rumberger,2011.0,Harvard University Press,,https://play.google.com/store/books/details?id=xc7qzKoMCCMC&source=gbs_api,GOOGLE,4.0,0.0,0.0,1.0,0.0,Dropping out: Why students drop out of high school and what can be done about it,Dropping Out: Why Students Drop Out of High School and What Can Be Done About It,"Rumberger, R. W.",Russell W. Rumberger,2011.0,2011.0,Harvard University Press,Harvard University Press,,https://play.google.com/store/books/details?id=xc7qzKoMCCMC&source=gbs_api,1.0,1.0,1.0,GOOGLE,0.0,"✓ Title | ✓ Authors | ✓ Year | ✓ Venue | ○ ID

### Summary
This book was confirmed as ""Dropping Out: Why Students Drop Out of High School and What Can Be Done About It"" by Russell W. Rumberger, published in 2011 by Harvard University Press. The title, author, year, and publisher all matched exactly.

### Details
A matching record was found with the exact title and author name, where ""Rumberger, R. W."" corresponds to ""Russell W. Rumberger."" The publication year 2011 and the publisher Harvard University Press also matched perfectly. Although no digital identifier like a DOI was present, the book is listed with ISBN 9780674063167 and is available through Google Books.

- https://play.google.com/store/books/details?id=xc7qzKoMCCMC&source=gbs_api",1.0,0.0
"Smink, J., & Reimer, M. S. (2016). *Dropout prevention strategies that work*. National Dropout Prevention Center.",School dropout prevention programs in rural areas,qwen35_397b_a17b,unverified,Reference could not be verified.,UNCONFIRMED,UNCONFIRMED,UNCONFIRMED,UNCONFIRMED,UNCONFIRMED,,,,,,,,,,,,,,,,,,,,,,,0.0,0.0,0.0,,0.0,"? Title | ? Authors | ? Year | ? Venue | ? ID

### Summary
No matching publication titled ""Dropout prevention strategies that work"" by Smink and Reimer from 2016 at the National Dropout Prevention Center was found. The search did not confirm the title, authors, year, or publisher details.

### Details
A thorough search found no records matching the exact title, authors, or year. Related works by Jay Smink and others on dropout prevention exist but with different titles and publication years, such as ""Strategies to Help Solve Our School Dropout Problem"" (2001) and ""Helping Students Graduate"" (2004). No evidence was found for a 2016 publication by Smink and Reimer under the given title or publisher.

- [Google Books search results](http://books.google.com)
- [Scholar search results](https://scholar.google.com)",0.0,1.0
"Cotton, K. (2001). *Schoolwide and classroom practices for dropout prevention*. Northwest Regional Educational Laboratory.",School dropout prevention programs in rural areas,qwen35_397b_a17b,unverified,Reference could not be verified.,UNCONFIRMED,UNCONFIRMED,UNCONFIRMED,UNCONFIRMED,UNCONFIRMED,,,,,,,,,,,,,,,,,,,,,,,0.0,0.0,0.0,,0.0,"? Title | ? Authors | ? Year | ? Venue | ? ID

### Summary
No matching record for the reference by Cotton (2001) titled ""Schoolwide and classroom practices for dropout prevention"" could be found in the available databases or search results.

### Details
A search in OpenAlex did not find any matching work, and a Google search returned no relevant results. None of the key details such as title, author, year, or publisher were confirmed due to lack of evidence.

- [OpenAlex](https://openalex.org)
- [Google Search](https://www.google.com)",0.0,1.0
"Sherman, J., & Sage, R. (2011). Sending off all your good ones: Rural brain drain and education. *Community Development, 42*(3), 351-367.",School dropout prevention programs in rural areas,qwen35_397b_a17b,unverified,Reference could not be verified.,CONTRADICTION,MATCH,MATCH,CONTRADICTION,ABSENT,"Sending Off All Your Good Treasures: Rural Schools, Brain-Drain, and Community Survival in the Wake of Economic Collapse.",J Sherman; R Sage,2011.0,Journal of Research in Rural Education,,https://jrre.psu.edu/sites/default/files/2019-08/26-11.pdf,GOOGLE,2.0,2.0,0.0,1.0,0.0,Sending off all your good ones: Rural brain drain and education,"Sending Off All Your Good Treasures: Rural Schools, Brain-Drain, and Community Survival in the Wake of Economic Collapse.","Sherman, J.; Sage, R.",J Sherman; R Sage,2011.0,2011.0,Community Development,Journal of Research in Rural Education,,https://jrre.psu.edu/sites/default/files/2019-08/26-11.pdf,0.0,0.0,1.0,GOOGLE,1.0,"✗ Title | ✓ Authors | ✓ Year | ✗ Venue | ○ ID

### Summary
The reference could not be verified because the title and journal do not match the found record. Although the authors and year are the same, the article found has a different title and was published in a different journal.

### Details
A matching record was found with the same authors (Sherman, J. and Sage, R.) and year (2011). However, the title in the found record is ""Sending Off All Your Good Treasures: Rural Schools, Brain-Drain, and Community Survival in the Wake of Economic Collapse,"" which differs significantly from the cited title. Additionally, the found article was published in the Journal of Research in Rural Education, not Community Development as cited. No DOI or other identifier was available to confirm the citation.

- https://jrre.psu.edu/sites/default/files/2019-08/26-11.pdf",0.0,1.0
"Monk, D. H. (2007). Recruiting and retaining high-quality teachers in rural areas. *The Future of Children, 17*(2), 129-148.",School dropout prevention programs in rural areas,qwen35_397b_a17b,verified,"Monk, D. H. (2007). Recruiting and retaining high-quality teachers in rural areas. *The Future of Children*, 17(1), 155-174. https://doi.org/10.1353/foc.2007.0009",MATCH,MATCH,MATCH,MATCH,ABSENT,Recruiting and Retaining High-Quality Teachers in Rural Areas,David H. Monk,2007.0,The Future of Children,10.1353/foc.2007.0009,https://doi.org/10.1353/foc.2007.0009,GOOGLE,4.0,0.0,0.0,1.0,0.0,Recruiting and retaining high-quality teachers in rural areas.,Recruiting and Retaining High-Quality Teachers in Rural Areas,"Monk, D. H.",David H. Monk,2007.0,2007.0,The Future of Children,The Future of Children,,10.1353/foc.2007.0009,1.0,1.0,1.0,GOOGLE,0.0,"✓ Title | ✓ Authors | ✓ Year | ✓ Venue | ○ ID

### Summary
This article was confirmed in The Future of Children with matching author David H. Monk and the year 2007. The title ""Recruiting and Retaining High-Quality Teachers in Rural Areas"" was verified exactly as cited.

### Details
A matching record was found with the exact title and author name variant (David H. Monk) in The Future of Children journal from 2007. Although the citation lists volume 17, issue 2, the verified source shows volume 17, issue 1, pages 155-174, which is a minor discrepancy but does not affect the overall match. The DOI 10.1353/foc.2007.0009 confirms the article's identity. Additional confirmation comes from multiple academic sources including JSTOR and ERIC.

- https://doi.org/10.1353/foc.2007.0009
- https://www.jstor.org/stable/4150024
- https://files.eric.ed.gov/fulltext/EJ795884.pdf",1.0,0.0
"Biddle, C., & Azano, A. P. (2016). Constructing and reconstructing the ""rural problem"" in education. *Review of Research in Rural Education, 31*(2), 1-15.",School dropout prevention programs in rural areas,qwen35_397b_a17b,needs-human,"Biddle, C., & Azano, A. P. (2016). Constructing and reconstructing the “rural school problem” a century of rural education research. *Review of research in education*. https://journals.sagepub.com/doi/abs/10.3102/0091732X16667700",CONTRADICTION,MATCH,MATCH,CONTAINS,ABSENT,Constructing and reconstructing the “rural school problem” a century of rural education research,C Biddle; AP Azano,2016.0,Review of research in education,10.3102/0091732X16667700,https://journals.sagepub.com/doi/abs/10.3102/0091732X16667700,GOOGLE,2.0,1.0,1.0,1.0,0.0,"Constructing and reconstructing the ""rural problem"" in education.",Constructing and reconstructing the “rural school problem” a century of rural education research,"Biddle, C.; Azano, A. P.",C Biddle; AP Azano,2016.0,2016.0,Review of Research in Rural Education,Review of research in education,,10.3102/0091732X16667700,0.0,0.0,1.0,GOOGLE,0.0,"✗ Title | ✓ Authors | ✓ Year | ◐ Venue | ○ ID

### Summary
The reference needs human review because the titles differ significantly, suggesting they may be different works despite having the same authors and year. The venue names are similar but not identical, adding to the uncertainty.

### Details
A matching record was found with the same authors (Biddle and Azano) and year (2016), but the title differs notably: the found title includes ""rural school problem"" and a subtitle about a century of rural education research, while the original reference mentions the ""rural problem"" in education. The venue is similar but not an exact match, with ""Review of research in education"" versus ""Review of Research in Rural Education."" No unique identifier was available to confirm the match definitively.

- https://journals.sagepub.com/doi/abs/10.3102/0091732X16667700",0.233,0.767
"Gamm, H. (2012). *Unequal ground: Schools and communities in rural America*. State University of New York Press.",School dropout prevention programs in rural areas,qwen35_397b_a17b,unverified,Reference could not be verified.,UNCONFIRMED,UNCONFIRMED,UNCONFIRMED,UNCONFIRMED,UNCONFIRMED,,,,,,,,,,,,,,,,,,,,,,,0.0,0.0,0.0,,0.0,"? Title | ? Authors | ? Year | ? Venue | ? ID

### Summary
No matching book titled ""Unequal ground: Schools and communities in rural America"" by H. Gamm from 2012 could be found in the available sources. The author, title, year, and publisher details could not be confirmed.

### Details
A search through Google Books and scholarly databases did not return any record matching the exact title, author, and year provided. The search results included books on related topics about rural education and equity but none matched the specific reference. No potential matches or identifiers were found to verify this book's existence or details.

- [Google Books](https://play.google.com/store/books)
- [ERIC](https://eric.ed.gov/)
- [Scholar Search]",0.0,1.0
"Rosenstone, S. J., & Wolfinger, R. N. (1978). The effect of registration laws on voter turnout. *American Political Science Review, 72*(1), 22-45.",Voter turnout,qwen35_397b_a17b,verified,"Rosenstone, S. J., & Wolfinger, R. E. (1978). The effect of registration laws on voter turnout. *American Political Science Review*, *72*(1), 22–45. https://doi.org/10.2307/1953597",MATCH,MATCH,MATCH,MATCH,ABSENT,The Effect of Registration Laws on Voter Turnout,Steven J. Rosenstone; Raymond E. Wolfinger,1978.0,American Political Science Review,10.2307/1953597,https://doi.org/10.2307/1953597,GOOGLE,4.0,0.0,0.0,1.0,0.0,The effect of registration laws on voter turnout,The Effect of Registration Laws on Voter Turnout,"Rosenstone, S. J.; Wolfinger, R. N.",Steven J. Rosenstone; Raymond E. Wolfinger,1978.0,1978.0,American Political Science Review,American Political Science Review,,10.2307/1953597,1.0,1.0,1.0,GOOGLE,0.0,"✓ Title | ✓ Authors | ✓ Year | ✓ Venue | ○ ID

### Summary
This article was confirmed in the American Political Science Review with matching authors Steven J. Rosenstone and Raymond E. Wolfinger, the year 1978, and the exact title ""The Effect of Registration Laws on Voter Turnout."" The journal name and publication details also matched perfectly.

### Details
A matching record was found with the exact title ""The Effect of Registration Laws on Voter Turnout."" Both authors were confirmed, with initials in the citation corresponding to full names in the evidence. The year 1978 matched exactly, as did the journal name American Political Science Review. No identifier was provided in the citation, but the DOI 10.2307/1953597 was found in the evidence, linking to the official publication. Additional confirmation came from multiple search results including JSTOR and Cambridge University Press.

- https://doi.org/10.2307/1953597
- https://www.jstor.org/stable/pdf/1953597.pdf
- https://www.cambridge.org/core/journals/american-political-science-review/article/effect-of-registration-laws-on-voter-turnout/E9ED1FC9155FE2CB1874D67C40F4591F",1.0,0.0
"Gerber, A. S., Green, D. P., & Larimer, C. W. (2008). Social pressure and voter turnout: Evidence from a large-scale field experiment. *American Political Science Review, 102*(1), 33-48.",Voter turnout,qwen35_397b_a17b,verified,"Gerber, A. S., Green, D. P., & Larimer, C. W. (2008). Social pressure and voter turnout: Evidence from a large-scale field experiment. *American Political Science Review*, *102*(1), 33-48. https://doi.org/10.1017/s000305540808009x",MATCH,MATCH,MATCH,MATCH,ABSENT,Social Pressure and Voter Turnout: Evidence from a Large-Scale Field Experiment,Alan S. Gerber; Donald P. Green; Christopher W. Larimer,2008.0,American Political Science Review,10.1017/s000305540808009x,https://doi.org/10.1017/s000305540808009x,GOOGLE,4.0,0.0,0.0,1.0,0.0,Social pressure and voter turnout: Evidence from a large-scale field experiment,Social Pressure and Voter Turnout: Evidence from a Large-Scale Field Experiment,"Gerber, A. S.; Green, D. P.; Larimer, C. W.",Alan S. Gerber; Donald P. Green; Christopher W. Larimer,2008.0,2008.0,American Political Science Review,American Political Science Review,,10.1017/s000305540808009x,1.0,1.0,1.0,GOOGLE,0.0,"✓ Title | ✓ Authors | ✓ Year | ✓ Venue | ○ ID

### Summary
This article was confirmed in the American Political Science Review with matching authors Alan S. Gerber, Donald P. Green, and Christopher W. Larimer, and the year 2008. The title ""Social Pressure and Voter Turnout: Evidence from a Large-Scale Field Experiment"" was verified exactly as cited.

### Details
A matching record was found with the exact title and author list, including full names corresponding to the initials in the citation. The publication year 2008 and journal name American Political Science Review matched perfectly. Although no identifier was provided in the citation, the article's DOI 10.1017/s000305540808009x was found, confirming the reference. The article appears in volume 102, issue 1, pages 33-48, published by Cambridge University Press.

- https://doi.org/10.1017/s000305540808009x",1.0,0.0
"Blais, A. (2006). What affects voter turnout? *Annual Review of Political Science, 9*, 111-125.",Voter turnout,qwen35_397b_a17b,verified,"Blais, A. (2005). What affects voter turnout? *Annual Review of Political Science*, 9(1), 111–125. https://doi.org/10.1146/annurev.polisci.9.070204.105121",MATCH,MATCH,CONTAINS,MATCH,ABSENT,WHAT AFFECTS VOTER TURNOUT?,André Blais,2005.0,Annual Review of Political Science,10.1146/annurev.polisci.9.070204.105121,https://doi.org/10.1146/annurev.polisci.9.070204.105121,GOOGLE,3.0,0.0,1.0,1.0,0.0,What affects voter turnout?,WHAT AFFECTS VOTER TURNOUT?,"Blais, A.",André Blais,2006.0,2005.0,Annual Review of Political Science,Annual Review of Political Science,,10.1146/annurev.polisci.9.070204.105121,1.0,1.0,1.0,GOOGLE,0.0,"✓ Title | ✓ Authors | ◐ Year | ✓ Venue | ○ ID

### Summary
This article titled ""What Affects Voter Turnout?"" by André Blais was confirmed in the Annual Review of Political Science with matching authors and journal. The publication year shows a minor discrepancy, with the citation listing 2006 and the evidence indicating 2005, but this is within an acceptable range.

### Details
A matching record was found with the exact title ""WHAT AFFECTS VOTER TURNOUT?"" and author André Blais, corresponding to the citation author ""Blais, A."" The journal name ""Annual Review of Political Science"" matched exactly. The year in the citation is 2006, while the evidence shows 2005, which is considered a minor difference likely due to publication timing. No identifier was provided in the citation. The article's DOI is 10.1146/annurev.polisci.9.070204.105121, and it is accessible at [https://doi.org/10.1146/annurev.polisci.9.070204.105121](https://doi.org/10.1146/annurev.polisci.9.070204.105121).

- https://doi.org/10.1146/annurev.polisci.9.070204.105121
- https://openalex.org/works/https://doi.org/10.1146/annurev.polisci.9.070204.105121",0.9,0.1
"Smets, K., & van Ham, C. (2013). The embarrassment of riches? A meta-analysis of individual-level research on voter turnout. *Electoral Studies, 32*(2), 344-359.",Voter turnout,qwen35_397b_a17b,verified,"Smets, K., & van Ham, C. (2013). The embarrassment of riches? A meta-analysis of individual-level research on voter turnout. *Electoral Studies*, 32(2), 344-359. https://doi.org/10.1016/j.electstud.2012.12.006",MATCH,MATCH,MATCH,MATCH,ABSENT,The embarrassment of riches? A meta-analysis of individual-level research on voter turnout,Kaat Smets; Carolien van Ham,2013.0,Electoral Studies,10.1016/j.electstud.2012.12.006,https://doi.org/10.1016/j.electstud.2012.12.006,GOOGLE,4.0,0.0,0.0,1.0,0.0,The embarrassment of riches? A meta-analysis of individual-level research on voter turnout,The embarrassment of riches? A meta-analysis of individual-level research on voter turnout,"Smets, K.; van Ham, C.",Kaat Smets; Carolien van Ham,2013.0,2013.0,Electoral Studies,Electoral Studies,,10.1016/j.electstud.2012.12.006,1.0,1.0,1.0,GOOGLE,0.0,"✓ Title | ✓ Authors | ✓ Year | ✓ Venue | ○ ID

### Summary
This article was confirmed in the journal Electoral Studies with matching authors Kaat Smets and Carolien van Ham, and the year 2013. The title and journal details matched exactly, confirming the reference's accuracy.

### Details
A matching record was found with the exact title ""The embarrassment of riches? A meta-analysis of individual-level research on voter turnout."" Both authors were confirmed, with initials in the citation matching full names in the evidence. The year 2013 and the journal Electoral Studies matched exactly. The article's DOI is 10.1016/j.electstud.2012.12.006, providing a direct link to the source.

- https://doi.org/10.1016/j.electstud.2012.12.006",1.0,0.0
"Green, D. P., Gerber, A. S., & Nickerson, D. W. (2003). Getting out the vote in local elections: Results from six door-to-door canvassing experiments. *Journal of Politics, 65*(4), 1083-1096.",Voter turnout,qwen35_397b_a17b,verified,"Green, D. P., Gerber, A. S., & Nickerson, D. W. (2003). Getting out the vote in local elections: Results from six door-to-door canvassing experiments. *The Journal of Politics*, 65(4), 1083-1096. https://doi.org/10.1111/1468-2508.t01-1-00126",MATCH,MATCH,MATCH,MATCH,ABSENT,Getting Out the Vote in Local Elections: Results from Six Door-to-Door Canvassing Experiments,Donald P. Green; Alan S. Gerber; David W. Nickerson,2003.0,The Journal of Politics,10.1111/1468-2508.t01-1-00126,https://doi.org/10.1111/1468-2508.t01-1-00126,GOOGLE,4.0,0.0,0.0,1.0,0.0,Getting out the vote in local elections: Results from six door-to-door canvassing experiments,Getting Out the Vote in Local Elections: Results from Six Door-to-Door Canvassing Experiments,"Green, D. P.; Gerber, A. S.; Nickerson, D. W.",Donald P. Green; Alan S. Gerber; David W. Nickerson,2003.0,2003.0,Journal of Politics,The Journal of Politics,,10.1111/1468-2508.t01-1-00126,1.0,1.0,1.0,GOOGLE,0.0,"✓ Title | ✓ Authors | ✓ Year | ✓ Venue | ○ ID

### Summary
This article was confirmed in The Journal of Politics with matching authors Donald P. Green, Alan S. Gerber, and David W. Nickerson, and the year 2003. The title and journal details matched exactly, confirming the reference.

### Details
A matching record was found with the exact title ""Getting Out the Vote in Local Elections: Results from Six Door-to-Door Canvassing Experiments."" The authors matched exactly, though one list used full names and the other initials. The year 2003 and the journal name ""The Journal of Politics"" matched perfectly, with only a minor difference in the leading article ""The"" which does not affect the match. No identifier was present in the citation, but the evidence included a DOI: 10.1111/1468-2508.t01-1-00126.

- https://doi.org/10.1111/1468-2508.t01-1-00126",1.0,0.0
"Leighley, J. E., & Nagler, J. (2007). Ideological diversity and voter turnout in the United States. *Political Research Quarterly, 60*(4), 583-593.",Voter turnout,qwen35_397b_a17b,unverified,Reference could not be verified.,UNCONFIRMED,UNCONFIRMED,UNCONFIRMED,UNCONFIRMED,UNCONFIRMED,,,,,,,,,,,,,,,,,,,,,,,0.0,0.0,0.0,,0.0,"? Title | ? Authors | ? Year | ? Venue | ? ID

### Summary
No matching article titled ""Ideological diversity and voter turnout in the United States"" by Leighley and Nagler from 2007 could be found in the searched databases or online sources. The reference could not be confirmed in Political Research Quarterly or other relevant sources.

### Details
A search in OpenAlex returned no matching work for this reference. Google search results did not reveal any article with the exact title or author combination from 2007. Related works by Jan Leighley on voter turnout and political behavior were found, but none matched the given citation details. No DOI or other identifiers were found to support verification.

- https://journals.sagepub.com/
- https://scholar.google.com/citations?user=1XMWY78AAAAJ&hl=en
- https://www.researchgate.net/publication/286299134_Who_votes_now_Demographics_issues_inequality_and_turnout_in_the_United_States",0.0,1.0
"Burden, B. C., Canon, D. T., Mayer, K. R., & Moynihan, D. P. (2014). Election laws, registration, and voter turnout. *Election Law Journal, 13*(1), 1-14.",Voter turnout,qwen35_397b_a17b,unverified,Reference could not be verified.,CONTRADICTION,MATCH,CONTAINS,CONTRADICTION,ABSENT,"Election Laws, Mobilization, and Turnout: The Unanticipated Consequences of Election Reform",Barry C. Burden; David T. Canon; Kenneth H. Mayer; Donald P. Moynihan,2013.0,American Journal of Political Science,10.1111/ajps.12063,https://doi.org/10.1111/ajps.12063,GOOGLE,1.0,2.0,1.0,1.0,0.0,"Election laws, registration, and voter turnout.","Election Laws, Mobilization, and Turnout: The Unanticipated Consequences of Election Reform","Burden, B. C.; Canon, D. T.; Mayer, K. R.; Moynihan, D. P.",Barry C. Burden; David T. Canon; Kenneth H. Mayer; Donald P. Moynihan,2014.0,2013.0,Election Law Journal,American Journal of Political Science,,10.1111/ajps.12063,0.0,0.0,1.0,GOOGLE,0.0,"✗ Title | ✓ Authors | ◐ Year | ✗ Venue | ○ ID

### Summary
The reference could not be verified because the title and journal do not match any found records, despite the authors being the same. The cited article's title and journal differ significantly from the closest matching publication.

### Details
A matching record was found with the same authors—Burden, Canon, Mayer, and Moynihan—but the title is ""Election Laws, Mobilization, and Turnout: The Unanticipated Consequences of Election Reform,"" published in the American Journal of Political Science in 2013. The cited article's title focuses on ""Election laws, registration, and voter turnout"" and is listed in the Election Law Journal in 2014, which does not correspond to any found records. The year differs slightly (2013 vs. 2014), and the venues are different journals with no clear relation. No DOI or other identifier was present in the citation to aid verification.

- https://doi.org/10.1111/ajps.12063
- https://onlinelibrary.wiley.com/doi/abs/10.1111/ajps.12063",0.0,1.0
"Highton, B. (2000). Resolving the controversy over the effect of voter registration on turnout. *Political Behavior, 22*(1), 1-14.",Voter turnout,qwen35_397b_a17b,unverified,Reference could not be verified.,UNCONFIRMED,UNCONFIRMED,UNCONFIRMED,UNCONFIRMED,UNCONFIRMED,,,,,,,,,,,,,,,,,,,,,,,0.0,0.0,0.0,,0.0,"? Title | ? Authors | ? Year | ? Venue | ? ID

### Summary
No matching article could be found for the reference by Highton (2000) titled ""Resolving the controversy over the effect of voter registration on turnout"" in Political Behavior. None of the key details such as title, authors, year, or journal were confirmed.

### Details
A search in OpenAlex returned no matching work. Additional searches found several articles by B. Highton related to voter registration and turnout, including some published in Political Behavior around 2000, but none matched the exact title or details of the original reference. The year 2000 and author B. Highton appeared in related works, but the specific article could not be located.

- https://www.annualreviews.org/content/journals/10.1146/annurev-polisci-051215-022822
- https://www.cambridge.org/core/journals/perspectives-on-politics/article/voter-registration-and-turnout-in-the-united-states/B923E70DBA76C8A0B23C1E6A243AD674
- https://link.springer.com/article/10.1023/A:1024851912336
- https://www.journals.uchicago.edu/doi/abs/10.1017/S0022381600053585
- https://link.springer.com/article/10.1023/A:1006651130422
- https://www.cambridge.org/core/journals/state-politics-and-policy-quarterly/article/how-postregistration-laws-affect-the-turnout-of-citizens-registered-to-vote/DF200E7EE2658F6D57A4D68EDF9558BE
- https://journals.sagepub.com/doi/abs/10.1177/0951629806061868",0.0,1.0
"Nickerson, D. W. (2008). Is voting contagious? Evidence from two field experiments. *American Political Science Review, 102*(1), 49-57.",Voter turnout,qwen35_397b_a17b,verified,"Nickerson, D. W. (2008). Is voting contagious? Evidence from two field experiments. *American Political Science Review*, 102(1), 49-57. https://doi.org/10.1017/s0003055408080039",MATCH,MATCH,MATCH,MATCH,ABSENT,Is Voting Contagious? Evidence from Two Field Experiments,David W. Nickerson,2008.0,American Political Science Review,10.1017/s0003055408080039,https://doi.org/10.1017/s0003055408080039,GOOGLE,4.0,0.0,0.0,1.0,0.0,Is voting contagious? Evidence from two field experiments,Is Voting Contagious? Evidence from Two Field Experiments,"Nickerson, D. W.",David W. Nickerson,2008.0,2008.0,American Political Science Review,American Political Science Review,,10.1017/s0003055408080039,1.0,1.0,1.0,GOOGLE,0.0,"✓ Title | ✓ Authors | ✓ Year | ✓ Venue | ○ ID

### Summary
This article was confirmed in the American Political Science Review with matching authors and year. The title ""Is Voting Contagious? Evidence from Two Field Experiments"" was exactly matched, and the author David W. Nickerson was verified despite the citation using initials.

### Details
A matching record was found with the exact title and year 2008. The author name matched as David W. Nickerson, corresponding to the citation's initials D. W. Nickerson. The journal name American Political Science Review matched exactly. No identifier was provided in the citation, but the DOI 10.1017/s0003055408080039 was found in the evidence, confirming the reference.

- https://doi.org/10.1017/s0003055408080039",1.0,0.0
"Martinez, M. D., & Gill, H. (2000). The effects of voter ID notification on voter turnout: Results from a field experiment. *Journal of Politics, 62*(2), 523-535.",Voter turnout,qwen35_397b_a17b,unverified,Reference could not be verified.,CONTAINS,CONTRADICTION,CONTRADICTION,CONTRADICTION,ABSENT,The effects of voter ID notification on voter turnout: Results from a large-scale field experiment,J Citrin; D P Green; M Levy,2014.0,"Election Law Journal: Rules, Politics, and Policy",10.1089/elj.2013.0209,https://journals.sagepub.com/doi/abs/10.1089/elj.2013.0209,GOOGLE,0.0,3.0,1.0,1.0,0.0,The effects of voter ID notification on voter turnout: Results from a field experiment.,The effects of voter ID notification on voter turnout: Results from a large-scale field experiment,"Martinez, M. D.; Gill, H.",J Citrin; D P Green; M Levy,2000.0,2014.0,Journal of Politics,"Election Law Journal: Rules, Politics, and Policy",,10.1089/elj.2013.0209,0.0,0.0,2.0,GOOGLE,0.0,"◐ Title | ✗ Authors | ✗ Year | ✗ Venue | ○ ID

### Summary
The reference could not be verified because the authors, year, and journal do not match any found records. Although the title is similar, the details point to a different publication.

### Details
A matching record was found with a very similar title but different authors (J Citrin, D P Green, M Levy instead of Martinez, M. D., & Gill, H.), a different year (2014 instead of 2000), and a different journal (Election Law Journal instead of Journal of Politics). The title in the found record includes ""large-scale"" in the subtitle, indicating a related but distinct work. No identifier was present in the original reference to aid verification.

- https://journals.sagepub.com/doi/abs/10.1089/elj.2013.0209
- https://www.povertyactionlab.org/evaluation/effects-voter-id-notification-voter-turnout-united-states
- https://ippsr.msu.edu/research/effects-voter-id-notification-voter-turnout-results-large-scale-field-experiment
- https://www.semanticscholar.org/paper/The-Effects-of-Voter-ID-Notification-on-Voter-%3A-a/2b21d17138d44841111aa7ac6896998db42b2616",0.0,1.0
"Smets, K., & van Ham, C. (2013). The embarrassment of riches? A meta-analysis of individual-level research on voter turnout. *Electoral Studies, 32*(2), 344-359.",Democratic elections,qwen35_397b_a17b,verified,"Smets, K., & van Ham, C. (2013). The embarrassment of riches? A meta-analysis of individual-level research on voter turnout. *Electoral Studies*, 32(2), 344-359. https://doi.org/https://doi.org/10.1016/j.electstud.2012.12.006",MATCH,MATCH,MATCH,MATCH,ABSENT,The embarrassment of riches? A meta-analysis of individual-level research on voter turnout,Kaat Smets; Carolien van Ham,2013,Electoral Studies,10.1016/j.electstud.2012.12.006,https://doi.org/10.1016/j.electstud.2012.12.006,GOOGLE,4,0,0,1,0,The embarrassment of riches? A meta-analysis of individual-level research on voter turnout,The embarrassment of riches? A meta-analysis of individual-level research on voter turnout,"Smets, K.; van Ham, C.",Kaat Smets; Carolien van Ham,2013,2013,Electoral Studies,Electoral Studies,,10.1016/j.electstud.2012.12.006,1,1,1,GOOGLE,0,"✓ Title | ✓ Authors | ✓ Year | ✓ Venue | ○ ID

### Summary
This article was confirmed in the journal Electoral Studies with matching authors Kaat Smets and Carolien van Ham, and the year 2013. The title and journal details matched exactly, confirming the reference.

### Details
A matching record was found with the exact title ""The embarrassment of riches? A meta-analysis of individual-level research on voter turnout."" The authors matched fully, with initials in the citation corresponding to full names in the evidence. The year 2013 and the journal Electoral Studies also matched exactly. The article's DOI is 10.1016/j.electstud.2012.12.006, providing a direct link to the source.

- https://doi.org/10.1016/j.electstud.2012.12.006",1.0,0.0
"Gomber, P., Koch, J. A., & Siering, M. (2017). Digital Finance and FinTech: current research and future research directions. Journal of Business Economics.",Digital financial services,qwen35_397b_a17b,verified,"Gomber, P., Koch, J.-A., & Siering, M. (2017). Digital Finance and FinTech: current research and future research directions. *Journal of Business Economics*, 87(5), 537-580. https://doi.org/10.1007/s11573-017-0852-x",MATCH,MATCH,MATCH,MATCH,ABSENT,Digital Finance and FinTech: current research and future research directions,Peter Gomber; Jascha-Alexander Koch; Michael Siering,2017,Journal of Business Economics,10.1007/s11573-017-0852-x,https://doi.org/10.1007/s11573-017-0852-x,GOOGLE,4,0,0,1,0,Digital Finance and FinTech: current research and future research directions.,Digital Finance and FinTech: current research and future research directions,"Gomber, P.; Koch, J. A.; Siering, M.",Peter Gomber; Jascha-Alexander Koch; Michael Siering,2017,2017,Journal of Business Economics.,Journal of Business Economics,,10.1007/s11573-017-0852-x,1,1,1,GOOGLE,0,"✓ Title | ✓ Authors | ✓ Year | ✓ Venue | ○ ID

### Summary
This article was confirmed in the Journal of Business Economics with matching authors Peter Gomber, Jascha-Alexander Koch, and Michael Siering, and the year 2017. The title ""Digital Finance and FinTech: current research and future research directions"" was exactly matched.

### Details
A matching record was found with the exact title and author names corresponding to the citation's abbreviated forms. The year 2017 and the journal name also matched exactly. Although no identifier was provided in the original citation, the article is associated with the DOI 10.1007/s11573-017-0852-x, confirming the reference. The article appears in volume 87, issue 5, pages 537-580 of the Journal of Business Economics.

- https://doi.org/10.1007/s11573-017-0852-x",1.0,0.0
"Arner, D. W., Barberis, J., & Buckley, R. P. (2015). The evolution of large-scale transformational change in financial services. International Journal of Law and Information Technology.",Digital financial services,qwen35_397b_a17b,unverified,Reference could not be verified.,UNCONFIRMED,UNCONFIRMED,UNCONFIRMED,UNCONFIRMED,UNCONFIRMED,,,,,,,,,,,,,,,,,,,,,,,0,0,0,,0,"? Title | ? Authors | ? Year | ? Venue | ? ID

### Summary
No matching article could be found for the reference by Arner, Barberis, and Buckley from 2015 titled ""The evolution of large-scale transformational change in financial services"" in the International Journal of Law and Information Technology.

### Details
A search through OpenAlex, Google, and Google Scholar did not return any records matching the title, authors, year, or journal. There were no potential matches found in any of the databases queried, indicating that this reference could not be verified.

- [OpenAlex](https://openalex.org)
- [Google](https://www.google.com)
- [Google Scholar](https://scholar.google.com)",0.0,1.0
"Lee, I., & Shin, Y. J. (2018). FinTech: Ecosystem, business models, investment decisions, and challenges. Business Horizons.",Digital financial services,qwen35_397b_a17b,verified,"Lee, I., & Shin, Y. J. (2017). Fintech: Ecosystem, business models, investment decisions, and challenges. *Business Horizons*, 61(1), 35-46. https://doi.org/10.1016/j.bushor.2017.09.003",MATCH,MATCH,CONTAINS,MATCH,ABSENT,"Fintech: Ecosystem, business models, investment decisions, and challenges",In Lee; Yong Jae Shin,2017,Business Horizons,10.1016/j.bushor.2017.09.003,https://doi.org/10.1016/j.bushor.2017.09.003,GOOGLE,3,0,1,1,0,"FinTech: Ecosystem, business models, investment decisions, and challenges.","Fintech: Ecosystem, business models, investment decisions, and challenges","Lee, I.; Shin, Y. J.",In Lee; Yong Jae Shin,2018,2017,Business Horizons,Business Horizons,,10.1016/j.bushor.2017.09.003,1,1,1,GOOGLE,0,"✓ Title | ✓ Authors | ◐ Year | ✓ Venue | ○ ID

### Summary
This article was confirmed in Business Horizons with matching authors Lee and Shin and a closely matching year. The title and journal name matched exactly, confirming the reference.

### Details
A matching record was found with the exact title ""Fintech: Ecosystem, business models, investment decisions, and challenges"" published in Business Horizons. The authors In Lee and Yong Jae Shin correspond to the cited Lee, I. and Shin, Y. J., showing a match despite initials versus full names. The year in the evidence is 2017, which is within one year of the cited 2018, considered acceptable. No identifier was provided in the citation, but the DOI 10.1016/j.bushor.2017.09.003 was found for the article. The source URL is https://doi.org/10.1016/j.bushor.2017.09.003.

- https://doi.org/10.1016/j.bushor.2017.09.003",0.9,0.1
"Philippon, T. (2016). The FinTech opportunity. NBER Working Paper.",Digital financial services,qwen35_397b_a17b,verified,"Philippon, T. (2016). The FinTech Opportunity (NBER Working Paper No. 22476). National Bureau of Economic Research. https://doi.org/10.3386/w22476",MATCH,MATCH,MATCH,MATCH,ABSENT,The FinTech Opportunity,Thomas Philippon,2016,NBER Working Paper No. 22476,10.3386/w22476,https://doi.org/10.3386/w22476,GOOGLE,4,0,0,1,0,The FinTech opportunity.,The FinTech Opportunity,"Philippon, T.",Thomas Philippon,2016,2016,NBER Working Paper,NBER Working Paper No. 22476,,10.3386/w22476,1,1,1,GOOGLE,0,"✓ Title | ✓ Authors | ✓ Year | ✓ Venue | ○ ID

### Summary
This working paper titled ""The FinTech Opportunity"" by Thomas Philippon was confirmed as published in the NBER Working Paper series in 2016. The authorship, title, year, and venue details all matched exactly, confirming the reference's accuracy.

### Details
A matching record was found with the exact title ""The FinTech Opportunity"" and author Thomas Philippon, corresponding to the year 2016. The venue was identified as the NBER Working Paper series, specifically paper number 22476, which aligns with the citation's mention of NBER Working Paper. Although the citation did not include a DOI, the evidence includes the DOI 10.3386/w22476, providing a direct link to the official publication. The detailed content and metadata from the source confirm the match.

- https://doi.org/10.3386/w22476
- http://www.nber.org/papers/w22476",1.0,0.0
"Ozili, P. K. (2018). Impact of digital finance on financial inclusion and stability. Borsa Istanbul Review.",Digital financial services,qwen35_397b_a17b,verified,"Ozili, P. K. (2018). Impact of digital finance on financial inclusion and stability. *Borsa Istanbul Review*, 18(4), 329-340. https://doi.org/10.1016/j.bir.2017.12.003",MATCH,MATCH,MATCH,MATCH,ABSENT,Impact of digital finance on financial inclusion and stability,Peterson K Ozili,2018,Borsa Istanbul Review,10.1016/j.bir.2017.12.003,https://doi.org/10.1016/j.bir.2017.12.003,GOOGLE,4,0,0,1,0,Impact of digital finance on financial inclusion and stability.,Impact of digital finance on financial inclusion and stability,"Ozili, P. K.",Peterson K Ozili,2018,2018,Borsa Istanbul Review,Borsa Istanbul Review,,10.1016/j.bir.2017.12.003,1,1,1,GOOGLE,0,"✓ Title | ✓ Authors | ✓ Year | ✓ Venue | ○ ID

### Summary
This article was confirmed in Borsa Istanbul Review with matching authors and year. The title ""Impact of digital finance on financial inclusion and stability"" was exactly matched, and the author Peterson K Ozili corresponds to the cited Ozili, P. K.

### Details
A matching record was found with the exact title and year 2018. The author name matched as a full name variant (Peterson K Ozili vs Ozili, P. K.). The article was published in Borsa Istanbul Review, volume 18, issue 4, pages 329-340. The DOI 10.1016/j.bir.2017.12.003 confirms the source.

- https://doi.org/10.1016/j.bir.2017.12.003",1.0,0.0
"Demery, C., & Arner, D. W. (2016). Regulatory sandboxes in FinTech. University of Hong Kong Faculty of Law Research Paper.",Digital financial services,qwen35_397b_a17b,needs-human,"Arner, D. W. (2016). *FinTech: Evolution and regulation*. Asian Institute of International Financial Law, University of Hong Kong. https://law.unimelb.edu.au/__data/assets/pdf_file/0011/1978256/D-Arner-FinTech-Evolution-Melbourne-June-2016.pdf",CONTRADICTION,CONTAINS,MATCH,CONTAINS,ABSENT,FinTech: Evolution and Regulation,Douglas W. Arner,2016,"Asian Institute of International Financial Law, University of Hong Kong",,https://law.unimelb.edu.au/__data/assets/pdf_file/0011/1978256/D-Arner-FinTech-Evolution-Melbourne-June-2016.pdf,GOOGLE,1,1,2,1,0,Regulatory sandboxes in FinTech,FinTech: Evolution and Regulation,C. Demery; D. W. Arner,Douglas W. Arner,2016,2016,University of Hong Kong Faculty of Law Research Paper,"Asian Institute of International Financial Law, University of Hong Kong",,https://law.unimelb.edu.au/__data/assets/pdf_file/0011/1978256/D-Arner-FinTech-Evolution-Melbourne-June-2016.pdf,0,0,3,GOOGLE,0,"✗ Title | ◐ Authors | ✓ Year | ◐ Venue | ○ ID

### Summary
The reference could not be conclusively verified because the title does not match the best available candidate document, even though the authors and year align. The cited work focuses specifically on ""Regulatory sandboxes in FinTech,"" while the closest found document is titled ""FinTech: Evolution and Regulation,"" indicating they are likely different publications.

### Details
A matching record was found for a 2016 publication by Douglas W. Arner affiliated with the University of Hong Kong, but the title ""FinTech: Evolution and Regulation"" differs from the cited title about regulatory sandboxes. The author list partially overlaps, with Douglas W. Arner present in both, but the cited reference includes an additional author, C. Demery. Both works are connected to the University of Hong Kong's Faculty of Law, but the difference in title and author composition suggests these are separate documents. No unique identifier was available to confirm a match.

- https://law.unimelb.edu.au/__data/assets/pdf_file/0011/1978256/D-Arner-FinTech-Evolution-Melbourne-June-2016.pdf",0.1,0.9
"Beck, T., Pamuk, H., Ramrattan, R., & Uras, B. R. (2018). Payment instruments, finance and development. Journal of Development Economics.",Digital financial services,qwen35_397b_a17b,verified,"Beck, T., Pamuk, H., Ramrattan, R., & Uras, B. (2018). Payment instruments, finance and development. *Journal of Development Economics*, 133, 162-186. https://doi.org/10.1016/j.jdeveco.2018.01.005",MATCH,MATCH,MATCH,MATCH,ABSENT,"Payment instruments, finance and development",Thorsten Beck; Haki Pamuk; Ravindra Ramrattan; Burak Uras,2018,Journal of Development Economics,10.1016/j.jdeveco.2018.01.005,https://doi.org/10.1016/j.jdeveco.2018.01.005,GOOGLE,4,0,0,1,0,"Payment instruments, finance and development","Payment instruments, finance and development","Beck, T.; Pamuk, H.; Ramrattan, R.; Uras, B. R.",Thorsten Beck; Haki Pamuk; Ravindra Ramrattan; Burak Uras,2018,2018,Journal of Development Economics,Journal of Development Economics,,10.1016/j.jdeveco.2018.01.005,1,1,1,GOOGLE,0,"✓ Title | ✓ Authors | ✓ Year | ✓ Venue | ○ ID

### Summary
This article was confirmed in the Journal of Development Economics with matching authors and year. The title ""Payment instruments, finance and development"" was verified exactly as cited.

### Details
A matching record was found with the exact title, the same four authors (Thorsten Beck, Haki Pamuk, Ravindra Ramrattan, Burak Uras), and the year 2018. The journal name also matched perfectly. Although no identifier was provided in the citation, the article corresponds to DOI 10.1016/j.jdeveco.2018.01.005, published by Elsevier BV in volume 133, pages 162-186.

- https://doi.org/10.1016/j.jdeveco.2018.01.005",1.0,0.0
"Suri, T., & Jack, W. (2016). The long-run poverty and gender impacts of mobile money. Science.",Digital financial services,qwen35_397b_a17b,verified,"Suri, T., & Jack, W. (2016). The long-run poverty and gender impacts of mobile money. *Science*, 354(6317), 1288-1292. https://doi.org/10.1126/science.aah5309",MATCH,MATCH,MATCH,MATCH,ABSENT,The long-run poverty and gender impacts of mobile money,Tavneet Suri; William Jack,2016,Science,10.1126/science.aah5309,https://doi.org/10.1126/science.aah5309,GOOGLE,4,0,0,1,0,The long-run poverty and gender impacts of mobile money,The long-run poverty and gender impacts of mobile money,"Suri, T.; Jack, W.",Tavneet Suri; William Jack,2016,2016,Science,Science,,10.1126/science.aah5309,1,1,1,GOOGLE,0,"✓ Title | ✓ Authors | ✓ Year | ✓ Venue | ○ ID

### Summary
This article was confirmed in the journal Science with matching authors Tavneet Suri and William Jack, and the publication year 2016. The title ""The long-run poverty and gender impacts of mobile money"" was verified exactly as cited.

### Details
A matching record was found with the exact title and author names corresponding to the citation. The year 2016 and the journal Science also matched perfectly. Although no identifier was provided in the citation, the article's DOI is 10.1126/science.aah5309, which links to the official publication. This confirms the reference is accurate and complete.

- https://doi.org/10.1126/science.aah5309",1.0,0.0
"Buchak, G., Matvos, G., Piskorski, M., & Seru, A. (2018). Fintech, regulatory arbitrage, and the rise of shadow banks. Journal of Financial Economics.",Digital financial services,qwen35_397b_a17b,verified,"Buchak, G., Matvos, G., Piskorski, T., & Seru, A. (2018). Fintech, regulatory arbitrage, and the rise of shadow banks. *Journal of Financial Economics*, 130(3), 453-483. https://doi.org/10.1016/j.jfineco.2018.03.011",MATCH,MATCH,MATCH,MATCH,ABSENT,"Fintech, regulatory arbitrage, and the rise of shadow banks",Greg Buchak; Gregor Matvos; Tomasz Piskorski; Amit Seru,2018,Journal of Financial Economics,10.1016/j.jfineco.2018.03.011,https://doi.org/10.1016/j.jfineco.2018.03.011,GOOGLE,4,0,0,1,0,"Fintech, regulatory arbitrage, and the rise of shadow banks","Fintech, regulatory arbitrage, and the rise of shadow banks","Buchak, G.; Matvos, G.; Piskorski, M.; Seru, A.",Greg Buchak; Gregor Matvos; Tomasz Piskorski; Amit Seru,2018,2018,Journal of Financial Economics,Journal of Financial Economics,,10.1016/j.jfineco.2018.03.011,1,1,1,GOOGLE,0,"✓ Title | ✓ Authors | ✓ Year | ✓ Venue | ○ ID

### Summary
This article was confirmed in the Journal of Financial Economics with matching authors Greg Buchak, Gregor Matvos, Tomasz Piskorski, and Amit Seru, and the publication year 2018. The title ""Fintech, regulatory arbitrage, and the rise of shadow banks"" was found to match exactly.

### Details
A matching record was found with the exact title and the same four authors, though the citation used initials while the evidence listed full names. The year 2018 and the journal name also matched exactly. The article is published in volume 130, issue 3, pages 453-483 of the Journal of Financial Economics, with DOI 10.1016/j.jfineco.2018.03.011.

- https://doi.org/10.1016/j.jfineco.2018.03.011",1.0,0.0
"Fuster, A., Plosser, M., Schnabl, P., & Vickery, J. (2019). The role of technology in mortgage lending. Review of Financial Studies.",Digital financial services,qwen35_397b_a17b,verified,"Fuster, A., Plosser, M., Schnabl, P., & Vickery, J. (2019). The role of technology in mortgage lending. *Review of Financial Studies*, 32(5), 1854-1899. https://doi.org/10.1093/rfs/hhz018",MATCH,MATCH,MATCH,MATCH,ABSENT,The Role of Technology in Mortgage Lending,Andreas Fuster; Matthew Plosser; Philipp Schnabl; James Vickery,2019,Review of Financial Studies,10.1093/rfs/hhz018,https://doi.org/10.1093/rfs/hhz018,GOOGLE,4,0,0,1,0,The role of technology in mortgage lending.,The Role of Technology in Mortgage Lending,"Fuster, A.; Plosser, M.; Schnabl, P.; Vickery, J.",Andreas Fuster; Matthew Plosser; Philipp Schnabl; James Vickery,2019,2019,Review of Financial Studies,Review of Financial Studies,,10.1093/rfs/hhz018,1,1,1,GOOGLE,0,"✓ Title | ✓ Authors | ✓ Year | ✓ Venue | ○ ID

### Summary
This article was confirmed in the Review of Financial Studies with matching authors Andreas Fuster, Matthew Plosser, Philipp Schnabl, and James Vickery, published in 2019. The title and journal details matched exactly.

### Details
A matching record was found with the exact title ""The Role of Technology in Mortgage Lending"" published in 2019 in the Review of Financial Studies. The four authors correspond exactly, with initials in the citation matching the full names in the evidence. Although no identifier was provided in the citation, the DOI 10.1093/rfs/hhz018 was found for the article. The URL check was unsuccessful due to access restrictions, but the bibliographic details confirm the match.

- https://doi.org/10.1093/rfs/hhz018",1.0,0.0
"Akerlof, G. A. (1970). The market for ""lemons"": Quality uncertainty and the market mechanism. *The Quarterly Journal of Economics, 84*(3), 488–500.",Economics,qwen35_397b_a17b,verified,"Akerlof, G. A. (1970). The market for ""lemons"": Quality uncertainty and the market mechanism. *The Quarterly Journal of Economics*, 84(3), 488-500. https://doi.org/10.2307/1879431",MATCH,MATCH,MATCH,MATCH,ABSENT,"The Market for ""Lemons"": Quality Uncertainty and the Market Mechanism",George A. Akerlof,1970,The Quarterly Journal of Economics,10.2307/1879431,https://doi.org/10.2307/1879431,GOOGLE,4,0,0,1,0,"The market for ""lemons"": Quality uncertainty and the market mechanism","The Market for ""Lemons"": Quality Uncertainty and the Market Mechanism","Akerlof, G. A.",George A. Akerlof,1970,1970,The Quarterly Journal of Economics,The Quarterly Journal of Economics,,10.2307/1879431,1,1,1,GOOGLE,0,"✓ Title | ✓ Authors | ✓ Year | ✓ Venue | ○ ID

### Summary
This article was confirmed in The Quarterly Journal of Economics with matching authors and year. The title ""The Market for \""Lemons\"": Quality Uncertainty and the Market Mechanism"" was exactly matched, and the author George A. Akerlof corresponds to the citation author G. A. Akerlof.

### Details
A matching record was found with the exact title and year 1970. The author name matched as an abbreviation versus full name but clearly refers to the same person. The journal name also matched exactly. The article is identified with DOI 10.2307/1879431 and is published by Oxford University Press. The volume 84, issue 3, and page range 488-500 correspond to the citation.

- https://doi.org/10.2307/1879431",1.0,0.0
"Coase, R. H. (1960). The problem of social cost. *Journal of Law and Economics, 3*, 1–44.",Economics,qwen35_397b_a17b,verified,"Coase, R. H. (1960). The problem of social cost. *Journal of Law and Economics*, 3(4), 1-118. https://doi.org/10.1002/9780470752135.ch1",MATCH,MATCH,MATCH,MATCH,ABSENT,The Problem of Social Cost,Ronald H. Coase,1960,Journal of Law and Economics,10.1002/9780470752135.ch1,https://doi.org/10.1002/9780470752135.ch1,GOOGLE,4,0,0,1,0,The problem of social cost,The Problem of Social Cost,"Coase, R. H.",Ronald H. Coase,1960,1960,Journal of Law and Economics,Journal of Law and Economics,,10.1002/9780470752135.ch1,1,1,1,GOOGLE,0,"✓ Title | ✓ Authors | ✓ Year | ✓ Venue | ○ ID

### Summary
This article was confirmed in the Journal of Law and Economics with matching authors and year. The title ""The Problem of Social Cost"" and the journal name matched exactly, and the author Ronald H. Coase was identified despite the use of initials in the citation.

### Details
A matching record was found with the exact title ""The Problem of Social Cost"" published in 1960 by Ronald H. Coase in the Journal of Law and Economics. The citation's author name ""Coase, R. H."" corresponds to ""Ronald H. Coase"" in the evidence, confirming the match. The volume and page range also align closely with the original citation. Although no DOI was provided in the citation, the evidence includes a DOI link (https://doi.org/10.1002/9780470752135.ch1) for the article. Additional searches found multiple sources confirming the article's details, including university and academic websites.

- https://doi.org/10.1002/9780470752135.ch1
- https://www.law.uchicago.edu/lawecon/coaseinmemoriam/problemofsocialcost
- https://www.sfu.ca/~wainwrig/Econ400/coase-socialcost.pdf
- https://en.wikipedia.org/wiki/The_Problem_of_Social_Cost",1.0,0.0
"Fama, E. F. (1970). Efficient capital markets: A review of theory and empirical work. *The Journal of Finance, 25*(2), 383–417.",Economics,qwen35_397b_a17b,verified,"Fama, E. F. (1970). Efficient Capital Markets: A Review of Theory and Empirical Work. *The Journal of Finance*, 25(2), 383. https://doi.org/10.2307/2325486",MATCH,MATCH,MATCH,MATCH,ABSENT,Efficient Capital Markets: A Review of Theory and Empirical Work,Eugene F. Fama,1970,The Journal of Finance,10.2307/2325486,https://doi.org/10.2307/2325486,GOOGLE,4,0,0,1,0,Efficient capital markets: A review of theory and empirical work.,Efficient Capital Markets: A Review of Theory and Empirical Work,"Fama, E. F.",Eugene F. Fama,1970,1970,The Journal of Finance,The Journal of Finance,,10.2307/2325486,1,1,1,GOOGLE,0,"✓ Title | ✓ Authors | ✓ Year | ✓ Venue | ○ ID

### Summary
This article was confirmed in The Journal of Finance with matching authors and year. The title ""Efficient Capital Markets: A Review of Theory and Empirical Work"" and the author Eugene F. Fama were exactly matched, along with the publication year 1970 and the journal name.

### Details
A matching record was found with the exact title and author name corresponding to Eugene F. Fama. The year 1970 matched exactly, and the article was published in The Journal of Finance. Although no identifier was provided in the original citation, the article is associated with the DOI 10.2307/2325486, confirming the reference.

- https://doi.org/10.2307/2325486",1.0,0.0
"Heckman, J. J. (1979). Sample selection bias as a specification error. *Econometrica, 47*(1), 153–161.",Economics,qwen35_397b_a17b,verified,"Heckman, J. J. (1979). Sample Selection Bias as a Specification Error. *Econometrica*, 47(1), 153-161. https://doi.org/10.2307/1912352",MATCH,MATCH,MATCH,MATCH,ABSENT,Sample Selection Bias as a Specification Error,James J. Heckman,1979,Econometrica,10.2307/1912352,https://doi.org/10.2307/1912352,GOOGLE,4,0,0,1,0,Sample selection bias as a specification error,Sample Selection Bias as a Specification Error,"Heckman, J. J.",James J. Heckman,1979,1979,Econometrica,Econometrica,,10.2307/1912352,1,1,1,GOOGLE,0,"✓ Title | ✓ Authors | ✓ Year | ✓ Venue | ○ ID

### Summary
This article was confirmed in Econometrica with matching author James J. Heckman and the year 1979. The title ""Sample Selection Bias as a Specification Error"" was exactly matched, confirming the reference's accuracy.

### Details
A matching record was found with the exact title and author, where ""Heckman, J. J."" corresponds to ""James J. Heckman."" The year 1979 and journal Econometrica matched exactly. Although no identifier was provided in the citation, the DOI 10.2307/1912352 was found for the article, supporting the verification.

- https://doi.org/10.2307/1912352",1.0,0.0
"Kydland, F. E., & Prescott, E. C. (1977). Rules rather than discretion: The inconsistency of optimal plans. *Journal of Political Economy, 85*(3), 473–492.",Economics,qwen35_397b_a17b,verified,"Kydland, F. E., & Prescott, E. C. (1977). Rules rather than discretion: The inconsistency of optimal plans. *Journal of Political Economy*, 85(3), 473-491. https://doi.org/10.1086/260580",MATCH,MATCH,MATCH,MATCH,ABSENT,Rules Rather than Discretion: The Inconsistency of Optimal Plans,Finn E. Kydland; Edward C. Prescott,1977,Journal of Political Economy,10.1086/260580,https://doi.org/10.1086/260580,GOOGLE,4,0,0,1,0,Rules rather than discretion: The inconsistency of optimal plans,Rules Rather than Discretion: The Inconsistency of Optimal Plans,"Kydland, F. E.; Prescott, E. C.",Finn E. Kydland; Edward C. Prescott,1977,1977,Journal of Political Economy,Journal of Political Economy,,10.1086/260580,1,1,1,GOOGLE,0,"✓ Title | ✓ Authors | ✓ Year | ✓ Venue | ○ ID

### Summary
This article was confirmed in the Journal of Political Economy with matching authors Finn E. Kydland and Edward C. Prescott, and the year 1977. The title ""Rules Rather than Discretion: The Inconsistency of Optimal Plans"" was exactly matched, as was the journal name.

### Details
A matching record was found with the exact title, authors, year, and journal name. The authors' full names correspond perfectly to the citation initials. The year 1977 matched exactly. Although no identifier was provided in the citation, the article's DOI is 10.1086/260580, confirming the match. The article appears in volume 85, issue 3, pages 473-491 of the Journal of Political Economy. The URL check for the DOI link returned access denied, likely due to paywall restrictions, but this does not affect the verification of the reference.

- https://doi.org/10.1086/260580",1.0,0.0
"Lucas, R. E. (1976). Econometric policy evaluation: A critique. *Carnegie-Rochester Conference Series on Public Policy, 1*, 19–46.",Economics,qwen35_397b_a17b,verified,"Lucas, R. E. (1976). Econometric policy evaluation: A critique. In *Carnegie-Rochester Conference Series on Public Policy* (Vol. 1, pp. 19-46). Elsevier BV. https://doi.org/10.1016/S0167-2231(76)80003-6",MATCH,MATCH,MATCH,MATCH,ABSENT,Econometric policy evaluation: A critique,Robert E. Lucas,1976,Carnegie-Rochester Conference Series on Public Policy,10.1016/s0167-2231(76)80003-6,https://doi.org/10.1016/s0167-2231(76)80003-6,GOOGLE,4,0,0,1,0,Econometric policy evaluation: A critique.,Econometric policy evaluation: A critique,"Lucas, R. E.",Robert E. Lucas,1976,1976,Carnegie-Rochester Conference Series on Public Policy,Carnegie-Rochester Conference Series on Public Policy,,10.1016/s0167-2231(76)80003-6,1,1,1,GOOGLE,0,"✓ Title | ✓ Authors | ✓ Year | ✓ Venue | ○ ID

### Summary
This article was confirmed in the Carnegie-Rochester Conference Series on Public Policy with matching authors and year. The title ""Econometric policy evaluation: A critique"" and the author Robert E. Lucas were exactly matched, along with the publication year 1976.

### Details
A matching record was found with the exact title and author name, where the citation's initials ""R. E. Lucas"" correspond to the full name ""Robert E. Lucas"" in the evidence. The year 1976 matched exactly, and the journal name was confirmed as ""Carnegie-Rochester Conference Series on Public Policy."" The article's DOI is 10.1016/s0167-2231(76)80003-6, providing a direct link to the source.

- [DOI link](https://doi.org/10.1016/s0167-2231(76)80003-6)",1.0,0.0
"Mankiw, N. G., Romer, D., & Weil, D. N. (1992). A contribution to the empirics of economic growth. *The Quarterly Journal of Economics, 107*(2), 407–437.",Economics,qwen35_397b_a17b,verified,"Mankiw, N. G., Römer, D., & Weil, D. (1992). A contribution to the empirics of economic growth. *The Quarterly Journal of Economics*, 107(2), 407-437. https://doi.org/10.2307/2118477",MATCH,MATCH,MATCH,MATCH,ABSENT,A Contribution to the Empirics of Economic Growth,N. Gregory Mankiw; Daniel Römer; David Weil,1992,The Quarterly Journal of Economics,10.2307/2118477,https://doi.org/10.2307/2118477,GOOGLE,4,0,0,1,0,A contribution to the empirics of economic growth.,A Contribution to the Empirics of Economic Growth,"Mankiw, N. G.; Romer, D.; Weil, D. N.",N. Gregory Mankiw; Daniel Römer; David Weil,1992,1992,The Quarterly Journal of Economics,The Quarterly Journal of Economics,,10.2307/2118477,1,1,1,GOOGLE,0,"✓ Title | ✓ Authors | ✓ Year | ✓ Venue | ○ ID

### Summary
This article was confirmed in The Quarterly Journal of Economics with matching authors Mankiw, Romer, and Weil, and the year 1992. The title ""A Contribution to the Empirics of Economic Growth"" was verified exactly as cited.

### Details
A matching record was found with the exact title and author set, including N. Gregory Mankiw, Daniel Römer, and David Weil. The publication year 1992 and journal name The Quarterly Journal of Economics matched perfectly. Although no identifier was provided in the citation, the article's DOI 10.2307/2118477 and URL https://doi.org/10.2307/2118477 were found, confirming the reference details.

- https://doi.org/10.2307/2118477",1.0,0.0
"Romer, P. M. (1990). Endogenous technological change. *Journal of Political Economy, 98*(5), S71–S102.",Economics,qwen35_397b_a17b,verified,"Romer, P. M. (1990). Endogenous technological change. *Journal of Political Economy*, 98(5, Part 2), S71–S102. https://doi.org/10.1086/261725",MATCH,MATCH,MATCH,MATCH,ABSENT,Endogenous Technological Change,Paul Romer,1990,Journal of Political Economy,10.1086/261725,https://doi.org/10.1086/261725,GOOGLE,4,0,0,1,0,Endogenous technological change.,Endogenous Technological Change,"Romer, P. M.",Paul Romer,1990,1990,Journal of Political Economy,Journal of Political Economy,,10.1086/261725,1,1,1,GOOGLE,0,"✓ Title | ✓ Authors | ✓ Year | ✓ Venue | ○ ID

### Summary
This article was confirmed in the Journal of Political Economy with matching author Paul Romer and the year 1990. The title ""Endogenous Technological Change"" was verified exactly as cited.

### Details
A matching record was found with the exact title ""Endogenous Technological Change"" published in 1990 in the Journal of Political Economy. The author Paul Romer corresponds exactly to the citation's author initials P. M. Romer. The journal name and publication year matched perfectly. Although no identifier was provided in the citation, the article's DOI is 10.1086/261725, confirming the source. The article appears in volume 98, issue 5, Part 2, pages S71–S102.

- https://doi.org/10.1086/261725",1.0,0.0
"Sen, A. (1977). Rational fools: A critique of the behavioral foundations of economic theory. *Philosophy & Public Affairs, 6*(4), 317–344.",Economics,qwen35_397b_a17b,verified,"Sen, A. K. (1977). Rational fools: A critique of the behavioral foundations of economic theory. *Philosophy & Public Affairs*, 6(4), 317–344. https://www.jstor.org/stable/pdf/2264946.pdf",MATCH,MATCH,MATCH,MATCH,ABSENT,Rational Fools: A Critique of the Behavioral Foundations of Economic Theory,Amartya K. Sen,1977,Philosophy & Public Affairs,,https://www.jstor.org/stable/pdf/2264946.pdf,GOOGLE,4,0,0,1,0,Rational fools: A critique of the behavioral foundations of economic theory.,Rational Fools: A Critique of the Behavioral Foundations of Economic Theory,"Sen, A.",Amartya K. Sen,1977,1977,Philosophy & Public Affairs,Philosophy & Public Affairs,,https://www.jstor.org/stable/pdf/2264946.pdf,1,1,1,GOOGLE,1,"✓ Title | ✓ Authors | ✓ Year | ✓ Venue | ○ ID

### Summary
This article was confirmed in Philosophy & Public Affairs with matching authors and year. The title ""Rational Fools: A Critique of the Behavioral Foundations of Economic Theory"" was verified exactly, and the author Amartya K. Sen corresponds to the cited Sen, A. The publication year 1977 and the journal name also matched perfectly.

### Details
A matching record was found with the exact title and author name, confirming the citation's accuracy. The year 1977 matched exactly, and the journal ""Philosophy & Public Affairs"" was confirmed as the publication venue. Although no DOI was provided, the article is accessible via stable URLs such as JSTOR and other academic repositories.

- https://www.jstor.org/stable/pdf/2264946.pdf
- http://kie.vse.cz/wp-content/uploads/Sen-1977.pdf
- https://philpapers.org/rec/SENRFA
- https://www.jstor.org/stable/2264946",1.0,0.0
"Stiglitz, J. E., & Weiss, A. (1981). Credit rationing in markets with imperfect information. *The American Economic Review, 71*(3), 393–410.",Economics,qwen35_397b_a17b,verified,"Stiglitz, J. E., & Weiss, A. (1981). Credit rationing in markets with imperfect information. *The American Economic Review*, 71(3), 393–410. https://doi.org/10.7916/d8v12ft1",MATCH,MATCH,MATCH,MATCH,ABSENT,Credit Rationing in Markets with Imperfect Information,Joseph E. Stiglitz; Andrew Weiss,1981,American Economic Review,10.7916/d8v12ft1,https://www.jstor.org/stable/pdfplus/1802787.pdf,GOOGLE,4,0,0,1,0,Credit rationing in markets with imperfect information,Credit Rationing in Markets with Imperfect Information,"Stiglitz, J. E.; Weiss, A.",Joseph E. Stiglitz; Andrew Weiss,1981,1981,The American Economic Review,American Economic Review,,10.7916/d8v12ft1,1,1,1,GOOGLE,1,"✓ Title | ✓ Authors | ✓ Year | ✓ Venue | ○ ID

### Summary
This article was confirmed in the American Economic Review with matching authors Joseph E. Stiglitz and Andrew Weiss, and the publication year 1981. The title ""Credit Rationing in Markets with Imperfect Information"" was found to match exactly, and the journal details correspond perfectly.

### Details
A matching record was found with the exact title and author names corresponding to Joseph E. Stiglitz and Andrew Weiss. The year 1981 matched exactly, and the journal name was confirmed as the American Economic Review, ignoring the leading article ""The"". Although no identifier was present in the original citation, the article is associated with the DOI 10.7916/d8v12ft1 and is accessible via JSTOR. The volume (71), issue (3), and page numbers (393-410) also align with the citation.

- https://www.jstor.org/stable/pdfplus/1802787.pdf
- https://doi.org/10.7916/d8v12ft1",1.0,0.0
"Black, P., & Wiliam, D. (1998). Assessment and classroom learning. *Assessment in Education: Principles, Policy & Practice, 5*(1), 7–74.",Education,qwen35_397b_a17b,verified,"Black, P., & Wiliam, D. (1998). Assessment and classroom learning. *Assessment in Education: Principles, Policy & Practice*, *5*(1), 7-74. https://doi.org/10.1080/0969595980050102",MATCH,MATCH,MATCH,MATCH,ABSENT,Assessment and Classroom Learning,Paul Black; Dylan Wiliam,1998,Assessment in Education Principles Policy and Practice,10.1080/0969595980050102,https://doi.org/10.1080/0969595980050102,GOOGLE,4,0,0,1,0,Assessment and classroom learning.,Assessment and Classroom Learning,"Black, P.; Wiliam, D.",Paul Black; Dylan Wiliam,1998,1998,"Assessment in Education: Principles, Policy & Practice",Assessment in Education Principles Policy and Practice,,10.1080/0969595980050102,1,1,1,GOOGLE,0,"✓ Title | ✓ Authors | ✓ Year | ✓ Venue | ○ ID

### Summary
This article was confirmed in the journal *Assessment in Education: Principles, Policy & Practice* with matching authors Paul Black and Dylan Wiliam, and the year 1998.

### Details
A matching record was found with the exact title ""Assessment and Classroom Learning."" Both authors correspond exactly, with initials and full names matching and the order preserved. The year 1998 matched exactly. The journal name matched despite minor differences in punctuation and spacing. No identifier was provided in the citation, but the DOI 10.1080/0969595980050102 was found for the article.

- https://doi.org/10.1080/0969595980050102",1.0,0.0
"Biggs, J. (1996). Enhancing teaching through constructive alignment. *Higher Education, 32*(3), 347–364.",Education,qwen35_397b_a17b,verified,"Biggs, J. (1996). Enhancing teaching through constructive alignment. *Higher Education*, 32(3), 347-364. https://doi.org/10.1007/bf00138871",MATCH,MATCH,MATCH,MATCH,ABSENT,Enhancing teaching through constructive alignment,John Biggs,1996,Higher Education,10.1007/bf00138871,https://doi.org/10.1007/bf00138871,GOOGLE,4,0,0,1,0,Enhancing teaching through constructive alignment.,Enhancing teaching through constructive alignment,"Biggs, J.",John Biggs,1996,1996,Higher Education,Higher Education,,10.1007/bf00138871,1,1,1,GOOGLE,0,"✓ Title | ✓ Authors | ✓ Year | ✓ Venue | ○ ID

### Summary
This article was confirmed in the journal Higher Education with matching author John Biggs and the year 1996. The title ""Enhancing teaching through constructive alignment"" was exactly matched.

### Details
A matching record was found with the exact title ""Enhancing teaching through constructive alignment"" and author John Biggs, confirming the citation's author and year 1996. The journal Higher Education also matched exactly. Although no identifier was provided in the citation, the evidence included a DOI (10.1007/bf00138871) and a URL linking to the official publication.

- https://doi.org/10.1007/bf00138871",1.0,0.0
"Darling-Hammond, L. (2000). Teacher quality and student achievement: A review of state policy evidence. *Education Policy Analysis Archives, 8*(1), 1–44.",Education,qwen35_397b_a17b,verified,"Darling-Hammond, L. (2000). Teacher quality and student achievement: A review of state policy evidence. *Education Policy Analysis Archives*, *8*(1), 1-44. https://doi.org/10.14507/epaa.v8n1.2000",MATCH,MATCH,MATCH,MATCH,ABSENT,Teacher Quality and Student Achievement: A Review of State Policy Evidence,Linda Darling‐Hammond,2000,Education Policy Analysis Archives,10.14507/epaa.v8n1.2000,https://epaa.asu.edu/index.php/epaa/article/view/392,GOOGLE,4,0,0,1,0,Teacher quality and student achievement: A review of state policy evidence,Teacher Quality and Student Achievement: A Review of State Policy Evidence,"Darling-Hammond, L.",Linda Darling‐Hammond,2000,2000,Education Policy Analysis Archives,Education Policy Analysis Archives,,10.14507/epaa.v8n1.2000,1,1,1,GOOGLE,0,"✓ Title | ✓ Authors | ✓ Year | ✓ Venue | ○ ID

### Summary
This article was confirmed in Education Policy Analysis Archives with matching authors and year. The title ""Teacher Quality and Student Achievement: A Review of State Policy Evidence"" was verified exactly, and the author Linda Darling-Hammond was matched despite the citation using an initial. The publication year 2000 and the journal name also matched perfectly.

### Details
A matching record was found with the exact title and author Linda Darling-Hammond, confirming the citation's accuracy. The year 2000 matched exactly, and the journal Education Policy Analysis Archives was confirmed as the publication venue. Although no DOI was provided in the original citation, the article is available online with DOI 10.14507/epaa.v8n1.2000. The article can be accessed at [https://epaa.asu.edu/index.php/epaa/article/view/392](https://epaa.asu.edu/index.php/epaa/article/view/392).

- https://epaa.asu.edu/index.php/epaa/article/view/392
- https://digitalcommons.usf.edu/usf_EPAA/360
- https://doi.org/10.14507/epaa.v8n1.2000",1.0,0.0
"Fredricks, J. A., Blumenfeld, P. C., & Paris, A. H. (2004). School engagement: Potential of the concept, state of the evidence. *Review of Educational Research, 74*(1), 59–109.",Education,qwen35_397b_a17b,verified,"Fredricks, J. A., Blumenfeld, P. C., & Paris, A. H. (2004). School engagement: Potential of the concept, state of the evidence. *Review of Educational Research*, 74(1), 59-109. https://doi.org/10.3102/00346543074001059",MATCH,MATCH,MATCH,MATCH,ABSENT,"School Engagement: Potential of the Concept, State of the Evidence",Jennifer A. Fredricks; Phyllis C. Blumenfeld; Alison H. Paris,2004,Review of Educational Research,10.3102/00346543074001059,https://doi.org/10.3102/00346543074001059,GOOGLE,4,0,0,1,0,"School engagement: Potential of the concept, state of the evidence","School Engagement: Potential of the Concept, State of the Evidence","Fredricks, J. A.; Blumenfeld, P. C.; Paris, A. H.",Jennifer A. Fredricks; Phyllis C. Blumenfeld; Alison H. Paris,2004,2004,Review of Educational Research,Review of Educational Research,,10.3102/00346543074001059,1,1,1,GOOGLE,1,"✓ Title | ✓ Authors | ✓ Year | ✓ Venue | ○ ID

### Summary
This article was confirmed in the Review of Educational Research with matching authors Jennifer A. Fredricks, Phyllis C. Blumenfeld, and Alison H. Paris, and the year 2004. The title ""School Engagement: Potential of the Concept, State of the Evidence"" was verified exactly as cited.

### Details
A matching record was found with the exact title and author names, confirming the citation's accuracy. The year 2004 and the journal name also matched perfectly. Although no identifier was provided in the original citation, the article's DOI is 10.3102/00346543074001059, linking to the official publication by SAGE Publishing.

- https://doi.org/10.3102/00346543074001059",1.0,0.0
"Hattie, J., & Timperley, H. (2007). The power of feedback. *Review of Educational Research, 77*(1), 81–112.",Education,qwen35_397b_a17b,verified,"Hattie, J., & Timperley, H. (2007). The Power of Feedback. *Review of Educational Research*, *77*(1), 81-112. https://doi.org/10.3102/003465430298487",MATCH,MATCH,MATCH,MATCH,ABSENT,The Power of Feedback,John Hattie; Helen Timperley,2007,Review of Educational Research,10.3102/003465430298487,https://doi.org/10.3102/003465430298487,GOOGLE,4,0,0,1,0,The power of feedback.,The Power of Feedback,"Hattie, J.; Timperley, H.",John Hattie; Helen Timperley,2007,2007,Review of Educational Research,Review of Educational Research,,10.3102/003465430298487,1,1,1,GOOGLE,0,"✓ Title | ✓ Authors | ✓ Year | ✓ Venue | ○ ID

### Summary
This article was confirmed in the Review of Educational Research with matching authors John Hattie and Helen Timperley, and the year 2007. The title ""The Power of Feedback"" and the journal details matched exactly.

### Details
A matching record was found with the exact title ""The Power of Feedback"" published in 2007 in the Review of Educational Research. The authors John Hattie and Helen Timperley correspond exactly to the citation. Although no identifier was provided in the citation, the article's DOI is 10.3102/003465430298487. The journal volume 77, issue 1, and page range 81-112 also match the citation details. The URL check indicated the content may be behind a paywall, but the bibliographic data confirms the match.

- https://doi.org/10.3102/003465430298487",1.0,0.0
"Ryan, R. M., & Deci, E. L. (2000). Self-determination theory and the facilitation of intrinsic motivation, social development, and well-being. *American Psychologist, 55*(1), 68–78.",Education,qwen35_397b_a17b,verified,"Ryan, R. M., & Deci, E. L. (2000). Self-determination theory and the facilitation of intrinsic motivation, social development, and well-being. *American Psychologist, 55*(1), 68-78. https://doi.org/10.1037/0003-066x.55.1.68",MATCH,MATCH,MATCH,MATCH,ABSENT,"Self-determination theory and the facilitation of intrinsic motivation, social development, and well-being.",Richard M. Ryan; Edward L. Deci,2000,American Psychologist,10.1037/0003-066x.55.1.68,https://doi.org/10.1037/0003-066x.55.1.68,GOOGLE,4,0,0,1,0,"Self-determination theory and the facilitation of intrinsic motivation, social development, and well-being","Self-determination theory and the facilitation of intrinsic motivation, social development, and well-being.","Ryan, R. M.; Deci, E. L.",Richard M. Ryan; Edward L. Deci,2000,2000,American Psychologist,American Psychologist,,10.1037/0003-066x.55.1.68,1,1,1,GOOGLE,0,"✓ Title | ✓ Authors | ✓ Year | ✓ Venue | ○ ID

### Summary
This article was confirmed in the American Psychologist journal with matching authors Richard M. Ryan and Edward L. Deci, and the publication year 2000. The title and journal details matched exactly.

### Details
A matching record was found with the exact title ""Self-determination theory and the facilitation of intrinsic motivation, social development, and well-being."" The authors correspond to the same individuals listed in the citation, though one uses full names and the other initials. The year 2000 and the journal American Psychologist matched exactly. The article's DOI is 10.1037/0003-066x.55.1.68, confirming the reference.

- https://doi.org/10.1037/0003-066x.55.1.68",1.0,0.0
"Tamim, R. M., Bernard, R. M., Borokhovski, E., Abrami, P. C., & Schmid, R. F. (2011). What forty years of research says about the impact of technology on learning: A second-order meta-analysis and validation study. *Review of Educational Research, 81*(1), 4–28.",Education,qwen35_397b_a17b,verified,"Tamim, R. M., Bernard, R. M., Borokhovski, E., Abrami, P. C., & Schmid, R. F. (2011). What forty years of research says about the impact of technology on learning: A second-order meta-analysis and validation study. *Review of Educational Research*, 81(1), 4-28. https://doi.org/https://doi.org/10.3102/0034654310393361",MATCH,MATCH,MATCH,MATCH,ABSENT,What forty years of research says about the impact of technology on learning: A second-order meta-analysis and validation study,R. M. Tamim; R. M. Bernard; E. Borokhovski; P. C. Abrami; R. F. Schmid,2011,Review of Educational Research,10.3102/0034654310393361,,GOOGLE,4,0,0,1,0,What forty years of research says about the impact of technology on learning: A second-order meta-analysis and validation study,What forty years of research says about the impact of technology on learning: A second-order meta-analysis and validation study,"Tamim, R. M.; Bernard, R. M.; Borokhovski, E.; Abrami, P. C.; Schmid, R. F.",R. M. Tamim; R. M. Bernard; E. Borokhovski; P. C. Abrami; R. F. Schmid,2011,2011,Review of Educational Research,Review of Educational Research,,10.3102/0034654310393361,1,1,1,GOOGLE,0,"✓ Title | ✓ Authors | ✓ Year | ✓ Venue | ○ ID

### Summary
This article was confirmed in the Review of Educational Research with matching authors and year. The title, authors, year, and journal all matched exactly with the citation provided.

### Details
A matching record was found with the exact title ""What forty years of research says about the impact of technology on learning: A second-order meta-analysis and validation study."" The list of five authors matched perfectly in both order and names. The publication year 2011 and the journal name Review of Educational Research also matched exactly. Although no identifier was present in the citation, the article was found through a scholar search with a DOI of 10.3102/0034654310393361 confirming the reference. The article is listed in volume 81, issue 1, pages 4-28.

- https://journals.sagepub.com/doi/abs/10.3102/0034654310393361",1.0,0.0
"Tschannen-Moran, M., & Woolfolk Hoy, A. (2001). Teacher efficacy: Capturing an elusive construct. *Teaching and Teacher Education, 17*(7), 783–805.",Education,qwen35_397b_a17b,verified,"Tschannen-Moran, M., & Woolfolk Hoy, A. (2001). Teacher efficacy: Capturing an elusive construct. *Teaching and Teacher Education*, 17(7), 783-805. https://doi.org/10.1016/S0742-051X(01)00036-1",MATCH,MATCH,MATCH,MATCH,ABSENT,Teacher efficacy: capturing an elusive construct,Megan Tschannen‐Moran; Anita Woolfolk Hoy,2001,Teaching and Teacher Education,10.1016/s0742-051x(01)00036-1,https://doi.org/10.1016/s0742-051x(01)00036-1,GOOGLE,4,0,0,1,0,Teacher efficacy: Capturing an elusive construct,Teacher efficacy: capturing an elusive construct,"Tschannen-Moran, M.; Woolfolk Hoy, A.",Megan Tschannen‐Moran; Anita Woolfolk Hoy,2001,2001,Teaching and Teacher Education,Teaching and Teacher Education,,10.1016/s0742-051x(01)00036-1,1,1,1,GOOGLE,0,"✓ Title | ✓ Authors | ✓ Year | ✓ Venue | ○ ID

### Summary
This article was confirmed in the journal Teaching and Teacher Education with matching authors Megan Tschannen-Moran and Anita Woolfolk Hoy, and the publication year 2001. The title ""Teacher efficacy: Capturing an elusive construct"" was exactly matched.

### Details
A matching record was found with the exact title, authors, year, and journal name. The authors' names matched fully, with one list using initials and the other full names, confirming the match. The year 2001 and the journal Teaching and Teacher Education matched exactly. The article's DOI is 10.1016/s0742-051x(01)00036-1, providing a direct link to the source.

- [DOI link](https://doi.org/10.1016/s0742-051x(01)00036-1)",1.0,0.0
Millennium Ecosystem Assessment. (2005). *Ecosystems and human well-being: Synthesis*. Island Press.,Environmental Science,qwen35_397b_a17b,unverified,Reference could not be verified.,UNCONFIRMED,UNCONFIRMED,UNCONFIRMED,UNCONFIRMED,UNCONFIRMED,,,,,,,,,,,,,,,,,,,,,,,0,0,0,,0,"? Title | ? Authors | ? Year | ? Venue | ? ID

### Summary
No matching record was found for the reference ""Millennium Ecosystem Assessment. (2005). Ecosystems and human well-being: Synthesis. Island Press."" This means the system could not confirm the existence of this exact book or publication in the searched databases.

### Details
A search was conducted across multiple sources including Google Books, but no evidence was found that matches the title, authorship, year, or publisher details provided. The search results returned other books related to environmental topics and Island Press publications, but none corresponded to the Millennium Ecosystem Assessment synthesis report from 2005. No DOI or other identifiers were found to support verification.

- [Google Books](https://books.google.com)",0.0,1.0
Intergovernmental Science-Policy Platform on Biodiversity and Ecosystem Services. (2019). *Global assessment report on biodiversity and ecosystem services*. IPBES Secretariat.,Environmental Science,qwen35_397b_a17b,verified-with-error,"Intergovernmental Science-Policy Platform on Biodiversity and Ecosystem Services (IPBES). (2019). *Global assessment report on biodiversity and ecosystem services of the Intergovernmental Science-Policy Platform on Biodiversity and Ecosystem Services*. IPBES secretariat, Bonn, Germany. 1148 pages. ISBN 978-3-947851-20-1. https://doi.org/10.5281/zenodo.3831673",CONTAINS,MATCH,MATCH,MATCH,ABSENT,Global assessment report on biodiversity and ecosystem services of the Intergovernmental Science-Policy Platform on Biodiversity and Ecosystem Services,Intergovernmental Science-Policy Platform on Biodiversity and Ecosystem Services (IPBES),2019,"IPBES secretariat, Bonn, Germany",10.5281/zenodo.3831673,https://doi.org/10.5281/zenodo.3831673,GOOGLE,3,0,1,1,0,Global assessment report on biodiversity and ecosystem services,Global assessment report on biodiversity and ecosystem services of the Intergovernmental Science-Policy Platform on Biodiversity and Ecosystem Services,Intergovernmental Science-Policy Platform on Biodiversity and Ecosystem Services,Intergovernmental Science-Policy Platform on Biodiversity and Ecosystem Services (IPBES),2019,2019,IPBES Secretariat,"IPBES secretariat, Bonn, Germany",,10.5281/zenodo.3831673,1,1,1,GOOGLE,0,"◐ Title | ✓ Authors | ✓ Year | ✓ Venue | ○ ID

### Summary
This report was confirmed as the Global Assessment Report on Biodiversity and Ecosystem Services published by the Intergovernmental Science-Policy Platform on Biodiversity and Ecosystem Services (IPBES) in 2019. The authorship, year, and publisher details match well, though the verified version includes an extended title and additional location information for the publisher.

### Details
A matching record was found with the title ""Global assessment report on biodiversity and ecosystem services of the Intergovernmental Science-Policy Platform on Biodiversity and Ecosystem Services,"" which contains the core title phrase from the original reference. The author is the same organization, with the verified version including the acronym (IPBES). The year 2019 matches exactly. The publisher is listed as IPBES secretariat, Bonn, Germany, adding location details not present in the original. No identifier such as a DOI was provided in the original citation, but the verified record includes a DOI link. These minor differences explain the ""verified-with-error"" status.

- https://doi.org/10.5281/zenodo.3831673
- https://www.ipbes.net/node/35274",0.833,0.167
"Herz, B., & Sperling, G. B. (2004). What works in girls' education: Evidence and policies from the developing world. Council on Foreign Relations.",Girls education,qwen35_397b_a17b,verified,"Herz, B., & Sperling, G. B. (2004). *What works in girls' education: Evidence and policies from the developing world*. Council on Foreign Relations.",MATCH,MATCH,MATCH,MATCH,ABSENT,"""What Works in Girls' Education: Evidence and Policies from the Developing World""",Barbara Herz; Gene B. Sperling,2004,Council on Foreign Relations,,,GOOGLE,4,0,0,1,0,What works in girls' education: Evidence and policies from the developing world,"""What Works in Girls' Education: Evidence and Policies from the Developing World""","Herz, B.; Sperling, G. B.",Barbara Herz; Gene B. Sperling,2004,2004,Council on Foreign Relations,Council on Foreign Relations,,,1,1,1,GOOGLE,0,"✓ Title | ✓ Authors | ✓ Year | ✓ Venue | ○ ID

### Summary
This book was confirmed as published by the Council on Foreign Relations in 2004 with matching authors Barbara Herz and Gene B. Sperling. The title ""What Works in Girls' Education: Evidence and Policies from the Developing World"" was verified exactly as cited.

### Details
A matching record was found with the exact title and author names corresponding to Barbara Knapp Herz and Gene B. Sperling. The publication year 2004 matched exactly. The venue, Council on Foreign Relations, was confirmed as the publisher, with some sources also listing UNESCO as a co-host but not changing the core publisher. No DOI or direct URL was available, but multiple search results including PDFs and library listings support the citation's accuracy.

- https://www.files.ethz.ch/isn/14819/2004-04_Girls_Education_full.pdf
- https://www.cfr.org/reports/what-works-girls-education
- https://unesdoc.unesco.org/ark:/48223/pf0000135253
- https://archive.org/details/whatworksingirls00barb",1.0,0.0
"Unterhalter, E. (2003). The neglected politics of girls' education. Compare, 33(1), 5-20.",Girls education,qwen35_397b_a17b,unverified,Reference could not be verified.,UNCONFIRMED,UNCONFIRMED,UNCONFIRMED,UNCONFIRMED,UNCONFIRMED,,,,,,,,,,,,,,,,,,,,,,,0,0,0,,0,"? Title | ? Authors | ? Year | ? Venue | ? ID

### Summary
No matching article titled ""The neglected politics of girls' education"" by E. Unterhalter from 2003 could be found in the searched databases. The verification process did not find any record confirming the authorship, title, year, or journal details.

### Details
A search in OpenAlex and scholarly databases did not return any exact matches for the article. Several related works by E. Unterhalter on girls' education and gender issues were found, but none matched the exact title, year 2003, or journal ""Compare"". The closest related publications were from different years and with different titles, indicating that the specific reference could not be verified.

- https://muse.jhu.edu/pub/1/article/461183/summary
- https://onlinelibrary.wiley.com/doi/abs/10.1002/9781118468005.ch6
- https://www.torrossa.com/gs/resourceProxy?an=4913701&publisher=FZ7200#page=118
- https://www.elgaronline.com/downloadpdf/edcollchap/edcoll/9780857930941/9780857930941.00039.pdf
- https://books.google.com/books?hl=en&lr=&id=XC1jGwGLiVwC&oi=fnd&pg=PA15&dq=The+neglected+politics+of+girls%27+education+Unterhalter&ots=8T8E_pHwbP&sig=cA7nvv-4_xJ1sOIXHcOc985PliY",0.0,1.0
"Lloyd, C. B., & Young, J. (2009). New lessons: The power of educating adolescent girls. Population Council.",Girls education,qwen35_397b_a17b,verified-with-error,"Lloyd, C. B., & Young, J. (2009). *New lessons: The power of educating adolescent girls—A Girls Count report on adolescent girls*. Population Council. https://doi.org/10.31899/pgy17.1011",CONTAINS,MATCH,MATCH,MATCH,ABSENT,New Lessons: The Power of Educating Adolescent Girls—A Girls Count Report on Adolescent Girls,Cynthia B. Lloyd; Juliet Young,2009,Population Council,10.31899/pgy17.1011,https://knowledgecommons.popcouncil.org/departments_sbsr-pgy/1168/,GOOGLE,3,0,1,1,0,New lessons: The power of educating adolescent girls,New Lessons: The Power of Educating Adolescent Girls—A Girls Count Report on Adolescent Girls,"Lloyd, C. B.; Young, J.",Cynthia B. Lloyd; Juliet Young,2009,2009,Population Council,Population Council,,10.31899/pgy17.1011,1,1,1,GOOGLE,0,"◐ Title | ✓ Authors | ✓ Year | ✓ Venue | ○ ID

### Summary
This book was confirmed as published by the Population Council in 2009 with matching authors Cynthia B. Lloyd and Juliet Young. The main title matches exactly, though the subtitle in the verified version is longer, indicating it is likely the same work with an extended subtitle.

### Details
A matching record was found with the title ""New Lessons: The Power of Educating Adolescent Girls—A Girls Count Report on Adolescent Girls"" and authors Cynthia B. Lloyd and Juliet Young. The year 2009 and publisher Population Council matched exactly. The subtitle difference is minor and reflects an extended version rather than a different work. No identifier was present in the original citation, but a DOI (10.31899/pgy17.1011) was found for the verified version. Relevant sources include the Population Council repository and DOI link.

- https://knowledgecommons.popcouncil.org/departments_sbsr-pgy/1168/
- https://doi.org/10.31899/pgy17.1011",0.833,0.167
"Stromquist, N. P. (1990). The condition and status of women's education. Comparative Education Review, 34(3), 353-376. World Bank. (2018). Missed opportunities: The high cost of not educating girls. World Bank Group.",Girls education,qwen35_397b_a17b,needs-human,"Stromquist, N. P. (1990). Women and illiteracy: The interplay of gender subordination and poverty. *Comparative Education Review*. https://www.journals.uchicago.edu/doi/abs/10.1086/446905",CONTRADICTION,MATCH,MATCH,MATCH,ABSENT,Women and illiteracy: The interplay of gender subordination and poverty,N. P. Stromquist,1990,Comparative Education Review,,https://www.journals.uchicago.edu/doi/abs/10.1086/446905,GOOGLE,3,1,0,1,0,The condition and status of women's education,Women and illiteracy: The interplay of gender subordination and poverty,"Stromquist, N. P.",N. P. Stromquist,1990,1990,Comparative Education Review,Comparative Education Review,,https://www.journals.uchicago.edu/doi/abs/10.1086/446905,0,0,3,GOOGLE,0,"✗ Title | ✓ Authors | ✓ Year | ✓ Venue | ○ ID

### Summary
The reference needs human review because the title in the citation does not match the title found in the best potential match, even though the author, year, and journal are the same. The citation lists a work about the condition and status of women's education, while the found article focuses on women's illiteracy and its relation to gender subordination and poverty.

### Details
A matching record was found with author N. P. Stromquist, published in 1990 in the Comparative Education Review, which matches the citation's author, year, and journal. However, the title differs significantly: the citation's title is ""The condition and status of women's education,"" whereas the found article's title is ""Women and illiteracy: The interplay of gender subordination and poverty."" No DOI or other identifier was available to confirm a direct match. This discrepancy in titles suggests the need for human verification.

- https://www.journals.uchicago.edu/doi/abs/10.1086/446905
- https://www.worldbank.org/en/topic/education/publication/missed-opportunities-the-high-cost-of-not-educating-girls",0.333,0.667
"Kyomuhendo, G. B. (2003). Low access to education for girls in Uganda: A case of multiple factors. International Journal of Educational Development, 23(4), 385-398. UNESCO. (2016). Global education monitoring report 2016: Gender review: Creating sustainable futures for all. UNESCO.",Girls education,qwen35_397b_a17b,unverified,Reference could not be verified.,UNCONFIRMED,UNCONFIRMED,UNCONFIRMED,UNCONFIRMED,UNCONFIRMED,,,,,,,,,,,,,,,,,,,,,,,0,0,0,,0,"? Title | ? Authors | ? Year | ? Venue | ? ID

### Summary
No matching article could be found for the reference by Kyomuhendo (2003) titled ""Low access to education for girls in Uganda: A case of multiple factors"" or the UNESCO (2016) report. The verification process did not find any records that confirm the details of this reference.

### Details
A search in OpenAlex returned no matching work. Google search results showed multiple entries related to the UNESCO 2016 Global Education Monitoring Report on gender, but none exactly matched the cited title or authorship. Scholar search found related works on education and gender in Uganda but did not find the specific article by Kyomuhendo from 2003. The year, title, authors, and publication venue could not be confirmed from available sources.

- https://unesdoc.unesco.org/ark:/48223/pf0000246045
- https://www.iicba.unesco.org/en/africa-education-knowledge-platform/global-education-monitoring-report-2016-gender-review-creating-sustainable-futures-all
- https://digitallibrary.un.org/record/4028601
- https://open.library.ubc.ca/soa/cIRcle/collections/ubctheses/24/items/1.0066208
- https://media.odi.org/documents/9180.pdf",0.0,1.0
"Klasen, S., & Lamanna, F. (2009). The impact of gender inequality in education and employment on economic growth: New evidence for a panel of countries. Feminist Economics, 15(3), 91-132.",Girls education,qwen35_397b_a17b,verified,"Klasen, S., & Lamanna, F. (2009). The impact of gender inequality in education and employment on economic growth: New evidence for a panel of countries. *Feminist Economics*, 15(3), 91-132. https://doi.org/10.1080/13545700902893106",MATCH,MATCH,MATCH,MATCH,ABSENT,The Impact of Gender Inequality in Education and Employment on Economic Growth: New Evidence for a Panel of Countries,Stephan Klasen; Francesca Lamanna,2009,Feminist Economics,10.1080/13545700902893106,https://doi.org/10.1080/13545700902893106,GOOGLE,4,0,0,1,0,The impact of gender inequality in education and employment on economic growth: New evidence for a panel of countries,The Impact of Gender Inequality in Education and Employment on Economic Growth: New Evidence for a Panel of Countries,"Klasen, S.; Lamanna, F.",Stephan Klasen; Francesca Lamanna,2009,2009,Feminist Economics,Feminist Economics,,10.1080/13545700902893106,1,1,1,GOOGLE,0,"✓ Title | ✓ Authors | ✓ Year | ✓ Venue | ○ ID

### Summary
This article was confirmed in Feminist Economics with matching authors Stephan Klasen and Francesca Lamanna, and the year 2009. The title and journal details matched exactly, verifying the reference.

### Details
A matching record was found with the exact title ""The Impact of Gender Inequality in Education and Employment on Economic Growth: New Evidence for a Panel of Countries."" The authors matched as Stephan Klasen and Francesca Lamanna, corresponding to the citation initials. The year 2009 and the journal Feminist Economics also matched exactly. The article is published in volume 15, issue 3, pages 91-132, with DOI 10.1080/13545700902893106.

- https://doi.org/10.1080/13545700902893106",1.0,0.0
"Ajayi, K. (2010). Gender disparity in basic education in Nigeria: Issues and challenges. Journal of Social Sciences, 22(2), 127-134.",Girls education,qwen35_397b_a17b,unverified,Reference could not be verified.,CONTRADICTION,MATCH,CONTRADICTION,CONTRADICTION,ABSENT,Social Inequality in Early Childhood Care and Education Provision in Nigeria: A Review of Literature.,H O Ajayi,2019,World Journal of Education,,https://eric.ed.gov/?id=EJ1218445,GOOGLE,1,3,0,1,0,Gender disparity in basic education in Nigeria: Issues and challenges,Social Inequality in Early Childhood Care and Education Provision in Nigeria: A Review of Literature.,"Ajayi, K.",H O Ajayi,2010,2019,Journal of Social Sciences,World Journal of Education,,https://eric.ed.gov/?id=EJ1218445,0,0,3,GOOGLE,1,"✗ Title | ✓ Authors | ✗ Year | ✗ Venue | ○ ID

### Summary
The reference could not be verified as it does not match any found records. Although the author name Ajayi is consistent, the title, year, and journal differ significantly from available sources.

### Details
A matching record was found for an article by H. O. Ajayi titled ""Social Inequality in Early Childhood Care and Education Provision in Nigeria: A Review of Literature"" published in 2019 in the World Journal of Education. This differs from the cited article's title about gender disparity in basic education, the year 2010, and the Journal of Social Sciences. No identifier was available to confirm the citation, and the differences in title, year, and journal indicate these are not the same works.

- https://eric.ed.gov/?id=EJ1218445",0.0,1.0
"Sperling, G. B., & Winthrop, R. (2015). What works in girls' education: Evidence for the world's best investment. Brookings Institution Press.",Girls education,qwen35_397b_a17b,verified-with-error,"Sperling, G. B., & Winthrop, R. (2015). *What Works in Girls' Education: Evidence for the World's Best Investment*. Bloomsbury Publishing USA. https://play.google.com/store/books/details?id=pT-HEQAAQBAJ&source=gbs_api",MATCH,MATCH,MATCH,CONTRADICTION,ABSENT,What Works in Girls' Education: Evidence for the World's Best Investment,Gene B Sperling; Rebecca Winthrop,2015,,,https://play.google.com/store/books/details?id=pT-HEQAAQBAJ&source=gbs_api,GOOGLE,3,1,0,1,0,What works in girls' education: Evidence for the world's best investment,What Works in Girls' Education: Evidence for the World's Best Investment,"Sperling, G. B.; Winthrop, R.",Gene B Sperling; Rebecca Winthrop,2015,2015,Brookings Institution Press,,,https://play.google.com/store/books/details?id=pT-HEQAAQBAJ&source=gbs_api,0,0,1,GOOGLE,0,"✓ Title | ✓ Authors | ✓ Year | ✗ Venue | ○ ID

### Summary
This book was confirmed with the title ""What Works in Girls' Education: Evidence for the World's Best Investment"" and authors Gene B. Sperling and Rebecca Winthrop, published in 2015. However, there is a minor discrepancy regarding the publisher: the citation lists Brookings Institution Press, but the evidence shows Bloomsbury Publishing USA as the publisher.

### Details
A matching record was found with the exact title and authors, and the year 2015 matched exactly. The main issue is the publisher: the citation states Brookings Institution Press, while the evidence from Google Books and other sources indicates Bloomsbury Publishing USA. No DOI or other identifier was present to clarify this. The book is accessible via [Google Books](https://play.google.com/store/books/details?id=pT-HEQAAQBAJ&source=gbs_api).

- https://play.google.com/store/books/details?id=pT-HEQAAQBAJ&source=gbs_api
- https://books.google.com/books?hl=en&lr=&id=pT-HEQAAQBAJ&oi=fnd&pg=PP1&dq=What+Works+in+Girls%27+Education+Sperling+Winthrop+Brookings+Institution+Press+2015&ots=ZvBaekoDzE&sig=ZI0jFcKJgJ7loUUPWiEQvYzAg0Q",0.6,0.4
"Braveman, P., & Gottlieb, L. (2014). The social determinants of health: It's time to consider the causes of the causes. *Public Health Reports, 129*(Suppl 2), 19–31.",Health,qwen35_397b_a17b,verified,"Braveman, P., & Gottlieb, L. M. (2014). The social determinants of health: It's time to consider the causes of the causes. *Public Health Reports*, *129*(1_suppl2), 19–31. https://doi.org/10.1177/00333549141291s206",MATCH,MATCH,MATCH,MATCH,ABSENT,The Social Determinants of Health: It's Time to Consider the Causes of the Causes,Paula Braveman; Laura M. Gottlieb,2014,Public Health Reports,10.1177/00333549141291s206,https://doi.org/10.1177/00333549141291s206,GOOGLE,4,0,0,1,0,The social determinants of health: It's time to consider the causes of the causes.,The Social Determinants of Health: It's Time to Consider the Causes of the Causes,"Braveman, P.; Gottlieb, L.",Paula Braveman; Laura M. Gottlieb,2014,2014,Public Health Reports,Public Health Reports,,10.1177/00333549141291s206,1,1,1,GOOGLE,0,"✓ Title | ✓ Authors | ✓ Year | ✓ Venue | ○ ID

### Summary
This article was confirmed in Public Health Reports with matching authors Paula Braveman and Laura M. Gottlieb, the exact title, and the year 2014.

### Details
A matching record was found with the exact title ""The Social Determinants of Health: It's Time to Consider the Causes of the Causes."" The authors Paula Braveman and Laura M. Gottlieb correspond exactly to the citation's Braveman, P. and Gottlieb, L. The publication year 2014 and the journal Public Health Reports also matched perfectly. Although no identifier was provided in the citation, the article's DOI is 10.1177/00333549141291s206, confirming the source.

- https://doi.org/10.1177/00333549141291s206",1.0,0.0
"Cohen, S., & Williamson, G. M. (1991). Stress and infectious disease in humans. *Psychological Bulletin, 109*(1), 5–24.",Health,qwen35_397b_a17b,verified,"Cohen, S., & Williamson, G. M. (1991). Stress and infectious disease in humans. *Psychological Bulletin*, *109*(1), 5-24. https://doi.org/10.1037/0033-2909.109.1.5",MATCH,MATCH,MATCH,MATCH,ABSENT,Stress and infectious disease in humans.,Sheldon Cohen; Gail M. Williamson,1991,Psychological Bulletin,10.1037/0033-2909.109.1.5,https://doi.org/10.1037/0033-2909.109.1.5,GOOGLE,4,0,0,1,0,Stress and infectious disease in humans,Stress and infectious disease in humans.,"Cohen, S.; Williamson, G. M.",Sheldon Cohen; Gail M. Williamson,1991,1991,Psychological Bulletin,Psychological Bulletin,,10.1037/0033-2909.109.1.5,1,1,1,GOOGLE,0,"✓ Title | ✓ Authors | ✓ Year | ✓ Venue | ○ ID

### Summary
This article was confirmed in Psychological Bulletin with matching authors Sheldon Cohen and Gail M. Williamson, and the year 1991. The title ""Stress and infectious disease in humans."" was exactly matched.

### Details
A matching record was found with the exact title, authors, year, and journal. The article appears in Psychological Bulletin, volume 109, issue 1, pages 5-24, published by the American Psychological Association. The DOI 10.1037/0033-2909.109.1.5 and URL https://doi.org/10.1037/0033-2909.109.1.5 further confirm the match.

- https://doi.org/10.1037/0033-2909.109.1.5",1.0,0.0
"Free, C., Phillips, G., Galli, L., Watson, L., Felix, L., Edwards, P., ... & Haines, A. (2013). The effectiveness of mobile-health technology-based health behaviour change or disease management interventions for health care consumers: A systematic review. *PLOS Medicine, 10*(1), e1001362.",Health,qwen35_397b_a17b,verified,"Free, C., Phillips, G., Galli, L., Watson, L., Felix, L., Edwards, P., Patel, V., & Haines, A. (2013). The effectiveness of mobile-health technology-based health behaviour change or disease management interventions for health care consumers: A systematic review. *PLOS Medicine*, 10(1), e1001362. https://doi.org/10.1371/journal.pmed.1001362",MATCH,CONTAINS,MATCH,MATCH,ABSENT,The Effectiveness of Mobile-Health Technology-Based Health Behaviour Change or Disease Management Interventions for Health Care Consumers: A Systematic Review,Caroline Free; Gemma Phillips; Leandro Galli; L. Watson; Lambert Felix; Phil Edwards; Vikram Patel; Andy Haines,2013,PLoS Medicine,10.1371/journal.pmed.1001362,https://doi.org/10.1371/journal.pmed.1001362,GOOGLE,3,0,1,1,0,The effectiveness of mobile-health technology-based health behaviour change or disease management interventions for health care consumers: A systematic review,The Effectiveness of Mobile-Health Technology-Based Health Behaviour Change or Disease Management Interventions for Health Care Consumers: A Systematic Review,"Free, C.; Phillips, G.; Galli, L.; Watson, L.; Felix, L.; Edwards, P.; Haines, A.",Caroline Free; Gemma Phillips; Leandro Galli; L. Watson; Lambert Felix; Phil Edwards; Vikram Patel; Andy Haines,2013,2013,PLOS Medicine,PLoS Medicine,,10.1371/journal.pmed.1001362,1,1,1,GOOGLE,0,"✓ Title | ◐ Authors | ✓ Year | ✓ Venue | ○ ID

### Summary
This article was confirmed in PLOS Medicine with the exact matching title, year 2013, and all original authors present among the candidate list. The journal name also matched exactly, confirming the reference's accuracy.

### Details
A matching record was found with the DOI 10.1371/journal.pmed.1001362. The title ""The Effectiveness of Mobile-Health Technology-Based Health Behaviour Change or Disease Management Interventions for Health Care Consumers: A Systematic Review"" matched exactly. All original authors (Free, Phillips, Galli, Watson, Felix, Edwards, Haines) were found in the candidate list, which also included an additional author, Vikram Patel. The year 2013 and the journal PLOS Medicine matched exactly. No identifier was present in the original citation, but the DOI was confirmed in the evidence.

- https://doi.org/10.1371/journal.pmed.1001362",0.867,0.133
"Fried, L. P., Tangen, C. M., Walston, J., Newman, A. B., Hirsch, C., Gottdiener, J., ... & McBurnie, M. A. (2001). Frailty in older adults: Evidence for a phenotype. *The Journals of Gerontology: Series A, 56*(3), M146–M157.",Health,qwen35_397b_a17b,verified,"Fried, L. P., Tangen, C. M., Walston, J., Newman, A. B., Hirsch, C. H., Gottdiener, J. S., Seeman, T. E., Tracy, R. P., Kop, W. J., Burke, G. L., & McBurnie, M. A. (2001). Frailty in older adults: Evidence for a phenotype. *The Journals of Gerontology Series A*, *56*(3), M146–M157. https://doi.org/10.1093/gerona/56.3.m146",MATCH,CONTAINS,MATCH,MATCH,ABSENT,Frailty in Older Adults: Evidence for a Phenotype,Linda P. Fried; Catherine M. Tangen; Jeremy Walston; Anne B. Newman; Calvin H. Hirsch; John S. Gottdiener; Teresa E. Seeman; Russell P. Tracy; Willem J. Kop; Gregory L. Burke; Mary Ann McBurnie,2001,The Journals of Gerontology Series A,10.1093/gerona/56.3.m146,https://doi.org/10.1093/gerona/56.3.m146,GOOGLE,3,0,1,1,0,Frailty in older adults: Evidence for a phenotype,Frailty in Older Adults: Evidence for a Phenotype,"Fried, L. P.; Tangen, C. M.; Walston, J.; Newman, A. B.; Hirsch, C.; Gottdiener, J.; McBurnie, M. A.",Linda P. Fried; Catherine M. Tangen; Jeremy Walston; Anne B. Newman; Calvin H. Hirsch; John S. Gottdiener; Teresa E. Seeman; Russell P. Tracy; Willem J. Kop; Gregory L. Burke; Mary Ann McBurnie,2001,2001,The Journals of Gerontology: Series A,The Journals of Gerontology Series A,,10.1093/gerona/56.3.m146,1,1,1,GOOGLE,0,"✓ Title | ◐ Authors | ✓ Year | ✓ Venue | ○ ID

### Summary
This article was confirmed in The Journals of Gerontology Series A with matching title, authors, and year. The original authors listed were all found within a more complete author list in the verified record.

### Details
A matching record was found with the exact title ""Frailty in Older Adults: Evidence for a Phenotype"" and the year 2001. The journal name also matched exactly. All authors from the original citation were present in the verified list, which included additional authors beyond the original set. The article is published by Oxford University Press and includes a DOI link for direct access.

- https://doi.org/10.1093/gerona/56.3.m146",0.867,0.133
"Hripcsak, G., Duke, J. D., Shah, N. H., Reich, C. G., Huser, V., Schuemie, M. J., ... & Ryan, P. B. (2015). Observational Health Data Sciences and Informatics (OHDSI): Opportunities for observational researchers. *Studies in Health Technology and Informatics, 216*, 574–578.",Health,qwen35_397b_a17b,verified,"Hripcsak, G., Duke, J., Shah, N. H., Reich, C., Huser, V., Schuemie, M. J., Suchard, M. A., Park, R. W., Wong, I. C. K., Rijnbeek, P. R., van der Lei, J., Pratt, N., Norén, G. N., Li, Y.-C., Stang, P., Madigan, D., & Ryan, P. (2015). Observational Health Data Sciences and Informatics (OHDSI): Opportunities for Observational Researchers. *Studies in health technology and informatics*, 216, 574-8. https://doi.org/10.3233/978-1-61499-564-7-574",MATCH,MATCH,MATCH,MATCH,ABSENT,Observational Health Data Sciences and Informatics (OHDSI): Opportunities for Observational Researchers,George Hripcsak; Jon Duke; Nigam H. Shah; Christian Reich; Vojtech Huser; Martijn J. Schuemie; Marc A. Suchard; Rae Woong Park; Ian Chi Kei Wong; Peter R. Rijnbeek; Johan van der Lei; Nicole Pratt; G. Niklas Norén; Yu‐Chuan Li; Paul Stang; David Madigan; Patrick Ryan,2015,Studies in health technology and informatics,10.3233/978-1-61499-564-7-574,https://doi.org/10.3233/978-1-61499-564-7-574,GOOGLE,4,0,0,1,0,Observational Health Data Sciences and Informatics (OHDSI): Opportunities for observational researchers,Observational Health Data Sciences and Informatics (OHDSI): Opportunities for Observational Researchers,"Hripcsak, G.; Duke, J. D.; Shah, N. H.; Reich, C. G.; Huser, V.; Schuemie, M. J.; Ryan, P. B.",George Hripcsak; Jon Duke; Nigam H. Shah; Christian Reich; Vojtech Huser; Martijn J. Schuemie; Marc A. Suchard; Rae Woong Park; Ian Chi Kei Wong; Peter R. Rijnbeek; Johan van der Lei; Nicole Pratt; G. Niklas Norén; Yu‐Chuan Li; Paul Stang; David Madigan; Patrick Ryan,2015,2015,Studies in Health Technology and Informatics,Studies in health technology and informatics,,10.3233/978-1-61499-564-7-574,1,1,1,GOOGLE,0,"✓ Title | ✓ Authors | ✓ Year | ✓ Venue | ○ ID

### Summary
This article was confirmed in the journal Studies in Health Technology and Informatics with matching authors and year. The title, authors, publication year, and journal all matched exactly with the verified record.

### Details
A matching record was found with the exact title ""Observational Health Data Sciences and Informatics (OHDSI): Opportunities for Observational Researchers."" All seven authors listed in the citation correspond to the verified authors, with full names provided in the evidence. The publication year 2015 and the journal name also matched exactly. Although no identifier was present in the citation, the DOI 10.3233/978-1-61499-564-7-574 was found in the evidence, confirming the reference.

- https://doi.org/10.3233/978-1-61499-564-7-574",1.0,0.0
Institute of Medicine. (2001). *Crossing the quality chasm: A new health system for the 21st century*. National Academies Press.,Health,qwen35_397b_a17b,verified,Institute of Medicine (U.S.). Committee on Quality of Health Care in America. (2001). *Crossing the quality chasm: A new health system for the 21st century*. National Academy Press. ISBN 0309073227. https://books.google.com/books?id=3kjaAQAACAAJ&dq=Crossing+the+quality+chasm%3A+A+new+health+system+for+the+21st+century+Institute+of+Medicine+2001,MATCH,CONTAINS,MATCH,CONTAINS,ABSENT,Crossing the Quality Chasm: A New Health System for the 21st Century,Institute of Medicine (U.S.). Committee on Quality of Health Care in America,2001,National Academy Press,,http://books.google.com/books?id=3kjaAQAACAAJ&dq=Crossing+the+quality+chasm%3A+A+new+health+system+for+the+21st+century+Institute+of+Medicine+2001,GOOGLE,2,0,2,1,0,Crossing the quality chasm: A new health system for the 21st century,Crossing the Quality Chasm: A New Health System for the 21st Century,Institute of Medicine,Institute of Medicine (U.S.). Committee on Quality of Health Care in America,2001,2001,National Academies Press,National Academy Press,,http://books.google.com/books?id=3kjaAQAACAAJ&dq=Crossing+the+quality+chasm%3A+A+new+health+system+for+the+21st+century+Institute+of+Medicine+2001,1,1,1,GOOGLE,0,"✓ Title | ◐ Authors | ✓ Year | ◐ Venue | ○ ID

### Summary
This book was confirmed as ""Crossing the Quality Chasm: A New Health System for the 21st Century"" published in 2001 by the National Academies Press. The author is the Institute of Medicine, matching the verified record.

### Details
A matching record was found with the exact title ""Crossing the Quality Chasm: A New Health System for the 21st Century"" and the year 2001. The author listed as ""Institute of Medicine"" is part of a longer author string ""Institute of Medicine (U.S.). Committee on Quality of Health Care in America,"" confirming the authorship. The publisher name closely matches ""National Academies Press"" with a minor naming variation but representing the same publisher. No identifier was present in the citation. The source URL for the book is [Google Books](http://books.google.com/books?id=3kjaAQAACAAJ&dq=Crossing+the+quality+chasm%3A+A+new+health+system+for+the+21st+century+Institute+of+Medicine+2001).

### Sources
- [Google Books](http://books.google.com/books?id=3kjaAQAACAAJ&dq=Crossing+the+quality+chasm%3A+A+new+health+system+for+the+21st+century+Institute+of+Medicine+2001)",0.767,0.233
"Kessler, R. C., Angermeyer, M., Anthony, J. C., De Graaf, R., Demyttenaere, K., Gasquet, I., ... & Ustün, T. B. (2007). Lifetime prevalence and age-of-onset distributions of mental disorders in the World Health Organization's World Mental Health Survey Initiative. *World Psychiatry, 6*(3), 168–176.",Health,qwen35_397b_a17b,verified,"Kessler, R. C., Angermeyer, M. C., Anthony, J. C., de Graaf, R., Demyttenaere, K., I. Gasquet, G., de Girolamo, G., Gluzman, S., Gureje, O., Haro, J. M., Kawakami, N., Karam, A., Levinson, D., Medina Mora, M. E., Oakley Browne, M. A., Posada-Villa, J., Stein, D. J., Tsang, C. H. A., Aguilar-Gaxiola, S., … Üstün, T. B. (2007). Lifetime prevalence and age-of-onset distributions of mental disorders in the World Health Organization's World Mental Health Survey Initiative. *World Psychiatry*, *6*(3), 168–176. https://pubmed.ncbi.nlm.nih.gov/18188442",MATCH,MATCH,MATCH,MATCH,ABSENT,Lifetime prevalence and age-of-onset distributions of mental disorders in the World Health Organization's World Mental Health Survey Initiative.,Ronald C. Kessler; Matthias C. Angermeyer; James C. Anthony; Ron de Graaf; Koen Demyttenaere; I. Gasquet; Giovanni de Girolamo; Semyon Gluzman; Oye Gureje; Josep María Haro; Norito Kawakami; Aimée Karam; Daphna Levinson; María Elena Medina Mora; Mark A. Oakley Browne; José Posada‐Villa; Dan J. Stein; Cheuk Him Adley Tsang; Sergio Aguilar‐Gaxiola; Jordi Alonso; Sing Lee; Steven G. Heeringa; Beth‐Ellen Pennell; Patricia A. Berglund; Michael J. Gruber; Maria Petukhova; Somnath Chatterji; T. B. Üstün,2007,World Psychiatry,,https://pubmed.ncbi.nlm.nih.gov/18188442,GOOGLE,4,0,0,1,0,Lifetime prevalence and age-of-onset distributions of mental disorders in the World Health Organization's World Mental Health Survey Initiative,Lifetime prevalence and age-of-onset distributions of mental disorders in the World Health Organization's World Mental Health Survey Initiative.,"Kessler, R. C., Angermeyer, M., Anthony, J. C., De Graaf, R., Demyttenaere, K., Gasquet, I., ... & Ustýn, T. B.",Ronald C. Kessler; Matthias C. Angermeyer; James C. Anthony; Ron de Graaf; Koen Demyttenaere; I. Gasquet; Giovanni de Girolamo; Semyon Gluzman; Oye Gureje; Josep María Haro; Norito Kawakami; Aimée Karam; Daphna Levinson; María Elena Medina Mora; Mark A. Oakley Browne; José Posada‐Villa; Dan J. Stein; Cheuk Him Adley Tsang; Sergio Aguilar‐Gaxiola; Jordi Alonso; Sing Lee; Steven G. Heeringa; Beth‐Ellen Pennell; Patricia A. Berglund; Michael J. Gruber; Maria Petukhova; Somnath Chatterji; T. B. Üstün,2007,2007,World Psychiatry,World Psychiatry,,https://pubmed.ncbi.nlm.nih.gov/18188442,1,1,1,GOOGLE,0,"✓ Title | ✓ Authors | ✓ Year | ✓ Venue | ○ ID

### Summary
This article was confirmed in World Psychiatry with matching authors and year. The title, author list, publication year, and journal all matched exactly with the verified record.

### Details
A matching record was found with the exact title ""Lifetime prevalence and age-of-onset distributions of mental disorders in the World Health Organization's World Mental Health Survey Initiative."" The author list includes the same individuals as the citation, confirming the match despite the citation using ""et al."" to truncate the list. The year 2007 and the journal World Psychiatry also matched exactly. No DOI was available in the citation, but the article is accessible via PubMed at https://pubmed.ncbi.nlm.nih.gov/18188442.

- https://pubmed.ncbi.nlm.nih.gov/18188442",1.0,0.0
"Marmot, M. (2005). Social determinants of health inequalities. *The Lancet, 365*(9464), 1099–1104.",Health,qwen35_397b_a17b,verified,"Marmot, M. (2005). Social determinants of health inequalities. *The Lancet*, *365*(9464), 1099-1104. https://doi.org/10.1016/S0140-6736(05)71146-6",MATCH,MATCH,MATCH,MATCH,ABSENT,Social determinants of health inequalities,Michael Marmot,2005,The Lancet,10.1016/s0140-6736(05)71146-6,https://doi.org/10.1016/s0140-6736(05)71146-6,GOOGLE,4,0,0,1,0,Social determinants of health inequalities.,Social determinants of health inequalities,"Marmot, M.",Michael Marmot,2005,2005,The Lancet,The Lancet,,10.1016/s0140-6736(05)71146-6,1,1,1,GOOGLE,0,"✓ Title | ✓ Authors | ✓ Year | ✓ Venue | ○ ID

### Summary
This article was confirmed in The Lancet with matching author Michael Marmot and the year 2005. The title ""Social determinants of health inequalities"" was exactly matched, and the journal details correspond perfectly.

### Details
A matching record was found with the exact title ""Social determinants of health inequalities"" published in The Lancet in 2005. The author listed as ""Marmot, M."" in the citation corresponds to ""Michael Marmot"" in the evidence. Volume 365, issue 9464, and page numbers 1099-1104 also match. No identifier was provided in the citation, but the DOI 10.1016/s0140-6736(05)71146-6 was found in the evidence.

- https://doi.org/10.1016/s0140-6736(05)71146-6",1.0,0.0
"Swinburn, B. A., Sacks, G., Hall, K. D., McPherson, K., Finegood, D. T., Moodie, M. L., & Gortmaker, S. L. (2011). The global obesity pandemic: Shaped by global drivers and local environments. *The Lancet, 378*(9793), 804–814.",Health,qwen35_397b_a17b,verified,"Swinburn, B. A., Sacks, G., Hall, K. D., McPherson, K., Finegood, D. T., Moodie, M. L., & Gortmaker, S. L. (2011). The global obesity pandemic: Shaped by global drivers and local environments. *The Lancet*, *378*(9793), 804–814. https://doi.org/10.1016/S0140-6736(11)60813-1",MATCH,MATCH,MATCH,MATCH,ABSENT,The global obesity pandemic: shaped by global drivers and local environments,Boyd Swinburn; Gary Sacks; Kevin D. Hall; Klim McPherson; Diane T. Finegood; Marj Moodie; Steven L. Gortmaker,2011,The Lancet,10.1016/s0140-6736(11)60813-1,https://doi.org/10.1016/s0140-6736(11)60813-1,GOOGLE,4,0,0,1,0,The global obesity pandemic: Shaped by global drivers and local environments,The global obesity pandemic: shaped by global drivers and local environments,"Swinburn, B. A.; Sacks, G.; Hall, K. D.; McPherson, K.; Finegood, D. T.; Moodie, M. L.; Gortmaker, S. L.",Boyd Swinburn; Gary Sacks; Kevin D. Hall; Klim McPherson; Diane T. Finegood; Marj Moodie; Steven L. Gortmaker,2011,2011,The Lancet,The Lancet,,10.1016/s0140-6736(11)60813-1,1,1,1,GOOGLE,1,"✓ Title | ✓ Authors | ✓ Year | ✓ Venue | ○ ID

### Summary
This article was confirmed in The Lancet with matching authors and year. The title ""The global obesity pandemic: shaped by global drivers and local environments"" was exactly matched, and all seven authors were identified despite differences in name formatting.

### Details
A matching record was found in OpenAlex with the exact title and year 2011. The author list matched fully, with the citation using initials and the evidence listing full names, confirming the same individuals. The journal name ""The Lancet"" matched exactly. No identifier was provided in the citation, but the DOI 10.1016/s0140-6736(11)60813-1 was found in the evidence.

- https://doi.org/10.1016/s0140-6736(11)60813-1",1.0,0.0
"Topol, E. J. (2019). High-performance medicine: The convergence of human and artificial intelligence. *Nature Medicine, 25*(1), 44–56.",Health,qwen35_397b_a17b,verified,"Topol, E. J. (2018). High-performance medicine: the convergence of human and artificial intelligence. *Nature Medicine*, *25*(1), 44‑56. https://doi.org/10.1038/s41591-018-0300-7",MATCH,MATCH,CONTAINS,MATCH,ABSENT,High-performance medicine: the convergence of human and artificial intelligence,Eric J. Topol,2018,Nature Medicine,10.1038/s41591-018-0300-7,https://doi.org/10.1038/s41591-018-0300-7,GOOGLE,3,0,1,1,0,High-performance medicine: The convergence of human and artificial intelligence.,High-performance medicine: the convergence of human and artificial intelligence,"Topol, E. J.",Eric J. Topol,2019,2018,Nature Medicine,Nature Medicine,,10.1038/s41591-018-0300-7,1,1,1,GOOGLE,0,"✓ Title | ✓ Authors | ◐ Year | ✓ Venue | ○ ID

### Summary
This article was confirmed in Nature Medicine with matching title, author, and journal details. The publication year differs slightly by one year, but this minor discrepancy does not affect the overall verification.

### Details
A matching record was found with the exact title ""High-performance medicine: the convergence of human and artificial intelligence"" and author Eric J. Topol. The journal name ""Nature Medicine"" matched exactly. The citation year is 2019, while the evidence shows 2018, which is within an acceptable range of one year difference. No identifier was provided in the citation. The article details can be accessed via DOI: [10.1038/s41591-018-0300-7](https://doi.org/10.1038/s41591-018-0300-7).

- https://doi.org/10.1038/s41591-018-0300-7",0.9,0.1
"Kermack, W. O., & McKendrick, A. G. (1927). A contribution to the mathematical theory of epidemics. *Proceedings of the Royal Society of London. Series A, Containing Papers of a Mathematical and Physical Character, 115*(772), 700–721.",Infectious disease,qwen35_397b_a17b,verified,"Kermack, W. O., & McKendrick, A. G. (1927). A contribution to the mathematical theory of epidemics. *Proceedings of the Royal Society of London Series A Containing Papers of a Mathematical and Physical Character*, *115*(772), 700-721. https://doi.org/10.1098/rspa.1927.0118",MATCH,MATCH,MATCH,MATCH,ABSENT,A contribution to the mathematical theory of epidemics,W. O. Kermack; A. G. McKendrick,1927,Proceedings of the Royal Society of London Series A Containing Papers of a Mathematical and Physical Character,10.1098/rspa.1927.0118,https://doi.org/10.1098/rspa.1927.0118,GOOGLE,4,0,0,1,0,A contribution to the mathematical theory of epidemics.,A contribution to the mathematical theory of epidemics,"Kermack, W. O.; McKendrick, A. G.",W. O. Kermack; A. G. McKendrick,1927,1927,"Proceedings of the Royal Society of London. Series A, Containing Papers of a Mathematical and Physical Character",Proceedings of the Royal Society of London Series A Containing Papers of a Mathematical and Physical Character,,10.1098/rspa.1927.0118,1,1,1,GOOGLE,0,"✓ Title | ✓ Authors | ✓ Year | ✓ Venue | ○ ID

### Summary
This article was confirmed in the Proceedings of the Royal Society of London Series A with matching authors Kermack and McKendrick and the year 1927. The title and journal details matched exactly.

### Details
A matching record was found with the exact title ""A contribution to the mathematical theory of epidemics"". Both authors, W. O. Kermack and A. G. McKendrick, were confirmed despite different name formatting. The year 1927 and the journal name matched perfectly. The article details including volume 115, issue 772, and pages 700-721 were also consistent. The DOI 10.1098/rspa.1927.0118 provides a direct link to the source.

- https://doi.org/10.1098/rspa.1927.0118",1.0,0.0
"Jones, K. E., Patel, N. G., Levy, M. A., Storeygard, A., Balk, D., Gittleman, J. L., & Daszak, P. (2008). Global trends in emerging infectious diseases. *Nature, 451*(7181), 990–993.",Infectious disease,qwen35_397b_a17b,verified,"Jones, K. E., Patel, N., Levy, M. A., Storeygard, A., Balk, D., Gittleman, J. L., & Daszak, P. (2008). Global trends in emerging infectious diseases. *Nature*, *451*(7181), 990-993. https://doi.org/10.1038/nature06536",MATCH,MATCH,MATCH,MATCH,ABSENT,Global trends in emerging infectious diseases,Kate E. Jones; Nikkita Patel; Marc A. Levy; Adam Storeygard; Deborah Balk; John L. Gittleman; Peter Daszak,2008,Nature,10.1038/nature06536,https://doi.org/10.1038/nature06536,GOOGLE,4,0,0,1,0,Global trends in emerging infectious diseases,Global trends in emerging infectious diseases,"Jones, K. E.; Patel, N. G.; Levy, M. A.; Storeygard, A.; Balk, D.; Gittleman, J. L.; Daszak, P.",Kate E. Jones; Nikkita Patel; Marc A. Levy; Adam Storeygard; Deborah Balk; John L. Gittleman; Peter Daszak,2008,2008,Nature,Nature,,10.1038/nature06536,1,1,1,GOOGLE,0,"✓ Title | ✓ Authors | ✓ Year | ✓ Venue | ○ ID

### Summary
This article was confirmed in the journal Nature with matching authors and year. The title ""Global trends in emerging infectious diseases"" was exactly matched, and all seven authors were verified despite differences in name formatting.

### Details
A matching record was found with the exact title ""Global trends in emerging infectious diseases"" published in 2008 in Nature. The author list matched fully, including Kate E. Jones, Nikkita Patel, Marc A. Levy, Adam Storeygard, Deborah Balk, John L. Gittleman, and Peter Daszak. The journal name and publication year matched exactly. Although no identifier was provided in the citation, the DOI 10.1038/nature06536 was found in the evidence, confirming the reference.

- https://doi.org/10.1038/nature06536",1.0,0.0
"Cohen, M. S., et al. (2011). Prevention of HIV-1 infection with early antiretroviral therapy. *New England Journal of Medicine, 365*(6), 493–505.",Infectious disease,qwen35_397b_a17b,verified,"Cohen, M. S., Chen, Y. Q., McCauley, M., Gamble, T., Hosseinipour, M. C., Kumarasamy, N., Hakim, J., Kumwenda, J., Grinsztejn, B., Pilotto, J. H., Godbole, S., Mehendale, S., Chariyalertsak, S., Santos, B., Mayer, K. H., Hoffman, I., Eshleman, S. H., Piwowar-Manning, E., Wang, L., ..., Fleming, T. R. (2011). Prevention of HIV-1 infection with early antiretroviral therapy. *New England Journal of Medicine*, *365*(6), 493-505. https://doi.org/10.1056/nejmoa1105243",MATCH,MATCH,MATCH,MATCH,ABSENT,Prevention of HIV-1 Infection with Early Antiretroviral Therapy,Myron S. Cohen; Ying Qing Chen; Marybeth McCauley; Theresa Gamble; Mina C. Hosseinipour; Nagalingeswaran Kumarasamy; James Hakim; Johnstone Kumwenda; Beatriz Grinsztejn; José Henrique Pilotto; Sheela Godbole; Sanjay Mehendale; Suwat Chariyalertsak; Breno Santos; Kenneth H. Mayer; Irving Hoffman; Susan H. Eshleman; Estelle Piwowar‐Manning; Lei Wang; Joseph Makhema; Lisa Mills; Guy de Bruyn; Ian Sanne; Joseph J. Eron; Joel E. Gallant; Diane V. Havlir; Susan Swindells; Heather J. Ribaudo; Vanessa Elharrar; David Burns; Taha E. Taha; Karin Nielsen‐Saines; David D. Celentano; Max Essex; Thomas R. Fleming,2011,New England Journal of Medicine,10.1056/nejmoa1105243,https://doi.org/10.1056/nejmoa1105243,GOOGLE,4,0,0,1,0,Prevention of HIV-1 infection with early antiretroviral therapy.,Prevention of HIV-1 Infection with Early Antiretroviral Therapy,"Cohen, M. S.",Myron S. Cohen; Ying Qing Chen; Marybeth McCauley; Theresa Gamble; Mina C. Hosseinipour; Nagalingeswaran Kumarasamy; James Hakim; Johnstone Kumwenda; Beatriz Grinsztejn; José Henrique Pilotto; Sheela Godbole; Sanjay Mehendale; Suwat Chariyalertsak; Breno Santos; Kenneth H. Mayer; Irving Hoffman; Susan H. Eshleman; Estelle Piwowar‐Manning; Lei Wang; Joseph Makhema; Lisa Mills; Guy de Bruyn; Ian Sanne; Joseph J. Eron; Joel E. Gallant; Diane V. Havlir; Susan Swindells; Heather J. Ribaudo; Vanessa Elharrar; David Burns; Taha E. Taha; Karin Nielsen‐Saines; David D. Celentano; Max Essex; Thomas R. Fleming,2011,2011,New England Journal of Medicine,New England Journal of Medicine,,10.1056/nejmoa1105243,1,1,1,GOOGLE,0,"✓ Title | ✓ Authors | ✓ Year | ✓ Venue | ○ ID

### Summary
This article was confirmed in the New England Journal of Medicine with matching authors, title, year, and journal name. The reference corresponds exactly to the verified publication from 2011 by Cohen, M. S., and colleagues.

### Details
A matching record was found with the exact title ""Prevention of HIV-1 Infection with Early Antiretroviral Therapy"" and the year 2011. The authors matched well, with the citation listing Cohen, M. S. and the evidence showing the full author list including Myron S. Cohen and many co-authors. The journal name ""New England Journal of Medicine"" also matched exactly. Although no identifier was present in the citation, the verified record includes the DOI 10.1056/nejmoa1105243, confirming the publication details.

- https://doi.org/10.1056/nejmoa1105243",1.0,0.0
"Baize, S., et al. (2014). Emergence of Zaire Ebola virus disease in Guinea. *New England Journal of Medicine, 371*(15), 1418–1425.",Infectious disease,qwen35_397b_a17b,verified,"Baize, S., Pannetier, D., Oestereich, L., Rieger, T., Koivogui, L., Magassouba, N., Soropogui, B., Sow, M. S., Kéita, A. K., De Clerck, H., Tiffany, A., Domínguez, G., Loua, M., Traoré, A., Kolié, M., Malano, E. R., Heleze, E., Bocquin, A., Mély, S., Raoul, H., Caro, V., Cadar, D., Gabriel, M., Pahlmann, M., Tappe, D., Schmidt‑Chanasit, J., Impouma, B., Diallo, A. K., Formenty, P., Van Herp, M., Günther, S. (2014). Emergence of Zaire Ebola Virus Disease in Guinea. *New England Journal of Medicine*, *371*(15), 1418–1425. https://doi.org/10.1056/nejmoa1404505",MATCH,MATCH,MATCH,MATCH,ABSENT,Emergence of Zaire Ebola Virus Disease in Guinea,Sylvain Baize; Delphine Pannetier; Lisa Oestereich; Toni Rieger; Lamine Koivogui; N’Faly Magassouba; Barré Soropogui; Mamadou Saliou Sow; Alpha Kabinet Kéita; Hilde De Clerck; Amanda Tiffany; Gemma Domínguez; Mathieu Loua; Alexis Traoré; Moussa Kolié; Emmanuel Roland Malano; Emmanuel Heleze; Anne Bocquin; Stéphane Mély; Hervé Raoul; Valérie Caro; Dániel Cadar; Martin Gabriel; Meike Pahlmann; Dennis Tappe; Jonas Schmidt‐Chanasit; Bénido Impouma; Abdoul Karim Diallo; Pierre Formenty; Michel Van Herp; Stephan Günther,2014,New England Journal of Medicine,10.1056/nejmoa1404505,https://doi.org/10.1056/nejmoa1404505,GOOGLE,4,0,0,1,0,Emergence of Zaire Ebola virus disease in Guinea.,Emergence of Zaire Ebola Virus Disease in Guinea,"Baize, S.; et al.",Sylvain Baize; Delphine Pannetier; Lisa Oestereich; Toni Rieger; Lamine Koivogui; N’Faly Magassouba; Barré Soropogui; Mamadou Saliou Sow; Alpha Kabinet Kéita; Hilde De Clerck; Amanda Tiffany; Gemma Domínguez; Mathieu Loua; Alexis Traoré; Moussa Kolié; Emmanuel Roland Malano; Emmanuel Heleze; Anne Bocquin; Stéphane Mély; Hervé Raoul; Valérie Caro; Dániel Cadar; Martin Gabriel; Meike Pahlmann; Dennis Tappe; Jonas Schmidt‐Chanasit; Bénido Impouma; Abdoul Karim Diallo; Pierre Formenty; Michel Van Herp; Stephan Günther,2014,2014,New England Journal of Medicine,New England Journal of Medicine,,10.1056/nejmoa1404505,1,1,1,GOOGLE,0,"✓ Title | ✓ Authors | ✓ Year | ✓ Venue | ○ ID

### Summary
This article was confirmed in the New England Journal of Medicine with matching authors, title, year, and journal name. The citation details align exactly with the verified record.

### Details
A matching record was found with the exact title ""Emergence of Zaire Ebola Virus Disease in Guinea"" and the year 2014. The authors listed in the citation, including Sylvain Baize and others indicated by ""et al."", correspond to the full author list in the verified record. The journal name ""New England Journal of Medicine"" also matches perfectly. Although no identifier was provided in the citation, the verified record includes a DOI (10.1056/nejmoa1404505) confirming the source.

- https://doi.org/10.1056/nejmoa1404505",1.0,0.0
"Zhu, N., et al. (2020). A novel coronavirus from patients with pneumonia in China, 2019. *New England Journal of Medicine, 382*(8), 727–733.",Infectious disease,qwen35_397b_a17b,verified,"Zhu, N., Zhang, D., Wang, W.-C., Li, X., Yang, B., Song, J., Zhao, X., Huang, B., Shi, W., Lu, R., Niu, P., Zhan, F., Ma, X., Wang, D., Xu, W., Wu, G., Gao, G. F., & Tan, W. (2020). A novel coronavirus from patients with pneumonia in China, 2019. *New England Journal of Medicine*, *382*(8), 727-733. https://doi.org/10.1056/nejmoa2001017",MATCH,MATCH,MATCH,MATCH,ABSENT,"A Novel Coronavirus from Patients with Pneumonia in China, 2019",Na Zhu; Dingyu Zhang; Wen‐Ching Wang; Xingwang Li; Bo Yang; Jingdong Song; Xiang Zhao; Baoying Huang; Weifeng Shi; Roujian Lu; Peihua Niu; Faxian Zhan; Xuejun Ma; Dayan Wang; Wenbo Xu; Guizhen Wu; George F. Gao; Wenjie Tan,2020,New England Journal of Medicine,10.1056/nejmoa2001017,https://doi.org/10.1056/nejmoa2001017,GOOGLE,4,0,0,1,0,"A novel coronavirus from patients with pneumonia in China, 2019.","A Novel Coronavirus from Patients with Pneumonia in China, 2019","Zhu, N.",Na Zhu; Dingyu Zhang; Wen‐Ching Wang; Xingwang Li; Bo Yang; Jingdong Song; Xiang Zhao; Baoying Huang; Weifeng Shi; Roujian Lu; Peihua Niu; Faxian Zhan; Xuejun Ma; Dayan Wang; Wenbo Xu; Guizhen Wu; George F. Gao; Wenjie Tan,2020,2020,New England Journal of Medicine,New England Journal of Medicine,,10.1056/nejmoa2001017,1,1,1,GOOGLE,0,"✓ Title | ✓ Authors | ✓ Year | ✓ Venue | ○ ID

### Summary
This article was confirmed in the New England Journal of Medicine with matching authors and year. The title ""A Novel Coronavirus from Patients with Pneumonia in China, 2019"" was exactly matched, and the author list corresponds well with the citation's abbreviated form.

### Details
A matching record was found with the exact title and year 2020. The citation's abbreviated author list (Zhu, N., et al.) matches the full author list in the evidence, which includes Na Zhu and other co-authors. The journal name also matched exactly. Although no identifier was provided in the citation, the evidence includes a DOI (10.1056/nejmoa2001017) linking to the official article page.

- https://doi.org/10.1056/nejmoa2001017",1.0,0.0
"Fine, P., Eames, K., & Heymann, D. L. (2011). ""Herd immunity"": a rough guide. *Clinical Infectious Diseases, 52*(7), 911–916.",Infectious disease,qwen35_397b_a17b,verified,"Fine, P. E., Eames, K., & Heymann, D. L. (2011). Herd immunity: A rough guide. *Clinical Infectious Diseases*, 52(7), 911-916. https://doi.org/10.1093/cid/cir007",MATCH,MATCH,MATCH,MATCH,ABSENT,"""Herd Immunity"": A Rough Guide",P E Fine; Ken Eames; DL Heymann,2011,Clinical Infectious Diseases,10.1093/cid/cir007,https://doi.org/10.1093/cid/cir007,GOOGLE,4,0,0,1,0,Herd immunity: a rough guide,"""Herd Immunity"": A Rough Guide","Fine, P.; Eames, K.; Heymann, D. L.",P E Fine; Ken Eames; DL Heymann,2011,2011,Clinical Infectious Diseases,Clinical Infectious Diseases,,10.1093/cid/cir007,1,1,1,GOOGLE,0,"✓ Title | ✓ Authors | ✓ Year | ✓ Venue | ○ ID

### Summary
This article was confirmed in Clinical Infectious Diseases with matching authors and year. The title ""Herd Immunity"": A Rough Guide was exactly matched, and all three authors were identified despite minor differences in name formatting.

### Details
A matching record was found with the exact title ""Herd Immunity"": A Rough Guide, published in 2011 in Clinical Infectious Diseases. The three authors P E Fine, Ken Eames, and DL Heymann were confirmed, with initials and full names aligning correctly. The journal name and publication year matched exactly. The article's DOI is 10.1093/cid/cir007, providing a direct link to the source.

- https://doi.org/10.1093/cid/cir007",1.0,0.0
"Morens, D. M., & Fauci, A. S. (2007). The 1918 influenza pandemic: insights for the 21st century. *The Journal of Infectious Diseases, 195*(7), 1018–1028.",Infectious disease,qwen35_397b_a17b,verified,"Morens, D. M., & Fauci, A. S. (2007). The 1918 influenza pandemic: Insights for the 21st century. *The Journal of Infectious Diseases*, 195(7), 1018-1028. https://doi.org/10.1086/511989",MATCH,MATCH,MATCH,MATCH,ABSENT,The 1918 Influenza Pandemic: Insights for the 21st Century,David M. Morens; Anthony S. Fauci,2007,The Journal of Infectious Diseases,10.1086/511989,https://doi.org/10.1086/511989,GOOGLE,4,0,0,1,0,The 1918 influenza pandemic: insights for the 21st century,The 1918 Influenza Pandemic: Insights for the 21st Century,"Morens, D. M.; Fauci, A. S.",David M. Morens; Anthony S. Fauci,2007,2007,The Journal of Infectious Diseases,The Journal of Infectious Diseases,,10.1086/511989,1,1,1,GOOGLE,0,"✓ Title | ✓ Authors | ✓ Year | ✓ Venue | ○ ID

### Summary
This article was confirmed in The Journal of Infectious Diseases with matching authors David M. Morens and Anthony S. Fauci, and the year 2007. The title and journal details matched exactly.

### Details
A matching record was found with the exact title ""The 1918 Influenza Pandemic: Insights for the 21st Century."" The authors correspond to the citation, with full names matching the initials given. The year 2007 and the journal name ""The Journal of Infectious Diseases"" matched exactly. The article details include volume 195, issue 7, and pages 1018-1028. The DOI 10.1086/511989 confirms the source.

- https://doi.org/10.1086/511989",1.0,0.0
